CustomerID,Gender,Age,Annual Income,Spending Score,Purchase Frequency,Total Purchase Amount,Last Purchase Date,Recency,Customer Satisfaction Score
1,Male,29,72.03,39,16,1430.3,2026-09-19,6,2.6
2,Female,18,51.13,48,26,1361.85,2026-09-03,22,3.4
3,Male,53,84.74,60,14,1142.23,2026-07-24,63,3.3
4,Male,60,32.85,19,6,159.7,2026-05-21,127,3.0
5,Female,37,118.04,82,31,7268.17,2026-09-16,9,3.8
6,Male,26,59.85,33,21,1772.26,2026-09-07,18,4.0
7,Female,18,69.39,40,14,1383.43,2026-08-07,49,4.0
8,Female,37,66.4,47,20,1699.43,2026-08-20,36,2.8
9,Female,39,110.82,76,31,7484.75,2026-09-19,6,2.2
10,Male,21,33.93,79,19,817.89,2026-09-14,11,3.8
11,Female,30,38.33,85,24,1248.55,2026-09-16,9,3.2
12,Female,43,57.88,80,20,2226.73,2026-06-17,100,5.0
13,Female,39,26.61,22,6,260.87,2025-11-09,320,5.0
14,Female,36,85.9,66,17,1451.83,2026-07-30,57,5.0
15,Female,18,69.95,68,27,1241.19,2026-08-26,30,2.8
16,Male,55,83.14,8,11,1149.57,2026-07-28,59,4.1
17,Female,28,14.37,74,25,1261.72,2026-09-03,22,4.3
18,Female,51,96.6,65,34,7420.45,2026-09-21,4,4.2
19,Male,47,60.55,53,19,1859.35,2026-06-17,100,3.3
20,Female,22,42.54,13,4,114.11,2026-05-16,132,4.7
21,Male,22,38.28,1,4,202.21,2026-06-11,106,3.6
22,Female,40,102.41,49,8,844.85,2026-07-19,68,3.7
23,Female,28,69.41,47,14,1665.59,2026-09-09,16,2.3
24,Female,47,52.31,33,12,1094.57,2026-08-29,27,4.1
25,Female,43,58.58,64,9,933.26,2026-08-19,37,3.4
26,Female,59,99.72,19,4,509.81,2026-08-29,27,4.0
27,Male,32,12.0,91,23,1343.76,2026-09-09,16,3.8
28,Female,44,93.74,75,29,6394.2,2026-08-24,32,3.8
29,Male,54,94.3,78,32,7332.34,2026-09-19,6,3.6
30,Male,41,40.7,26,4,113.66,2026-03-23,186,4.3
31,Female,37,33.43,29,3,89.1,2026-08-14,42,3.4
32,Male,54,70.55,62,13,1247.81,2026-08-14,42,2.4
33,Female,49,74.24,27,5,592.16,2026-08-23,33,4.1
34,Female,25,12.0,84,18,801.59,2026-08-08,48,2.9
35,Female,20,41.29,87,21,866.94,2026-09-16,9,2.5
36,Male,55,61.1,30,4,335.77,2026-07-19,68,2.7
37,Male,54,127.14,82,40,9399.63,2026-09-07,18,3.8
38,Female,27,12.0,61,26,1183.7,2026-08-15,41,3.5
39,Male,61,111.81,35,3,342.93,2026-06-20,97,1.8
40,Male,18,17.56,23,4,93.77,2026-04-17,161,3.3
41,Female,27,46.68,73,23,1119.76,2026-08-28,28,4.6
42,Male,39,106.91,68,18,2098.13,2026-09-01,24,3.2
43,Male,29,12.0,5,6,224.26,2026-06-13,104,3.5
44,Male,72,109.74,48,5,630.36,2026-08-24,32,4.5
45,Other,38,36.69,53,11,1104.81,2026-09-15,10,4.3
46,Female,35,67.97,57,15,1499.81,2026-08-02,54,4.5
47,Female,28,29.11,73,32,1521.08,2026-09-02,23,1.2
48,Male,28,101.82,8,8,1303.82,2026-04-13,165,5.0
49,Female,28,17.24,20,3,77.74,2026-05-25,123,4.1
50,Female,52,120.93,88,24,4719.35,2026-09-18,7,5.0
51,Other,42,79.72,36,2,226.46,2026-07-23,64,2.9
52,Female,34,127.38,82,29,5938.28,2026-09-08,17,2.1
53,Female,52,56.27,27,14,1558.63,2026-09-08,17,3.6
54,Male,49,12.0,4,4,196.96,2025-10-30,330,3.4
55,Female,41,52.33,47,5,218.61,2026-08-27,29,4.2
56,Female,34,61.06,40,9,753.44,2026-08-02,54,4.5
57,Male,26,58.71,95,20,917.18,2026-08-11,45,3.5
58,Female,20,49.1,67,24,1379.1,2026-09-24,1,3.4
59,Female,32,98.83,82,29,6450.91,2026-09-07,18,4.0
60,Female,32,108.81,92,33,7386.72,2026-09-16,9,3.4
61,Male,30,31.69,12,4,183.75,2026-08-18,38,3.3
62,Female,18,53.37,97,22,1023.08,2026-08-02,54,4.5
63,Male,18,38.13,79,31,1717.29,2026-07-17,70,4.7
64,Female,41,64.47,59,14,1812.89,2026-08-10,46,4.5
65,Female,38,27.2,19,2,52.02,2026-07-25,62,3.5
66,Male,45,31.29,86,24,1190.25,2026-08-31,25,1.8
67,Male,21,50.26,97,26,1209.69,2026-08-19,37,3.5
68,Male,51,100.05,26,5,763.19,2026-07-05,82,3.0
69,Female,45,104.47,100,50,12607.19,2026-09-04,21,3.5
70,Male,25,24.1,71,22,1095.5,2026-08-25,31,3.0
71,Male,55,92.25,37,5,546.29,2026-07-09,78,3.6
72,Female,36,12.37,84,17,754.74,2026-08-19,37,2.7
73,Female,42,51.49,40,13,1482.0,2026-08-29,27,2.5
74,Male,45,120.98,31,7,837.74,2026-07-27,60,4.6
75,Female,38,107.11,84,25,5579.02,2026-08-24,32,2.8
76,Male,34,109.86,18,6,594.86,2026-07-07,80,3.6
77,Male,40,65.3,32,6,743.72,2026-08-19,37,4.4
78,Female,30,37.96,24,5,134.06,2025-12-13,286,4.4
79,Female,18,29.74,77,30,1311.03,2026-08-29,27,4.3
80,Female,43,55.26,52,11,969.98,2026-07-09,78,3.9
81,Female,48,32.53,21,4,128.76,2025-10-30,330,4.2
82,Female,19,25.06,74,21,992.57,2026-08-16,40,4.8
83,Male,42,32.27,55,16,1850.92,2026-06-05,112,4.0
84,Female,32,122.91,76,33,8316.25,2026-09-15,10,2.0
85,Male,39,113.4,100,32,7232.07,2026-09-24,1,3.2
86,Female,35,105.6,67,31,7906.62,2026-09-16,9,4.2
87,Female,42,16.47,15,4,165.8,2026-07-31,56,3.1
88,Female,21,12.0,72,22,1047.22,2026-09-01,24,5.0
89,Male,52,113.13,100,37,9300.98,2026-09-10,15,3.5
90,Female,26,54.59,62,18,858.4,2026-09-14,11,3.7
91,Female,36,112.84,89,39,9412.53,2026-09-01,24,4.6
92,Male,23,12.0,25,3,104.23,2026-08-07,49,3.4
93,Male,31,35.15,82,15,750.62,2026-09-09,16,3.7
94,Female,37,31.25,93,18,1145.05,2026-08-22,34,4.4
95,Male,51,112.1,43,4,451.82,2026-05-30,118,2.3
96,Female,58,38.49,17,3,100.4,2026-07-01,86,3.4
97,Female,42,12.0,80,24,1221.98,2026-09-01,24,4.3
98,Male,39,117.63,62,34,7809.97,2026-09-08,17,3.7
99,Female,39,95.95,85,32,7089.17,2026-09-17,8,4.8
100,Female,44,42.1,43,18,1888.03,2026-07-21,66,2.3
101,Male,31,59.36,51,13,1170.41,2026-08-18,38,2.2
102,Female,48,35.75,2,5,132.16,2026-06-13,104,4.3
103,Male,52,77.03,33,3,511.98,2026-04-08,170,4.3
104,Male,42,71.86,33,19,2055.09,2026-08-25,31,3.4
105,Male,46,72.69,55,11,1253.74,2026-08-25,31,3.9
106,Male,53,30.66,7,1,23.23,2026-04-11,167,4.2
107,Male,30,19.85,68,21,1130.99,2026-09-16,9,2.9
108,Other,47,86.29,42,4,359.81,2026-07-03,84,3.0
109,Female,57,124.36,91,32,7478.78,2026-09-13,12,3.8
110,Female,49,40.84,67,13,1287.9,2026-08-19,37,4.4
111,Male,25,46.9,97,26,1256.86,2026-09-07,18,2.6
112,Male,48,97.69,19,4,343.35,2026-01-23,245,3.4
113,Female,50,98.66,46,6,773.86,2026-07-28,59,3.4
114,Male,32,12.0,60,20,984.12,2026-08-28,28,4.0
115,Female,28,107.95,93,34,7501.37,2026-09-12,13,3.6
116,Male,24,70.59,47,13,1246.92,2026-06-06,111,3.1
117,Female,27,12.0,11,4,134.03,2026-01-30,238,4.7
118,Female,26,36.98,29,3,94.12,2026-02-15,222,3.1
119,Female,22,33.25,89,14,861.04,2026-09-12,13,3.4
120,Female,42,20.99,33,3,72.62,2026-08-25,31,2.2
121,Female,34,41.97,25,3,102.46,2026-08-05,51,3.0
122,Female,38,12.0,24,4,158.93,2026-07-11,76,4.0
123,Female,30,114.85,90,37,8709.57,2026-09-13,12,3.9
124,Female,23,54.67,82,25,1123.31,2026-09-03,22,4.1
125,Female,48,130.16,90,41,8598.78,2026-09-21,4,4.1
126,Female,34,37.46,80,26,1346.26,2026-08-22,34,5.0
127,Female,41,95.78,38,5,575.97,2026-05-07,141,3.0
128,Female,44,101.1,64,31,7031.9,2026-09-13,12,2.2
129,Female,64,105.76,82,30,6616.89,2026-09-17,8,2.7
130,Female,36,37.61,5,2,90.64,2026-07-30,57,3.0
131,Female,35,98.7,87,30,6607.58,2026-09-09,16,2.8
132,Male,37,72.6,73,11,1010.72,2026-08-11,45,3.7
133,Other,37,59.86,16,5,211.48,2026-02-12,225,4.7
134,Male,46,99.13,30,5,687.59,2026-07-02,85,4.9
135,Male,36,12.0,31,3,91.04,2026-04-03,175,4.0
136,Male,28,91.17,59,46,11060.23,2026-09-05,20,5.0
137,Female,29,72.87,47,19,1701.17,2026-09-24,1,3.3
138,Male,27,31.16,82,20,973.93,2026-09-11,14,2.2
139,Male,37,74.28,18,15,1814.81,2026-09-02,23,4.5
140,Male,36,102.53,72,37,8624.11,2026-09-07,18,2.0
141,Male,26,43.63,91,21,1116.45,2026-09-12,13,3.0
142,Female,29,29.78,90,23,1050.92,2026-09-12,13,4.0
143,Male,48,51.74,57,16,1525.89,2026-08-17,39,3.5
144,Male,27,26.39,89,19,880.53,2026-09-24,1,3.4
145,Female,32,15.24,81,26,1511.08,2026-09-15,10,2.6
146,Male,43,127.85,35,9,967.2,2026-07-03,84,3.6
147,Female,54,98.65,24,7,815.58,2026-09-07,18,4.5
148,Other,32,41.02,79,16,989.01,2026-09-11,14,3.6
149,Male,37,24.48,70,30,1609.82,2026-09-15,10,2.9
150,Female,49,95.27,99,34,7896.44,2026-09-10,15,2.5
151,Male,45,58.73,71,8,610.91,2026-09-03,22,2.9
152,Female,38,77.42,70,8,853.81,2026-06-26,91,3.9
153,Male,44,102.71,79,29,7000.43,2026-09-05,20,3.9
154,Male,39,19.81,67,19,979.97,2026-08-31,25,2.9
155,Male,35,112.18,99,35,7743.43,2026-09-15,10,1.7
156,Male,30,36.99,29,4,147.99,2026-04-26,152,4.0
157,Female,50,123.0,32,6,494.29,2026-08-26,30,2.8
158,Female,40,34.95,14,2,63.33,2026-05-12,136,4.2
159,Female,28,39.02,27,5,185.83,2025-10-30,330,3.0
160,Female,38,72.07,40,11,1050.14,2026-08-10,46,2.8
161,Female,41,93.86,92,42,11512.99,2026-09-09,16,3.7
162,Female,18,48.51,70,15,1477.52,2026-08-26,30,5.0
163,Female,46,84.83,48,5,434.23,2026-02-02,235,4.2
164,Female,40,91.35,93,35,8602.73,2026-09-21,4,3.7
165,Male,26,43.14,61,21,1047.78,2026-09-17,8,3.9
166,Female,42,36.06,80,22,1142.84,2026-09-02,23,2.1
167,Male,27,63.11,79,11,1166.43,2026-08-15,41,2.6
168,Female,31,25.7,43,14,1530.25,2026-06-25,92,1.5
169,Female,22,128.78,27,6,804.3,2026-09-05,20,5.0
170,Male,34,49.48,70,18,2055.1,2026-07-09,78,4.9
171,Female,44,128.73,35,3,418.31,2026-05-17,131,3.9
172,Female,23,12.0,100,13,558.63,2026-08-08,48,3.7
173,Male,59,88.63,19,6,698.64,2026-08-03,53,2.3
174,Female,48,31.16,41,13,1267.75,2026-08-31,25,3.4
175,Female,43,115.07,99,33,7896.5,2026-09-14,11,5.0
176,Male,38,94.58,70,23,5975.37,2026-09-15,10,3.7
177,Female,38,16.98,76,17,906.2,2026-09-12,13,3.1
178,Male,39,42.78,52,18,1779.06,2026-09-05,20,2.1
179,Female,31,72.88,65,12,1293.47,2026-08-17,39,4.8
180,Male,19,39.96,29,5,219.71,2026-04-06,172,3.5
181,Male,35,87.37,58,10,1138.04,2026-09-13,12,2.1
182,Male,47,52.4,48,12,1485.71,2026-09-16,9,2.8
183,Male,51,35.06,93,27,1282.52,2026-09-02,23,2.5
184,Female,49,81.95,76,2,206.84,2026-08-09,47,3.5
185,Male,31,57.31,61,17,2033.06,2026-08-15,41,3.8
186,Female,24,22.74,23,4,171.67,2026-06-01,116,3.2
187,Male,34,38.5,62,14,606.42,2026-09-10,15,4.3
188,Male,24,124.24,76,34,7360.0,2026-09-03,22,3.7
189,Female,42,43.87,19,9,358.95,2026-07-17,70,4.5
190,Male,56,88.2,22,7,887.93,2026-04-22,156,3.3
191,Female,43,75.98,53,20,2019.44,2026-08-13,43,5.0
192,Male,46,99.38,49,8,798.22,2026-03-20,189,3.1
193,Male,48,105.46,99,26,6353.65,2026-08-21,35,2.8
194,Female,41,52.08,51,14,1526.46,2026-08-18,38,2.7
195,Male,34,102.16,70,34,8471.32,2026-09-17,8,3.4
196,Male,61,134.39,100,36,8360.49,2026-09-13,12,2.1
197,Female,32,34.3,21,2,44.51,2026-06-27,90,3.9
198,Male,47,64.44,32,19,1560.29,2026-08-08,48,2.0
199,Female,24,96.33,37,6,834.29,2026-08-05,51,3.7
200,Male,61,134.24,40,6,692.71,2026-08-19,37,2.5
201,Female,54,80.27,24,22,2226.29,2026-09-04,21,3.3
202,Male,39,51.91,43,12,1327.01,2026-08-21,35,4.1
203,Male,34,28.17,77,21,1104.09,2026-09-19,6,5.0
204,Female,48,107.0,93,33,9301.55,2026-09-21,4,2.7
205,Female,36,112.04,78,33,7484.86,2026-09-07,18,3.5
206,Male,53,90.18,18,6,827.51,2026-07-15,72,3.0
207,Male,34,116.14,93,37,10485.18,2026-09-24,1,2.9
208,Female,30,50.33,16,3,94.06,2025-12-23,276,3.0
209,Female,53,91.61,91,37,7777.51,2026-09-19,6,4.3
210,Female,38,16.21,65,28,1323.77,2026-08-26,30,3.2
211,Other,29,23.24,6,1,33.39,2026-07-02,85,5.0
212,Female,29,23.88,31,2,33.7,2026-05-05,143,4.0
213,Male,42,127.98,31,4,331.41,2026-07-31,56,2.7
214,Female,46,76.02,64,15,1669.15,2026-08-04,52,3.3
215,Male,26,43.22,16,5,168.48,2026-05-10,138,2.9
216,Female,40,26.3,12,1,22.47,2026-07-25,62,4.3
217,Female,49,105.99,100,30,7346.88,2026-09-24,1,2.2
218,Male,41,89.68,66,26,5477.72,2026-09-22,3,2.5
219,Male,49,72.94,68,14,1552.22,2026-08-06,50,3.1
220,Female,25,38.87,94,16,710.82,2026-08-28,28,4.2
221,Female,46,118.0,38,10,962.23,2026-08-18,38,4.6
222,Female,18,29.05,70,31,1420.44,2026-08-15,41,4.8
223,Female,46,28.02,12,1,27.47,2026-07-01,86,4.1
224,Female,31,64.38,50,19,1706.45,2026-09-10,15,3.5
225,Male,51,112.49,12,6,540.95,2025-11-25,304,4.3
226,Female,38,41.42,41,10,842.18,2026-07-14,73,2.6
227,Male,31,120.3,92,28,7192.91,2026-09-21,4,2.0
228,Female,22,31.71,86,26,1207.28,2026-09-16,9,4.0
229,Female,50,15.18,9,5,178.26,2026-03-25,184,2.7
230,Male,44,80.82,92,30,7347.18,2026-09-16,9,3.5
231,Female,32,108.09,89,30,6681.64,2026-09-12,13,3.7
232,Male,31,52.27,96,23,1184.67,2026-09-20,5,3.8
233,Female,38,85.45,60,14,1727.21,2026-08-19,37,4.4
234,Male,71,34.98,35,4,108.36,2026-07-10,77,4.3
235,Male,42,89.47,59,24,2578.37,2026-08-09,47,3.8
236,Male,35,61.4,65,11,1244.41,2026-08-22,34,3.2
237,Female,42,45.35,63,25,1195.55,2026-08-26,30,3.7
238,Female,21,55.68,52,20,1733.79,2026-08-14,42,3.1
239,Female,43,102.8,84,35,8467.47,2026-09-17,8,3.4
240,Male,62,100.51,81,26,6025.72,2026-09-24,1,5.0
241,Female,38,33.15,58,15,1488.35,2026-08-22,34,3.8
242,Female,22,80.02,61,15,1669.61,2026-09-15,10,4.0
243,Female,44,91.02,33,11,1159.43,2026-08-25,31,3.0
244,Female,43,20.78,76,22,1110.89,2026-07-21,66,4.5
245,Female,40,13.48,13,1,17.9,2026-01-10,258,4.2
246,Female,31,59.14,66,16,1875.16,2026-07-17,70,4.3
247,Female,29,54.69,26,6,190.96,2026-06-06,111,3.8
248,Male,22,61.31,66,25,1246.59,2026-08-26,30,4.5
249,Female,32,12.0,76,30,1711.84,2026-08-05,51,4.7
250,Female,41,27.04,57,23,1325.85,2026-09-09,16,3.8
251,Male,47,15.52,22,4,147.25,2026-06-20,97,3.5
252,Male,44,75.84,51,11,1123.3,2026-08-06,50,4.4
253,Female,18,36.01,71,35,1724.85,2026-09-11,14,2.8
254,Male,35,91.09,47,3,280.95,2026-06-08,109,3.0
255,Male,53,101.02,14,6,707.25,2026-06-23,94,3.6
256,Male,23,23.32,30,7,269.88,2026-04-03,175,2.1
257,Male,37,84.6,79,14,1125.75,2026-07-13,74,4.3
258,Male,45,117.66,97,40,9578.46,2026-09-20,5,2.8
259,Female,31,119.38,84,35,9959.13,2026-09-15,10,3.2
260,Female,26,12.0,8,3,78.55,2026-01-01,267,3.4
261,Male,41,109.06,68,31,6838.32,2026-09-12,13,3.6
262,Other,44,91.16,48,18,1999.23,2026-09-03,22,3.3
263,Female,59,118.57,20,5,490.28,2026-05-17,131,3.5
264,Female,48,84.14,75,37,8613.2,2026-09-21,4,3.5
265,Male,40,57.61,49,15,1839.57,2026-08-11,45,3.2
266,Female,35,93.18,83,29,8130.44,2026-09-18,7,2.9
267,Male,37,123.96,34,7,1131.74,2026-08-07,49,4.5
268,Male,37,113.42,69,40,10055.0,2026-09-18,7,1.8
269,Male,46,99.25,76,36,9314.47,2026-09-16,9,3.4
270,Male,45,110.48,82,26,6957.94,2026-09-19,6,3.2
271,Male,21,73.5,82,32,7988.95,2026-09-19,6,4.0
272,Male,34,94.81,100,30,7061.19,2026-09-16,9,2.4
273,Male,54,110.51,87,33,8140.23,2026-09-12,13,3.2
274,Male,37,41.84,3,3,135.71,2026-05-24,124,3.5
275,Male,22,12.0,27,2,54.87,2026-05-20,128,4.5
276,Female,52,26.66,85,30,1379.86,2026-09-10,15,3.9
277,Male,48,114.14,26,6,508.7,2026-03-15,194,2.6
278,Female,32,12.0,63,25,1321.3,2026-08-22,34,3.2
279,Male,43,65.21,74,12,1055.14,2026-08-06,50,4.4
280,Male,35,62.92,40,16,1416.43,2026-09-09,16,2.6
281,Female,35,134.0,92,33,9307.19,2026-09-01,24,3.5
282,Female,69,96.78,30,9,1003.81,2026-02-06,231,3.6
283,Female,58,97.6,35,7,644.98,2026-06-15,102,3.3
284,Male,56,111.97,48,7,666.86,2026-07-02,85,5.0
285,Female,34,13.43,85,29,1422.58,2026-09-16,9,3.2
286,Female,18,28.91,71,26,1143.31,2026-09-13,12,4.0
287,Male,55,103.62,97,29,5909.74,2026-09-14,11,2.9
288,Male,20,30.06,70,19,772.07,2026-07-25,62,4.0
289,Female,31,43.88,80,23,1271.18,2026-08-30,26,4.3
290,Female,26,117.76,68,31,6614.85,2026-09-07,18,3.1
291,Male,19,51.52,41,17,1668.55,2026-09-20,5,3.6
292,Male,45,111.91,85,32,7913.86,2026-09-12,13,2.8
293,Male,31,82.87,57,12,1078.47,2026-09-20,5,2.6
294,Female,22,98.36,64,33,8075.05,2026-09-13,12,4.5
295,Female,44,64.03,59,15,1692.92,2026-09-18,7,3.1
296,Female,60,59.3,43,11,993.45,2026-09-06,19,1.5
297,Male,53,61.12,68,17,1550.03,2026-09-13,12,5.0
298,Female,36,39.17,49,9,1085.33,2026-08-24,32,2.9
299,Female,39,81.75,40,15,1560.61,2026-08-12,44,3.4
300,Male,45,19.16,23,6,179.79,2026-04-04,174,5.0
301,Male,50,76.37,42,13,1119.83,2026-08-28,28,3.5
302,Male,39,101.3,99,32,7560.22,2026-09-13,12,3.5
303,Female,28,23.24,78,23,1036.45,2026-08-24,32,2.6
304,Female,31,48.98,76,22,1000.78,2026-08-27,29,2.2
305,Female,45,75.91,60,13,1245.94,2026-09-04,21,3.5
306,Female,27,34.92,66,24,1286.85,2026-09-10,15,3.9
307,Male,27,42.66,63,25,1219.21,2026-09-19,6,3.9
308,Female,50,25.96,27,4,153.48,2026-01-09,259,3.2
309,Male,60,99.88,15,8,876.01,2026-08-28,28,3.6
310,Male,47,100.74,71,34,7386.29,2026-09-14,11,2.0
311,Other,45,44.66,88,19,835.69,2026-09-20,5,4.0
312,Female,24,22.29,84,37,2107.34,2026-08-04,52,3.7
313,Female,64,120.79,13,8,1118.03,2026-06-28,89,5.0
314,Female,33,27.58,71,29,1568.0,2026-09-17,8,3.6
315,Female,61,32.29,67,15,812.95,2026-09-18,7,2.8
316,Female,36,110.62,49,7,861.74,2026-09-08,17,3.6
317,Female,21,32.33,89,21,1001.24,2026-09-19,6,3.3
318,Male,40,25.83,17,4,129.99,2026-04-16,162,4.0
319,Male,52,99.58,35,6,589.43,2026-08-16,40,3.6
320,Male,59,74.51,37,15,1495.47,2026-08-20,36,2.5
321,Female,32,52.72,45,17,1828.33,2026-08-03,53,2.2
322,Female,37,30.23,79,21,977.51,2026-09-17,8,3.8
323,Female,60,100.14,33,4,600.87,2026-06-16,101,4.8
324,Female,35,44.1,77,26,1243.52,2026-08-29,27,3.7
325,Female,29,60.6,56,17,1503.67,2026-09-12,13,4.3
326,Other,50,55.32,23,11,341.01,2026-04-04,174,4.5
327,Female,51,59.81,51,14,1658.39,2026-07-06,81,3.8
328,Female,34,28.67,74,22,996.49,2026-09-04,21,2.9
329,Male,38,27.61,17,3,99.04,2026-05-15,133,3.8
330,Male,50,81.57,31,5,396.48,2026-07-10,77,4.6
331,Male,35,15.49,27,4,173.18,2025-12-06,293,4.1
332,Female,54,92.57,30,5,520.18,2026-07-28,59,4.2
333,Male,36,45.9,8,4,131.39,2026-05-14,134,3.2
334,Female,31,61.54,41,18,1739.14,2026-09-15,10,3.4
335,Female,32,103.21,89,31,5896.89,2026-09-17,8,3.5
336,Male,28,47.17,40,5,225.32,2026-06-21,96,3.6
337,Male,44,131.72,86,31,7916.45,2026-09-14,11,4.6
338,Female,36,47.58,17,5,169.53,2026-05-23,125,1.6
339,Male,44,98.06,87,30,7699.98,2026-09-21,4,3.6
340,Female,44,55.07,39,17,1578.25,2026-08-30,26,3.5
341,Female,36,135.39,100,33,6877.57,2026-09-22,3,2.4
342,Female,54,65.38,55,13,1377.39,2026-07-19,68,4.2
343,Male,36,58.25,45,10,1008.42,2026-09-13,12,3.0
344,Female,32,40.06,20,6,214.45,2026-02-25,212,3.3
345,Male,44,76.1,47,16,1437.26,2026-08-24,32,5.0
346,Female,21,54.0,69,14,1325.41,2026-09-06,19,4.5
347,Male,31,65.07,51,14,1139.3,2026-09-09,16,4.1
348,Male,58,112.97,30,5,391.98,2026-07-22,65,3.9
349,Female,19,13.76,29,4,156.59,2026-02-26,211,3.5
350,Female,53,110.17,75,27,7180.16,2026-09-05,20,5.0
351,Female,51,14.4,24,4,128.27,2026-07-03,84,4.3
352,Male,38,96.23,87,25,6411.09,2026-09-16,9,3.0
353,Female,31,24.12,59,28,1432.63,2026-09-07,18,2.4
354,Male,39,38.68,81,20,863.15,2026-08-12,44,4.1
355,Female,23,27.49,77,19,871.49,2026-08-28,28,3.6
356,Male,37,22.92,80,21,951.95,2026-09-11,14,2.4
357,Female,32,62.72,53,8,785.57,2026-08-30,26,4.0
358,Male,34,45.94,56,9,735.9,2026-09-09,16,3.4
359,Other,20,38.0,94,16,796.03,2026-09-06,19,4.1
360,Female,39,45.84,8,3,81.54,2026-05-11,137,4.0
361,Male,51,60.89,49,24,2247.15,2026-08-08,48,3.1
362,Female,40,107.16,92,36,7259.59,2026-09-22,3,4.1
363,Female,29,115.23,90,38,9328.18,2026-08-28,28,3.2
364,Male,31,81.6,90,40,10288.56,2026-08-10,46,3.2
365,Male,40,37.52,55,3,61.11,2026-06-29,88,3.1
366,Male,46,75.43,85,22,1179.54,2026-08-31,25,4.6
367,Female,43,60.28,67,11,1085.2,2026-07-25,62,3.4
368,Female,32,28.33,18,6,178.09,2026-06-10,107,4.8
369,Female,56,110.41,16,6,754.51,2026-08-09,47,5.0
370,Male,37,85.03,49,9,845.9,2026-06-20,97,3.0
371,Female,35,75.65,62,17,1658.82,2026-09-15,10,1.1
372,Female,38,69.82,33,6,536.58,2026-08-08,48,4.5
373,Female,42,39.89,83,24,1201.83,2026-09-11,14,3.3
374,Female,23,136.01,25,5,577.2,2026-04-14,164,2.9
375,Female,50,118.71,80,37,8090.26,2026-09-04,21,3.1
376,Female,37,93.84,82,27,6441.68,2026-09-09,16,3.2
377,Male,35,65.95,62,13,1203.36,2026-06-06,111,4.7
378,Male,45,14.07,88,24,1125.59,2026-09-09,16,3.7
379,Female,21,49.26,66,29,1554.97,2026-09-19,6,4.7
380,Male,29,16.62,31,5,232.41,2026-05-27,121,4.0
381,Male,27,33.04,70,21,1207.17,2026-08-30,26,3.3
382,Female,43,49.99,59,16,1458.0,2026-09-23,2,3.3
383,Female,35,54.35,51,17,2006.43,2026-06-29,88,4.1
384,Female,18,52.81,97,22,962.99,2026-09-13,12,4.3
385,Female,19,33.45,73,21,985.94,2026-07-19,68,4.4
386,Male,52,54.17,55,17,1479.99,2026-09-06,19,3.4
387,Other,37,13.97,29,5,176.37,2026-05-13,135,3.7
388,Female,44,35.8,43,17,2009.53,2026-09-04,21,4.1
389,Male,39,92.48,83,27,5865.98,2026-09-12,13,3.3
390,Female,32,63.57,50,16,1663.19,2026-05-18,130,2.6
391,Male,53,43.72,16,5,156.52,2026-04-25,153,2.9
392,Male,40,102.16,79,34,9129.91,2026-09-19,6,3.4
393,Female,32,51.99,35,3,89.81,2026-07-10,77,4.2
394,Female,47,19.95,15,3,114.72,2025-10-30,330,4.7
395,Male,35,106.67,91,36,9577.27,2026-09-22,3,2.4
396,Other,22,16.89,82,21,1107.56,2026-09-10,15,3.1
397,Female,39,75.87,36,17,1320.6,2026-09-18,7,3.3
398,Female,48,129.37,34,3,518.49,2026-08-02,54,4.3
399,Female,31,12.0,61,20,915.57,2026-09-09,16,3.2
400,Male,49,27.15,86,27,1196.62,2026-08-30,26,3.2
401,Male,51,117.71,22,8,918.86,2026-09-10,15,2.4
402,Male,18,41.74,53,15,1700.81,2026-07-14,73,4.0
403,Male,42,69.93,37,11,1422.15,2026-08-16,40,3.5
404,Male,42,127.1,85,33,6412.69,2026-09-11,14,3.0
405,Male,39,63.1,64,14,1857.9,2026-07-19,68,3.4
406,Female,41,69.7,43,11,1308.33,2026-08-04,52,4.6
407,Male,48,124.65,21,5,491.68,2026-04-30,148,2.7
408,Female,38,89.28,58,15,2052.75,2026-06-18,99,2.9
409,Female,48,109.13,90,28,6643.26,2026-09-21,4,4.7
410,Male,34,54.55,24,15,1666.75,2026-07-19,68,3.7
411,Male,27,17.12,46,2,62.62,2026-08-11,45,4.2
412,Male,66,43.68,28,4,107.6,2026-05-15,133,3.9
413,Female,35,90.8,92,30,6236.69,2026-09-17,8,3.6
414,Male,40,58.46,51,10,1307.1,2026-08-23,33,3.3
415,Female,27,111.44,62,35,8934.85,2026-09-07,18,4.3
416,Female,49,92.96,36,3,549.41,2026-07-30,57,4.6
417,Female,33,113.92,77,29,6772.85,2026-09-15,10,4.5
418,Male,35,97.9,60,25,2670.52,2026-08-30,26,2.6
419,Female,58,98.3,25,2,220.31,2026-06-19,98,4.7
420,Male,44,55.9,56,12,1115.99,2026-08-12,44,3.3
421,Female,42,44.21,13,3,177.42,2026-07-12,75,3.0
422,Female,24,113.35,94,39,9754.37,2026-09-21,4,3.5
423,Male,60,130.15,70,29,6944.69,2026-09-14,11,4.3
424,Female,30,112.31,100,29,7175.91,2026-09-24,1,4.1
425,Male,51,26.52,49,7,195.3,2026-07-24,63,3.4
426,Male,49,37.03,73,13,1451.24,2026-08-23,33,4.3
427,Female,54,77.32,43,5,551.96,2026-09-12,13,3.7
428,Male,30,36.3,52,11,1009.13,2026-07-20,67,3.1
429,Male,44,115.31,98,27,6150.68,2026-09-12,13,3.0
430,Male,34,42.93,52,16,1324.38,2026-06-27,90,3.9
431,Male,39,79.58,34,19,1779.32,2026-08-07,49,3.5
432,Male,37,62.42,71,11,1072.32,2026-07-20,67,2.4
433,Male,18,26.58,36,3,82.79,2026-08-12,44,4.3
434,Female,50,50.19,53,17,1606.81,2026-08-09,47,3.2
435,Male,41,118.71,69,30,6318.44,2026-09-09,16,5.0
436,Male,43,88.74,21,3,207.28,2026-07-18,69,2.4
437,Male,36,96.2,62,29,6881.93,2026-09-24,1,3.4
438,Male,32,48.64,89,16,746.21,2026-09-14,11,3.0
439,Female,27,34.96,3,5,188.0,2026-07-26,61,2.8
440,Male,18,26.71,25,4,84.01,2026-06-01,116,3.2
441,Other,43,70.98,43,12,1265.82,2026-08-21,35,5.0
442,Female,47,110.13,67,31,7060.3,2026-09-15,10,3.7
443,Female,34,35.36,25,3,70.73,2026-07-01,86,2.9
444,Male,37,88.56,24,5,493.7,2026-06-23,94,2.0
445,Female,49,128.99,38,5,606.27,2026-01-05,263,2.1
446,Male,21,21.89,7,4,188.43,2026-02-13,224,3.1
447,Female,29,83.78,44,13,1756.98,2026-08-10,46,3.1
448,Female,28,27.36,1,3,118.55,2026-05-26,122,3.4
449,Male,50,121.3,58,35,7631.45,2026-09-11,14,1.7
450,Male,32,40.28,44,5,164.12,2026-07-13,74,3.5
451,Male,38,126.06,100,27,6474.09,2026-09-02,23,4.5
452,Male,59,50.23,54,18,2218.7,2026-08-05,51,5.0
453,Male,40,45.06,12,4,136.55,2026-05-20,128,2.0
454,Male,45,135.85,80,36,8906.24,2026-09-14,11,2.9
455,Male,38,106.38,94,38,8618.97,2026-08-22,34,2.9
456,Male,42,100.49,22,9,807.85,2026-07-09,78,3.7
457,Male,18,54.67,56,14,1356.16,2026-06-07,110,2.6
458,Female,38,27.15,78,29,1660.94,2026-08-29,27,5.0
459,Female,43,85.96,46,12,993.84,2026-08-25,31,3.6
460,Male,34,15.94,16,5,134.82,2026-02-20,217,3.5
461,Male,27,18.81,82,27,1320.1,2026-08-03,53,5.0
462,Male,49,132.55,72,36,8326.81,2026-09-14,11,3.6
463,Female,23,70.74,58,14,1401.2,2026-07-15,72,3.9
464,Male,42,129.69,22,10,1018.11,2026-09-21,4,3.0
465,Female,18,25.69,80,21,1148.8,2026-09-21,4,2.4
466,Male,54,31.77,39,4,93.41,2026-04-12,166,3.1
467,Male,45,20.75,20,3,87.4,2026-04-22,156,5.0
468,Male,18,64.01,64,14,1184.43,2026-08-26,30,4.1
469,Male,27,85.16,62,31,7278.14,2026-09-14,11,3.8
470,Female,27,41.59,72,21,1115.03,2026-09-18,7,2.8
471,Female,23,36.53,78,28,1370.76,2026-09-14,11,4.4
472,Male,18,31.19,100,22,1131.13,2026-08-17,39,2.4
473,Male,61,104.53,60,30,7760.6,2026-08-08,48,2.3
474,Male,45,97.47,83,35,8203.41,2026-09-12,13,3.1
475,Female,53,110.19,45,6,847.78,2026-07-14,73,5.0
476,Female,41,83.6,19,9,1310.12,2026-04-28,150,5.0
477,Female,35,39.17,75,16,886.56,2026-08-18,38,3.2
478,Female,32,59.04,26,5,125.96,2026-03-06,203,3.0
479,Female,33,50.8,24,4,133.3,2026-06-03,114,2.2
480,Male,34,12.0,97,29,1632.64,2026-09-06,19,3.7
481,Male,18,24.49,83,17,821.55,2026-09-19,6,3.7
482,Female,64,105.9,44,9,908.33,2026-05-14,134,4.3
483,Female,38,29.02,18,7,199.8,2026-08-30,26,4.4
484,Female,61,80.41,19,9,1455.45,2026-01-22,246,3.4
485,Male,31,115.39,81,51,11056.98,2026-09-18,7,4.1
486,Female,19,31.86,64,26,1407.53,2026-08-22,34,3.0
487,Male,18,58.8,84,27,1234.61,2026-09-03,22,4.1
488,Male,51,96.45,23,3,316.97,2026-05-04,144,3.2
489,Female,29,48.35,70,39,1919.25,2026-08-03,53,4.0
490,Male,23,14.26,84,24,1369.31,2026-09-14,11,3.9
491,Male,26,15.61,8,3,104.87,2026-09-05,20,3.7
492,Female,23,40.1,31,4,130.7,2026-01-12,256,4.3
493,Female,36,45.17,16,3,135.37,2025-10-30,330,2.3
494,Male,43,86.6,42,10,1456.63,2026-09-14,11,2.7
495,Male,32,62.34,48,9,1240.06,2026-09-15,10,3.4
496,Male,43,12.66,86,22,1048.48,2026-07-13,74,2.4
497,Male,27,29.46,80,15,674.63,2026-08-22,34,3.3
498,Female,49,41.72,31,3,80.15,2026-07-24,63,3.3
499,Male,23,25.91,79,19,1131.48,2026-09-03,22,4.7
500,Male,30,28.51,58,26,1330.33,2026-08-22,34,3.7
501,Female,35,14.18,34,9,321.08,2026-06-28,89,4.5
502,Male,22,52.92,52,11,1087.99,2026-09-16,9,3.9
503,Male,53,86.61,62,14,1778.82,2026-08-14,42,3.1
504,Male,27,33.02,86,19,1168.88,2026-09-19,6,3.7
505,Female,35,17.97,69,27,1388.08,2026-09-13,12,4.2
506,Female,31,57.59,42,9,903.5,2026-08-13,43,4.6
507,Male,46,77.64,36,3,237.52,2026-07-11,76,3.5
508,Male,30,47.8,49,22,1956.8,2026-08-15,41,2.2
509,Male,40,51.04,89,19,915.25,2026-09-08,17,2.1
510,Male,45,108.01,82,33,7648.28,2026-09-22,3,3.3
511,Female,46,136.47,96,28,6450.27,2026-09-19,6,1.6
512,Female,53,60.67,58,16,1759.83,2026-09-05,20,5.0
513,Female,54,109.5,87,27,5800.73,2026-09-02,23,4.1
514,Female,56,108.97,24,9,1126.62,2026-08-29,27,3.1
515,Female,34,62.58,31,10,1130.17,2026-07-20,67,2.7
516,Male,35,112.87,98,32,7502.41,2026-07-23,64,4.5
517,Female,38,99.31,27,3,299.06,2026-08-30,26,2.7
518,Female,43,50.8,28,4,116.15,2026-02-21,216,2.7
519,Male,44,123.51,85,25,5313.12,2026-09-20,5,2.9
520,Female,25,46.13,54,15,1498.58,2026-09-21,4,3.7
521,Female,37,79.39,74,14,1290.59,2026-07-25,62,4.1
522,Male,18,28.33,92,38,1825.79,2026-09-01,24,4.6
523,Female,41,97.34,85,31,7427.84,2026-09-11,14,4.5
524,Male,19,32.76,25,5,120.44,2026-06-15,102,3.6
525,Male,47,107.16,76,21,5819.93,2026-09-12,13,4.5
526,Female,32,53.54,76,21,1055.07,2026-08-19,37,3.0
527,Male,58,66.77,57,12,996.15,2026-07-11,76,2.1
528,Male,47,64.88,63,15,1393.19,2026-08-20,36,3.0
529,Male,35,74.61,62,12,1089.94,2026-05-09,139,2.9
530,Male,56,115.3,15,8,723.36,2026-04-14,164,3.1
531,Male,22,40.97,34,5,193.4,2026-02-08,229,2.8
532,Male,26,49.87,21,3,66.38,2026-08-09,47,3.2
533,Male,31,40.52,66,26,1227.41,2026-08-19,37,4.1
534,Female,18,32.35,38,3,94.03,2026-05-06,142,5.0
535,Male,42,127.35,100,40,8425.87,2026-09-09,16,2.1
536,Male,38,98.73,31,4,576.42,2026-09-05,20,2.5
537,Male,29,32.47,87,16,662.79,2026-09-08,17,2.9
538,Female,31,134.1,93,22,4774.79,2026-09-13,12,4.3
539,Female,46,132.71,100,40,10565.85,2026-09-18,7,3.4
540,Male,39,61.89,62,24,2392.95,2026-09-13,12,3.0
541,Male,53,55.65,37,11,1008.07,2026-06-11,106,4.2
542,Female,28,52.48,100,23,975.11,2026-09-02,23,4.4
543,Female,31,73.21,66,11,1034.11,2026-08-20,36,3.6
544,Female,37,66.42,47,16,1309.06,2026-08-12,44,2.9
545,Male,29,105.49,72,38,9636.53,2026-09-17,8,3.8
546,Female,32,36.64,84,28,1533.48,2026-09-01,24,3.4
547,Male,34,31.7,75,30,1440.79,2026-08-16,40,3.4
548,Female,67,100.7,88,33,8112.91,2026-09-05,20,3.2
549,Female,30,31.81,31,8,260.94,2026-01-17,251,4.4
550,Female,25,35.72,71,17,825.63,2026-09-23,2,3.8
551,Male,22,26.74,65,19,868.72,2026-08-12,44,4.5
552,Male,44,122.65,89,32,7254.29,2026-09-19,6,4.7
553,Male,52,118.04,22,7,1097.6,2026-07-29,58,4.0
554,Male,38,75.58,55,17,1464.19,2026-09-10,15,3.2
555,Female,53,106.13,68,37,7501.48,2026-09-16,9,4.5
556,Male,42,110.58,25,5,571.78,2026-04-22,156,4.0
557,Female,58,101.09,37,4,466.62,2026-05-27,121,5.0
558,Female,33,14.7,85,24,1230.57,2026-09-08,17,3.9
559,Female,36,39.42,13,7,276.45,2026-08-17,39,4.2
560,Female,25,34.05,64,34,1666.31,2026-08-14,42,3.8
561,Male,66,146.31,84,32,7453.29,2026-09-13,12,3.5
562,Male,40,120.4,35,15,1416.71,2026-09-09,16,3.4
563,Male,42,71.96,58,12,1112.51,2026-05-30,118,3.9
564,Male,28,33.49,16,4,148.73,2026-04-18,160,4.0
565,Male,54,32.29,26,6,238.18,2026-07-25,62,4.6
566,Female,45,15.95,40,3,129.48,2026-02-10,227,3.9
567,Female,32,37.65,55,9,732.34,2026-07-31,56,3.2
568,Female,47,97.78,64,36,8272.61,2026-09-18,7,3.3
569,Male,31,31.33,80,21,995.86,2026-09-08,17,2.5
570,Other,23,12.0,100,17,754.21,2026-08-30,26,5.0
571,Female,56,92.38,13,5,488.02,2026-04-20,158,3.1
572,Male,43,58.53,53,17,1689.01,2026-09-20,5,4.4
573,Male,30,28.98,75,26,1291.99,2026-09-09,16,3.8
574,Male,39,52.74,54,9,973.88,2026-08-07,49,3.9
575,Male,43,57.22,55,10,867.88,2026-09-18,7,3.5
576,Male,30,56.13,92,26,1263.03,2026-07-23,64,2.9
577,Male,40,71.27,54,17,1796.61,2026-07-30,57,2.8
578,Male,30,22.16,37,4,87.95,2026-08-16,40,5.0
579,Female,56,61.04,52,21,2365.49,2026-08-20,36,3.7
580,Male,37,99.6,24,2,302.07,2026-05-10,138,4.6
581,Female,32,21.25,70,25,1428.79,2026-09-10,15,4.8
582,Male,25,21.23,56,24,1121.9,2026-08-12,44,3.3
583,Female,60,124.15,87,42,8299.78,2026-09-16,9,4.0
584,Female,19,26.12,100,26,1316.78,2026-07-27,60,3.6
585,Female,32,46.67,58,13,1409.31,2026-08-24,32,2.6
586,Female,26,29.4,30,5,146.75,2026-06-10,107,3.4
587,Female,45,111.65,79,28,6015.79,2026-09-14,11,4.1
588,Female,34,72.38,25,6,578.9,2026-08-25,31,3.2
589,Female,43,99.43,40,6,617.57,2026-09-06,19,3.3
590,Female,20,122.15,100,28,6383.14,2026-09-17,8,3.5
591,Male,41,68.32,71,15,1514.95,2026-07-23,64,5.0
592,Male,23,63.22,88,17,631.39,2026-09-12,13,2.0
593,Male,33,117.52,28,5,648.5,2026-05-10,138,4.0
594,Female,47,50.29,25,4,134.99,2026-03-29,180,3.4
595,Female,29,149.2,75,26,7254.83,2026-08-23,33,3.1
596,Male,56,110.61,11,6,725.69,2026-03-29,180,3.4
597,Female,29,32.28,8,2,23.92,2026-06-29,88,4.2
598,Female,52,43.63,23,5,150.41,2026-04-30,148,4.2
599,Male,46,54.17,49,8,1040.94,2026-09-01,24,3.8
600,Male,26,31.51,4,3,150.68,2025-12-29,270,4.5
601,Female,19,22.93,78,21,1297.37,2026-08-08,48,4.7
602,Male,45,67.57,49,21,2079.35,2026-07-10,77,4.3
603,Female,36,52.87,39,9,898.41,2026-09-16,9,3.1
604,Male,34,20.38,18,7,289.38,2026-08-16,40,4.0
605,Female,52,67.79,49,7,573.18,2026-09-04,21,4.0
606,Female,32,60.07,46,16,1485.87,2026-09-13,12,2.9
607,Male,40,35.01,64,13,1404.85,2026-08-17,39,2.3
608,Female,52,89.62,61,29,7040.07,2026-09-14,11,1.9
609,Male,44,13.94,1,1,28.47,2026-06-01,116,3.7
610,Female,26,19.64,78,25,1204.28,2026-09-06,19,3.9
611,Male,25,37.8,79,14,836.62,2026-08-26,30,2.6
612,Male,19,33.07,27,2,68.42,2026-09-02,23,4.5
613,Male,28,76.91,47,9,976.14,2026-05-04,144,3.7
614,Male,42,72.54,42,11,1140.5,2026-08-30,26,4.7
615,Female,47,115.01,28,8,734.9,2026-06-30,87,3.9
616,Male,37,38.52,17,2,57.52,2026-04-22,156,2.7
617,Female,46,32.94,41,3,115.83,2026-01-22,246,4.0
618,Male,36,115.39,24,6,621.83,2026-09-13,12,4.2
619,Male,40,122.87,83,23,5843.98,2026-09-24,1,3.1
620,Male,44,115.27,100,33,7429.72,2026-09-19,6,2.4
621,Male,32,79.8,51,21,2329.12,2026-07-15,72,3.7
622,Male,42,12.0,85,19,914.79,2026-09-20,5,2.7
623,Female,48,57.93,61,8,817.05,2026-08-23,33,4.6
624,Male,31,27.72,87,20,867.51,2026-09-07,18,3.3
625,Male,57,78.14,56,12,1027.66,2026-09-16,9,5.0
626,Female,18,54.0,80,33,1572.23,2026-09-13,12,1.8
627,Male,39,41.7,54,17,2077.45,2026-07-27,60,3.7
628,Female,46,129.76,77,23,6294.8,2026-09-16,9,4.8
629,Female,19,15.6,82,19,864.98,2026-09-09,16,2.8
630,Female,42,46.02,77,15,1685.65,2026-09-03,22,3.5
631,Female,28,58.72,68,16,1544.39,2026-09-04,21,3.3
632,Male,46,57.55,57,15,1739.97,2026-07-09,78,3.0
633,Male,53,88.18,94,31,6365.69,2026-09-12,13,3.8
634,Male,31,41.1,68,15,622.53,2026-09-08,17,2.5
635,Male,23,119.51,81,39,9268.18,2026-09-01,24,3.5
636,Female,32,124.76,95,28,6888.04,2026-09-15,10,4.0
637,Female,42,23.93,40,4,96.98,2026-08-09,47,3.4
638,Female,36,29.45,13,6,220.69,2026-07-11,76,2.7
639,Male,18,61.57,47,15,1461.71,2026-08-14,42,4.5
640,Female,51,85.63,79,9,902.93,2026-07-22,65,4.2
641,Male,37,12.0,23,1,49.94,2026-03-28,181,2.7
642,Male,31,48.6,75,15,1462.25,2026-09-16,9,2.5
643,Male,52,110.08,86,26,5653.44,2026-09-22,3,2.8
644,Male,41,84.8,31,5,687.74,2026-08-11,45,4.1
645,Female,29,26.38,18,6,274.29,2026-03-25,184,3.8
646,Male,43,60.23,64,17,1524.73,2026-08-10,46,4.3
647,Male,60,100.79,100,33,7588.96,2026-09-20,5,3.3
648,Male,44,32.9,66,18,750.66,2026-08-29,27,2.8
649,Male,40,38.79,18,3,106.92,2026-05-24,124,4.4
650,Male,47,106.69,95,37,8569.59,2026-09-21,4,3.1
651,Other,36,25.66,76,24,1323.44,2026-09-23,2,3.8
652,Female,26,59.68,47,14,1312.16,2026-09-12,13,2.3
653,Male,42,29.9,34,3,93.65,2026-04-27,151,3.1
654,Male,41,75.64,41,1,154.34,2026-07-07,80,4.5
655,Female,42,68.46,48,15,1378.24,2026-08-22,34,3.0
656,Male,46,93.69,31,7,977.68,2026-03-14,195,4.3
657,Female,44,79.66,38,15,1674.32,2026-08-21,35,1.6
658,Male,49,108.27,17,3,377.95,2026-08-20,36,3.1
659,Female,18,46.38,23,5,136.93,2026-06-13,104,3.5
660,Female,30,17.85,78,21,1266.01,2026-09-17,8,5.0
661,Male,54,94.8,16,5,472.32,2026-07-07,80,2.6
662,Female,43,44.61,44,10,871.8,2026-08-31,25,4.2
663,Female,47,90.13,15,6,448.45,2026-06-12,105,4.5
664,Female,58,127.53,89,40,8410.4,2026-09-07,18,3.0
665,Male,51,120.82,4,13,1390.4,2026-04-02,176,3.3
666,Male,40,13.93,10,7,178.28,2026-08-08,48,3.7
667,Male,49,55.58,31,13,1299.15,2026-09-16,9,2.3
668,Female,43,60.93,58,15,1483.74,2026-08-21,35,3.2
669,Male,39,108.2,6,6,826.43,2026-04-15,163,4.7
670,Female,18,12.0,78,34,1920.27,2026-09-23,2,4.0
671,Male,37,87.56,100,27,6310.58,2026-09-18,7,3.5
672,Female,36,38.85,98,24,1198.56,2026-07-27,60,3.7
673,Female,35,34.71,31,13,1114.84,2026-07-20,67,4.1
674,Female,44,23.74,26,5,142.63,2026-04-15,163,4.3
675,Male,37,32.27,10,5,164.59,2026-06-27,90,3.1
676,Male,41,37.82,64,24,1205.66,2026-08-11,45,4.9
677,Female,36,60.02,52,19,2000.79,2026-09-03,22,4.7
678,Male,33,26.88,93,31,1685.36,2026-09-16,9,4.2
679,Male,47,121.82,91,40,9586.19,2026-09-18,7,2.9
680,Female,43,35.99,69,29,1305.73,2026-08-06,50,2.7
681,Male,25,100.94,92,25,4922.48,2026-09-08,17,3.3
682,Male,43,100.53,1,4,448.81,2026-08-12,44,3.7
683,Female,50,115.36,75,39,8736.74,2026-09-05,20,2.1
684,Male,43,56.06,68,20,1120.66,2026-08-21,35,4.0
685,Female,38,41.01,23,3,72.46,2026-02-14,223,4.7
686,Male,45,117.0,26,12,1430.68,2026-03-25,184,4.1
687,Female,36,23.45,76,24,1127.1,2026-08-04,52,3.0
688,Male,48,54.66,51,16,1979.95,2026-08-10,46,2.9
689,Female,32,26.7,22,3,118.59,2026-09-23,2,3.9
690,Male,31,29.99,84,28,1437.49,2026-09-02,23,3.5
691,Male,60,85.89,30,6,525.61,2026-07-03,84,4.0
692,Female,58,79.72,50,13,1221.27,2026-08-03,53,4.1
693,Male,55,112.37,33,9,857.46,2026-09-09,16,4.5
694,Other,48,95.72,38,7,686.88,2026-06-23,94,2.6
695,Male,38,70.98,46,7,831.65,2026-09-05,20,3.8
696,Female,34,35.12,77,19,1067.04,2026-09-10,15,3.3
697,Male,35,40.08,36,2,45.9,2026-02-10,227,3.5
698,Female,38,12.0,9,4,128.68,2026-06-11,106,4.3
699,Female,25,27.96,44,2,94.64,2025-10-30,330,4.4
700,Male,61,99.19,12,3,263.69,2026-01-23,245,4.8
701,Male,37,108.73,24,11,1060.79,2026-07-05,82,4.0
702,Male,44,91.2,17,4,448.61,2026-07-13,74,3.5
703,Female,43,75.0,100,19,4065.97,2026-09-19,6,3.4
704,Male,59,46.86,47,6,770.25,2026-08-26,30,2.1
705,Male,44,99.15,22,5,465.97,2026-09-13,12,4.7
706,Female,21,32.89,74,22,1014.24,2026-08-05,51,3.3
707,Male,33,85.57,54,16,1284.92,2026-08-29,27,4.0
708,Female,56,70.16,49,14,1293.74,2026-08-12,44,4.2
709,Female,18,33.14,76,21,1319.88,2026-09-24,1,2.5
710,Male,18,31.55,36,27,1278.39,2026-09-20,5,2.8
711,Male,66,77.46,54,16,1823.17,2026-08-14,42,4.9
712,Female,42,21.74,22,3,108.49,2025-10-30,330,3.8
713,Female,28,60.04,65,15,1608.13,2026-07-24,63,3.1
714,Female,39,46.75,69,16,1622.46,2026-09-04,21,3.5
715,Male,40,81.86,51,15,1566.11,2026-08-19,37,4.5
716,Female,56,105.49,38,6,754.91,2026-09-15,10,4.4
717,Male,46,22.09,65,20,842.1,2026-09-09,16,2.4
718,Other,46,108.4,93,37,8760.59,2026-09-18,7,5.0
719,Female,31,37.14,15,3,85.05,2026-07-12,75,4.4
720,Male,47,58.49,39,14,1458.49,2026-09-18,7,3.5
721,Male,21,24.52,76,24,1235.05,2026-09-06,19,2.6
722,Male,18,22.84,95,23,1166.21,2026-08-18,38,4.5
723,Female,24,114.75,86,39,10292.92,2026-09-16,9,4.0
724,Female,23,56.99,71,15,1603.9,2026-09-07,18,2.4
725,Female,33,103.65,75,25,4607.87,2026-09-21,4,3.4
726,Male,30,91.3,97,36,7963.44,2026-08-29,27,5.0
727,Male,51,101.09,20,9,1197.44,2026-05-02,146,3.6
728,Female,30,107.46,87,27,6961.59,2026-09-18,7,3.0
729,Female,18,27.5,81,26,1129.49,2026-08-30,26,2.7
730,Male,18,34.78,86,18,789.84,2026-09-18,7,5.0
731,Female,43,110.47,31,5,492.1,2026-09-11,14,4.3
732,Female,36,119.82,75,44,11823.14,2026-09-06,19,4.8
733,Male,57,117.74,95,35,8802.43,2026-09-23,2,3.8
734,Female,22,28.63,99,20,1038.05,2026-08-15,41,4.7
735,Female,51,102.06,77,40,8493.55,2026-09-23,2,2.9
736,Female,36,15.39,1,5,127.09,2026-07-07,80,3.7
737,Female,48,91.7,34,13,1413.17,2026-08-03,53,3.8
738,Male,40,100.28,24,3,374.16,2026-09-03,22,4.8
739,Male,27,20.99,76,23,1333.2,2026-09-07,18,3.9
740,Male,20,33.34,85,30,1275.21,2026-07-27,60,3.1
741,Female,44,96.48,79,36,9186.58,2026-09-02,23,3.7
742,Male,40,86.75,81,26,5649.35,2026-09-24,1,2.2
743,Female,30,73.47,52,13,983.37,2026-08-06,50,1.6
744,Male,52,103.36,100,35,9384.25,2026-09-15,10,4.3
745,Female,32,20.28,78,17,845.48,2026-09-03,22,3.3
746,Male,24,16.69,63,24,1198.41,2026-09-05,20,3.4
747,Female,49,105.92,14,5,374.5,2026-06-20,97,4.3
748,Female,27,51.25,80,26,1464.61,2026-08-24,32,4.8
749,Male,30,56.36,39,16,1656.49,2026-07-24,63,4.1
750,Female,40,58.98,34,13,1078.61,2026-07-02,85,5.0
751,Female,42,115.0,36,3,327.9,2026-05-21,127,4.0
752,Male,39,74.65,36,3,228.87,2026-06-10,107,3.9
753,Male,32,127.54,24,5,463.09,2026-04-01,177,3.8
754,Female,24,66.22,82,16,789.95,2026-09-12,13,2.5
755,Male,42,12.0,24,4,154.02,2026-05-16,132,4.4
756,Male,41,98.63,35,4,436.23,2026-06-24,93,1.5
757,Male,73,89.93,35,6,826.32,2026-07-19,68,3.1
758,Male,48,58.29,22,13,1266.15,2026-08-19,37,3.6
759,Male,55,104.14,81,26,5879.01,2026-09-13,12,2.9
760,Male,36,43.36,84,20,981.13,2026-09-21,4,3.2
761,Male,55,28.42,17,2,42.49,2026-07-17,70,5.0
762,Male,34,97.25,84,31,7814.77,2026-09-17,8,4.5
763,Female,18,107.59,93,24,6006.65,2026-09-24,1,3.0
764,Female,38,117.21,85,24,4900.59,2026-09-12,13,3.2
765,Female,45,45.43,71,17,1770.47,2026-09-17,8,2.5
766,Male,44,86.95,98,43,10108.54,2026-09-14,11,4.2
767,Female,51,127.9,27,2,206.97,2026-08-15,41,3.4
768,Male,55,101.01,82,29,6693.39,2026-09-10,15,1.9
769,Male,46,108.08,50,41,9128.53,2026-09-17,8,3.7
770,Other,44,24.43,18,4,173.94,2026-06-21,96,4.0
771,Female,39,107.67,12,4,548.77,2026-04-13,165,4.4
772,Male,18,56.82,81,25,1209.9,2026-09-02,23,3.5
773,Male,52,38.12,24,5,238.34,2026-08-21,35,3.3
774,Female,40,40.74,61,13,1257.5,2026-07-11,76,5.0
775,Male,36,90.62,100,44,10162.71,2026-09-22,3,3.6
776,Female,33,56.41,53,18,1879.31,2026-09-09,16,4.2
777,Male,30,26.24,49,6,150.16,2026-07-19,68,3.1
778,Male,35,85.89,87,29,7287.29,2026-09-04,21,4.2
779,Female,26,73.47,37,19,1782.84,2026-08-22,34,2.4
780,Female,24,46.79,46,15,1236.48,2026-09-04,21,3.2
781,Female,46,120.91,24,11,1490.4,2026-06-21,96,2.6
782,Female,33,87.49,60,14,1176.43,2026-09-07,18,3.1
783,Male,39,28.52,67,19,943.71,2026-07-06,81,4.7
784,Female,39,36.15,18,7,307.89,2026-05-21,127,3.1
785,Female,42,44.75,51,13,1289.6,2026-08-10,46,4.2
786,Male,21,40.73,73,27,1365.43,2026-09-21,4,4.9
787,Male,38,55.03,63,13,1371.91,2026-06-20,97,3.6
788,Male,52,84.78,36,10,1404.53,2026-03-27,182,4.4
789,Male,46,57.95,67,18,1863.94,2026-09-06,19,4.1
790,Female,35,23.48,18,5,215.7,2025-12-01,298,3.7
791,Male,59,95.45,42,3,310.91,2026-08-31,25,4.2
792,Female,28,45.3,62,22,1042.14,2026-09-07,18,5.0
793,Male,56,89.01,11,6,602.33,2026-07-27,60,3.1
794,Other,37,134.29,69,32,7746.77,2026-09-19,6,2.8
795,Male,24,91.45,84,30,8177.25,2026-09-17,8,2.7
796,Male,51,122.62,42,4,484.09,2026-06-16,101,4.4
797,Male,49,95.77,77,31,6861.92,2026-09-11,14,4.6
798,Female,48,109.99,78,39,9022.16,2026-09-08,17,3.1
799,Male,40,23.14,19,3,109.68,2025-12-25,274,1.8
800,Male,33,25.19,29,4,121.74,2026-03-29,180,3.0
801,Other,28,41.22,16,4,118.35,2026-08-04,52,4.1
802,Male,54,121.0,22,7,694.97,2026-06-12,105,3.5
803,Female,43,78.67,37,18,1657.92,2026-07-21,66,3.8
804,Male,30,24.33,15,6,222.2,2026-07-03,84,3.2
805,Female,53,112.58,98,36,9237.02,2026-09-21,4,4.5
806,Female,33,99.05,85,28,6219.52,2026-09-19,6,3.9
807,Female,30,16.12,13,3,103.98,2026-09-14,11,4.1
808,Male,58,93.95,99,31,8303.67,2026-09-18,7,3.7
809,Female,37,25.87,71,30,1563.31,2026-09-17,8,4.0
810,Female,35,65.49,70,11,1610.11,2026-08-22,34,4.0
811,Female,45,83.23,100,33,8504.97,2026-08-19,37,2.8
812,Male,44,109.35,85,40,8895.05,2026-09-20,5,3.9
813,Male,18,83.22,35,23,2429.81,2026-09-09,16,4.3
814,Female,27,45.71,49,4,114.9,2026-06-06,111,4.6
815,Female,41,101.81,89,34,8192.43,2026-09-16,9,4.0
816,Male,35,42.44,49,15,1560.67,2026-09-20,5,2.8
817,Female,41,68.44,64,12,1426.45,2026-09-10,15,2.9
818,Male,39,12.0,86,26,1324.2,2026-09-21,4,3.2
819,Female,33,45.54,38,1,53.21,2026-06-13,104,3.8
820,Male,37,97.01,20,7,774.13,2026-07-18,69,3.5
821,Female,45,135.64,88,29,6809.12,2026-09-23,2,2.6
822,Male,33,12.0,8,4,128.55,2026-08-11,45,2.6
823,Female,46,112.85,36,10,878.66,2026-07-17,70,1.8
824,Male,33,28.59,22,2,65.41,2026-02-27,210,1.0
825,Other,61,57.37,56,6,433.38,2026-08-20,36,3.5
826,Male,20,90.82,82,32,7575.28,2026-09-11,14,5.0
827,Female,32,38.34,19,3,78.71,2026-09-05,20,5.0
828,Female,48,109.47,18,6,548.88,2026-04-03,175,2.8
829,Male,31,86.99,62,9,1064.9,2026-08-22,34,3.7
830,Male,57,114.11,46,11,1281.12,2026-08-01,55,2.4
831,Female,44,21.69,15,1,13.55,2026-05-14,134,2.5
832,Female,28,17.95,85,18,919.14,2026-09-15,10,2.6
833,Female,25,12.84,83,20,946.24,2026-08-06,50,3.4
834,Male,35,50.63,22,9,286.71,2026-07-04,83,3.4
835,Male,35,19.11,4,4,123.07,2026-02-21,216,3.8
836,Male,27,52.72,62,28,1334.77,2026-08-31,25,4.2
837,Male,34,37.35,13,5,161.01,2026-05-12,136,3.3
838,Female,42,66.62,27,14,1582.53,2026-09-11,14,3.6
839,Female,36,27.7,95,22,1068.35,2026-09-09,16,2.7
840,Female,18,41.25,82,16,780.16,2026-08-24,32,2.5
841,Male,31,109.78,84,47,10910.43,2026-09-18,7,2.3
842,Female,22,56.83,27,16,1415.97,2026-09-07,18,4.2
843,Female,37,41.74,56,18,965.62,2026-08-31,25,3.3
844,Female,31,29.98,78,21,967.77,2026-09-19,6,2.0
845,Female,47,98.82,100,28,7140.9,2026-09-05,20,3.5
846,Male,25,70.4,45,9,860.51,2026-09-12,13,2.5
847,Female,46,31.1,88,20,815.79,2026-09-13,12,5.0
848,Female,30,36.84,16,2,65.65,2026-07-18,69,3.1
849,Male,44,103.65,85,39,9618.14,2026-09-06,19,4.2
850,Female,48,45.07,68,14,1284.26,2026-08-25,31,4.5
851,Female,32,134.29,80,37,7762.13,2026-09-18,7,2.8
852,Female,43,121.65,20,9,848.04,2026-07-12,75,3.7
853,Male,41,74.37,70,19,1667.15,2026-07-07,80,4.1
854,Female,68,56.57,54,11,1185.66,2026-08-12,44,3.7
855,Male,51,95.8,41,5,640.13,2026-06-23,94,3.9
856,Male,44,51.35,70,27,1671.06,2026-08-25,31,2.5
857,Male,48,25.05,39,5,143.17,2025-10-30,330,4.1
858,Female,43,53.14,56,15,1130.52,2026-08-30,26,3.2
859,Male,18,58.21,83,33,1652.83,2026-09-18,7,3.9
860,Female,39,31.33,80,30,1804.81,2026-09-12,13,4.4
861,Female,21,54.76,16,2,56.14,2026-06-16,101,4.2
862,Male,52,12.0,22,2,51.15,2026-02-26,211,3.9
863,Female,41,69.25,48,7,757.98,2026-09-09,16,4.1
864,Female,18,61.0,90,26,1307.02,2026-08-28,28,4.2
865,Female,39,110.42,82,41,10143.8,2026-09-21,4,4.9
866,Female,46,58.3,35,14,1314.07,2026-08-04,52,3.6
867,Female,37,45.65,33,23,1950.49,2026-06-28,89,3.7
868,Male,46,77.15,32,12,1105.35,2026-08-22,34,4.4
869,Male,33,99.22,91,30,6734.86,2026-09-18,7,3.2
870,Female,35,98.67,14,7,665.01,2026-04-05,173,2.5
871,Male,35,12.72,26,4,94.34,2025-12-07,292,4.0
872,Female,42,131.8,86,31,7337.94,2026-09-24,1,3.4
873,Female,36,78.17,52,14,1574.83,2026-08-15,41,2.6
874,Female,40,31.56,83,22,1124.39,2026-08-26,30,4.0
875,Female,27,13.84,24,3,86.17,2026-04-28,150,4.8
876,Female,42,83.5,20,8,559.08,2026-07-23,64,2.2
877,Female,29,26.88,74,15,727.46,2026-09-12,13,4.5
878,Female,32,84.53,33,10,1292.39,2026-04-15,163,1.4
879,Male,23,12.0,42,6,189.62,2026-06-07,110,3.3
880,Female,36,20.96,42,5,176.07,2026-04-10,168,5.0
881,Female,48,12.0,62,25,1290.71,2026-09-22,3,3.3
882,Female,42,21.28,18,9,366.21,2025-10-30,330,3.7
883,Male,22,72.42,34,11,1253.71,2026-08-27,29,4.2
884,Female,18,26.74,96,30,1320.22,2026-09-06,19,2.1
885,Male,55,104.98,40,3,475.94,2026-07-03,84,3.7
886,Female,27,21.87,82,23,1092.63,2026-09-23,2,3.7
887,Female,39,32.91,80,23,1021.94,2026-09-09,16,5.0
888,Male,33,136.89,100,24,5996.04,2026-08-22,34,2.5
889,Female,46,105.12,99,31,7859.54,2026-09-15,10,3.3
890,Female,44,35.38,36,7,256.19,2026-06-04,113,2.8
891,Female,44,78.08,33,7,697.43,2026-08-17,39,2.7
892,Other,35,83.28,49,17,1569.91,2026-08-14,42,4.6
893,Male,48,93.32,37,8,1073.44,2026-08-04,52,3.6
894,Male,47,124.71,94,31,7368.71,2026-09-12,13,3.1
895,Other,36,28.28,20,7,217.34,2026-01-11,257,3.2
896,Female,49,70.56,49,16,1630.81,2026-09-01,24,3.1
897,Male,43,109.39,42,14,1698.9,2026-08-04,52,3.2
898,Female,35,93.67,48,5,551.57,2026-05-14,134,2.5
899,Male,68,115.29,19,9,1081.93,2026-07-22,65,3.4
900,Female,22,21.37,75,23,1303.01,2026-08-31,25,3.3
901,Female,22,42.89,82,18,871.94,2026-09-02,23,3.0
902,Male,47,94.54,34,8,911.16,2026-06-29,88,3.7
903,Female,43,114.89,78,29,6533.65,2026-09-09,16,3.8
904,Other,24,25.53,100,29,1298.72,2026-09-10,15,3.1
905,Female,39,62.7,58,9,756.8,2026-09-16,9,3.5
906,Male,36,14.95,28,1,17.02,2026-04-21,157,5.0
907,Male,30,35.47,99,25,1062.56,2026-08-15,41,5.0
908,Female,18,110.62,79,40,9637.3,2026-09-20,5,2.7
909,Male,67,92.44,27,5,637.19,2026-05-25,123,2.8
910,Male,47,99.23,13,4,500.87,2026-05-27,121,2.7
911,Male,45,63.88,51,18,1748.75,2026-08-18,38,4.5
912,Female,25,53.37,35,14,1184.97,2026-08-04,52,3.3
913,Male,34,60.2,62,24,2154.63,2026-09-06,19,3.8
914,Male,32,47.92,58,13,1461.54,2026-09-13,12,5.0
915,Female,54,94.84,50,19,1657.76,2026-08-21,35,3.6
916,Female,33,76.83,52,18,2471.9,2026-08-22,34,4.2
917,Female,50,113.82,93,23,5281.95,2026-09-23,2,4.0
918,Male,35,126.41,70,35,8411.93,2026-09-05,20,3.1
919,Female,43,72.29,30,7,553.99,2026-02-10,227,4.5
920,Male,26,12.0,86,30,1322.35,2026-09-11,14,2.9
921,Other,55,104.41,63,33,7800.79,2026-09-09,16,4.7
922,Female,20,42.7,61,16,1358.64,2026-08-11,45,3.1
923,Female,23,26.69,2,5,226.82,2025-10-30,330,3.2
924,Male,18,34.88,77,25,1056.41,2026-09-06,19,2.7
925,Female,31,122.89,70,21,4985.35,2026-09-10,15,2.8
926,Male,40,84.06,45,8,886.62,2026-03-06,203,3.2
927,Male,26,115.59,70,35,8113.9,2026-09-23,2,1.5
928,Male,32,62.2,33,14,1090.97,2026-09-20,5,3.4
929,Female,18,34.87,24,3,79.65,2025-10-30,330,3.2
930,Male,26,22.72,17,5,189.8,2026-05-09,139,4.3
931,Male,60,119.36,10,5,580.34,2026-06-07,110,4.0
932,Female,32,30.55,84,26,1147.37,2026-09-14,11,3.0
933,Male,30,56.84,54,27,1304.37,2026-09-03,22,3.2
934,Male,29,50.93,41,17,1538.42,2026-07-10,77,3.4
935,Male,24,72.4,46,8,545.51,2026-08-25,31,4.9
936,Female,37,99.16,38,4,466.97,2026-08-27,29,2.9
937,Female,39,57.41,69,9,793.15,2026-08-30,26,3.0
938,Female,51,118.85,97,33,7684.68,2026-08-27,29,2.6
939,Female,48,57.81,51,18,1651.08,2026-07-01,86,2.3
940,Female,48,72.73,55,42,9790.9,2026-09-06,19,3.9
941,Other,41,57.12,33,2,226.93,2026-09-07,18,3.8
942,Female,39,79.81,71,16,1775.25,2026-07-14,73,4.7
943,Male,39,127.22,99,35,8912.03,2026-09-07,18,4.5
944,Female,26,58.42,84,26,1130.78,2026-08-12,44,5.0
945,Female,48,31.75,64,20,1109.38,2026-09-17,8,3.5
946,Female,30,81.9,22,8,907.13,2026-05-01,147,3.4
947,Female,34,24.13,45,2,74.99,2026-07-19,68,2.5
948,Male,51,62.16,36,12,1069.44,2026-09-09,16,4.2
949,Male,24,47.9,39,11,975.03,2026-06-18,99,3.7
950,Male,42,123.08,39,3,442.19,2026-05-13,135,4.2
951,Female,23,63.35,73,18,982.14,2026-09-15,10,2.6
952,Male,46,106.7,14,5,552.46,2026-09-05,20,3.9
953,Female,32,99.85,46,4,382.0,2026-06-03,114,3.8
954,Male,48,91.87,90,31,7466.24,2026-09-03,22,3.7
955,Male,46,83.65,48,11,916.86,2026-08-21,35,3.0
956,Female,44,63.07,39,17,1784.66,2026-09-07,18,4.6
957,Female,30,57.95,78,13,1151.8,2026-08-16,40,5.0
958,Female,29,38.74,78,39,2114.82,2026-09-04,21,2.7
959,Female,19,23.8,95,20,1102.12,2026-08-31,25,4.2
960,Male,25,34.06,89,25,1218.2,2026-09-14,11,1.2
961,Male,50,12.0,72,33,1747.07,2026-08-25,31,4.2
962,Male,29,47.22,72,22,1177.33,2026-09-20,5,2.0
963,Female,30,108.54,100,34,8518.65,2026-09-02,23,3.2
964,Male,44,126.22,100,29,7860.44,2026-09-24,1,2.5
965,Female,25,59.18,30,9,748.39,2026-08-03,53,3.4
966,Male,18,30.09,85,20,1068.54,2026-09-16,9,4.3
967,Female,29,45.03,52,21,2264.01,2026-09-21,4,2.0
968,Female,38,120.64,72,31,6547.96,2026-09-22,3,3.3
969,Male,37,19.74,81,26,1351.29,2026-08-21,35,3.2
970,Female,54,93.19,12,11,869.5,2026-04-29,149,4.9
971,Female,53,100.01,22,7,905.49,2026-07-14,73,4.0
972,Male,31,111.7,74,30,7014.24,2026-09-15,10,2.6
973,Female,37,86.11,78,26,6422.09,2026-09-23,2,3.2
974,Male,42,58.77,52,8,897.71,2026-08-26,30,4.9
975,Male,42,111.13,16,9,1012.78,2026-08-21,35,4.2
976,Male,33,24.7,41,7,211.67,2026-07-12,75,2.8
977,Male,32,28.85,84,25,1197.91,2026-08-18,38,3.4
978,Male,25,34.27,100,25,1283.5,2026-09-11,14,3.4
979,Male,30,30.24,76,21,1046.1,2026-09-22,3,3.1
980,Male,64,85.57,21,2,165.31,2026-05-17,131,2.1
981,Male,37,61.49,74,9,763.54,2026-07-11,76,3.0
982,Female,51,75.92,46,12,1051.12,2026-07-27,60,4.8
983,Female,42,15.28,20,3,117.66,2026-07-27,60,3.3
984,Male,18,26.76,87,23,939.21,2026-08-06,50,3.5
985,Female,31,90.66,69,31,6171.84,2026-08-21,35,3.7
986,Female,31,75.18,62,20,2058.55,2026-09-14,11,5.0
987,Female,39,98.71,35,9,888.02,2026-07-13,74,3.6
988,Male,41,98.1,99,29,5940.46,2026-09-20,5,4.5
989,Female,54,101.29,39,8,1409.81,2026-07-05,82,3.1
990,Male,52,45.15,69,15,1517.67,2026-08-10,46,3.4
991,Male,39,15.53,21,1,18.78,2026-08-13,43,3.6
992,Male,32,12.0,12,5,228.06,2026-07-09,78,2.9
993,Female,18,47.07,78,14,1401.35,2026-09-16,9,3.4
994,Male,49,119.0,10,6,776.12,2026-07-31,56,4.4
995,Male,39,51.74,36,15,1754.36,2026-08-27,29,2.9
996,Female,30,38.53,85,21,951.94,2026-08-27,29,3.6
997,Male,57,18.29,41,7,219.86,2026-07-17,70,4.2
998,Female,54,120.63,86,26,5281.22,2026-09-12,13,2.9
999,Male,47,47.63,65,16,1793.68,2026-09-05,20,4.5
1000,Female,38,100.55,4,3,295.06,2026-07-08,79,3.7
1001,Male,37,110.74,78,27,6483.52,2026-09-21,4,3.5
1002,Male,27,64.59,56,25,1068.3,2026-07-20,67,1.9
1003,Female,34,118.83,93,29,6624.36,2026-09-08,17,3.3
1004,Male,47,101.7,65,25,5629.1,2026-09-10,15,3.9
1005,Female,40,39.59,7,2,101.83,2026-06-14,103,5.0
1006,Male,18,61.93,84,14,695.41,2026-09-15,10,4.1
1007,Male,51,39.19,66,10,763.62,2026-07-19,68,4.6
1008,Female,49,88.21,26,5,364.58,2026-04-19,159,2.6
1009,Female,19,26.68,29,3,97.82,2026-07-20,67,3.5
1010,Male,27,26.16,84,14,590.67,2026-09-15,10,4.6
1011,Female,39,25.34,19,5,208.88,2026-07-12,75,2.8
1012,Male,46,12.0,9,9,264.96,2026-04-03,175,4.4
1013,Male,25,51.66,85,26,1276.32,2026-09-14,11,4.2
1014,Male,47,42.08,60,14,1540.64,2026-09-15,10,3.8
1015,Female,50,97.2,39,4,486.96,2026-08-25,31,3.3
1016,Male,29,124.64,88,29,6666.97,2026-09-16,9,2.8
1017,Male,22,29.58,8,3,71.38,2026-06-28,89,5.0
1018,Female,50,48.29,61,11,1079.4,2026-08-29,27,4.1
1019,Female,54,91.12,84,38,9112.54,2026-09-15,10,3.9
1020,Female,31,28.78,72,21,1109.08,2026-09-15,10,3.2
1021,Female,54,51.4,49,16,1248.23,2026-08-18,38,3.6
1022,Male,47,32.87,14,5,224.13,2026-02-14,223,3.7
1023,Female,46,42.38,64,16,1579.44,2026-08-15,41,3.9
1024,Male,19,43.38,61,29,1750.93,2026-09-13,12,4.2
1025,Female,53,31.62,10,3,75.93,2026-05-19,129,2.9
1026,Female,53,102.66,24,4,535.41,2026-05-15,133,2.4
1027,Female,35,82.18,72,18,1579.65,2026-09-18,7,3.7
1028,Male,21,25.87,91,19,964.12,2026-09-17,8,2.1
1029,Male,39,19.84,2,4,122.25,2026-03-26,183,3.3
1030,Female,18,24.33,94,23,1065.93,2026-09-13,12,3.2
1031,Male,35,29.3,94,28,1529.15,2026-09-18,7,4.0
1032,Female,26,28.73,8,4,139.8,2026-03-04,205,5.0
1033,Female,32,20.37,48,17,918.08,2026-09-19,6,1.9
1034,Female,34,33.68,52,14,1316.47,2026-08-22,34,5.0
1035,Other,25,24.15,91,30,1485.91,2026-09-18,7,3.4
1036,Male,28,35.04,41,6,167.34,2026-03-21,188,3.9
1037,Male,46,101.91,18,7,1163.62,2025-12-19,280,2.4
1038,Female,47,48.79,99,29,1491.0,2026-09-01,24,4.4
1039,Female,42,59.38,51,25,1244.06,2026-08-30,26,3.6
1040,Male,46,120.63,80,42,8993.65,2026-09-14,11,3.5
1041,Female,42,129.36,79,33,6643.47,2026-08-23,33,2.0
1042,Male,44,40.73,36,4,125.59,2026-08-18,38,3.7
1043,Male,47,53.94,38,5,128.82,2026-01-27,241,4.3
1044,Female,28,55.91,33,4,95.17,2026-04-18,160,3.4
1045,Male,41,123.32,68,27,5953.17,2026-09-11,14,4.6
1046,Male,30,109.89,38,11,1445.18,2026-08-01,55,4.6
1047,Female,59,97.13,34,5,507.42,2026-04-25,153,3.1
1048,Male,60,61.42,33,15,1534.01,2026-07-26,61,5.0
1049,Male,40,57.27,28,21,2202.4,2026-07-25,62,3.6
1050,Female,27,108.7,40,4,494.52,2026-06-06,111,3.6
1051,Male,42,19.92,20,3,106.69,2025-11-06,323,3.7
1052,Female,33,107.32,69,26,6632.97,2026-09-09,16,3.7
1053,Male,41,67.03,26,7,911.42,2026-08-26,30,1.4
1054,Male,48,134.12,88,29,7032.65,2026-09-20,5,3.4
1055,Male,51,96.91,27,5,575.03,2026-03-27,182,2.4
1056,Male,31,36.38,3,7,243.68,2026-03-03,206,5.0
1057,Male,33,82.41,76,13,1518.76,2026-08-25,31,4.9
1058,Female,49,104.2,40,6,770.97,2026-05-11,137,4.3
1059,Female,24,52.22,74,19,879.3,2026-08-20,36,3.4
1060,Female,25,12.62,18,2,42.12,2026-05-12,136,2.7
1061,Male,36,95.56,57,15,1776.24,2026-09-03,22,3.0
1062,Female,39,45.22,8,2,59.56,2026-03-14,195,5.0
1063,Female,46,102.93,32,6,1032.75,2026-02-23,214,3.0
1064,Male,22,49.95,6,2,54.27,2026-05-14,134,1.6
1065,Female,58,83.64,27,5,481.11,2026-04-03,175,4.5
1066,Female,18,57.96,39,11,1070.36,2026-08-21,35,4.9
1067,Female,24,52.22,65,23,1107.92,2026-09-01,24,5.0
1068,Female,30,12.0,42,2,49.34,2026-07-12,75,4.5
1069,Male,43,117.85,85,27,6281.48,2026-09-23,2,4.6
1070,Female,34,39.45,80,21,953.13,2026-09-19,6,3.6
1071,Female,50,89.57,29,24,2360.83,2026-08-17,39,1.8
1072,Male,29,12.0,15,2,80.98,2026-08-15,41,3.6
1073,Male,34,54.53,84,27,1376.31,2026-09-16,9,4.1
1074,Male,41,54.17,55,14,1469.83,2026-08-03,53,3.5
1075,Male,22,55.74,27,9,743.17,2026-08-28,28,3.4
1076,Male,67,82.89,30,7,883.81,2026-09-15,10,2.8
1077,Female,18,16.77,82,18,870.78,2026-09-05,20,2.7
1078,Male,32,37.65,93,25,1367.95,2026-09-04,21,5.0
1079,Male,40,14.43,14,1,37.77,2026-01-15,253,5.0
1080,Female,51,110.36,1,9,1046.56,2026-06-20,97,3.6
1081,Female,43,90.72,16,4,394.23,2026-07-28,59,3.8
1082,Female,47,45.02,40,23,2546.6,2026-08-20,36,2.8
1083,Male,23,54.61,62,12,1144.96,2026-09-01,24,4.1
1084,Male,38,66.71,20,13,1425.42,2026-07-27,60,5.0
1085,Male,33,58.12,48,18,1759.76,2026-06-24,93,2.3
1086,Female,29,30.48,39,5,148.05,2025-11-14,315,4.0
1087,Female,43,71.75,53,6,661.75,2026-07-10,77,4.1
1088,Female,50,77.15,64,17,1771.03,2026-09-08,17,4.0
1089,Male,25,27.66,58,19,934.42,2026-08-19,37,5.0
1090,Male,36,17.38,59,20,968.87,2026-09-06,19,5.0
1091,Male,48,101.07,45,10,1519.41,2026-04-26,152,3.4
1092,Male,27,36.59,23,3,77.31,2026-02-16,221,4.2
1093,Male,45,79.55,29,7,984.94,2026-08-19,37,3.7
1094,Male,45,87.53,15,6,561.65,2026-07-09,78,3.1
1095,Female,29,19.93,23,2,57.16,2026-01-08,260,3.8
1096,Female,32,29.09,64,23,1187.41,2026-08-08,48,4.2
1097,Female,50,89.35,42,4,537.26,2026-06-27,90,3.8
1098,Female,23,71.9,86,12,1152.62,2026-09-05,20,2.9
1099,Female,22,39.53,59,14,1697.22,2026-09-12,13,3.2
1100,Female,46,87.88,76,30,7150.44,2026-08-27,29,3.2
1101,Male,34,105.33,54,34,7178.83,2026-09-04,21,2.9
1102,Female,51,97.54,8,4,461.2,2026-08-09,47,3.9
1103,Male,47,41.63,72,15,1597.98,2026-08-17,39,4.0
1104,Male,26,53.51,41,15,1506.53,2026-09-14,11,4.4
1105,Male,28,104.39,80,26,6314.69,2026-09-16,9,2.9
1106,Male,56,56.49,61,18,1809.17,2026-08-14,42,3.1
1107,Female,46,112.13,100,28,6694.55,2026-09-24,1,4.9
1108,Male,24,22.74,76,21,951.32,2026-09-13,12,3.5
1109,Female,30,82.69,48,16,2064.53,2026-06-13,104,3.6
1110,Male,43,106.83,29,10,1217.99,2026-05-29,119,3.5
1111,Female,30,98.7,76,31,7673.83,2026-09-22,3,4.6
1112,Female,37,33.32,71,18,991.06,2026-08-10,46,4.6
1113,Male,28,31.74,27,3,86.64,2026-05-17,131,4.5
1114,Male,50,79.01,55,13,1162.67,2026-08-29,27,3.6
1115,Female,35,53.59,79,11,1060.6,2026-05-23,125,2.9
1116,Male,32,120.74,89,41,9610.04,2026-09-10,15,5.0
1117,Female,38,110.59,98,29,5621.88,2026-09-18,7,4.3
1118,Male,18,82.88,40,11,870.09,2026-09-09,16,3.2
1119,Female,47,118.07,34,3,331.14,2025-11-24,305,4.8
1120,Female,37,64.76,44,15,1428.48,2026-09-07,18,3.1
1121,Female,44,26.33,27,6,365.07,2026-06-24,93,4.8
1122,Female,23,117.09,92,38,8022.38,2026-09-14,11,4.9
1123,Female,51,59.47,54,15,1798.36,2026-05-29,119,2.8
1124,Female,50,133.52,100,41,10727.94,2026-09-16,9,4.1
1125,Female,41,33.1,95,28,1468.33,2026-08-22,34,4.3
1126,Female,27,26.32,92,23,1105.12,2026-08-28,28,5.0
1127,Male,38,25.57,87,24,1078.3,2026-09-05,20,3.0
1128,Female,21,13.02,43,4,99.3,2026-03-23,186,4.8
1129,Male,43,37.79,5,4,131.9,2026-01-24,244,3.6
1130,Male,31,50.52,69,14,1109.32,2026-09-06,19,2.5
1131,Female,22,77.37,41,11,1115.79,2026-08-23,33,3.5
1132,Male,18,13.9,71,26,1139.1,2026-08-16,40,3.6
1133,Female,42,111.78,91,33,8208.68,2026-09-13,12,2.7
1134,Female,28,46.1,37,4,120.51,2026-06-20,97,3.9
1135,Male,43,31.87,39,13,1247.48,2026-09-13,12,4.4
1136,Male,30,128.26,22,4,382.65,2026-08-06,50,3.8
1137,Male,18,26.05,79,27,1250.2,2026-09-20,5,3.1
1138,Female,42,33.98,76,24,1276.37,2026-09-18,7,3.5
1139,Male,51,118.0,94,31,6217.47,2026-09-09,16,3.6
1140,Female,26,40.17,63,5,114.05,2026-01-24,244,3.8
1141,Female,48,103.83,33,8,825.65,2026-09-15,10,4.5
1142,Female,49,75.96,44,12,1310.81,2026-09-23,2,3.8
1143,Other,43,69.27,37,19,2094.5,2026-08-25,31,2.4
1144,Female,40,86.65,49,14,1250.37,2026-09-04,21,3.1
1145,Male,39,39.31,67,25,1224.32,2026-09-06,19,3.7
1146,Male,41,127.5,34,6,523.5,2026-08-23,33,4.6
1147,Male,36,42.62,27,1,43.44,2026-04-06,172,4.7
1148,Male,39,36.72,47,12,1290.0,2026-05-29,119,5.0
1149,Male,25,68.56,100,17,831.36,2026-09-05,20,3.7
1150,Female,35,53.96,44,11,1395.55,2026-07-14,73,4.2
1151,Female,43,130.94,83,30,7489.53,2026-09-17,8,2.4
1152,Male,39,62.38,61,18,1878.36,2026-09-05,20,4.0
1153,Female,32,124.86,95,30,7385.75,2026-09-18,7,2.7
1154,Female,50,100.36,99,26,6031.48,2026-09-13,12,3.5
1155,Female,18,40.76,83,23,1154.75,2026-09-13,12,5.0
1156,Female,40,106.46,97,32,6869.53,2026-09-06,19,3.9
1157,Female,39,132.11,76,36,8482.0,2026-09-18,7,2.9
1158,Female,46,116.14,95,35,8019.1,2026-09-24,1,3.9
1159,Male,18,45.1,89,23,1254.42,2026-08-23,33,3.2
1160,Female,48,31.7,71,12,1081.05,2026-07-31,56,2.8
1161,Other,35,108.8,64,34,7307.51,2026-08-25,31,5.0
1162,Male,48,35.75,11,2,29.88,2026-02-02,235,4.5
1163,Female,34,65.13,63,16,1655.67,2026-08-13,43,3.9
1164,Male,42,123.46,52,29,6540.96,2026-09-18,7,3.3
1165,Male,61,104.88,90,37,8214.58,2026-09-16,9,3.3
1166,Male,36,62.68,66,6,699.56,2026-04-26,152,4.9
1167,Female,51,78.54,46,17,1871.71,2026-09-09,16,3.9
1168,Female,28,12.0,73,12,539.01,2026-09-04,21,1.0
1169,Female,43,70.25,40,12,931.7,2026-09-15,10,5.0
1170,Male,43,105.33,78,36,8864.53,2026-09-17,8,3.8
1171,Other,36,19.23,72,31,1274.78,2026-08-30,26,3.9
1172,Male,29,34.71,14,5,151.76,2025-11-09,320,4.5
1173,Male,38,117.18,19,7,669.13,2026-07-07,80,4.0
1174,Other,30,44.55,19,2,48.43,2026-02-06,231,4.2
1175,Male,29,30.11,75,24,1071.5,2026-09-04,21,3.2
1176,Female,34,42.26,44,2,64.85,2025-11-30,299,2.6
1177,Male,35,44.15,73,19,1130.77,2026-08-15,41,3.8
1178,Female,41,30.78,82,28,1346.97,2026-09-12,13,4.8
1179,Female,38,90.3,21,6,579.69,2026-08-08,48,3.0
1180,Male,41,91.11,21,4,525.75,2026-02-12,225,3.0
1181,Male,22,41.73,2,6,196.96,2025-10-30,330,4.6
1182,Female,62,109.41,65,34,8085.06,2026-09-08,17,3.2
1183,Male,45,95.35,70,39,9743.06,2026-09-11,14,3.3
1184,Female,47,86.41,86,31,7159.67,2026-09-16,9,3.3
1185,Female,29,121.65,97,33,7406.58,2026-09-21,4,3.5
1186,Female,39,54.35,32,5,463.6,2026-09-18,7,2.3
1187,Male,33,36.63,71,32,1576.33,2026-09-02,23,3.1
1188,Male,36,79.36,37,13,1529.05,2026-09-17,8,3.8
1189,Female,53,91.68,81,42,8098.13,2026-09-23,2,3.8
1190,Female,59,29.37,35,1,20.73,2026-09-06,19,4.6
1191,Female,19,29.61,73,22,1269.81,2026-08-29,27,5.0
1192,Female,18,37.32,77,25,1108.55,2026-08-20,36,4.9
1193,Male,30,79.35,70,11,977.9,2026-07-05,82,4.4
1194,Male,55,43.39,58,13,1228.16,2026-08-21,35,3.5
1195,Male,49,69.98,44,9,799.2,2026-08-17,39,3.1
1196,Female,47,114.44,30,9,1010.02,2026-05-12,136,3.6
1197,Male,48,97.39,18,4,383.56,2026-05-07,141,4.1
1198,Female,28,28.08,27,3,119.14,2026-03-07,202,4.3
1199,Female,57,105.86,34,3,308.99,2026-09-12,13,4.1
1200,Male,32,34.83,6,2,46.69,2026-01-23,245,3.5
1201,Male,25,40.15,80,32,1427.29,2026-09-09,16,4.3
1202,Male,34,39.86,77,26,1228.33,2026-09-13,12,4.7
1203,Male,37,48.25,60,14,1194.92,2026-09-18,7,4.3
1204,Male,34,43.86,32,6,170.24,2026-07-14,73,3.6
1205,Male,42,126.33,90,32,8064.68,2026-09-20,5,2.9
1206,Female,50,112.61,80,33,8750.27,2026-08-23,33,2.9
1207,Female,52,12.0,33,1,18.33,2026-06-28,89,3.0
1208,Female,34,30.39,68,21,893.57,2026-09-09,16,3.8
1209,Female,56,102.72,12,3,299.76,2026-03-05,204,4.0
1210,Female,26,15.98,40,25,1186.61,2026-09-18,7,2.4
1211,Female,29,24.96,21,5,156.3,2026-06-28,89,3.2
1212,Male,46,42.27,43,23,2631.03,2026-08-14,42,3.8
1213,Male,30,40.5,83,27,1302.61,2026-09-05,20,2.8
1214,Male,18,34.32,54,17,921.87,2026-08-12,44,4.0
1215,Female,45,76.96,20,5,618.69,2026-08-30,26,3.3
1216,Male,27,36.92,84,23,1073.81,2026-08-25,31,3.0
1217,Female,43,99.21,16,10,1273.21,2026-08-07,49,3.6
1218,Female,43,39.23,83,27,1399.47,2026-08-07,49,3.9
1219,Female,41,24.52,15,5,125.43,2026-08-17,39,2.9
1220,Female,56,98.78,84,35,8350.42,2026-09-16,9,3.4
1221,Female,45,99.21,91,26,6000.99,2026-09-19,6,4.0
1222,Male,49,92.47,39,7,810.55,2026-08-22,34,3.0
1223,Male,30,62.26,54,15,1626.92,2026-07-04,83,2.2
1224,Male,36,32.07,12,3,159.66,2026-08-19,37,2.3
1225,Female,42,107.33,79,31,6790.55,2026-09-17,8,3.2
1226,Male,25,56.07,61,8,631.81,2026-09-10,15,2.5
1227,Male,23,27.08,66,26,1352.21,2026-08-15,41,3.3
1228,Female,25,67.11,76,29,1201.81,2026-09-13,12,5.0
1229,Male,43,51.21,48,19,1893.35,2026-08-12,44,2.4
1230,Female,47,102.19,83,29,6404.25,2026-09-12,13,3.4
1231,Female,42,146.11,16,6,886.31,2026-07-05,82,5.0
1232,Female,41,35.89,1,2,58.55,2025-11-03,326,3.9
1233,Male,46,80.68,34,6,713.7,2026-07-03,84,3.3
1234,Female,18,41.8,34,8,266.6,2026-05-06,142,3.5
1235,Female,43,87.26,6,8,823.47,2026-07-27,60,4.0
1236,Female,53,122.73,88,29,6303.83,2026-09-19,6,5.0
1237,Male,31,97.05,41,8,834.15,2026-05-09,139,3.1
1238,Female,29,25.84,85,21,1027.09,2026-09-09,16,3.0
1239,Female,58,132.53,79,30,6698.85,2026-09-14,11,2.4
1240,Female,34,117.93,73,30,6426.13,2026-09-04,21,3.7
1241,Male,39,75.62,54,11,807.49,2026-09-20,5,2.4
1242,Male,35,106.09,31,6,978.09,2026-08-21,35,3.2
1243,Male,44,25.78,79,22,1091.8,2026-09-14,11,2.8
1244,Female,41,118.56,82,32,6121.87,2026-09-11,14,4.5
1245,Female,48,116.93,15,7,691.25,2026-06-24,93,3.2
1246,Male,62,101.89,33,9,1211.58,2026-06-04,113,3.9
1247,Female,43,55.22,28,5,151.36,2026-08-30,26,2.2
1248,Male,39,111.91,30,4,500.57,2026-06-09,108,3.7
1249,Male,33,64.97,54,10,781.53,2026-07-28,59,2.6
1250,Female,44,65.52,73,12,922.05,2026-09-03,22,3.2
1251,Male,36,111.92,77,30,7600.62,2026-09-13,12,5.0
1252,Male,21,92.48,99,26,5801.7,2026-09-14,11,4.4
1253,Female,41,108.74,75,31,6873.48,2026-09-19,6,3.5
1254,Female,21,33.1,35,6,203.12,2026-03-22,187,5.0
1255,Female,58,104.17,99,35,7286.74,2026-09-16,9,2.8
1256,Male,41,66.73,49,17,1738.44,2026-05-19,129,4.6
1257,Female,27,30.3,42,1,28.44,2026-09-14,11,2.3
1258,Female,32,72.83,59,10,768.45,2026-09-12,13,3.4
1259,Male,18,41.28,67,18,1095.92,2026-09-13,12,2.5
1260,Female,28,64.34,49,15,1599.67,2026-06-23,94,3.8
1261,Female,52,90.86,98,37,7887.29,2026-09-05,20,3.6
1262,Male,50,57.07,89,28,1430.85,2026-09-13,12,3.3
1263,Female,55,98.01,15,6,815.86,2026-08-19,37,4.5
1264,Female,38,60.87,51,8,736.81,2026-06-01,116,3.1
1265,Female,24,27.2,80,34,1455.85,2026-09-06,19,3.9
1266,Female,29,55.16,47,16,1865.86,2026-09-11,14,4.3
1267,Female,63,131.62,100,30,6542.51,2026-08-29,27,2.3
1268,Male,37,81.4,56,13,1039.43,2026-08-15,41,3.0
1269,Male,49,38.22,77,22,1070.15,2026-08-22,34,3.6
1270,Female,42,30.49,92,16,693.83,2026-08-04,52,4.1
1271,Male,22,70.67,49,7,826.45,2026-09-13,12,4.8
1272,Male,21,33.03,90,25,1210.07,2026-08-31,25,3.4
1273,Male,21,29.34,58,18,885.69,2026-09-24,1,3.3
1274,Male,35,34.73,17,6,198.55,2026-05-11,137,2.9
1275,Male,41,103.82,97,25,6166.53,2026-09-05,20,3.9
1276,Male,78,103.53,47,4,581.31,2026-07-05,82,3.3
1277,Female,37,102.86,19,6,585.25,2026-08-05,51,3.4
1278,Male,44,118.44,73,30,6738.25,2026-09-04,21,3.5
1279,Female,45,53.33,60,12,1121.35,2026-09-19,6,4.1
1280,Female,36,39.94,15,7,244.42,2026-05-16,132,3.1
1281,Male,49,87.31,25,5,590.42,2026-08-03,53,2.9
1282,Female,18,23.98,89,25,1156.61,2026-09-19,6,4.0
1283,Female,29,24.6,71,19,1074.37,2026-08-29,27,1.0
1284,Female,41,14.99,1,7,220.9,2026-05-20,128,3.1
1285,Female,42,76.22,37,22,2176.9,2026-08-12,44,2.6
1286,Male,45,48.43,53,10,908.52,2026-08-21,35,4.6
1287,Male,42,22.22,56,18,901.83,2026-08-19,37,3.2
1288,Female,57,117.58,24,3,551.97,2026-06-23,94,3.1
1289,Female,29,24.01,61,22,1019.49,2026-08-27,29,3.6
1290,Female,18,29.37,98,21,1309.33,2026-07-24,63,3.1
1291,Female,22,17.83,100,21,1218.47,2026-08-29,27,3.3
1292,Male,34,41.66,9,4,92.04,2026-03-15,194,3.7
1293,Male,31,43.85,81,23,1090.92,2026-09-21,4,3.2
1294,Male,43,110.35,16,7,814.66,2026-08-26,30,3.2
1295,Female,39,107.53,24,4,530.19,2026-06-17,100,2.7
1296,Male,18,33.03,100,18,1059.02,2026-09-14,11,2.6
1297,Male,25,102.66,78,33,7768.63,2026-09-23,2,3.7
1298,Male,40,98.59,81,38,10212.65,2026-09-14,11,3.9
1299,Female,21,48.06,11,3,117.08,2026-02-16,221,2.4
1300,Female,18,42.71,92,25,1165.49,2026-08-22,34,4.2
1301,Male,44,90.29,1,9,1276.06,2026-08-20,36,4.2
1302,Female,18,32.56,73,18,771.58,2026-09-10,15,4.4
1303,Female,40,25.8,21,5,150.43,2026-06-25,92,3.9
1304,Other,55,84.21,20,9,1080.76,2026-08-05,51,4.1
1305,Male,34,64.49,63,13,1326.82,2026-09-02,23,5.0
1306,Female,35,56.18,67,15,1481.75,2026-08-23,33,3.3
1307,Female,41,16.66,5,6,264.2,2026-06-26,91,2.7
1308,Female,29,12.0,47,5,242.62,2026-04-14,164,2.3
1309,Male,34,88.11,67,27,6598.42,2026-09-20,5,5.0
1310,Female,51,56.8,68,10,1175.98,2026-07-29,58,5.0
1311,Male,37,30.81,80,22,968.12,2026-09-06,19,2.8
1312,Male,45,49.75,47,16,1578.08,2026-06-23,94,3.0
1313,Male,37,41.11,73,24,1148.23,2026-09-12,13,3.3
1314,Male,22,109.08,84,37,8483.55,2026-09-05,20,4.6
1315,Female,56,118.08,87,35,8194.86,2026-09-22,3,2.5
1316,Female,40,27.44,11,7,227.68,2026-06-29,88,1.9
1317,Male,38,20.98,75,25,1288.16,2026-09-08,17,5.0
1318,Female,46,111.6,75,28,7431.27,2026-09-20,5,3.9
1319,Female,36,12.32,7,2,46.98,2026-07-24,63,4.0
1320,Female,36,69.55,43,13,1277.04,2026-08-20,36,3.4
1321,Female,32,18.88,64,25,1455.56,2026-09-07,18,4.0
1322,Female,25,44.86,73,23,990.79,2026-09-14,11,2.3
1323,Male,51,105.26,89,34,8848.96,2026-09-06,19,2.9
1324,Male,23,76.88,54,12,1395.26,2026-09-13,12,3.7
1325,Male,43,84.28,52,7,837.33,2026-08-20,36,1.7
1326,Male,59,52.51,26,9,1147.21,2026-09-05,20,3.3
1327,Female,22,37.33,84,19,1115.57,2026-08-09,47,3.3
1328,Male,26,48.39,78,22,993.96,2026-08-11,45,3.3
1329,Male,39,123.33,38,6,469.5,2026-08-28,28,3.1
1330,Female,45,110.58,93,36,8648.31,2026-09-18,7,2.8
1331,Male,32,87.73,51,11,1075.75,2026-08-19,37,2.1
1332,Female,26,27.94,80,26,1268.43,2026-09-02,23,3.7
1333,Female,36,47.38,69,24,1298.44,2026-08-13,43,3.3
1334,Female,32,48.81,60,12,1023.1,2026-09-16,9,2.4
1335,Female,47,67.88,30,14,1302.81,2026-08-19,37,3.7
1336,Female,47,29.22,62,16,1393.78,2026-09-15,10,3.3
1337,Male,59,84.3,28,3,766.9,2026-08-21,35,3.2
1338,Male,37,36.53,16,3,81.08,2026-04-02,176,1.8
1339,Female,71,43.63,50,16,1883.34,2026-09-04,21,4.2
1340,Male,39,37.98,76,17,813.49,2026-09-16,9,2.6
1341,Female,45,122.69,100,34,8362.36,2026-09-20,5,3.7
1342,Male,30,54.98,92,19,1886.23,2026-08-31,25,2.9
1343,Female,27,18.43,93,15,728.87,2026-08-15,41,3.3
1344,Female,42,25.36,71,23,1253.12,2026-09-14,11,4.6
1345,Male,56,48.48,61,11,1237.92,2026-08-28,28,4.1
1346,Male,51,28.58,30,1,31.23,2026-07-22,65,4.6
1347,Male,36,33.43,67,31,1554.63,2026-08-29,27,3.9
1348,Male,18,27.72,63,28,1306.79,2026-09-11,14,3.9
1349,Male,33,55.44,77,24,1201.78,2026-09-15,10,2.1
1350,Female,30,99.93,94,27,6810.34,2026-09-23,2,3.3
1351,Female,24,81.48,34,13,1261.5,2026-09-10,15,3.4
1352,Female,41,47.42,44,12,1448.63,2026-08-15,41,4.6
1353,Female,53,101.02,35,8,983.11,2026-09-11,14,3.2
1354,Female,57,116.56,29,7,703.55,2026-04-20,158,3.8
1355,Male,44,77.84,70,10,867.08,2026-08-29,27,3.8
1356,Female,47,104.12,67,32,8071.72,2026-09-12,13,4.6
1357,Male,18,39.77,100,18,1009.39,2026-08-28,28,3.5
1358,Female,27,37.9,60,20,980.73,2026-08-01,55,4.3
1359,Male,21,22.44,1,4,176.86,2026-05-25,123,2.2
1360,Male,22,118.62,83,31,6808.89,2026-09-05,20,2.2
1361,Female,43,56.07,8,2,96.39,2026-05-25,123,1.7
1362,Female,20,38.6,78,25,1309.92,2026-09-21,4,4.3
1363,Male,45,37.93,21,7,182.9,2026-06-08,109,4.2
1364,Male,53,119.41,82,44,10625.62,2026-09-11,14,4.4
1365,Female,22,12.0,68,26,1353.04,2026-09-08,17,3.0
1366,Female,34,38.44,83,29,1686.75,2026-08-27,29,3.1
1367,Male,41,85.77,24,3,437.85,2026-08-09,47,3.5
1368,Male,24,101.74,97,28,6395.24,2026-09-09,16,4.8
1369,Female,49,130.27,26,2,270.38,2026-03-07,202,5.0
1370,Female,43,96.45,16,3,567.72,2026-07-01,86,4.3
1371,Male,38,99.64,64,36,8140.07,2026-09-18,7,3.9
1372,Female,59,78.14,51,13,1461.56,2026-08-28,28,4.7
1373,Male,18,18.73,63,19,789.9,2026-09-23,2,3.4
1374,Female,43,55.74,37,9,742.34,2026-08-13,43,3.3
1375,Male,29,79.49,59,15,1467.0,2026-08-31,25,3.5
1376,Female,51,110.6,63,29,6818.84,2026-09-17,8,2.8
1377,Female,39,12.0,39,3,85.55,2026-05-18,130,3.5
1378,Male,43,69.62,55,11,1188.35,2026-06-12,105,2.7
1379,Female,27,24.45,21,2,53.04,2026-03-10,199,4.5
1380,Male,20,53.56,66,32,1528.01,2026-09-19,6,4.1
1381,Female,37,23.51,87,22,1151.39,2026-09-09,16,4.8
1382,Male,60,124.72,84,34,8509.78,2026-09-20,5,2.2
1383,Male,33,56.86,70,26,1310.97,2026-09-20,5,5.0
1384,Male,30,50.09,55,14,1325.8,2026-08-26,30,2.3
1385,Female,42,59.3,33,14,1285.86,2026-09-04,21,2.6
1386,Male,66,115.44,64,27,5928.63,2026-09-13,12,3.1
1387,Male,37,18.0,9,3,45.95,2026-07-23,64,4.7
1388,Male,63,103.78,32,8,865.99,2026-08-19,37,3.8
1389,Female,32,58.85,53,12,1150.9,2026-08-06,50,3.4
1390,Female,42,106.57,97,35,7091.21,2026-09-24,1,2.9
1391,Female,45,62.69,42,19,2156.91,2026-09-09,16,2.4
1392,Male,43,63.0,60,13,1139.44,2026-08-31,25,4.6
1393,Male,34,112.29,83,37,8493.72,2026-09-17,8,4.3
1394,Female,34,101.62,73,33,7438.73,2026-09-18,7,4.7
1395,Male,49,54.23,58,18,1489.54,2026-08-07,49,3.9
1396,Male,54,108.34,83,37,9238.27,2026-09-19,6,1.4
1397,Female,43,31.37,70,26,1358.18,2026-09-08,17,2.5
1398,Female,57,55.86,54,14,1162.91,2026-09-09,16,4.0
1399,Male,29,36.54,76,24,1120.84,2026-09-14,11,3.3
1400,Male,25,12.0,76,28,1128.35,2026-09-09,16,3.1
1401,Female,42,21.77,73,25,1174.49,2026-08-23,33,2.7
1402,Male,49,106.08,68,27,5953.23,2026-09-23,2,4.4
1403,Male,29,50.01,54,17,1714.71,2026-07-23,64,4.0
1404,Male,38,122.81,18,10,834.06,2026-02-09,228,4.0
1405,Male,53,100.26,16,4,444.62,2026-08-16,40,3.1
1406,Male,46,102.47,25,4,616.5,2026-05-31,117,3.7
1407,Male,39,55.23,62,11,1375.25,2026-09-06,19,2.5
1408,Female,53,109.78,86,31,6863.41,2026-09-14,11,3.5
1409,Male,47,44.99,47,21,1967.79,2026-08-16,40,1.5
1410,Female,49,27.62,15,5,127.62,2026-05-15,133,2.3
1411,Male,20,48.88,61,12,1345.71,2026-09-10,15,3.3
1412,Female,42,58.12,24,14,1522.06,2026-08-04,52,5.0
1413,Male,46,26.16,63,13,1185.83,2026-09-18,7,2.1
1414,Female,24,46.21,31,14,1209.32,2026-09-15,10,2.5
1415,Female,35,130.49,67,33,7124.81,2026-09-21,4,3.8
1416,Female,31,73.63,47,19,2144.3,2026-08-28,28,5.0
1417,Male,28,50.47,100,17,755.49,2026-08-01,55,3.8
1418,Male,44,51.43,98,29,1278.16,2026-09-13,12,4.2
1419,Female,59,71.42,61,15,1522.25,2026-08-16,40,3.3
1420,Male,31,55.66,57,17,1515.67,2026-06-21,96,3.2
1421,Male,41,15.48,1,6,177.39,2026-07-27,60,3.7
1422,Female,34,48.05,80,24,1183.52,2026-07-16,71,3.0
1423,Male,32,32.9,71,16,676.67,2026-08-29,27,4.2
1424,Female,32,66.92,68,14,645.07,2026-08-31,25,2.2
1425,Female,31,26.89,80,29,1202.26,2026-09-07,18,4.4
1426,Male,45,59.62,72,32,1523.6,2026-09-22,3,3.6
1427,Female,53,107.8,94,42,11033.26,2026-09-15,10,3.4
1428,Male,31,128.7,61,38,8596.48,2026-09-13,12,2.2
1429,Male,47,85.75,54,7,708.37,2026-06-16,101,2.8
1430,Male,37,17.68,67,32,1658.58,2026-09-11,14,4.6
1431,Male,42,55.21,48,18,1674.68,2026-08-14,42,3.4
1432,Male,47,15.54,26,4,134.56,2026-08-18,38,3.8
1433,Other,44,92.78,71,35,7677.54,2026-09-21,4,2.9
1434,Female,44,119.34,86,29,6466.5,2026-09-05,20,3.6
1435,Female,49,97.25,25,6,596.57,2026-01-12,256,2.4
1436,Male,19,62.73,45,13,1301.08,2026-09-11,14,3.7
1437,Female,47,107.79,22,8,833.85,2026-06-23,94,3.9
1438,Female,21,12.0,76,20,967.76,2026-08-15,41,3.9
1439,Female,27,80.01,44,13,1098.34,2026-07-30,57,2.8
1440,Male,53,57.11,53,12,1082.75,2026-09-16,9,3.3
1441,Female,53,107.45,25,8,1011.26,2026-05-11,137,4.1
1442,Female,42,118.69,77,30,6568.25,2026-09-21,4,3.4
1443,Female,36,129.19,100,17,4276.71,2026-09-13,12,3.4
1444,Female,45,108.53,89,30,8190.98,2026-09-10,15,5.0
1445,Male,58,70.27,23,6,613.04,2026-05-26,122,2.8
1446,Female,20,32.8,80,22,1128.57,2026-09-12,13,4.5
1447,Male,39,64.81,41,8,749.4,2026-08-10,46,2.6
1448,Male,37,17.52,73,27,1346.45,2026-08-13,43,4.2
1449,Female,18,32.06,18,5,168.36,2026-03-05,204,4.2
1450,Male,47,94.95,13,5,810.8,2026-07-05,82,3.2
1451,Male,35,43.2,58,20,2646.9,2026-08-14,42,2.6
1452,Male,35,39.4,16,9,288.85,2025-11-04,325,1.9
1453,Female,34,54.11,49,9,835.25,2026-08-06,50,3.1
1454,Female,40,56.31,46,14,1323.13,2026-08-24,32,4.0
1455,Other,67,93.52,64,9,1061.6,2026-09-04,21,2.7
1456,Male,39,127.3,76,28,5605.17,2026-09-07,18,3.7
1457,Male,51,99.43,3,8,1013.93,2026-09-03,22,2.3
1458,Male,48,33.11,59,23,1122.18,2026-08-19,37,3.4
1459,Female,33,55.83,62,9,962.21,2026-09-04,21,2.6
1460,Male,46,38.48,94,25,1247.15,2026-07-22,65,3.5
1461,Female,39,80.89,45,19,1585.82,2026-08-04,52,3.2
1462,Male,46,41.07,93,32,1602.18,2026-08-11,45,2.6
1463,Female,56,109.62,37,8,689.91,2025-12-06,293,3.0
1464,Female,51,108.49,26,9,874.2,2026-07-10,77,2.8
1465,Male,35,12.0,19,5,145.13,2025-10-30,330,2.5
1466,Male,30,17.73,24,6,145.1,2026-05-14,134,4.5
1467,Male,29,29.13,89,20,1008.29,2026-09-18,7,3.3
1468,Female,57,89.84,33,4,480.9,2026-06-22,95,1.7
1469,Female,36,15.1,14,4,142.57,2026-06-01,116,3.1
1470,Male,39,83.79,82,22,4275.28,2026-09-14,11,4.4
1471,Female,36,43.15,77,18,1646.95,2026-08-06,50,3.0
1472,Female,58,96.41,31,2,221.8,2026-03-12,197,4.9
1473,Male,54,109.03,94,41,9310.21,2026-09-21,4,2.9
1474,Female,21,20.9,84,22,985.25,2026-09-05,20,4.0
1475,Male,21,33.1,81,20,814.38,2026-09-15,10,4.5
1476,Female,32,25.93,79,20,1112.5,2026-09-02,23,4.0
1477,Male,43,47.27,89,18,904.53,2026-09-16,9,2.4
1478,Male,50,59.74,62,16,1721.12,2026-08-26,30,2.8
1479,Male,18,41.75,81,21,1032.53,2026-09-06,19,4.6
1480,Male,25,34.84,70,19,820.7,2026-08-19,37,2.9
1481,Female,19,12.37,83,27,1383.24,2026-09-20,5,4.4
1482,Male,39,108.73,83,29,6968.56,2026-09-09,16,3.2
1483,Male,52,12.7,18,4,113.14,2026-06-19,98,3.7
1484,Male,34,98.49,60,10,1195.92,2026-07-21,66,2.4
1485,Male,20,19.57,4,5,119.59,2026-06-24,93,3.1
1486,Male,34,115.35,96,33,9163.44,2026-09-19,6,2.9
1487,Male,42,43.21,43,8,726.29,2026-07-12,75,3.8
1488,Male,34,32.21,80,24,1264.89,2026-09-01,24,3.7
1489,Female,43,70.01,84,11,1312.73,2026-09-03,22,4.0
1490,Male,40,44.71,66,27,1205.47,2026-08-07,49,3.2
1491,Male,24,99.3,75,24,6269.35,2026-09-22,3,2.8
1492,Female,51,62.25,53,19,1496.83,2026-09-11,14,3.8
1493,Male,33,32.58,12,4,175.7,2026-07-30,57,2.7
1494,Male,46,83.66,64,18,1803.26,2026-07-29,58,4.5
1495,Female,18,12.0,72,21,1192.08,2026-09-12,13,3.5
1496,Male,36,17.24,30,2,72.35,2026-09-19,6,3.3
1497,Male,41,101.26,37,17,1425.22,2026-09-21,4,4.0
1498,Male,48,26.18,1,6,198.24,2026-07-31,56,3.5
1499,Female,32,73.53,25,13,1495.76,2026-08-25,31,2.2
1500,Male,36,21.84,3,2,54.62,2026-05-15,133,2.7
1501,Female,25,12.0,40,3,124.67,2026-04-06,172,4.5
1502,Male,44,65.37,35,15,2089.16,2026-09-16,9,3.7
1503,Female,36,43.34,66,16,767.97,2026-09-20,5,2.2
1504,Male,41,19.24,83,27,1320.91,2026-07-15,72,3.9
1505,Male,34,55.41,46,13,999.15,2026-08-31,25,3.1
1506,Male,37,44.93,60,20,981.16,2026-08-31,25,2.9
1507,Male,50,12.0,46,4,101.66,2026-05-27,121,2.6
1508,Male,18,13.5,66,23,1251.71,2026-09-21,4,4.4
1509,Male,54,96.81,26,6,909.27,2026-09-22,3,1.9
1510,Female,46,19.47,19,6,234.25,2025-10-30,330,2.9
1511,Male,39,105.89,93,29,6575.26,2026-09-07,18,3.7
1512,Male,36,82.31,34,7,944.12,2026-08-12,44,4.9
1513,Other,45,33.0,12,4,128.73,2026-07-26,61,4.1
1514,Male,24,27.91,18,5,205.19,2026-01-20,248,2.9
1515,Male,37,69.69,50,13,1186.5,2026-09-03,22,4.9
1516,Male,48,102.81,37,5,425.23,2026-08-18,38,2.4
1517,Male,49,112.89,70,34,7823.87,2026-09-20,5,3.8
1518,Female,33,41.75,77,7,659.96,2026-06-26,91,4.0
1519,Male,35,116.9,75,27,6601.22,2026-09-12,13,2.9
1520,Male,49,95.37,28,7,771.31,2026-04-23,155,4.2
1521,Male,58,97.67,14,8,745.66,2026-06-06,111,3.2
1522,Male,51,46.68,62,21,931.83,2026-08-18,38,4.2
1523,Female,24,51.93,43,17,1635.28,2026-08-21,35,2.0
1524,Female,42,80.92,41,15,1398.41,2026-09-20,5,3.9
1525,Male,25,50.22,17,4,114.85,2026-08-28,28,3.2
1526,Female,52,120.54,72,22,5352.3,2026-08-27,29,4.6
1527,Female,39,86.27,36,8,1036.03,2026-04-23,155,3.6
1528,Female,21,12.0,69,31,1503.07,2026-09-13,12,4.7
1529,Male,36,125.1,73,25,5505.72,2026-09-24,1,4.0
1530,Female,47,101.56,23,9,1028.22,2026-09-04,21,3.5
1531,Female,51,89.57,40,6,915.64,2026-08-07,49,4.3
1532,Female,47,126.43,87,25,5801.51,2026-09-12,13,4.3
1533,Female,28,19.94,77,28,1383.31,2026-09-02,23,4.0
1534,Female,23,24.06,5,4,131.47,2026-05-12,136,1.7
1535,Male,49,117.35,70,24,6069.78,2026-09-22,3,2.8
1536,Male,27,16.41,63,28,1253.98,2026-08-28,28,4.8
1537,Female,51,60.47,69,15,1295.5,2026-09-12,13,2.5
1538,Male,29,45.25,28,3,108.29,2025-10-30,330,4.4
1539,Female,23,64.96,43,13,1220.75,2026-08-22,34,4.2
1540,Female,28,49.46,71,20,883.76,2026-09-12,13,3.0
1541,Male,52,77.87,43,13,1389.22,2026-08-09,47,1.9
1542,Male,50,100.11,17,9,1049.95,2026-07-09,78,3.1
1543,Male,26,12.0,84,20,1050.92,2026-08-13,43,5.0
1544,Female,33,94.52,81,37,9516.24,2026-09-05,20,2.9
1545,Female,46,42.69,100,26,1136.87,2026-08-24,32,2.9
1546,Female,18,12.0,93,28,1474.57,2026-09-07,18,2.8
1547,Female,41,95.43,44,1,129.13,2026-06-13,104,4.6
1548,Other,42,34.74,30,2,50.87,2026-09-21,4,3.4
1549,Female,29,120.57,23,4,443.7,2026-06-15,102,3.1
1550,Male,61,91.95,35,7,697.92,2026-07-19,68,4.8
1551,Male,48,100.99,80,26,5303.58,2026-09-17,8,4.1
1552,Male,37,31.27,98,25,1329.81,2026-09-10,15,2.8
1553,Female,54,104.91,33,6,731.86,2026-07-28,59,2.6
1554,Male,26,29.84,81,28,1476.26,2026-08-22,34,4.6
1555,Female,37,114.69,30,5,763.89,2026-01-30,238,3.6
1556,Male,38,50.81,74,14,1478.59,2026-09-02,23,2.3
1557,Male,29,63.68,36,21,2569.66,2026-09-06,19,2.1
1558,Male,33,38.23,100,27,1390.14,2026-07-28,59,2.7
1559,Male,44,24.4,20,1,29.2,2026-07-21,66,2.5
1560,Male,54,73.76,36,12,1293.9,2026-08-12,44,1.9
1561,Male,43,64.09,44,10,973.29,2026-07-24,63,2.7
1562,Male,45,41.04,2,10,306.99,2026-08-12,44,2.8
1563,Male,36,64.72,61,16,1347.48,2026-08-18,38,3.2
1564,Female,34,67.27,41,13,1354.92,2026-09-10,15,5.0
1565,Male,44,53.15,55,13,1137.56,2026-08-22,34,3.4
1566,Male,24,23.17,92,15,637.64,2026-08-12,44,3.5
1567,Male,45,127.14,76,29,7493.75,2026-09-15,10,4.0
1568,Female,31,118.9,81,25,5108.06,2026-09-05,20,3.4
1569,Male,19,17.68,62,17,888.7,2026-09-18,7,3.9
1570,Female,34,34.53,73,24,1107.21,2026-09-17,8,3.8
1571,Male,37,12.0,100,27,1275.25,2026-09-07,18,3.7
1572,Female,18,23.96,87,18,825.83,2026-08-31,25,5.0
1573,Female,35,45.45,75,25,1379.97,2026-08-15,41,4.4
1574,Female,34,60.25,46,13,1215.18,2026-08-12,44,2.7
1575,Female,42,111.65,83,30,7799.8,2026-09-15,10,3.9
1576,Female,62,57.77,30,4,490.71,2026-09-02,23,2.9
1577,Male,47,56.51,48,18,1769.32,2026-08-18,38,4.0
1578,Female,47,66.74,59,13,1148.31,2026-07-22,65,2.4
1579,Male,58,68.51,42,16,1704.28,2026-07-31,56,2.7
1580,Female,32,75.47,41,9,841.87,2026-08-10,46,3.9
1581,Male,29,59.06,57,7,652.04,2026-05-27,121,4.4
1582,Male,41,97.68,14,7,940.41,2026-07-24,63,4.0
1583,Female,25,13.35,87,24,1116.28,2026-08-09,47,4.3
1584,Male,24,97.14,28,6,709.02,2026-06-14,103,3.9
1585,Male,34,12.34,1,6,211.15,2026-07-07,80,3.7
1586,Male,34,36.13,54,20,2016.01,2026-08-15,41,3.2
1587,Female,56,84.81,8,8,776.75,2026-06-25,92,4.3
1588,Female,32,53.12,86,18,808.72,2026-08-28,28,4.5
1589,Male,42,96.21,25,7,744.48,2026-06-30,87,3.5
1590,Female,48,113.08,100,28,6679.59,2026-09-17,8,3.5
1591,Male,55,92.81,41,4,544.6,2026-05-16,132,5.0
1592,Female,34,84.93,71,33,7221.91,2026-09-22,3,3.6
1593,Male,34,75.11,29,10,967.94,2026-08-27,29,3.7
1594,Female,18,12.0,69,22,988.74,2026-08-28,28,4.0
1595,Female,28,54.23,38,9,914.9,2026-09-23,2,3.5
1596,Other,29,29.24,44,4,114.13,2025-11-27,302,2.9
1597,Male,49,103.23,28,4,360.52,2026-08-21,35,3.9
1598,Male,33,99.83,95,24,6202.05,2026-09-08,17,3.6
1599,Male,34,36.27,50,12,1130.48,2026-09-04,21,5.0
1600,Female,36,88.78,26,7,809.95,2026-09-06,19,4.3
1601,Female,41,51.52,53,11,1030.77,2026-08-07,49,3.1
1602,Female,46,99.18,97,28,7793.02,2026-09-10,15,4.2
1603,Male,40,43.58,26,5,122.48,2026-04-13,165,3.9
1604,Female,39,45.01,40,17,1431.95,2026-08-30,26,4.7
1605,Male,33,104.21,47,5,423.3,2026-07-14,73,3.2
1606,Female,42,102.22,24,6,431.66,2026-03-27,182,3.8
1607,Female,35,75.45,48,13,1484.9,2026-08-28,28,3.5
1608,Female,44,98.14,1,9,828.42,2026-06-09,108,3.6
1609,Female,29,43.08,86,22,1034.82,2026-08-27,29,2.8
1610,Female,42,29.59,79,25,1397.39,2026-08-07,49,4.1
1611,Male,56,106.08,29,5,703.12,2026-05-03,145,4.0
1612,Female,29,40.96,48,15,1515.36,2026-09-19,6,4.7
1613,Male,46,25.06,46,8,755.52,2026-09-15,10,3.6
1614,Male,34,37.29,74,20,988.14,2026-09-10,15,3.2
1615,Male,31,68.04,59,23,2286.63,2026-08-22,34,4.3
1616,Male,56,106.66,36,8,841.41,2026-06-30,87,2.9
1617,Female,40,102.65,81,29,6445.94,2026-09-10,15,4.5
1618,Female,18,52.86,89,30,1147.36,2026-08-23,33,4.5
1619,Female,44,55.56,52,19,1778.48,2026-08-11,45,4.7
1620,Male,44,115.89,78,37,7703.97,2026-09-18,7,3.9
1621,Male,46,108.32,30,5,673.7,2026-06-05,112,3.2
1622,Female,28,56.06,62,20,1105.55,2026-09-19,6,3.7
1623,Female,32,57.56,56,16,1499.36,2026-08-22,34,3.9
1624,Male,48,100.86,65,25,6229.0,2026-09-14,11,3.1
1625,Male,28,12.0,66,14,637.38,2026-09-13,12,4.7
1626,Male,38,51.73,1,4,130.53,2025-10-30,330,4.1
1627,Male,32,37.9,76,17,755.52,2026-07-31,56,2.8
1628,Male,36,106.34,47,9,1025.47,2026-06-24,93,5.0
1629,Male,39,143.63,27,6,735.66,2026-04-09,169,3.7
1630,Female,18,36.55,86,18,867.11,2026-08-31,25,2.7
1631,Female,34,13.77,100,19,964.72,2026-08-13,43,2.9
1632,Male,27,59.26,58,21,2079.48,2026-09-15,10,4.9
1633,Male,37,16.35,13,9,326.47,2026-06-24,93,5.0
1634,Female,40,24.46,14,3,105.19,2026-03-12,197,4.5
1635,Male,45,56.36,53,20,1974.11,2026-08-29,27,4.7
1636,Female,18,23.78,70,26,1026.2,2026-08-16,40,4.6
1637,Male,27,12.49,71,21,1195.16,2026-09-16,9,4.1
1638,Female,56,84.3,65,14,1273.82,2026-06-29,88,3.9
1639,Male,65,104.18,40,6,689.61,2026-09-20,5,4.1
1640,Male,46,26.84,2,4,113.2,2026-07-10,77,4.2
1641,Female,39,40.61,12,4,86.78,2026-03-15,194,3.0
1642,Female,32,116.59,78,25,5928.15,2026-09-17,8,4.2
1643,Male,35,35.86,85,26,1156.25,2026-09-08,17,4.8
1644,Female,46,109.59,42,2,225.44,2026-06-23,94,3.4
1645,Female,54,101.88,60,6,824.04,2026-05-30,118,3.3
1646,Male,22,41.38,72,25,1175.97,2026-09-08,17,4.0
1647,Female,46,110.54,23,7,727.52,2026-02-21,216,3.0
1648,Female,41,64.28,60,15,1193.35,2026-08-04,52,2.5
1649,Female,41,58.91,45,16,2150.19,2026-09-13,12,4.6
1650,Male,44,83.43,51,10,1068.43,2026-08-13,43,3.2
1651,Female,42,93.31,23,10,1064.39,2026-08-20,36,3.6
1652,Female,35,105.48,1,9,1241.43,2026-01-03,265,3.1
1653,Female,64,105.79,29,10,1083.84,2026-09-06,19,4.7
1654,Female,67,101.47,82,30,6312.74,2026-09-20,5,4.3
1655,Female,43,50.69,68,6,458.84,2026-09-04,21,3.4
1656,Female,18,27.05,78,17,845.42,2026-08-05,51,2.6
1657,Female,40,93.11,13,11,1562.28,2026-03-30,179,3.3
1658,Female,44,41.59,50,14,1645.76,2026-06-06,111,4.1
1659,Male,41,22.88,53,24,1072.79,2026-09-16,9,3.8
1660,Female,30,113.73,69,25,5479.94,2026-09-15,10,3.7
1661,Female,41,127.72,92,23,4950.56,2026-09-10,15,3.8
1662,Male,38,37.76,19,6,200.02,2026-05-19,129,4.2
1663,Male,48,25.61,64,14,1507.67,2026-09-23,2,3.6
1664,Male,45,108.98,4,5,591.53,2026-07-25,62,4.0
1665,Female,23,54.19,50,16,1588.87,2026-08-17,39,2.8
1666,Female,45,68.34,47,15,1582.59,2026-08-15,41,5.0
1667,Female,50,61.8,64,17,2048.1,2026-05-07,141,3.4
1668,Female,47,97.3,36,8,889.24,2026-06-30,87,3.8
1669,Female,46,108.57,92,41,10375.32,2026-09-20,5,4.1
1670,Male,34,61.69,71,11,1170.7,2026-09-15,10,3.3
1671,Female,40,118.82,24,5,672.39,2026-04-14,164,3.6
1672,Male,46,29.72,38,7,233.94,2025-11-22,307,3.6
1673,Female,40,45.2,9,1,33.23,2025-10-30,330,2.8
1674,Female,47,123.16,71,39,10200.36,2026-09-03,22,4.0
1675,Male,54,71.34,62,12,1105.41,2026-08-11,45,2.2
1676,Male,28,36.99,35,11,868.1,2026-09-20,5,5.0
1677,Female,30,45.63,29,6,140.83,2026-07-14,73,4.3
1678,Male,30,25.59,79,20,956.16,2026-09-07,18,4.1
1679,Female,33,72.02,66,21,2599.42,2026-09-19,6,2.1
1680,Female,36,18.38,77,22,1200.94,2026-09-10,15,2.9
1681,Male,34,13.41,23,8,254.88,2026-08-26,30,4.8
1682,Female,29,89.67,59,15,1413.47,2026-08-30,26,5.0
1683,Female,37,16.6,14,3,77.93,2026-08-19,37,4.6
1684,Female,50,116.05,20,12,1311.26,2026-08-16,40,4.5
1685,Female,51,111.66,90,37,7887.52,2026-09-21,4,4.0
1686,Female,52,94.12,28,3,159.72,2026-06-21,96,2.9
1687,Female,33,31.37,73,17,825.15,2026-09-20,5,4.4
1688,Male,31,13.78,77,22,1151.89,2026-09-13,12,2.7
1689,Male,34,29.81,41,4,159.52,2025-11-09,320,2.6
1690,Female,21,16.84,73,32,1611.38,2026-09-02,23,2.5
1691,Female,42,56.46,47,10,852.66,2026-09-16,9,4.4
1692,Male,36,74.95,33,18,1773.58,2026-08-15,41,3.6
1693,Female,65,103.56,27,6,1056.47,2026-07-18,69,3.7
1694,Male,49,12.0,30,3,116.74,2026-02-23,214,3.6
1695,Male,42,41.92,32,3,115.31,2026-03-19,190,2.6
1696,Female,32,31.9,79,32,1424.0,2026-09-11,14,3.0
1697,Female,47,92.41,39,9,1292.24,2026-05-28,120,3.1
1698,Female,26,72.45,62,16,1485.64,2026-08-16,40,2.4
1699,Female,37,59.66,66,11,1000.39,2026-09-06,19,3.2
1700,Female,37,13.68,34,8,294.72,2026-01-24,244,2.7
1701,Male,41,87.87,72,25,2200.98,2026-06-05,112,4.1
1702,Female,44,61.76,51,19,1944.83,2026-09-18,7,4.2
1703,Male,57,98.86,12,9,685.35,2026-05-10,138,2.5
1704,Male,29,24.33,30,2,68.75,2025-11-27,302,3.3
1705,Female,21,48.52,87,27,1489.21,2026-08-07,49,5.0
1706,Female,54,54.65,72,11,1012.84,2026-08-18,38,2.8
1707,Female,50,88.37,99,25,5930.48,2026-09-04,21,4.0
1708,Male,24,22.5,100,21,1253.51,2026-09-15,10,3.7
1709,Female,38,80.57,60,10,1304.32,2026-06-22,95,4.5
1710,Male,47,111.65,31,5,623.56,2026-08-02,54,3.9
1711,Male,39,58.43,36,11,1092.06,2026-08-23,33,3.2
1712,Male,33,51.23,82,26,1342.96,2026-09-20,5,3.7
1713,Other,64,72.47,46,11,1214.21,2026-07-31,56,3.7
1714,Male,41,58.27,56,12,1369.56,2026-08-20,36,3.5
1715,Male,55,97.68,29,4,488.02,2026-05-01,147,2.5
1716,Male,22,66.61,59,13,1438.21,2026-07-03,84,4.7
1717,Male,43,88.35,27,9,1384.04,2026-06-26,91,4.5
1718,Male,48,30.06,33,4,110.51,2026-06-01,116,2.7
1719,Male,40,34.32,1,5,130.15,2026-03-30,179,3.3
1720,Female,18,38.38,55,15,1625.15,2026-09-02,23,3.4
1721,Male,49,107.35,98,41,8449.22,2026-09-20,5,2.6
1722,Male,67,95.76,50,8,1009.03,2026-05-24,124,2.0
1723,Male,18,44.39,31,1,25.09,2026-03-10,199,3.0
1724,Female,43,12.0,98,15,784.93,2026-08-07,49,3.3
1725,Male,18,26.66,80,28,1494.11,2026-09-19,6,2.4
1726,Male,51,103.26,84,37,9574.88,2026-09-17,8,3.8
1727,Male,48,113.44,34,4,606.72,2026-08-01,55,4.6
1728,Female,18,61.39,53,6,579.79,2026-07-22,65,4.3
1729,Male,46,135.15,75,32,7781.61,2026-09-22,3,3.5
1730,Male,40,41.27,72,20,974.55,2026-08-29,27,2.0
1731,Male,43,56.26,40,19,2094.8,2026-08-15,41,4.2
1732,Male,48,113.36,90,29,6655.73,2026-09-23,2,3.7
1733,Male,32,25.04,22,6,180.14,2025-12-01,298,4.0
1734,Male,29,112.03,24,3,262.0,2026-07-04,83,5.0
1735,Female,46,43.35,46,12,1052.79,2026-08-05,51,2.9
1736,Male,53,18.47,28,2,57.81,2026-08-25,31,1.2
1737,Female,50,68.38,62,16,1450.21,2026-07-14,73,2.7
1738,Male,28,117.16,14,5,559.35,2026-09-08,17,4.0
1739,Male,18,12.0,63,23,1190.91,2026-09-02,23,3.6
1740,Female,31,81.24,64,17,2112.05,2026-07-29,58,2.6
1741,Female,32,98.04,11,1,95.98,2026-08-15,41,2.4
1742,Female,48,73.63,35,4,644.91,2026-08-22,34,3.3
1743,Male,46,67.98,100,40,8195.6,2026-09-11,14,2.5
1744,Male,25,40.59,72,15,1460.09,2026-07-23,64,4.0
1745,Female,44,29.72,31,7,252.16,2026-05-06,142,3.3
1746,Male,42,29.08,31,3,89.48,2026-06-10,107,3.1
1747,Female,31,38.86,49,7,243.53,2026-02-27,210,3.0
1748,Male,26,24.31,50,25,1323.19,2026-08-27,29,3.8
1749,Female,18,16.49,72,17,813.74,2026-09-03,22,3.6
1750,Female,25,26.22,88,22,1139.48,2026-08-08,48,3.8
1751,Female,36,30.47,18,3,87.31,2026-08-14,42,3.8
1752,Male,50,103.23,43,9,1019.84,2026-06-30,87,3.5
1753,Female,43,50.95,53,16,1471.83,2026-08-18,38,2.7
1754,Male,41,74.62,55,16,1530.93,2026-09-13,12,3.0
1755,Female,45,91.3,25,6,638.23,2026-05-27,121,3.3
1756,Female,31,19.82,72,24,1080.89,2026-09-04,21,5.0
1757,Female,52,102.41,77,24,6412.29,2026-09-23,2,2.5
1758,Female,38,77.05,56,15,1547.78,2026-08-13,43,3.2
1759,Male,42,60.14,44,17,1641.06,2026-09-23,2,3.7
1760,Female,37,52.28,64,13,1138.29,2026-08-07,49,3.3
1761,Other,42,112.97,36,4,604.78,2026-06-28,89,4.5
1762,Female,47,140.0,97,31,6755.21,2026-09-18,7,3.3
1763,Female,42,102.94,14,7,513.55,2026-09-06,19,3.4
1764,Female,46,127.27,64,35,9239.14,2026-09-13,12,4.3
1765,Female,42,124.51,84,20,5071.86,2026-09-21,4,5.0
1766,Male,39,101.52,100,34,8787.49,2026-09-14,11,4.8
1767,Male,36,62.37,68,15,1626.08,2026-07-06,81,3.5
1768,Female,37,92.04,77,33,8395.27,2026-09-19,6,3.6
1769,Male,26,107.13,89,28,6423.62,2026-08-21,35,3.6
1770,Male,43,53.23,62,12,1416.32,2026-09-07,18,3.7
1771,Male,38,24.36,6,3,139.76,2026-07-20,67,2.9
1772,Male,47,51.5,69,7,515.92,2026-09-19,6,4.4
1773,Male,31,25.98,20,3,102.55,2026-09-20,5,3.8
1774,Male,58,69.45,52,15,1403.44,2026-07-15,72,3.6
1775,Male,32,28.33,22,4,131.15,2026-03-09,200,2.5
1776,Male,19,12.0,92,21,1022.34,2026-08-20,36,3.7
1777,Male,26,19.55,13,8,255.06,2026-07-15,72,2.0
1778,Female,18,12.0,58,29,1554.12,2026-09-04,21,3.1
1779,Male,63,103.42,32,7,577.85,2026-05-22,126,3.1
1780,Male,42,39.05,53,30,1605.9,2026-09-08,17,3.8
1781,Female,48,113.59,80,43,9963.05,2026-09-24,1,5.0
1782,Male,30,50.98,67,9,933.14,2026-07-30,57,4.1
1783,Male,66,103.46,35,7,866.31,2026-08-31,25,4.8
1784,Female,38,103.42,97,28,6073.75,2026-09-15,10,4.1
1785,Male,45,84.06,35,5,530.04,2026-09-09,16,4.6
1786,Male,53,72.39,82,14,1332.35,2026-07-17,70,5.0
1787,Male,55,111.45,21,6,913.28,2026-05-17,131,3.0
1788,Female,58,43.28,27,1,26.3,2025-12-14,285,2.9
1789,Female,41,53.48,48,12,1145.44,2026-09-15,10,4.2
1790,Male,38,126.51,95,25,5167.31,2026-09-09,16,3.6
1791,Female,33,55.09,52,13,1307.37,2026-07-03,84,3.8
1792,Female,30,109.15,49,10,1113.62,2026-05-18,130,3.4
1793,Female,45,92.85,22,7,506.62,2026-09-18,7,3.1
1794,Female,47,26.86,39,4,150.99,2026-04-02,176,5.0
1795,Male,45,28.1,60,26,2193.02,2026-08-08,48,2.7
1796,Male,48,95.77,28,10,1391.11,2026-07-26,61,4.2
1797,Male,18,33.28,85,26,1500.31,2026-09-10,15,4.0
1798,Male,50,94.26,31,9,1058.28,2026-06-12,105,2.3
1799,Female,38,56.59,82,26,1247.81,2026-09-14,11,2.9
1800,Female,40,13.73,20,9,257.11,2026-07-06,81,3.0
1801,Female,38,22.11,14,6,178.25,2026-08-18,38,4.1
1802,Female,28,17.33,18,4,156.89,2025-10-30,330,3.3
1803,Female,51,102.11,64,34,8083.73,2026-09-20,5,3.5
1804,Female,18,44.44,32,7,261.87,2025-11-15,314,2.4
1805,Female,40,50.69,7,3,68.16,2026-08-17,39,5.0
1806,Female,62,20.19,19,2,145.91,2026-07-02,85,3.7
1807,Male,27,99.88,92,35,8472.06,2026-09-09,16,4.0
1808,Male,26,15.8,88,21,1206.81,2026-09-14,11,3.1
1809,Male,28,50.29,57,24,1168.61,2026-09-19,6,3.0
1810,Male,37,125.69,83,28,6242.82,2026-09-19,6,5.0
1811,Male,58,98.52,34,4,439.08,2026-09-17,8,2.0
1812,Female,33,12.45,79,17,674.49,2026-09-01,24,3.8
1813,Male,38,12.0,38,9,254.92,2026-08-17,39,2.6
1814,Female,56,102.39,18,8,777.51,2026-06-22,95,3.3
1815,Female,39,69.69,28,15,1759.92,2026-06-23,94,3.1
1816,Female,60,12.0,88,22,1008.64,2026-09-13,12,2.8
1817,Female,41,57.5,47,15,1573.28,2026-08-12,44,3.6
1818,Female,30,54.66,57,22,1178.78,2026-09-17,8,1.4
1819,Male,18,28.95,76,28,1754.3,2026-09-09,16,3.3
1820,Male,31,50.85,37,3,132.23,2026-05-18,130,3.5
1821,Male,50,71.09,38,17,1586.66,2026-09-15,10,2.4
1822,Male,18,16.82,100,28,1329.63,2026-09-03,22,4.9
1823,Male,18,27.9,68,27,1338.47,2026-09-02,23,3.1
1824,Female,36,28.2,23,5,207.24,2026-04-21,157,3.4
1825,Male,50,16.66,7,2,116.3,2026-08-10,46,3.1
1826,Male,42,96.42,84,23,5146.3,2026-09-12,13,3.5
1827,Female,25,53.09,76,22,1107.62,2026-07-26,61,4.7
1828,Female,18,18.32,60,24,1200.51,2026-09-15,10,5.0
1829,Male,44,77.1,87,11,1057.51,2026-08-07,49,4.2
1830,Male,35,25.89,72,21,1109.09,2026-09-15,10,4.5
1831,Female,18,31.64,72,31,1563.72,2026-09-04,21,5.0
1832,Male,50,69.87,65,12,1367.96,2026-08-12,44,3.8
1833,Female,36,23.62,100,32,1425.18,2026-08-28,28,4.9
1834,Female,59,107.95,42,5,402.34,2026-09-13,12,4.3
1835,Female,54,71.35,14,3,426.84,2026-06-10,107,3.7
1836,Female,49,116.16,87,24,5158.55,2026-09-05,20,3.9
1837,Male,47,75.44,61,24,6883.37,2026-09-16,9,2.1
1838,Female,37,28.82,89,10,527.78,2026-08-29,27,3.8
1839,Male,21,73.96,33,8,823.41,2026-09-01,24,2.3
1840,Female,21,38.71,12,6,212.98,2026-03-19,190,2.2
1841,Male,35,91.82,84,41,9303.96,2026-09-19,6,3.8
1842,Male,27,15.62,83,26,1197.87,2026-09-07,18,2.7
1843,Male,46,100.36,81,36,7938.67,2026-09-15,10,3.6
1844,Male,42,64.61,71,16,1594.47,2026-08-02,54,3.7
1845,Male,53,81.55,93,43,9704.24,2026-08-29,27,3.8
1846,Male,47,29.81,30,4,127.89,2026-04-11,167,2.8
1847,Male,39,104.36,13,4,439.48,2026-06-15,102,4.4
1848,Male,38,26.04,42,3,141.73,2026-06-11,106,3.5
1849,Female,20,39.35,68,27,1323.81,2026-08-16,40,4.0
1850,Female,34,33.13,43,4,145.88,2026-08-25,31,2.6
1851,Female,51,92.42,52,7,940.9,2026-05-06,142,3.4
1852,Female,18,34.89,59,17,1829.81,2026-08-12,44,4.5
1853,Female,52,33.87,90,24,1219.78,2026-09-20,5,4.4
1854,Female,42,16.66,1,10,378.99,2026-08-04,52,2.9
1855,Male,33,53.9,51,13,1188.88,2026-09-05,20,3.1
1856,Female,58,68.71,66,15,1396.37,2026-09-09,16,2.8
1857,Male,45,119.84,39,8,966.33,2026-08-17,39,3.0
1858,Female,49,99.47,13,7,909.55,2026-07-12,75,2.4
1859,Male,43,107.76,24,5,710.95,2026-01-19,249,3.5
1860,Female,65,79.78,1,8,640.42,2026-09-02,23,4.1
1861,Female,35,33.44,27,7,211.3,2026-07-07,80,2.9
1862,Female,40,61.16,30,14,1349.04,2026-09-09,16,3.5
1863,Male,51,79.21,67,16,1480.16,2026-08-01,55,3.4
1864,Female,34,24.43,92,15,992.7,2026-09-11,14,4.5
1865,Male,35,26.62,16,3,54.26,2025-10-30,330,3.1
1866,Female,50,76.82,59,15,1447.91,2026-09-13,12,3.1
1867,Male,64,60.71,50,17,2172.11,2026-08-29,27,2.9
1868,Female,51,84.48,31,7,742.16,2026-08-19,37,2.6
1869,Male,29,67.72,64,20,1079.02,2026-09-20,5,4.0
1870,Female,41,46.9,60,14,1660.44,2026-08-20,36,3.5
1871,Female,61,99.09,8,5,653.09,2026-04-15,163,3.6
1872,Female,22,36.85,56,24,1213.56,2026-08-27,29,4.7
1873,Female,36,65.75,52,9,861.94,2026-09-19,6,4.7
1874,Female,24,59.34,50,12,1513.94,2026-08-28,28,2.2
1875,Other,27,59.41,56,10,785.31,2026-09-13,12,4.2
1876,Female,34,58.71,45,11,984.21,2026-08-10,46,3.8
1877,Female,47,84.38,51,7,705.48,2026-05-16,132,3.2
1878,Male,66,130.1,30,9,1212.34,2026-06-14,103,3.9
1879,Female,33,28.92,81,27,1427.32,2026-09-17,8,2.1
1880,Female,19,40.36,80,25,1184.47,2026-07-31,56,4.8
1881,Male,21,27.31,90,20,918.42,2026-08-15,41,4.0
1882,Male,50,25.03,29,6,231.15,2025-10-30,330,2.9
1883,Male,39,25.62,83,22,981.7,2026-09-07,18,3.1
1884,Female,36,12.0,31,3,79.01,2026-06-15,102,2.2
1885,Male,44,97.75,6,4,517.79,2026-05-20,128,3.3
1886,Female,59,94.3,7,8,1113.15,2026-09-16,9,3.2
1887,Other,32,126.4,83,28,6865.67,2026-09-17,8,2.5
1888,Male,52,83.25,26,6,783.33,2026-04-10,168,4.3
1889,Male,62,53.92,60,20,2179.34,2026-05-30,118,4.7
1890,Female,30,19.42,78,21,1091.82,2026-09-13,12,3.6
1891,Female,40,120.2,35,5,410.46,2026-08-12,44,3.3
1892,Male,40,17.83,7,2,45.31,2025-12-24,275,4.0
1893,Male,23,39.87,78,28,1395.08,2026-07-16,71,3.6
1894,Male,28,123.58,68,27,6527.92,2026-09-13,12,2.7
1895,Male,55,97.95,33,5,821.02,2026-04-12,166,3.0
1896,Male,53,90.72,61,32,8267.86,2026-09-19,6,3.3
1897,Female,33,12.0,26,3,91.93,2026-07-17,70,3.8
1898,Female,44,112.04,10,8,1016.93,2026-08-29,27,3.6
1899,Female,32,92.35,79,35,6992.38,2026-09-22,3,3.8
1900,Female,41,115.49,95,32,6440.14,2026-09-08,17,2.3
1901,Female,30,31.6,25,1,19.41,2026-03-17,192,4.2
1902,Male,32,115.28,64,38,8514.66,2026-09-19,6,3.6
1903,Male,58,68.6,45,12,1126.52,2026-06-17,100,5.0
1904,Male,47,96.93,66,33,8850.02,2026-09-11,14,3.3
1905,Female,42,16.34,2,1,34.25,2026-08-08,48,3.9
1906,Male,37,42.01,79,20,972.92,2026-08-09,47,5.0
1907,Male,36,23.19,85,30,1421.86,2026-09-07,18,3.8
1908,Male,38,71.5,89,32,6980.16,2026-09-19,6,3.5
1909,Male,42,71.08,60,9,647.32,2026-07-29,58,2.8
1910,Male,36,47.49,53,16,1818.74,2026-08-01,55,4.9
1911,Male,46,116.54,81,25,5773.36,2026-09-08,17,2.6
1912,Female,45,129.5,71,39,8931.52,2026-09-21,4,4.0
1913,Male,35,62.23,48,16,1246.22,2026-08-05,51,3.2
1914,Female,18,45.94,62,28,1621.96,2026-09-23,2,3.4
1915,Female,43,112.15,74,36,8122.37,2026-09-23,2,2.4
1916,Female,46,122.22,29,8,980.95,2026-06-27,90,4.7
1917,Male,18,15.13,21,6,176.87,2026-01-30,238,3.4
1918,Male,41,29.88,59,5,147.86,2026-02-04,233,2.6
1919,Male,46,39.42,6,3,92.1,2026-01-19,249,4.7
1920,Female,64,59.33,51,9,705.94,2026-07-05,82,3.2
1921,Female,24,48.13,61,28,1214.56,2026-09-16,9,3.9
1922,Male,43,93.95,23,9,1267.59,2026-07-09,78,4.3
1923,Female,18,60.97,74,15,784.0,2026-08-27,29,4.0
1924,Male,50,129.71,38,6,530.08,2025-10-30,330,1.7
1925,Female,50,103.95,23,6,799.23,2026-08-24,32,4.2
1926,Male,34,117.74,82,27,7320.44,2026-09-05,20,3.5
1927,Male,46,116.68,23,6,721.81,2026-04-25,153,3.3
1928,Male,18,13.38,5,3,120.35,2026-02-08,229,3.5
1929,Female,51,91.63,76,30,6244.01,2026-09-15,10,2.2
1930,Male,20,49.59,73,16,787.9,2026-09-15,10,3.8
1931,Male,36,33.84,23,3,74.77,2026-07-28,59,2.4
1932,Male,22,26.83,29,3,92.06,2025-10-30,330,3.4
1933,Male,33,62.16,50,15,1795.06,2026-08-22,34,3.7
1934,Female,36,28.6,50,12,1219.85,2026-09-15,10,4.5
1935,Male,36,27.33,1,5,108.48,2026-07-29,58,2.9
1936,Female,47,99.46,90,35,8175.24,2026-09-22,3,4.8
1937,Female,42,44.85,70,24,1025.13,2026-09-06,19,4.4
1938,Male,43,43.93,31,2,40.12,2025-12-28,271,3.2
1939,Male,58,108.07,44,6,878.18,2026-04-24,154,2.7
1940,Female,56,115.54,82,33,7106.17,2026-09-19,6,2.4
1941,Female,54,79.04,16,4,518.17,2026-03-13,196,3.8
1942,Female,28,40.27,78,24,1311.99,2026-08-09,47,3.0
1943,Female,38,40.81,82,23,1133.96,2026-09-21,4,4.6
1944,Male,53,127.43,80,48,11930.22,2026-09-23,2,3.0
1945,Female,45,91.65,46,17,2048.2,2026-08-12,44,2.8
1946,Male,24,38.3,60,13,1188.69,2026-09-09,16,3.8
1947,Female,40,94.56,34,5,531.6,2026-08-19,37,3.0
1948,Female,36,51.61,49,10,770.02,2026-07-29,58,3.6
1949,Male,50,112.42,64,35,7488.27,2026-08-16,40,4.4
1950,Female,39,62.19,58,8,1086.56,2026-09-18,7,3.7
1951,Female,50,58.72,44,15,1596.73,2026-08-30,26,3.7
1952,Male,55,124.39,87,29,6584.46,2026-09-23,2,3.8
1953,Male,51,46.58,55,13,1124.22,2026-08-11,45,2.2
1954,Male,51,47.42,30,18,1687.05,2026-09-04,21,3.9
1955,Female,29,47.66,54,19,1744.87,2026-09-09,16,3.7
1956,Male,44,56.96,59,18,1878.25,2026-07-02,85,4.4
1957,Other,22,14.8,86,18,873.57,2026-09-01,24,4.1
1958,Male,26,109.32,85,39,9273.42,2026-09-10,15,3.4
1959,Female,36,59.68,29,13,1414.05,2026-08-29,27,4.5
1960,Female,49,18.99,37,4,119.89,2026-09-07,18,3.4
1961,Female,41,42.23,27,2,53.15,2026-08-07,49,3.8
1962,Female,48,31.17,64,25,1499.52,2026-09-17,8,3.3
1963,Male,30,46.88,69,22,1143.91,2026-09-19,6,4.0
1964,Female,66,107.27,87,38,9745.19,2026-09-04,21,3.3
1965,Female,38,29.66,30,5,202.68,2026-06-18,99,5.0
1966,Female,42,102.12,78,22,5135.02,2026-08-09,47,5.0
1967,Male,23,29.9,32,7,259.71,2026-03-21,188,4.3
1968,Female,50,71.97,31,15,1294.6,2026-09-06,19,4.9
1969,Female,23,26.24,65,23,1156.27,2026-09-14,11,2.3
1970,Female,22,39.26,53,31,1478.61,2026-08-18,38,2.4
1971,Male,61,88.62,17,5,549.62,2026-06-03,114,3.3
1972,Female,51,72.63,71,13,989.65,2026-09-17,8,3.6
1973,Male,47,21.88,47,5,221.48,2026-06-25,92,3.4
1974,Female,24,43.92,81,23,1043.91,2026-08-19,37,2.2
1975,Female,41,110.85,76,34,6971.59,2026-09-13,12,4.6
1976,Female,47,121.29,25,7,510.11,2026-08-04,52,5.0
1977,Female,36,15.84,84,18,743.06,2026-08-27,29,4.7
1978,Female,55,41.33,34,12,1043.04,2026-08-16,40,4.5
1979,Male,40,21.37,15,7,184.68,2026-06-05,112,3.8
1980,Male,68,80.62,45,5,456.47,2026-05-13,135,2.9
1981,Female,48,42.64,40,14,1297.48,2026-08-17,39,3.7
1982,Female,26,40.7,69,23,1159.58,2026-09-07,18,5.0
1983,Male,47,61.94,53,13,1364.84,2026-08-17,39,3.3
1984,Female,65,93.28,31,9,767.37,2026-07-21,66,3.2
1985,Female,56,24.58,14,4,142.74,2026-06-03,114,4.5
1986,Female,51,53.64,54,13,1104.35,2026-08-15,41,4.6
1987,Female,48,123.11,35,4,380.65,2026-05-23,125,2.9
1988,Female,34,19.7,46,5,143.01,2026-06-18,99,3.4
1989,Other,45,43.49,51,13,1275.13,2026-08-15,41,3.2
1990,Other,59,121.14,84,38,8340.08,2026-08-20,36,3.7
1991,Male,46,106.98,100,28,5924.02,2026-09-21,4,4.5
1992,Female,41,58.54,15,10,430.51,2026-02-06,231,2.9
1993,Female,49,92.63,12,6,561.5,2026-05-24,124,4.5
1994,Female,39,121.84,87,33,7979.68,2026-09-22,3,3.7
1995,Female,26,47.15,91,14,694.48,2026-09-21,4,5.0
1996,Female,37,22.7,26,2,60.87,2026-05-09,139,3.9
1997,Female,65,89.6,27,9,929.05,2025-11-04,325,3.5
1998,Female,46,110.38,11,5,480.33,2026-07-16,71,4.1
1999,Female,40,70.05,52,11,1303.16,2026-09-03,22,3.3
2000,Female,19,12.25,93,24,1301.6,2026-08-28,28,2.1
