TransactionID,CustomerID,Purchase Date,Amount
1,1,2026-09-19,92.38
2,1,2026-04-25,60.02
3,1,2026-06-22,101.52
4,1,2026-06-10,101.24
5,1,2026-07-29,83.51
6,1,2026-03-03,267.54
7,1,2026-07-29,84.48
8,1,2026-01-18,79.37
9,1,2026-06-20,74.42
10,1,2026-03-01,58.14
11,1,2026-03-11,122.54
12,1,2026-02-04,66.09
13,1,2025-12-21,69.7
14,1,2026-03-02,70.64
15,1,2025-11-17,57.78
16,1,2026-06-19,40.93
17,2,2026-09-03,54.21
18,2,2025-12-20,41.32
19,2,2026-08-14,58.05
20,2,2025-12-30,23.04
21,2,2026-02-08,48.42
22,2,2026-08-12,36.54
23,2,2026-03-14,163.15
24,2,2026-06-19,48.27
25,2,2026-03-24,34.41
26,2,2026-08-30,24.2
27,2,2025-12-30,80.97
28,2,2026-03-13,38.44
29,2,2026-05-02,31.52
30,2,2025-11-07,52.35
31,2,2026-01-25,60.28
32,2,2026-02-06,59.86
33,2,2026-07-15,45.4
34,2,2026-03-16,48.34
35,2,2026-01-06,49.95
36,2,2025-10-21,52.35
37,2,2026-02-08,54.48
38,2,2026-07-06,73.64
39,2,2026-01-14,46.16
40,2,2026-08-09,31.16
41,2,2026-05-19,42.17
42,2,2025-10-24,63.17
43,3,2026-07-24,78.59
44,3,2025-11-04,84.3
45,3,2026-06-23,54.22
46,3,2026-05-30,128.4
47,3,2026-02-21,74.58
48,3,2025-12-24,74.44
49,3,2026-06-03,102.21
50,3,2026-04-17,84.93
51,3,2026-07-10,131.19
52,3,2026-07-09,59.13
53,3,2026-06-11,47.99
54,3,2025-12-16,78.29
55,3,2025-11-04,92.47
56,3,2026-02-24,51.49
57,4,2026-05-21,35.31
58,4,2026-04-10,17.99
59,4,2026-02-13,28.35
60,4,2025-11-21,35.35
61,4,2026-01-24,13.41
62,4,2025-09-26,29.29
63,5,2026-09-16,367.88
64,5,2026-09-12,84.1
65,5,2025-11-24,235.7
66,5,2025-10-19,162.96
67,5,2026-01-26,271.66
68,5,2026-02-02,242.21
69,5,2026-05-15,247.6
70,5,2026-05-12,130.4
71,5,2025-10-26,204.68
72,5,2025-11-15,193.65
73,5,2026-03-23,262.43
74,5,2026-05-28,327.76
75,5,2026-07-11,224.71
76,5,2026-09-13,118.25
77,5,2026-03-28,220.42
78,5,2026-03-03,680.0
79,5,2026-01-19,440.46
80,5,2025-12-04,55.07
81,5,2026-05-09,216.07
82,5,2026-07-19,319.44
83,5,2025-11-20,193.46
84,5,2025-12-19,170.73
85,5,2026-03-11,186.23
86,5,2026-09-03,269.24
87,5,2026-04-03,125.25
88,5,2026-02-08,358.53
89,5,2025-11-15,204.77
90,5,2026-03-20,137.87
91,5,2026-04-05,348.3
92,5,2026-05-04,104.77
93,5,2026-04-22,163.57
94,6,2026-09-07,74.6
95,6,2026-06-26,51.23
96,6,2026-08-20,73.01
97,6,2026-05-24,81.04
98,6,2026-03-07,125.04
99,6,2026-09-05,75.58
100,6,2026-07-10,50.88
101,6,2025-12-07,43.73
102,6,2026-02-04,98.9
103,6,2026-02-09,92.99
104,6,2025-09-29,70.13
105,6,2026-06-20,72.93
106,6,2025-10-31,107.19
107,6,2026-05-07,168.27
108,6,2025-10-22,63.35
109,6,2025-12-10,93.67
110,6,2026-06-25,138.52
111,6,2026-06-27,63.47
112,6,2026-03-03,89.37
113,6,2026-03-17,88.47
114,6,2026-06-18,49.89
115,7,2026-08-07,72.41
116,7,2026-06-08,102.26
117,7,2026-04-11,63.58
118,7,2026-08-06,41.63
119,7,2026-05-29,77.07
120,7,2026-02-16,124.58
121,7,2026-04-11,102.45
122,7,2025-10-28,107.89
123,7,2026-07-09,99.2
124,7,2025-12-23,107.97
125,7,2026-02-01,114.22
126,7,2026-01-16,79.54
127,7,2026-01-07,93.42
128,7,2026-07-22,197.21
129,8,2026-08-20,117.39
130,8,2025-12-03,95.0
131,8,2025-10-22,57.56
132,8,2026-05-15,127.46
133,8,2026-04-05,47.97
134,8,2026-05-15,144.06
135,8,2025-10-05,87.71
136,8,2026-03-15,32.42
137,8,2026-07-14,97.52
138,8,2026-08-17,74.97
139,8,2025-10-02,70.05
140,8,2026-06-04,64.58
141,8,2025-12-10,84.99
142,8,2026-08-11,72.35
143,8,2025-10-29,39.03
144,8,2026-01-18,159.53
145,8,2026-06-08,80.63
146,8,2025-11-01,64.74
147,8,2026-05-15,54.16
148,8,2025-09-26,127.31
149,9,2026-09-19,381.09
150,9,2026-04-22,317.71
151,9,2026-01-09,88.02
152,9,2026-01-07,108.16
153,9,2026-03-14,274.28
154,9,2025-10-19,184.73
155,9,2025-11-09,412.55
156,9,2026-07-25,277.12
157,9,2026-06-30,240.29
158,9,2025-10-12,132.59
159,9,2026-04-28,261.98
160,9,2026-05-31,118.28
161,9,2025-12-08,377.84
162,9,2026-02-15,253.93
163,9,2026-08-03,144.88
164,9,2026-08-18,301.63
165,9,2025-12-03,575.82
166,9,2025-12-19,190.41
167,9,2026-05-16,269.02
168,9,2025-11-14,172.91
169,9,2026-08-05,218.22
170,9,2025-11-12,106.58
171,9,2026-08-22,209.95
172,9,2026-02-03,214.16
173,9,2025-11-21,471.85
174,9,2026-02-09,93.63
175,9,2025-12-14,185.07
176,9,2026-05-19,374.94
177,9,2026-06-08,188.35
178,9,2026-06-16,194.42
179,9,2026-08-09,144.34
180,10,2026-09-14,47.68
181,10,2026-04-24,34.2
182,10,2025-11-05,42.57
183,10,2026-08-03,17.88
184,10,2026-02-22,42.26
185,10,2026-05-15,37.58
186,10,2026-08-29,29.57
187,10,2026-02-07,32.08
188,10,2026-01-08,37.41
189,10,2025-10-10,70.33
190,10,2026-03-19,73.56
191,10,2026-05-22,29.64
192,10,2025-11-16,35.64
193,10,2026-06-19,36.05
194,10,2026-01-16,64.78
195,10,2025-10-16,48.05
196,10,2026-09-13,46.92
197,10,2025-10-22,57.28
198,10,2026-07-04,34.41
199,11,2026-09-16,52.65
200,11,2026-03-09,105.23
201,11,2025-10-12,38.09
202,11,2026-06-25,57.22
203,11,2026-06-05,45.5
204,11,2026-08-05,45.49
205,11,2026-03-08,41.78
206,11,2026-07-06,30.59
207,11,2025-11-16,52.33
208,11,2026-06-05,39.52
209,11,2026-01-23,29.95
210,11,2026-07-11,71.03
211,11,2026-05-25,47.05
212,11,2026-07-18,40.61
213,11,2026-03-04,82.24
214,11,2026-09-07,19.7
215,11,2026-08-18,79.79
216,11,2026-03-22,30.28
217,11,2026-03-06,49.49
218,11,2026-05-22,34.54
219,11,2026-04-16,29.7
220,11,2026-04-21,81.28
221,11,2025-12-21,103.75
222,11,2026-04-11,40.74
223,12,2026-06-17,95.01
224,12,2025-11-05,41.57
225,12,2026-02-22,65.2
226,12,2026-03-03,135.36
227,12,2025-12-11,92.49
228,12,2026-02-26,106.18
229,12,2026-05-07,95.56
230,12,2025-10-01,241.34
231,12,2026-03-17,74.15
232,12,2026-04-05,185.35
233,12,2026-05-30,95.57
234,12,2026-02-13,192.91
235,12,2025-09-29,51.86
236,12,2026-05-06,97.8
237,12,2026-04-14,75.39
238,12,2026-05-01,95.83
239,12,2026-05-24,156.0
240,12,2026-01-09,106.73
241,12,2026-03-30,155.86
242,12,2025-11-30,66.57
243,13,2025-11-09,35.39
244,13,2025-10-07,71.45
245,13,2025-10-09,33.6
246,13,2025-10-03,45.0
247,13,2025-11-02,40.98
248,13,2025-09-27,34.45
249,14,2026-07-30,37.8
250,14,2025-11-28,135.44
251,14,2026-03-13,96.66
252,14,2026-02-20,111.33
253,14,2025-12-02,73.75
254,14,2026-05-07,48.27
255,14,2025-11-17,52.78
256,14,2026-05-05,79.62
257,14,2026-06-17,50.77
258,14,2025-12-16,103.34
259,14,2025-12-24,73.09
260,14,2026-04-18,97.81
261,14,2026-01-12,96.51
262,14,2025-12-18,107.11
263,14,2025-11-30,112.68
264,14,2025-10-10,77.1
265,14,2025-11-09,97.77
266,15,2026-08-26,65.93
267,15,2026-04-01,40.55
268,15,2026-08-26,41.04
269,15,2026-03-21,33.62
270,15,2026-06-30,48.53
271,15,2026-06-21,35.48
272,15,2026-07-20,37.03
273,15,2025-12-25,58.95
274,15,2026-03-16,76.68
275,15,2025-10-13,53.83
276,15,2026-04-16,100.9
277,15,2026-06-13,32.76
278,15,2026-06-19,19.68
279,15,2025-10-11,62.07
280,15,2026-02-10,31.8
281,15,2026-05-10,39.79
282,15,2026-01-19,20.29
283,15,2026-02-21,30.02
284,15,2026-07-19,22.89
285,15,2026-01-03,37.01
286,15,2026-07-18,37.68
287,15,2026-06-21,46.86
288,15,2025-12-31,78.61
289,15,2026-03-31,61.02
290,15,2026-06-13,21.69
291,15,2026-08-04,59.16
292,15,2026-02-09,47.32
293,16,2026-07-28,77.85
294,16,2025-12-27,113.86
295,16,2026-05-15,113.35
296,16,2026-05-12,65.18
297,16,2026-05-31,121.91
298,16,2026-01-07,179.95
299,16,2026-03-03,94.76
300,16,2026-05-19,71.06
301,16,2025-11-03,96.94
302,16,2026-01-09,154.24
303,16,2026-03-27,60.47
304,17,2026-09-03,30.38
305,17,2026-03-11,31.23
306,17,2026-02-16,41.48
307,17,2026-07-31,109.92
308,17,2026-04-22,29.57
309,17,2026-06-12,28.99
310,17,2026-01-26,27.02
311,17,2025-11-12,59.9
312,17,2026-08-21,44.17
313,17,2025-12-10,30.06
314,17,2025-10-24,38.22
315,17,2025-09-27,31.52
316,17,2026-01-20,51.41
317,17,2026-05-19,150.6
318,17,2026-07-16,57.66
319,17,2025-10-14,43.16
320,17,2026-04-15,33.36
321,17,2026-05-09,24.58
322,17,2025-12-26,62.6
323,17,2026-01-01,61.09
324,17,2025-11-30,36.49
325,17,2025-11-05,77.69
326,17,2025-11-07,45.43
327,17,2026-07-07,63.77
328,17,2026-07-07,51.42
329,18,2026-09-21,161.07
330,18,2026-07-09,225.79
331,18,2026-06-28,171.67
332,18,2026-01-13,178.77
333,18,2026-06-24,99.44
334,18,2026-09-11,207.7
335,18,2026-06-17,314.73
336,18,2026-04-05,215.5
337,18,2025-12-18,343.04
338,18,2026-09-03,272.67
339,18,2025-11-07,204.45
340,18,2026-05-25,158.31
341,18,2026-05-21,168.73
342,18,2026-09-16,108.35
343,18,2026-06-14,186.22
344,18,2026-04-05,224.26
345,18,2026-02-07,454.43
346,18,2025-12-19,266.36
347,18,2026-03-17,142.3
348,18,2026-08-16,109.88
349,18,2026-05-03,191.36
350,18,2025-12-30,302.6
351,18,2026-02-03,190.15
352,18,2026-02-23,268.0
353,18,2026-03-22,193.56
354,18,2026-03-23,289.96
355,18,2025-09-28,102.34
356,18,2026-02-17,432.24
357,18,2026-02-18,127.29
358,18,2026-05-23,300.15
359,18,2026-03-29,185.79
360,18,2026-01-08,199.33
361,18,2025-11-16,188.41
362,18,2025-12-14,235.6
363,19,2026-06-17,23.93
364,19,2026-02-12,191.53
365,19,2026-03-10,78.72
366,19,2025-12-04,62.14
367,19,2026-02-01,54.27
368,19,2026-05-11,77.36
369,19,2026-06-04,69.87
370,19,2026-04-02,64.6
371,19,2026-05-07,66.21
372,19,2025-10-28,114.23
373,19,2026-04-07,224.41
374,19,2025-12-31,130.2
375,19,2026-05-15,149.15
376,19,2026-02-20,75.94
377,19,2025-10-13,94.34
378,19,2025-12-29,109.04
379,19,2026-04-02,66.89
380,19,2025-12-01,74.31
381,19,2026-02-05,132.21
382,20,2026-05-16,36.19
383,20,2025-11-28,33.68
384,20,2025-12-09,17.47
385,20,2026-02-06,26.77
386,21,2026-06-11,55.83
387,21,2026-05-03,36.87
388,21,2026-02-07,86.77
389,21,2026-05-15,22.74
390,22,2026-07-19,134.83
391,22,2026-06-08,150.43
392,22,2025-11-27,90.19
393,22,2026-03-20,113.77
394,22,2026-04-07,118.88
395,22,2026-07-12,57.28
396,22,2026-05-09,66.01
397,22,2026-07-16,113.46
398,23,2026-09-09,76.74
399,23,2025-12-30,117.26
400,23,2026-01-17,63.31
401,23,2026-07-18,214.25
402,23,2026-06-30,42.06
403,23,2025-10-18,194.76
404,23,2026-09-09,93.72
405,23,2026-03-18,115.4
406,23,2026-02-13,164.08
407,23,2025-11-21,132.39
408,23,2025-11-01,64.8
409,23,2026-06-03,117.9
410,23,2026-03-18,208.55
411,23,2026-01-31,60.37
412,24,2026-08-29,77.74
413,24,2026-06-03,105.59
414,24,2026-01-13,93.01
415,24,2026-08-09,65.65
416,24,2026-04-01,95.24
417,24,2026-06-16,87.97
418,24,2026-02-05,53.9
419,24,2026-08-03,79.04
420,24,2025-11-22,116.81
421,24,2026-05-30,116.43
422,24,2026-03-09,81.15
423,24,2026-02-17,122.04
424,25,2026-08-19,71.5
425,25,2026-03-17,57.08
426,25,2025-11-03,83.51
427,25,2026-03-12,80.46
428,25,2026-01-16,62.57
429,25,2025-12-22,290.24
430,25,2025-11-04,103.88
431,25,2026-02-09,110.91
432,25,2026-05-15,73.11
433,26,2026-08-29,88.71
434,26,2026-06-22,126.62
435,26,2026-05-09,106.32
436,26,2026-01-07,188.16
437,27,2026-09-09,71.33
438,27,2026-07-13,61.81
439,27,2025-12-03,43.27
440,27,2026-04-15,50.21
441,27,2026-04-30,31.0
442,27,2025-11-15,93.47
443,27,2025-11-04,114.11
444,27,2026-06-20,48.46
445,27,2026-05-09,144.38
446,27,2026-04-19,33.13
447,27,2025-11-20,25.63
448,27,2026-01-18,32.7
449,27,2026-03-03,40.77
450,27,2026-06-19,127.37
451,27,2026-04-28,39.65
452,27,2026-08-30,30.56
453,27,2026-01-07,30.03
454,27,2025-10-24,75.16
455,27,2025-12-09,70.49
456,27,2026-05-25,36.17
457,27,2026-03-25,19.35
458,27,2025-10-10,27.08
459,27,2026-04-14,97.63
460,28,2026-08-24,374.21
461,28,2025-10-19,394.63
462,28,2026-07-13,139.68
463,28,2026-01-19,180.89
464,28,2026-08-23,139.7
465,28,2025-11-25,198.91
466,28,2026-01-05,220.44
467,28,2025-11-19,179.29
468,28,2025-10-18,92.63
469,28,2025-11-20,161.69
470,28,2026-01-30,288.21
471,28,2025-11-18,191.16
472,28,2026-07-23,181.23
473,28,2026-01-22,138.14
474,28,2025-09-29,159.59
475,28,2026-04-21,395.89
476,28,2025-10-04,125.74
477,28,2026-03-09,290.46
478,28,2026-03-22,214.49
479,28,2026-05-17,234.46
480,28,2026-07-20,151.04
481,28,2025-11-06,179.25
482,28,2025-12-27,209.46
483,28,2026-04-13,166.14
484,28,2025-10-08,243.78
485,28,2026-06-24,258.0
486,28,2025-12-08,558.26
487,28,2026-03-27,238.01
488,28,2026-01-29,88.82
489,29,2026-09-19,259.6
490,29,2025-10-13,201.0
491,29,2026-06-10,255.41
492,29,2025-12-23,244.66
493,29,2026-02-07,173.38
494,29,2026-08-28,108.93
495,29,2026-03-29,104.74
496,29,2026-07-12,819.83
497,29,2026-01-01,408.42
498,29,2026-04-12,383.83
499,29,2026-05-15,155.02
500,29,2026-08-27,210.9
501,29,2026-08-04,145.5
502,29,2025-12-19,116.36
503,29,2025-11-14,161.12
504,29,2026-06-07,381.42
505,29,2025-11-26,306.57
506,29,2026-03-05,135.72
507,29,2026-05-16,182.26
508,29,2026-04-10,294.19
509,29,2026-01-15,162.42
510,29,2025-10-28,217.66
511,29,2026-03-27,251.62
512,29,2026-05-18,250.39
513,29,2025-12-20,235.44
514,29,2026-03-15,156.48
515,29,2026-05-02,163.89
516,29,2026-04-07,126.09
517,29,2026-03-11,104.01
518,29,2026-07-31,199.43
519,29,2026-08-30,303.21
520,29,2026-01-24,112.84
521,30,2026-03-23,21.43
522,30,2026-02-20,40.95
523,30,2026-01-15,21.99
524,30,2026-02-14,29.29
525,31,2026-08-14,14.49
526,31,2025-12-31,46.9
527,31,2026-03-03,27.71
528,32,2026-08-14,124.52
529,32,2026-03-16,73.74
530,32,2026-04-02,67.44
531,32,2026-03-21,88.01
532,32,2026-03-25,63.93
533,32,2026-03-13,56.05
534,32,2025-11-01,34.54
535,32,2025-12-30,44.82
536,32,2026-08-03,219.92
537,32,2026-07-27,66.98
538,32,2026-08-07,211.95
539,32,2026-01-03,107.9
540,32,2026-06-09,88.01
541,33,2026-08-23,114.68
542,33,2026-01-10,91.61
543,33,2026-06-24,210.79
544,33,2026-07-19,67.6
545,33,2026-02-07,107.48
546,34,2026-08-08,41.4
547,34,2026-03-19,39.01
548,34,2026-08-05,36.89
549,34,2026-05-03,63.41
550,34,2026-04-01,20.28
551,34,2025-10-03,91.39
552,34,2025-11-19,47.83
553,34,2026-06-23,59.21
554,34,2026-08-08,62.36
555,34,2026-02-22,32.72
556,34,2026-02-20,29.82
557,34,2025-12-18,28.28
558,34,2026-05-18,40.26
559,34,2025-11-24,61.64
560,34,2026-03-31,34.6
561,34,2026-04-24,59.16
562,34,2026-03-28,15.5
563,34,2025-10-13,37.83
564,35,2026-09-16,33.88
565,35,2026-04-30,44.41
566,35,2026-08-15,26.27
567,35,2025-12-29,18.26
568,35,2025-12-21,41.89
569,35,2026-04-07,58.23
570,35,2026-01-02,58.73
571,35,2026-03-04,66.72
572,35,2025-12-27,22.37
573,35,2026-01-20,46.19
574,35,2026-04-07,39.88
575,35,2026-01-27,43.27
576,35,2026-05-26,40.91
577,35,2025-12-24,33.43
578,35,2025-10-26,11.57
579,35,2026-07-05,75.91
580,35,2026-01-22,52.2
581,35,2026-08-08,23.07
582,35,2026-05-05,55.68
583,35,2026-01-21,36.8
584,35,2026-06-10,37.27
585,36,2026-07-19,77.75
586,36,2026-05-10,85.05
587,36,2025-12-07,120.49
588,36,2026-03-13,52.48
589,37,2026-09-07,112.42
590,37,2026-02-08,178.54
591,37,2026-03-08,227.41
592,37,2025-11-28,177.57
593,37,2025-10-04,168.78
594,37,2026-08-29,243.28
595,37,2026-05-23,415.21
596,37,2026-05-15,224.16
597,37,2026-02-24,351.42
598,37,2026-05-28,277.78
599,37,2026-05-23,342.09
600,37,2026-08-30,159.61
601,37,2026-09-06,191.33
602,37,2026-04-04,191.69
603,37,2025-09-26,268.52
604,37,2026-05-28,299.97
605,37,2026-06-16,222.16
606,37,2026-06-08,311.57
607,37,2025-10-05,162.98
608,37,2026-01-20,312.79
609,37,2026-01-24,331.7
610,37,2026-07-04,284.86
611,37,2025-10-29,223.07
612,37,2026-07-01,289.48
613,37,2025-10-07,140.44
614,37,2025-10-12,229.61
615,37,2026-02-22,240.41
616,37,2025-11-10,115.45
617,37,2025-09-26,260.0
618,37,2026-02-18,119.72
619,37,2025-12-15,173.22
620,37,2026-02-15,213.79
621,37,2026-03-10,151.15
622,37,2026-05-14,217.95
623,37,2026-01-23,216.38
624,37,2026-06-07,145.19
625,37,2026-07-02,271.16
626,37,2026-06-04,148.89
627,37,2026-09-04,587.98
628,37,2025-10-18,199.9
629,38,2026-08-15,80.36
630,38,2026-05-24,31.48
631,38,2026-07-01,33.17
632,38,2026-07-26,30.99
633,38,2025-11-16,31.63
634,38,2026-07-27,88.09
635,38,2025-12-13,40.32
636,38,2026-06-26,42.8
637,38,2025-10-23,63.76
638,38,2025-11-14,21.29
639,38,2026-01-24,46.08
640,38,2025-11-20,27.47
641,38,2026-05-11,39.42
642,38,2025-12-05,34.56
643,38,2026-06-05,33.77
644,38,2026-01-28,49.81
645,38,2025-10-22,49.71
646,38,2025-12-24,40.76
647,38,2026-05-20,53.17
648,38,2025-12-19,30.44
649,38,2025-11-02,61.15
650,38,2025-10-31,41.01
651,38,2025-12-19,36.2
652,38,2025-12-21,31.47
653,38,2025-12-04,40.37
654,38,2025-12-20,104.42
655,39,2026-06-20,80.49
656,39,2026-01-09,196.96
657,39,2026-04-15,65.48
658,40,2026-04-17,15.18
659,40,2026-01-08,14.36
660,40,2026-01-28,20.97
661,40,2026-03-27,43.26
662,41,2026-08-28,45.58
663,41,2026-02-04,57.57
664,41,2026-04-19,93.57
665,41,2026-06-23,48.92
666,41,2025-10-20,29.89
667,41,2025-12-01,19.86
668,41,2026-05-15,61.3
669,41,2026-06-10,30.43
670,41,2026-07-14,66.47
671,41,2025-12-23,84.39
672,41,2025-10-23,22.46
673,41,2026-05-28,57.74
674,41,2026-01-25,80.51
675,41,2026-06-10,71.18
676,41,2025-10-23,17.52
677,41,2026-05-20,30.65
678,41,2026-07-27,25.29
679,41,2025-11-05,56.95
680,41,2025-10-14,54.2
681,41,2026-04-17,13.36
682,41,2025-10-27,39.3
683,41,2026-06-07,64.52
684,41,2026-05-29,48.1
685,42,2026-09-01,111.55
686,42,2026-03-03,95.27
687,42,2025-10-17,112.55
688,42,2026-07-20,50.95
689,42,2026-06-26,201.48
690,42,2025-11-04,123.91
691,42,2026-04-13,79.06
692,42,2026-08-11,59.08
693,42,2026-07-17,146.13
694,42,2026-04-13,54.82
695,42,2026-02-23,248.99
696,42,2026-01-29,68.3
697,42,2026-07-11,195.2
698,42,2026-04-28,82.83
699,42,2026-06-04,183.3
700,42,2026-03-03,64.66
701,42,2026-05-15,90.77
702,42,2026-06-24,129.28
703,43,2026-06-13,32.02
704,43,2025-10-31,28.64
705,43,2026-03-03,60.88
706,43,2026-01-06,47.26
707,43,2025-10-29,34.18
708,43,2026-05-11,21.28
709,44,2026-08-24,190.84
710,44,2026-05-01,104.57
711,44,2026-01-30,82.95
712,44,2026-05-14,110.18
713,44,2026-01-19,141.82
714,45,2026-09-15,63.85
715,45,2026-02-26,117.24
716,45,2026-05-12,58.4
717,45,2025-12-23,44.84
718,45,2026-05-22,59.78
719,45,2026-03-18,75.69
720,45,2026-01-23,77.04
721,45,2026-07-06,84.93
722,45,2026-08-01,143.23
723,45,2025-11-18,157.9
724,45,2026-06-02,221.91
725,46,2026-08-02,78.45
726,46,2026-04-19,45.7
727,46,2026-04-10,174.53
728,46,2026-05-31,125.87
729,46,2025-09-30,77.06
730,46,2025-10-24,161.88
731,46,2026-07-01,67.77
732,46,2026-02-06,39.36
733,46,2026-07-31,141.62
734,46,2026-03-13,50.63
735,46,2026-06-15,82.41
736,46,2025-12-13,98.75
737,46,2026-07-11,107.05
738,46,2025-10-26,131.84
739,46,2026-05-23,116.89
740,47,2026-09-02,55.72
741,47,2026-06-05,52.76
742,47,2026-02-08,28.05
743,47,2025-11-15,63.04
744,47,2026-06-06,30.14
745,47,2026-01-01,80.91
746,47,2026-07-28,57.11
747,47,2026-08-26,27.04
748,47,2026-01-26,35.47
749,47,2026-08-10,35.19
750,47,2026-05-31,48.36
751,47,2025-12-05,41.05
752,47,2026-03-16,26.87
753,47,2026-04-27,24.03
754,47,2026-05-26,57.61
755,47,2026-01-17,51.19
756,47,2025-10-11,47.19
757,47,2025-12-24,50.83
758,47,2026-05-03,34.06
759,47,2026-04-11,48.88
760,47,2026-07-29,141.03
761,47,2026-07-15,76.34
762,47,2026-06-03,39.52
763,47,2026-04-23,35.56
764,47,2025-09-29,12.42
765,47,2025-11-09,72.79
766,47,2026-07-26,64.11
767,47,2026-05-12,35.23
768,47,2026-08-14,23.63
769,47,2026-08-12,26.76
770,47,2026-04-27,54.96
771,47,2025-10-09,43.23
772,48,2026-04-13,81.97
773,48,2026-01-14,397.51
774,48,2026-04-12,75.28
775,48,2025-09-30,270.79
776,48,2025-11-23,147.04
777,48,2026-02-06,66.1
778,48,2025-12-12,116.56
779,48,2025-12-12,148.57
780,49,2026-05-25,32.47
781,49,2026-01-12,12.9
782,49,2026-05-15,32.37
783,50,2026-09-18,319.53
784,50,2026-09-16,428.76
785,50,2026-08-29,457.0
786,50,2026-06-28,83.64
787,50,2026-07-26,122.73
788,50,2025-12-08,93.08
789,50,2025-10-25,279.07
790,50,2026-02-07,153.73
791,50,2025-12-21,168.51
792,50,2025-12-20,190.5
793,50,2025-11-08,249.45
794,50,2026-08-14,107.63
795,50,2025-09-27,119.18
796,50,2026-04-07,210.12
797,50,2026-03-08,360.16
798,50,2025-12-07,207.61
799,50,2026-03-26,147.06
800,50,2026-06-15,79.87
801,50,2026-09-12,322.41
802,50,2026-07-20,150.8
803,50,2026-08-19,125.31
804,50,2026-05-05,97.05
805,50,2025-12-14,109.89
806,50,2026-05-22,136.26
807,51,2026-07-23,112.91
808,51,2026-06-06,113.55
809,52,2026-09-08,249.31
810,52,2026-05-18,151.89
811,52,2026-02-21,354.73
812,52,2026-01-12,268.72
813,52,2026-07-21,160.46
814,52,2026-08-01,412.9
815,52,2026-02-28,320.49
816,52,2026-06-24,144.68
817,52,2025-10-03,196.11
818,52,2026-07-04,265.0
819,52,2026-07-25,178.25
820,52,2026-05-16,180.66
821,52,2026-05-16,213.5
822,52,2026-07-15,130.0
823,52,2026-01-20,76.89
824,52,2026-05-11,233.86
825,52,2026-03-09,85.81
826,52,2026-06-16,134.32
827,52,2026-08-06,94.62
828,52,2026-08-18,100.01
829,52,2026-08-21,254.42
830,52,2025-11-10,190.01
831,52,2026-06-08,186.95
832,52,2026-05-25,116.16
833,52,2026-02-19,156.33
834,52,2026-08-06,248.77
835,52,2026-02-11,205.13
836,52,2026-03-11,304.09
837,52,2025-12-07,324.21
838,53,2026-09-08,49.87
839,53,2026-07-28,157.49
840,53,2025-09-29,133.41
841,53,2026-03-03,129.33
842,53,2026-01-29,165.96
843,53,2026-02-12,74.26
844,53,2026-03-16,78.55
845,53,2026-02-01,194.27
846,53,2025-10-29,119.65
847,53,2026-01-03,33.15
848,53,2025-11-17,110.44
849,53,2026-02-28,69.27
850,53,2025-12-13,134.83
851,53,2025-11-08,108.15
852,54,2025-10-30,82.3
853,54,2025-10-27,45.29
854,54,2025-10-17,32.92
855,54,2025-09-30,36.45
856,55,2026-08-27,31.26
857,55,2026-05-06,18.94
858,55,2026-06-02,58.16
859,55,2025-09-30,49.0
860,55,2026-03-08,61.25
861,56,2026-08-02,73.8
862,56,2025-12-21,80.69
863,56,2026-01-04,106.01
864,56,2026-05-13,159.56
865,56,2026-05-07,61.43
866,56,2026-01-16,77.35
867,56,2026-05-05,63.79
868,56,2026-05-17,61.94
869,56,2026-01-30,68.87
870,57,2026-08-11,18.08
871,57,2026-01-20,57.05
872,57,2025-12-29,38.04
873,57,2025-12-29,63.86
874,57,2025-10-18,55.89
875,57,2026-01-02,38.48
876,57,2026-04-18,71.31
877,57,2026-01-09,49.35
878,57,2025-11-29,48.44
879,57,2026-02-27,42.29
880,57,2025-11-30,95.99
881,57,2025-10-06,32.65
882,57,2025-12-13,38.92
883,57,2026-03-04,25.79
884,57,2026-03-07,62.41
885,57,2025-11-16,34.63
886,57,2025-11-05,36.42
887,57,2026-05-19,35.66
888,57,2026-08-08,46.29
889,57,2025-11-26,25.63
890,58,2026-09-24,69.66
891,58,2026-05-11,43.3
892,58,2026-08-12,146.72
893,58,2026-05-07,35.65
894,58,2025-12-21,70.65
895,58,2025-10-12,63.4
896,58,2026-07-11,32.84
897,58,2026-05-20,37.18
898,58,2025-11-09,71.15
899,58,2026-06-03,48.03
900,58,2026-06-27,52.39
901,58,2025-11-26,21.55
902,58,2026-03-29,60.45
903,58,2026-02-24,51.21
904,58,2026-03-31,43.72
905,58,2026-02-17,52.93
906,58,2026-06-19,37.43
907,58,2026-01-01,34.48
908,58,2026-05-16,40.36
909,58,2026-03-18,36.52
910,58,2026-07-19,120.05
911,58,2026-09-20,67.83
912,58,2026-03-01,29.1
913,58,2026-08-05,112.5
914,59,2026-09-07,110.15
915,59,2025-10-26,170.2
916,59,2026-03-15,200.0
917,59,2025-10-30,163.54
918,59,2026-05-09,245.95
919,59,2026-01-09,162.6
920,59,2025-10-30,139.15
921,59,2026-07-16,276.66
922,59,2026-02-23,388.9
923,59,2025-10-24,127.6
924,59,2026-02-27,234.34
925,59,2025-11-02,89.11
926,59,2026-04-15,108.15
927,59,2025-11-04,161.12
928,59,2026-02-01,349.96
929,59,2026-03-25,147.92
930,59,2026-06-25,145.45
931,59,2026-07-10,213.44
932,59,2026-05-30,213.53
933,59,2025-12-20,147.5
934,59,2026-03-29,513.32
935,59,2026-04-26,186.36
936,59,2026-03-30,221.01
937,59,2026-05-11,175.27
938,59,2025-12-01,255.98
939,59,2026-04-25,366.08
940,59,2026-03-28,443.97
941,59,2026-02-26,149.02
942,59,2026-01-26,344.63
943,60,2026-09-16,229.33
944,60,2026-05-21,315.32
945,60,2026-03-29,307.88
946,60,2025-11-17,206.86
947,60,2026-03-27,97.88
948,60,2026-05-23,189.2
949,60,2026-02-16,208.12
950,60,2026-01-13,238.84
951,60,2025-10-27,150.69
952,60,2025-11-03,350.9
953,60,2025-12-12,211.29
954,60,2025-12-17,138.78
955,60,2026-04-10,170.87
956,60,2026-05-18,500.17
957,60,2026-02-28,283.18
958,60,2026-01-08,336.61
959,60,2026-03-16,131.42
960,60,2026-07-05,154.03
961,60,2026-09-11,154.54
962,60,2026-08-27,228.17
963,60,2026-04-18,194.18
964,60,2025-12-09,168.48
965,60,2025-12-09,178.27
966,60,2025-12-03,146.91
967,60,2026-01-07,193.67
968,60,2026-09-08,346.56
969,60,2025-11-06,106.29
970,60,2025-10-14,245.43
971,60,2025-11-18,390.78
972,60,2026-04-11,193.38
973,60,2026-07-02,165.52
974,60,2025-10-29,318.31
975,60,2026-07-13,134.86
976,61,2026-08-18,69.1
977,61,2025-12-04,31.29
978,61,2026-08-11,47.46
979,61,2026-02-17,35.9
980,62,2026-08-02,62.77
981,62,2025-10-07,21.01
982,62,2025-12-24,55.32
983,62,2026-04-28,41.52
984,62,2026-01-04,45.76
985,62,2025-10-06,50.33
986,62,2026-05-19,77.18
987,62,2026-05-22,69.87
988,62,2026-07-21,32.11
989,62,2025-11-14,43.83
990,62,2025-11-17,36.78
991,62,2026-03-27,21.11
992,62,2025-11-04,42.84
993,62,2026-01-12,103.21
994,62,2025-10-02,20.83
995,62,2025-10-20,44.52
996,62,2025-10-08,43.88
997,62,2026-04-02,51.22
998,62,2026-01-17,29.18
999,62,2026-06-11,23.7
1000,62,2025-10-28,24.2
1001,62,2026-04-26,81.91
1002,63,2026-07-17,79.42
1003,63,2026-03-07,40.42
1004,63,2026-06-15,44.55
1005,63,2026-02-05,28.36
1006,63,2026-02-16,104.08
1007,63,2025-11-15,48.23
1008,63,2025-12-09,73.09
1009,63,2025-12-16,45.61
1010,63,2026-02-09,46.76
1011,63,2025-11-05,22.91
1012,63,2025-09-30,17.1
1013,63,2025-11-19,79.05
1014,63,2026-04-06,46.61
1015,63,2026-04-27,49.38
1016,63,2026-07-17,25.65
1017,63,2025-09-28,29.97
1018,63,2025-12-13,72.58
1019,63,2025-10-14,98.47
1020,63,2025-11-27,34.02
1021,63,2026-03-13,60.88
1022,63,2026-06-05,49.02
1023,63,2026-07-04,42.62
1024,63,2025-11-26,103.55
1025,63,2026-04-19,36.7
1026,63,2026-03-28,78.65
1027,63,2025-11-13,53.43
1028,63,2026-02-26,44.66
1029,63,2025-10-10,83.44
1030,63,2026-02-06,51.28
1031,63,2025-11-14,43.09
1032,63,2026-06-10,83.71
1033,64,2026-08-10,127.78
1034,64,2026-04-06,114.89
1035,64,2026-01-24,112.39
1036,64,2026-04-11,151.5
1037,64,2026-05-10,142.53
1038,64,2025-11-30,85.55
1039,64,2026-07-28,140.53
1040,64,2026-05-19,97.33
1041,64,2025-12-07,213.24
1042,64,2025-10-19,147.49
1043,64,2026-02-27,67.92
1044,64,2026-02-23,256.89
1045,64,2025-10-06,34.95
1046,64,2026-07-12,119.9
1047,65,2026-07-25,26.14
1048,65,2025-10-26,25.88
1049,66,2026-08-31,44.85
1050,66,2026-03-23,56.46
1051,66,2026-08-17,43.49
1052,66,2026-02-14,61.76
1053,66,2026-05-08,39.85
1054,66,2025-10-29,32.93
1055,66,2026-04-16,35.25
1056,66,2026-05-25,41.12
1057,66,2026-05-08,65.78
1058,66,2025-11-10,36.15
1059,66,2026-07-24,39.51
1060,66,2025-10-10,58.16
1061,66,2026-06-13,41.15
1062,66,2025-11-16,74.38
1063,66,2026-02-27,29.75
1064,66,2026-02-19,26.99
1065,66,2026-06-23,51.61
1066,66,2025-12-29,53.98
1067,66,2026-01-23,30.49
1068,66,2026-03-21,82.37
1069,66,2026-03-29,107.01
1070,66,2026-02-09,33.92
1071,66,2026-03-24,87.88
1072,66,2025-10-04,15.41
1073,67,2026-08-19,17.58
1074,67,2026-02-03,24.96
1075,67,2025-12-15,28.53
1076,67,2026-06-01,68.51
1077,67,2026-02-22,64.65
1078,67,2025-12-09,39.31
1079,67,2025-12-07,35.16
1080,67,2026-06-06,62.12
1081,67,2025-11-18,27.07
1082,67,2026-06-27,55.29
1083,67,2026-05-25,53.21
1084,67,2025-11-12,39.77
1085,67,2026-01-29,53.82
1086,67,2026-02-23,47.12
1087,67,2026-02-18,56.29
1088,67,2025-10-06,24.69
1089,67,2026-06-06,59.33
1090,67,2026-05-13,71.42
1091,67,2026-03-12,51.99
1092,67,2025-11-15,58.98
1093,67,2026-02-21,42.83
1094,67,2025-12-24,67.21
1095,67,2025-11-24,46.34
1096,67,2025-10-31,26.85
1097,67,2026-03-21,65.09
1098,67,2026-03-22,21.57
1099,68,2026-07-05,139.47
1100,68,2026-06-13,198.63
1101,68,2025-11-04,197.16
1102,68,2025-12-10,136.3
1103,68,2025-10-01,91.63
1104,69,2026-09-04,220.25
1105,69,2026-08-31,268.06
1106,69,2026-06-30,327.56
1107,69,2026-05-04,215.26
1108,69,2025-11-26,673.9
1109,69,2025-10-23,137.54
1110,69,2026-02-09,159.87
1111,69,2026-06-21,137.39
1112,69,2026-04-23,424.24
1113,69,2025-12-05,301.28
1114,69,2026-02-11,164.39
1115,69,2026-06-27,142.36
1116,69,2026-05-29,391.63
1117,69,2026-06-29,247.12
1118,69,2026-03-27,396.15
1119,69,2026-04-04,204.39
1120,69,2026-03-02,264.36
1121,69,2025-10-14,240.38
1122,69,2026-01-23,158.58
1123,69,2026-02-15,196.81
1124,69,2026-05-02,123.24
1125,69,2026-01-29,262.29
1126,69,2025-10-11,295.8
1127,69,2026-09-01,327.89
1128,69,2026-05-07,283.45
1129,69,2026-08-16,198.23
1130,69,2026-06-26,422.21
1131,69,2026-08-12,313.77
1132,69,2026-02-13,392.27
1133,69,2025-11-27,403.5
1134,69,2025-10-16,198.46
1135,69,2026-06-15,250.05
1136,69,2026-01-07,297.57
1137,69,2026-05-14,125.21
1138,69,2026-05-19,126.47
1139,69,2026-02-07,117.03
1140,69,2026-01-14,200.03
1141,69,2026-02-16,180.75
1142,69,2026-08-01,110.06
1143,69,2026-04-16,224.6
1144,69,2026-05-29,201.16
1145,69,2026-09-03,357.49
1146,69,2026-08-22,519.54
1147,69,2026-04-03,257.88
1148,69,2026-08-01,153.49
1149,69,2025-12-24,280.94
1150,69,2026-08-16,210.88
1151,69,2026-06-16,188.49
1152,69,2025-09-30,142.51
1153,69,2026-01-04,170.41
1154,70,2026-08-25,51.09
1155,70,2026-06-06,79.96
1156,70,2025-11-28,42.61
1157,70,2026-06-18,20.27
1158,70,2026-03-17,37.35
1159,70,2025-10-22,80.02
1160,70,2025-10-11,50.55
1161,70,2026-03-30,23.77
1162,70,2026-07-28,130.59
1163,70,2026-05-22,25.6
1164,70,2026-02-01,40.34
1165,70,2026-05-05,28.21
1166,70,2025-12-28,28.23
1167,70,2025-09-28,36.72
1168,70,2026-01-30,59.92
1169,70,2026-01-29,80.43
1170,70,2026-03-02,37.82
1171,70,2026-06-24,28.56
1172,70,2026-02-13,55.82
1173,70,2025-10-18,56.56
1174,70,2026-01-07,50.14
1175,70,2025-12-17,50.94
1176,71,2026-07-09,128.06
1177,71,2025-11-04,86.9
1178,71,2025-10-29,157.57
1179,71,2026-06-12,105.9
1180,71,2026-06-16,67.86
1181,72,2026-08-19,33.22
1182,72,2025-10-18,137.33
1183,72,2026-03-30,63.44
1184,72,2026-05-26,27.09
1185,72,2026-03-06,48.91
1186,72,2025-12-08,63.71
1187,72,2026-08-16,38.45
1188,72,2025-11-05,22.96
1189,72,2026-06-20,28.19
1190,72,2025-10-23,57.43
1191,72,2025-10-08,20.43
1192,72,2025-10-17,23.44
1193,72,2026-01-18,57.3
1194,72,2025-10-26,40.71
1195,72,2025-11-11,32.9
1196,72,2026-01-22,36.02
1197,72,2025-10-31,23.21
1198,73,2026-08-29,111.72
1199,73,2026-05-06,94.05
1200,73,2025-10-06,188.09
1201,73,2026-06-16,123.59
1202,73,2026-02-12,85.76
1203,73,2026-01-19,125.47
1204,73,2026-01-06,91.99
1205,73,2026-07-16,91.85
1206,73,2025-12-16,161.29
1207,73,2026-06-25,60.08
1208,73,2026-04-13,90.95
1209,73,2025-12-31,153.73
1210,73,2026-06-02,103.43
1211,74,2026-07-27,166.26
1212,74,2026-06-19,67.35
1213,74,2025-09-29,133.57
1214,74,2026-05-23,161.49
1215,74,2025-11-25,105.79
1216,74,2026-03-15,91.8
1217,74,2025-12-24,111.48
1218,75,2026-08-24,234.12
1219,75,2026-07-19,135.19
1220,75,2026-06-01,95.8
1221,75,2026-06-14,398.65
1222,75,2025-10-28,251.21
1223,75,2026-01-22,180.71
1224,75,2026-07-16,166.08
1225,75,2026-07-14,405.98
1226,75,2025-11-22,274.05
1227,75,2026-06-29,351.84
1228,75,2026-06-13,161.49
1229,75,2026-02-01,214.84
1230,75,2025-11-10,251.66
1231,75,2026-05-04,163.95
1232,75,2026-01-15,201.16
1233,75,2026-01-02,161.5
1234,75,2026-02-06,251.31
1235,75,2026-01-08,115.87
1236,75,2026-06-10,271.64
1237,75,2026-01-29,241.51
1238,75,2026-08-23,191.64
1239,75,2025-12-24,257.08
1240,75,2025-12-04,178.2
1241,75,2025-12-03,155.33
1242,75,2026-08-15,268.21
1243,76,2026-07-07,78.27
1244,76,2025-10-21,148.66
1245,76,2026-03-14,124.99
1246,76,2026-05-20,34.04
1247,76,2026-03-17,97.8
1248,76,2025-11-17,111.1
1249,77,2026-08-19,100.04
1250,77,2025-10-25,153.18
1251,77,2025-10-31,106.01
1252,77,2026-06-24,95.32
1253,77,2026-01-28,159.33
1254,77,2025-11-18,129.84
1255,78,2025-12-13,19.4
1256,78,2025-10-21,37.72
1257,78,2025-10-05,22.39
1258,78,2025-11-19,30.45
1259,78,2025-11-20,24.1
1260,79,2026-08-29,65.17
1261,79,2026-05-20,46.2
1262,79,2026-05-30,53.94
1263,79,2026-07-28,58.79
1264,79,2025-12-26,56.04
1265,79,2026-02-13,31.7
1266,79,2026-06-23,33.17
1267,79,2026-05-26,39.52
1268,79,2025-10-19,32.74
1269,79,2025-10-25,23.19
1270,79,2026-07-19,61.0
1271,79,2026-02-03,52.59
1272,79,2026-05-12,24.63
1273,79,2026-04-30,40.38
1274,79,2026-02-08,41.42
1275,79,2025-10-01,48.84
1276,79,2026-02-14,27.65
1277,79,2025-10-11,24.47
1278,79,2025-11-25,56.86
1279,79,2025-12-09,22.56
1280,79,2025-12-05,40.53
1281,79,2025-12-05,38.86
1282,79,2026-06-04,42.57
1283,79,2025-10-03,50.42
1284,79,2025-10-23,92.39
1285,79,2026-02-08,21.91
1286,79,2026-01-01,66.76
1287,79,2025-11-05,14.53
1288,79,2026-07-09,84.25
1289,79,2026-08-08,17.95
1290,80,2026-07-09,62.26
1291,80,2025-09-28,114.62
1292,80,2026-04-21,60.1
1293,80,2025-11-06,77.62
1294,80,2025-11-28,94.44
1295,80,2026-04-07,67.4
1296,80,2026-04-08,72.14
1297,80,2026-04-09,179.57
1298,80,2026-02-24,82.1
1299,80,2026-03-05,76.55
1300,80,2026-01-02,83.18
1301,81,2025-10-30,33.24
1302,81,2025-10-18,15.79
1303,81,2025-10-11,55.43
1304,81,2025-10-24,24.3
1305,82,2026-08-16,47.86
1306,82,2025-10-19,51.01
1307,82,2026-05-01,23.63
1308,82,2026-04-22,31.47
1309,82,2026-01-30,98.61
1310,82,2025-12-28,60.52
1311,82,2026-02-19,31.91
1312,82,2026-04-06,25.91
1313,82,2026-03-06,35.68
1314,82,2026-07-01,39.05
1315,82,2026-06-19,113.16
1316,82,2026-01-30,41.34
1317,82,2025-11-08,26.35
1318,82,2026-02-28,43.83
1319,82,2026-07-28,50.68
1320,82,2025-10-01,25.29
1321,82,2026-05-03,53.93
1322,82,2025-12-16,77.53
1323,82,2025-10-29,47.9
1324,82,2025-09-30,31.44
1325,82,2026-07-10,35.47
1326,83,2026-06-05,81.9
1327,83,2026-04-19,51.34
1328,83,2025-11-04,105.34
1329,83,2026-01-02,82.4
1330,83,2025-10-31,80.98
1331,83,2026-05-16,186.41
1332,83,2026-05-26,85.03
1333,83,2026-05-08,163.82
1334,83,2025-10-27,44.04
1335,83,2025-09-27,301.71
1336,83,2025-09-26,76.08
1337,83,2026-03-13,123.72
1338,83,2026-03-31,132.9
1339,83,2026-03-09,71.95
1340,83,2025-11-11,130.11
1341,83,2026-04-03,133.19
1342,84,2026-09-15,171.61
1343,84,2026-02-20,418.3
1344,84,2025-11-13,127.51
1345,84,2026-05-31,242.1
1346,84,2025-12-10,292.38
1347,84,2026-02-25,182.37
1348,84,2025-10-19,164.79
1349,84,2026-04-02,202.93
1350,84,2026-01-03,302.63
1351,84,2026-03-23,167.7
1352,84,2026-04-29,129.81
1353,84,2026-05-05,352.44
1354,84,2025-10-24,251.34
1355,84,2025-11-22,330.51
1356,84,2026-06-27,295.54
1357,84,2025-11-12,560.07
1358,84,2026-02-20,346.83
1359,84,2026-08-10,151.6
1360,84,2025-12-18,259.49
1361,84,2026-07-20,163.41
1362,84,2025-11-10,171.19
1363,84,2026-04-07,111.22
1364,84,2025-10-25,184.63
1365,84,2026-03-28,268.37
1366,84,2026-08-16,203.85
1367,84,2025-12-17,128.05
1368,84,2026-01-01,105.82
1369,84,2026-05-31,543.18
1370,84,2026-07-05,243.09
1371,84,2025-11-13,144.93
1372,84,2025-12-13,258.5
1373,84,2026-06-02,562.42
1374,84,2026-01-10,277.64
1375,85,2026-09-24,223.3
1376,85,2025-12-14,136.03
1377,85,2025-12-29,227.58
1378,85,2026-07-27,406.56
1379,85,2026-01-22,204.42
1380,85,2026-06-18,121.63
1381,85,2026-06-17,250.52
1382,85,2026-08-24,193.87
1383,85,2025-12-27,196.28
1384,85,2025-12-05,260.08
1385,85,2026-03-25,286.6
1386,85,2025-12-16,213.38
1387,85,2026-05-21,204.34
1388,85,2026-03-03,531.5
1389,85,2025-12-12,360.45
1390,85,2026-04-21,305.58
1391,85,2026-02-12,222.77
1392,85,2026-08-03,133.56
1393,85,2026-03-24,348.78
1394,85,2025-11-19,224.09
1395,85,2025-12-17,161.97
1396,85,2026-06-07,188.24
1397,85,2026-03-10,135.96
1398,85,2026-02-11,337.95
1399,85,2025-10-18,285.57
1400,85,2025-11-27,227.89
1401,85,2025-12-01,206.0
1402,85,2025-12-24,154.59
1403,85,2026-05-17,80.53
1404,85,2026-05-10,111.2
1405,85,2026-04-08,150.34
1406,85,2026-04-22,140.51
1407,86,2026-09-16,492.89
1408,86,2025-10-11,396.33
1409,86,2026-04-19,199.01
1410,86,2026-03-02,223.11
1411,86,2026-09-01,157.01
1412,86,2025-12-19,223.13
1413,86,2026-07-31,155.07
1414,86,2025-12-13,202.71
1415,86,2026-02-27,474.26
1416,86,2025-11-04,201.16
1417,86,2025-10-03,131.04
1418,86,2025-11-20,113.55
1419,86,2026-04-09,222.36
1420,86,2026-04-22,149.11
1421,86,2026-01-23,234.65
1422,86,2026-01-28,101.32
1423,86,2025-12-09,286.49
1424,86,2026-03-28,130.33
1425,86,2026-04-05,214.42
1426,86,2026-08-06,180.34
1427,86,2026-07-18,455.04
1428,86,2025-11-28,226.85
1429,86,2025-09-29,504.0
1430,86,2026-02-14,270.28
1431,86,2026-05-17,398.83
1432,86,2026-08-27,191.17
1433,86,2026-09-01,245.33
1434,86,2026-01-19,363.4
1435,86,2026-01-31,315.56
1436,86,2026-06-08,266.68
1437,86,2026-07-11,181.19
1438,87,2026-07-31,43.34
1439,87,2026-07-10,38.35
1440,87,2025-11-02,23.47
1441,87,2026-04-19,60.64
1442,88,2026-09-01,70.41
1443,88,2026-08-07,55.45
1444,88,2025-12-22,37.82
1445,88,2025-11-03,45.37
1446,88,2026-01-11,36.88
1447,88,2025-11-30,43.76
1448,88,2026-05-30,31.94
1449,88,2026-04-07,34.66
1450,88,2025-11-14,34.19
1451,88,2026-02-06,32.46
1452,88,2026-02-05,71.98
1453,88,2025-12-14,63.64
1454,88,2026-02-04,29.58
1455,88,2026-07-20,26.29
1456,88,2026-06-21,41.93
1457,88,2025-12-10,118.69
1458,88,2026-06-11,28.34
1459,88,2026-01-18,41.85
1460,88,2026-03-24,46.83
1461,88,2026-02-02,42.85
1462,88,2026-06-12,36.62
1463,88,2026-05-19,75.68
1464,89,2026-09-10,224.89
1465,89,2026-01-13,505.08
1466,89,2026-03-23,176.79
1467,89,2025-11-17,244.97
1468,89,2026-02-25,219.69
1469,89,2026-04-03,229.57
1470,89,2025-10-14,570.73
1471,89,2025-09-27,216.12
1472,89,2026-04-04,162.69
1473,89,2026-05-08,487.37
1474,89,2026-01-27,182.85
1475,89,2026-07-12,101.98
1476,89,2026-04-28,150.46
1477,89,2025-11-18,119.84
1478,89,2025-11-01,93.42
1479,89,2026-04-18,178.35
1480,89,2026-04-27,203.47
1481,89,2025-11-08,357.22
1482,89,2026-07-02,278.76
1483,89,2026-08-20,273.1
1484,89,2026-08-16,140.49
1485,89,2026-08-03,312.73
1486,89,2025-11-07,392.75
1487,89,2026-08-27,250.8
1488,89,2026-05-17,253.98
1489,89,2026-02-12,118.87
1490,89,2026-02-09,337.51
1491,89,2025-11-23,468.01
1492,89,2025-10-02,242.85
1493,89,2026-04-23,160.72
1494,89,2026-06-21,195.24
1495,89,2026-08-10,173.8
1496,89,2025-11-03,178.56
1497,89,2026-05-03,281.1
1498,89,2025-10-31,238.14
1499,89,2026-05-12,329.93
1500,89,2025-12-20,248.15
1501,90,2026-09-14,21.84
1502,90,2026-01-30,53.5
1503,90,2026-04-08,30.36
1504,90,2026-03-26,44.81
1505,90,2026-05-15,60.73
1506,90,2025-12-01,71.28
1507,90,2026-08-12,43.79
1508,90,2026-04-15,63.38
1509,90,2026-07-13,33.4
1510,90,2025-12-20,50.26
1511,90,2026-03-01,70.64
1512,90,2026-01-08,52.25
1513,90,2026-08-07,35.46
1514,90,2026-04-06,39.69
1515,90,2026-08-28,71.07
1516,90,2026-05-23,27.53
1517,90,2025-10-15,29.42
1518,90,2025-12-31,58.99
1519,91,2026-09-01,135.97
1520,91,2026-06-18,303.47
1521,91,2025-11-01,282.71
1522,91,2026-04-03,399.38
1523,91,2026-02-07,464.53
1524,91,2026-05-26,243.67
1525,91,2026-08-24,120.87
1526,91,2026-03-31,466.26
1527,91,2025-12-29,132.81
1528,91,2026-05-13,244.49
1529,91,2025-10-20,187.09
1530,91,2025-12-20,173.01
1531,91,2026-01-26,296.2
1532,91,2025-11-30,234.42
1533,91,2025-11-12,264.56
1534,91,2025-12-30,145.48
1535,91,2025-11-24,194.18
1536,91,2026-01-01,148.53
1537,91,2025-11-12,192.01
1538,91,2026-07-28,199.07
1539,91,2026-05-07,481.57
1540,91,2025-11-03,186.86
1541,91,2026-03-24,80.69
1542,91,2026-08-27,393.43
1543,91,2025-11-16,257.05
1544,91,2026-01-21,197.98
1545,91,2025-10-26,172.49
1546,91,2026-08-27,137.14
1547,91,2026-07-13,502.32
1548,91,2026-03-11,214.96
1549,91,2026-07-02,96.07
1550,91,2026-03-08,243.37
1551,91,2026-05-06,361.36
1552,91,2026-06-22,225.32
1553,91,2025-12-13,139.96
1554,91,2026-08-19,134.44
1555,91,2025-11-07,138.98
1556,91,2026-07-11,416.49
1557,91,2026-02-16,203.34
1558,92,2026-08-07,33.53
1559,92,2026-07-02,37.21
1560,92,2026-07-07,33.49
1561,93,2026-09-09,79.87
1562,93,2026-04-11,46.2
1563,93,2025-11-17,72.0
1564,93,2026-06-28,64.16
1565,93,2025-11-18,25.48
1566,93,2025-10-16,57.64
1567,93,2026-03-13,70.76
1568,93,2026-03-11,44.59
1569,93,2026-02-25,40.28
1570,93,2026-08-15,22.18
1571,93,2025-11-14,61.21
1572,93,2025-12-26,49.43
1573,93,2025-11-10,29.72
1574,93,2026-07-31,38.86
1575,93,2025-12-04,48.24
1576,94,2026-08-22,66.29
1577,94,2026-07-26,49.11
1578,94,2026-02-17,40.14
1579,94,2026-01-10,37.3
1580,94,2025-12-29,54.38
1581,94,2025-12-11,84.38
1582,94,2026-01-27,42.96
1583,94,2026-01-02,87.45
1584,94,2026-07-24,53.23
1585,94,2025-12-01,53.41
1586,94,2026-04-23,132.82
1587,94,2026-02-22,94.67
1588,94,2026-02-23,95.78
1589,94,2025-10-03,31.43
1590,94,2026-05-07,120.68
1591,94,2026-04-17,43.37
1592,94,2025-12-14,40.62
1593,94,2026-01-25,17.03
1594,95,2026-05-30,210.84
1595,95,2026-03-13,46.65
1596,95,2025-11-06,115.31
1597,95,2026-04-09,79.02
1598,96,2026-07-01,34.26
1599,96,2026-05-27,50.71
1600,96,2026-01-24,15.43
1601,97,2026-09-01,50.23
1602,97,2026-08-06,69.27
1603,97,2026-04-11,56.76
1604,97,2026-04-21,34.16
1605,97,2025-12-07,21.42
1606,97,2026-01-07,29.65
1607,97,2026-08-13,33.27
1608,97,2026-03-15,32.13
1609,97,2025-12-04,69.97
1610,97,2025-12-25,69.65
1611,97,2026-03-15,121.75
1612,97,2026-02-04,31.91
1613,97,2026-02-22,92.34
1614,97,2026-06-15,92.09
1615,97,2026-02-21,40.53
1616,97,2026-01-14,55.69
1617,97,2026-08-13,78.65
1618,97,2026-01-07,43.82
1619,97,2026-06-08,42.32
1620,97,2026-08-30,33.93
1621,97,2025-12-18,15.56
1622,97,2026-04-22,46.45
1623,97,2026-04-14,32.69
1624,97,2026-02-01,27.74
1625,98,2026-09-08,107.46
1626,98,2026-02-25,116.09
1627,98,2025-12-24,182.51
1628,98,2026-01-18,405.51
1629,98,2026-01-08,151.31
1630,98,2026-04-29,160.57
1631,98,2026-03-24,159.09
1632,98,2025-11-18,165.31
1633,98,2025-11-09,208.94
1634,98,2026-08-20,118.05
1635,98,2025-11-21,342.09
1636,98,2025-11-02,196.75
1637,98,2025-10-16,640.8
1638,98,2026-06-07,123.84
1639,98,2026-03-18,429.47
1640,98,2026-08-25,392.77
1641,98,2026-08-01,174.49
1642,98,2026-02-25,175.8
1643,98,2026-06-29,138.73
1644,98,2026-06-22,139.45
1645,98,2026-05-28,209.94
1646,98,2026-04-02,211.96
1647,98,2026-07-17,102.11
1648,98,2025-12-03,589.45
1649,98,2026-01-19,186.85
1650,98,2025-12-07,216.29
1651,98,2025-10-21,158.43
1652,98,2026-02-12,186.22
1653,98,2026-05-06,178.76
1654,98,2025-10-03,209.72
1655,98,2026-02-24,208.63
1656,98,2026-03-31,301.66
1657,98,2026-04-17,232.61
1658,98,2026-08-26,288.31
1659,99,2026-09-17,134.85
1660,99,2025-12-24,243.86
1661,99,2025-12-25,158.77
1662,99,2025-10-12,149.28
1663,99,2026-08-01,168.84
1664,99,2026-05-11,291.62
1665,99,2025-12-16,138.01
1666,99,2026-04-17,204.94
1667,99,2026-01-27,177.1
1668,99,2025-12-29,303.71
1669,99,2025-11-06,307.56
1670,99,2026-06-29,91.95
1671,99,2026-06-17,336.1
1672,99,2026-04-02,159.54
1673,99,2026-03-21,233.56
1674,99,2025-10-29,137.63
1675,99,2026-09-04,248.17
1676,99,2026-06-22,661.97
1677,99,2025-10-27,222.37
1678,99,2026-02-10,170.75
1679,99,2026-01-19,189.17
1680,99,2026-06-20,108.42
1681,99,2026-02-07,403.08
1682,99,2026-05-08,241.75
1683,99,2025-12-30,130.99
1684,99,2026-08-16,132.92
1685,99,2026-06-08,211.45
1686,99,2026-01-30,319.42
1687,99,2026-02-14,125.11
1688,99,2025-11-21,346.59
1689,99,2025-12-06,201.52
1690,99,2026-09-12,138.17
1691,100,2026-07-21,153.46
1692,100,2026-06-25,216.98
1693,100,2026-06-05,181.35
1694,100,2026-06-05,41.22
1695,100,2025-10-13,78.09
1696,100,2025-12-01,112.74
1697,100,2026-03-05,72.05
1698,100,2026-03-22,200.75
1699,100,2025-10-06,187.36
1700,100,2025-12-17,62.34
1701,100,2025-10-23,83.66
1702,100,2026-06-24,64.23
1703,100,2026-02-13,82.43
1704,100,2025-12-17,81.32
1705,100,2026-07-11,138.27
1706,100,2026-02-18,60.34
1707,100,2026-07-05,27.72
1708,100,2025-10-25,43.72
1709,101,2026-08-18,57.66
1710,101,2026-05-04,76.62
1711,101,2026-07-18,70.43
1712,101,2025-10-20,129.52
1713,101,2025-12-24,83.96
1714,101,2026-05-21,144.41
1715,101,2026-02-01,53.58
1716,101,2026-03-20,88.02
1717,101,2026-05-04,69.45
1718,101,2026-05-09,51.84
1719,101,2026-07-25,87.31
1720,101,2025-10-04,196.3
1721,101,2025-10-20,61.31
1722,102,2026-06-13,16.28
1723,102,2026-05-19,25.57
1724,102,2026-02-23,34.23
1725,102,2026-05-21,21.1
1726,102,2026-02-22,34.98
1727,103,2026-04-08,194.73
1728,103,2025-11-09,240.4
1729,103,2026-02-11,76.85
1730,104,2026-08-25,126.12
1731,104,2026-01-04,109.71
1732,104,2026-02-17,108.37
1733,104,2025-11-10,101.97
1734,104,2026-05-18,108.12
1735,104,2026-03-02,111.47
1736,104,2026-05-18,47.84
1737,104,2026-07-19,63.07
1738,104,2025-11-06,56.64
1739,104,2026-03-12,148.12
1740,104,2026-08-08,189.46
1741,104,2025-11-23,33.91
1742,104,2025-10-15,181.99
1743,104,2026-01-16,93.58
1744,104,2026-05-08,141.96
1745,104,2025-11-11,113.04
1746,104,2025-12-22,172.08
1747,104,2026-05-22,98.91
1748,104,2026-05-07,48.73
1749,105,2026-08-25,36.65
1750,105,2026-02-08,68.18
1751,105,2026-01-08,154.25
1752,105,2026-05-27,52.78
1753,105,2026-02-20,123.5
1754,105,2025-12-13,324.34
1755,105,2025-10-31,173.11
1756,105,2026-02-17,95.57
1757,105,2026-06-06,132.44
1758,105,2025-12-30,48.59
1759,105,2026-06-30,44.33
1760,106,2026-04-11,23.23
1761,107,2026-09-16,79.95
1762,107,2026-09-08,64.02
1763,107,2025-12-09,75.6
1764,107,2026-06-23,72.24
1765,107,2025-12-09,39.84
1766,107,2025-10-15,37.16
1767,107,2026-01-23,98.54
1768,107,2025-10-01,41.78
1769,107,2025-10-21,24.46
1770,107,2026-01-02,70.81
1771,107,2025-12-05,48.01
1772,107,2026-02-14,88.62
1773,107,2026-07-01,50.2
1774,107,2026-08-11,44.6
1775,107,2026-05-04,89.43
1776,107,2026-03-31,22.52
1777,107,2026-05-15,34.58
1778,107,2026-08-11,30.19
1779,107,2026-03-21,16.76
1780,107,2026-03-23,66.66
1781,107,2025-10-12,35.02
1782,108,2026-07-03,61.22
1783,108,2026-05-25,115.1
1784,108,2026-05-29,81.83
1785,108,2026-05-07,101.66
1786,109,2026-09-13,249.3
1787,109,2026-07-12,329.21
1788,109,2026-04-16,254.86
1789,109,2026-08-05,108.24
1790,109,2026-01-28,196.91
1791,109,2026-05-30,101.41
1792,109,2026-05-20,281.23
1793,109,2026-08-10,393.94
1794,109,2026-06-03,120.12
1795,109,2026-06-30,155.24
1796,109,2026-09-02,141.18
1797,109,2026-02-18,171.2
1798,109,2025-10-06,252.83
1799,109,2026-07-31,172.04
1800,109,2026-08-26,281.67
1801,109,2026-08-09,339.18
1802,109,2026-03-05,344.78
1803,109,2025-11-26,126.97
1804,109,2026-05-27,391.81
1805,109,2026-08-03,406.2
1806,109,2026-08-11,422.34
1807,109,2026-02-11,195.6
1808,109,2026-05-11,149.72
1809,109,2026-05-12,134.85
1810,109,2026-06-21,127.91
1811,109,2025-11-01,211.11
1812,109,2026-05-04,307.55
1813,109,2026-01-07,378.06
1814,109,2025-12-25,168.78
1815,109,2026-08-24,206.38
1816,109,2026-06-18,200.38
1817,109,2025-11-01,157.78
1818,110,2026-08-19,100.0
1819,110,2026-06-25,105.09
1820,110,2025-10-11,146.44
1821,110,2026-07-11,56.21
1822,110,2025-10-14,163.38
1823,110,2026-07-13,90.94
1824,110,2026-07-19,71.67
1825,110,2025-10-27,70.69
1826,110,2025-10-13,57.35
1827,110,2025-10-30,41.12
1828,110,2025-12-08,122.08
1829,110,2026-03-11,219.47
1830,110,2026-07-16,43.46
1831,111,2026-09-07,83.08
1832,111,2025-11-19,40.46
1833,111,2026-01-25,25.0
1834,111,2025-09-30,44.18
1835,111,2026-01-14,45.3
1836,111,2026-04-19,91.03
1837,111,2026-02-20,49.86
1838,111,2026-02-03,45.34
1839,111,2025-11-11,46.51
1840,111,2026-06-11,53.87
1841,111,2026-06-13,59.65
1842,111,2026-06-29,32.48
1843,111,2026-08-19,27.96
1844,111,2026-01-16,83.38
1845,111,2025-10-09,21.5
1846,111,2026-02-07,94.03
1847,111,2026-08-17,19.05
1848,111,2026-05-04,34.59
1849,111,2025-10-29,69.69
1850,111,2026-08-21,45.01
1851,111,2026-02-07,24.88
1852,111,2026-04-08,54.52
1853,111,2025-10-24,46.38
1854,111,2026-03-13,40.83
1855,111,2026-02-23,33.98
1856,111,2025-12-31,44.3
1857,112,2026-01-23,94.28
1858,112,2025-10-17,55.34
1859,112,2025-11-18,72.63
1860,112,2025-11-05,121.1
1861,113,2026-07-28,62.52
1862,113,2025-12-27,176.47
1863,113,2026-07-19,185.36
1864,113,2025-10-20,116.58
1865,113,2026-01-23,93.98
1866,113,2026-05-10,138.95
1867,114,2026-08-28,49.5
1868,114,2025-12-19,62.8
1869,114,2026-01-18,77.93
1870,114,2026-03-30,32.02
1871,114,2025-12-10,41.64
1872,114,2026-01-30,37.21
1873,114,2025-12-16,34.89
1874,114,2025-12-25,21.75
1875,114,2026-03-14,45.49
1876,114,2026-05-11,55.83
1877,114,2026-02-13,41.97
1878,114,2026-01-26,44.82
1879,114,2026-02-17,54.32
1880,114,2026-03-05,84.92
1881,114,2026-05-05,37.25
1882,114,2026-07-14,26.56
1883,114,2026-04-06,43.21
1884,114,2025-11-04,105.03
1885,114,2025-12-30,26.69
1886,114,2025-12-17,60.29
1887,115,2026-09-12,136.2
1888,115,2026-03-10,183.33
1889,115,2025-12-14,77.52
1890,115,2026-06-20,355.89
1891,115,2025-10-07,194.0
1892,115,2026-07-31,283.91
1893,115,2026-02-19,260.23
1894,115,2026-05-15,268.95
1895,115,2025-10-29,209.27
1896,115,2026-06-18,250.09
1897,115,2026-01-30,136.26
1898,115,2026-07-19,123.97
1899,115,2026-07-11,200.66
1900,115,2026-04-19,154.66
1901,115,2025-12-05,398.84
1902,115,2026-06-07,248.62
1903,115,2026-01-11,152.12
1904,115,2026-02-23,185.85
1905,115,2025-10-03,222.95
1906,115,2026-05-30,203.67
1907,115,2026-06-19,237.32
1908,115,2025-10-30,216.59
1909,115,2026-05-18,112.32
1910,115,2026-06-29,79.77
1911,115,2025-11-27,177.5
1912,115,2025-11-30,270.25
1913,115,2026-08-21,178.4
1914,115,2025-11-15,366.34
1915,115,2026-02-02,205.62
1916,115,2026-06-06,386.78
1917,115,2026-03-08,352.65
1918,115,2026-06-20,337.03
1919,115,2026-07-15,122.18
1920,115,2026-07-28,211.63
1921,116,2026-06-06,47.34
1922,116,2026-04-26,91.03
1923,116,2026-04-29,60.09
1924,116,2026-05-12,132.8
1925,116,2026-05-10,60.31
1926,116,2025-11-08,101.66
1927,116,2026-05-27,53.71
1928,116,2026-02-04,289.85
1929,116,2026-01-02,112.89
1930,116,2025-12-18,84.3
1931,116,2026-05-21,78.88
1932,116,2025-10-31,70.15
1933,116,2026-02-15,63.91
1934,117,2026-01-30,50.79
1935,117,2026-01-28,21.15
1936,117,2025-11-08,39.88
1937,117,2025-10-26,22.21
1938,118,2026-02-15,42.01
1939,118,2026-01-26,27.85
1940,118,2025-11-30,24.26
1941,119,2026-09-12,79.31
1942,119,2026-06-06,57.17
1943,119,2025-09-28,83.54
1944,119,2026-01-26,45.17
1945,119,2026-04-30,61.39
1946,119,2026-04-03,70.72
1947,119,2026-03-17,71.18
1948,119,2026-03-02,67.96
1949,119,2026-04-29,59.78
1950,119,2025-10-05,108.57
1951,119,2026-06-02,35.3
1952,119,2026-04-15,41.96
1953,119,2026-09-10,40.86
1954,119,2026-03-23,38.13
1955,120,2026-08-25,17.99
1956,120,2025-11-13,32.74
1957,120,2026-04-17,21.89
1958,121,2026-08-05,57.94
1959,121,2025-12-02,18.52
1960,121,2026-05-29,26.0
1961,122,2026-07-11,60.25
1962,122,2025-10-20,16.64
1963,122,2025-10-08,58.88
1964,122,2026-01-03,23.16
1965,123,2026-09-13,206.37
1966,123,2025-12-05,375.38
1967,123,2025-12-31,311.78
1968,123,2026-07-27,254.31
1969,123,2025-12-15,161.59
1970,123,2026-03-13,257.83
1971,123,2026-05-24,113.84
1972,123,2026-04-06,158.61
1973,123,2026-03-15,399.92
1974,123,2026-07-01,377.29
1975,123,2026-02-11,255.69
1976,123,2026-02-03,88.14
1977,123,2026-05-07,121.93
1978,123,2026-04-04,154.68
1979,123,2026-02-08,194.39
1980,123,2026-03-20,119.63
1981,123,2026-04-13,187.97
1982,123,2025-10-11,465.16
1983,123,2025-11-08,251.51
1984,123,2026-05-02,231.73
1985,123,2026-01-03,132.85
1986,123,2025-12-02,100.44
1987,123,2026-08-05,120.83
1988,123,2026-02-17,98.63
1989,123,2025-12-05,217.21
1990,123,2026-08-24,249.6
1991,123,2026-05-17,136.01
1992,123,2025-12-06,224.45
1993,123,2025-10-18,406.73
1994,123,2025-09-28,506.78
1995,123,2026-02-13,297.02
1996,123,2026-08-29,194.11
1997,123,2026-09-04,292.73
1998,123,2025-12-01,385.84
1999,123,2025-12-28,85.1
2000,123,2026-07-07,409.13
2001,123,2026-07-29,164.36
2002,124,2026-09-03,38.76
2003,124,2025-11-08,56.64
2004,124,2026-05-28,32.84
2005,124,2026-05-03,76.95
2006,124,2025-11-25,24.08
2007,124,2026-03-07,21.59
2008,124,2026-01-14,42.35
2009,124,2026-05-17,30.8
2010,124,2026-02-05,25.55
2011,124,2026-03-20,33.78
2012,124,2025-10-19,31.94
2013,124,2026-03-19,45.21
2014,124,2026-08-04,34.04
2015,124,2025-12-25,35.31
2016,124,2025-10-11,44.9
2017,124,2025-11-05,71.03
2018,124,2026-07-31,87.23
2019,124,2025-09-26,48.09
2020,124,2026-05-07,49.81
2021,124,2025-11-21,41.44
2022,124,2026-01-30,55.88
2023,124,2025-10-05,53.64
2024,124,2026-05-09,81.72
2025,124,2026-02-07,19.24
2026,124,2026-01-12,40.49
2027,125,2026-09-21,117.33
2028,125,2026-06-12,132.23
2029,125,2026-02-10,114.34
2030,125,2026-01-26,196.42
2031,125,2026-02-09,233.14
2032,125,2026-05-23,109.39
2033,125,2025-11-14,216.97
2034,125,2026-08-24,141.64
2035,125,2025-11-29,129.8
2036,125,2025-10-17,158.49
2037,125,2026-01-17,126.84
2038,125,2026-04-19,275.92
2039,125,2026-05-07,194.71
2040,125,2026-04-17,303.07
2041,125,2026-07-23,172.01
2042,125,2026-07-03,174.96
2043,125,2026-02-04,487.91
2044,125,2026-03-07,101.16
2045,125,2026-03-26,374.32
2046,125,2026-04-03,442.15
2047,125,2026-08-24,296.4
2048,125,2025-11-12,180.98
2049,125,2025-10-12,399.1
2050,125,2026-06-25,181.69
2051,125,2026-05-31,152.86
2052,125,2026-02-06,176.34
2053,125,2026-09-21,162.47
2054,125,2026-08-16,137.16
2055,125,2025-10-31,346.06
2056,125,2026-07-21,148.27
2057,125,2026-02-25,207.22
2058,125,2025-11-07,109.66
2059,125,2025-12-31,212.93
2060,125,2026-06-15,124.83
2061,125,2026-07-28,123.46
2062,125,2026-01-05,199.92
2063,125,2026-04-28,337.9
2064,125,2025-10-07,256.03
2065,125,2026-02-01,264.07
2066,125,2026-09-18,198.07
2067,125,2026-06-23,180.56
2068,126,2026-08-22,42.18
2069,126,2025-10-12,29.88
2070,126,2026-06-14,33.02
2071,126,2025-12-27,82.17
2072,126,2025-10-06,55.71
2073,126,2026-05-01,71.5
2074,126,2026-07-18,24.89
2075,126,2026-04-15,60.42
2076,126,2026-02-06,29.06
2077,126,2026-01-26,24.65
2078,126,2026-03-16,50.1
2079,126,2025-10-18,49.87
2080,126,2026-02-12,46.09
2081,126,2026-01-22,62.15
2082,126,2025-10-10,66.67
2083,126,2025-10-16,87.19
2084,126,2026-05-02,26.34
2085,126,2026-05-20,88.46
2086,126,2025-12-18,104.97
2087,126,2026-03-02,38.16
2088,126,2026-03-27,21.24
2089,126,2026-01-03,24.15
2090,126,2026-01-16,36.56
2091,126,2025-10-24,111.39
2092,126,2026-04-23,45.35
2093,126,2025-12-16,34.09
2094,127,2026-05-07,56.7
2095,127,2026-03-18,158.16
2096,127,2026-05-02,88.3
2097,127,2026-04-20,161.19
2098,127,2026-04-21,111.62
2099,128,2026-09-13,293.76
2100,128,2025-10-09,253.23
2101,128,2026-06-06,317.38
2102,128,2026-01-03,166.58
2103,128,2026-05-20,147.12
2104,128,2026-04-09,248.98
2105,128,2026-01-26,184.11
2106,128,2025-10-02,120.68
2107,128,2026-02-28,502.42
2108,128,2026-01-06,147.08
2109,128,2026-02-16,134.29
2110,128,2026-04-17,188.32
2111,128,2025-10-19,369.04
2112,128,2025-10-09,79.21
2113,128,2026-05-27,355.51
2114,128,2025-11-01,139.34
2115,128,2026-04-07,236.55
2116,128,2025-12-26,154.92
2117,128,2026-03-15,514.64
2118,128,2025-12-17,222.11
2119,128,2025-11-10,152.7
2120,128,2026-04-17,183.39
2121,128,2026-01-09,218.64
2122,128,2026-03-18,227.48
2123,128,2025-12-05,255.84
2124,128,2026-07-08,209.87
2125,128,2025-12-30,113.0
2126,128,2026-02-15,180.19
2127,128,2026-04-07,275.92
2128,128,2026-05-06,155.35
2129,128,2026-01-09,284.25
2130,129,2026-09-17,181.08
2131,129,2026-05-16,165.98
2132,129,2025-11-02,122.99
2133,129,2026-01-13,99.87
2134,129,2026-02-19,173.55
2135,129,2026-04-01,186.49
2136,129,2026-08-23,220.16
2137,129,2026-05-31,269.67
2138,129,2026-09-14,228.55
2139,129,2026-05-10,187.07
2140,129,2026-04-01,139.11
2141,129,2026-02-11,311.62
2142,129,2026-05-14,200.59
2143,129,2026-06-19,172.76
2144,129,2026-01-07,193.1
2145,129,2026-07-25,151.01
2146,129,2026-08-04,165.39
2147,129,2026-01-12,163.04
2148,129,2026-02-20,184.53
2149,129,2025-11-11,282.08
2150,129,2025-12-28,252.22
2151,129,2025-10-31,421.21
2152,129,2026-01-23,362.27
2153,129,2025-11-21,506.49
2154,129,2026-07-19,270.08
2155,129,2026-03-12,268.14
2156,129,2025-10-15,168.64
2157,129,2025-12-10,304.54
2158,129,2026-04-27,156.31
2159,129,2025-10-22,108.35
2160,130,2026-07-30,38.07
2161,130,2026-01-16,52.57
2162,131,2026-09-09,249.99
2163,131,2026-08-02,393.0
2164,131,2026-01-28,264.93
2165,131,2026-06-13,333.28
2166,131,2026-08-11,345.92
2167,131,2025-11-04,132.77
2168,131,2026-05-16,255.88
2169,131,2025-10-28,328.63
2170,131,2025-12-16,172.59
2171,131,2025-10-10,147.13
2172,131,2026-01-22,266.61
2173,131,2026-07-08,107.81
2174,131,2026-08-28,128.7
2175,131,2026-06-16,155.57
2176,131,2026-04-09,257.2
2177,131,2026-02-04,231.74
2178,131,2025-11-01,334.18
2179,131,2026-07-22,138.69
2180,131,2026-01-31,135.39
2181,131,2026-08-11,265.83
2182,131,2026-03-25,146.6
2183,131,2026-08-15,160.06
2184,131,2026-05-02,91.06
2185,131,2026-02-10,239.36
2186,131,2025-12-26,420.18
2187,131,2025-12-03,132.15
2188,131,2026-03-10,332.58
2189,131,2026-06-11,204.46
2190,131,2025-10-26,94.89
2191,131,2025-10-19,140.4
2192,132,2026-08-11,90.06
2193,132,2025-12-24,39.79
2194,132,2026-02-11,90.74
2195,132,2026-05-08,52.32
2196,132,2026-02-22,90.48
2197,132,2026-02-21,159.35
2198,132,2025-10-11,110.85
2199,132,2026-04-13,97.48
2200,132,2026-04-30,70.94
2201,132,2025-12-15,92.75
2202,132,2026-01-20,115.96
2203,133,2026-02-12,27.01
2204,133,2025-12-02,17.33
2205,133,2026-01-10,57.32
2206,133,2025-12-22,42.43
2207,133,2025-10-08,67.39
2208,134,2026-07-02,149.33
2209,134,2026-05-30,118.72
2210,134,2026-06-28,141.55
2211,134,2026-02-22,99.3
2212,134,2026-04-19,178.69
2213,135,2026-04-03,14.39
2214,135,2025-11-24,52.44
2215,135,2025-12-07,24.21
2216,136,2026-09-05,210.6
2217,136,2026-04-29,225.21
2218,136,2026-01-19,233.39
2219,136,2025-10-25,198.61
2220,136,2026-07-07,153.11
2221,136,2025-10-04,280.52
2222,136,2025-11-27,199.71
2223,136,2026-08-13,168.02
2224,136,2025-11-19,408.75
2225,136,2026-01-27,198.84
2226,136,2025-10-03,343.26
2227,136,2026-06-25,364.74
2228,136,2025-09-28,374.86
2229,136,2026-08-20,286.61
2230,136,2026-08-10,209.94
2231,136,2026-04-04,204.03
2232,136,2026-01-22,188.15
2233,136,2026-07-10,79.2
2234,136,2026-06-03,290.2
2235,136,2026-04-24,234.42
2236,136,2026-07-24,304.48
2237,136,2026-07-07,199.23
2238,136,2026-07-16,283.24
2239,136,2025-10-11,112.98
2240,136,2025-10-17,124.08
2241,136,2026-02-01,68.91
2242,136,2026-01-13,197.68
2243,136,2026-07-20,148.33
2244,136,2026-08-19,139.85
2245,136,2026-04-28,244.13
2246,136,2025-10-01,173.4
2247,136,2026-03-25,110.19
2248,136,2025-12-01,660.01
2249,136,2026-05-01,206.53
2250,136,2026-05-22,128.98
2251,136,2025-11-29,155.35
2252,136,2026-03-27,194.26
2253,136,2025-12-27,194.08
2254,136,2025-12-29,377.32
2255,136,2025-12-29,202.63
2256,136,2026-01-15,483.94
2257,136,2025-11-30,172.87
2258,136,2026-03-30,254.42
2259,136,2026-05-24,332.62
2260,136,2026-03-13,359.58
2261,136,2026-05-17,378.97
2262,137,2026-09-24,102.48
2263,137,2026-09-09,118.43
2264,137,2026-02-07,74.69
2265,137,2026-01-22,87.68
2266,137,2026-08-08,33.77
2267,137,2026-05-31,106.6
2268,137,2026-08-18,94.09
2269,137,2026-09-21,54.85
2270,137,2026-05-05,85.86
2271,137,2026-02-10,80.14
2272,137,2026-05-13,199.09
2273,137,2026-09-10,55.83
2274,137,2026-07-06,104.48
2275,137,2026-04-20,55.09
2276,137,2026-05-18,70.02
2277,137,2025-11-28,101.94
2278,137,2026-02-19,81.83
2279,137,2025-09-26,89.76
2280,137,2026-07-23,104.54
2281,138,2026-09-11,99.47
2282,138,2026-05-05,16.63
2283,138,2025-10-05,77.0
2284,138,2026-01-26,31.1
2285,138,2026-04-20,76.75
2286,138,2026-01-28,16.7
2287,138,2026-07-27,40.48
2288,138,2025-11-29,86.57
2289,138,2026-03-08,62.03
2290,138,2026-07-16,38.66
2291,138,2026-04-15,18.77
2292,138,2026-05-29,24.82
2293,138,2026-05-12,84.08
2294,138,2026-08-25,38.47
2295,138,2026-09-06,43.57
2296,138,2026-05-12,51.12
2297,138,2026-05-29,25.04
2298,138,2025-09-26,54.05
2299,138,2026-06-11,37.26
2300,138,2026-05-19,51.36
2301,139,2026-09-02,102.62
2302,139,2026-08-30,70.05
2303,139,2026-04-23,46.05
2304,139,2026-03-01,147.97
2305,139,2025-12-15,64.39
2306,139,2026-07-18,92.97
2307,139,2026-03-23,259.43
2308,139,2026-06-27,129.09
2309,139,2026-07-12,185.83
2310,139,2026-07-23,70.64
2311,139,2025-12-17,145.73
2312,139,2025-10-23,91.09
2313,139,2026-01-19,106.11
2314,139,2026-04-26,223.45
2315,139,2025-10-13,79.39
2316,140,2026-09-07,122.45
2317,140,2026-04-15,177.36
2318,140,2026-07-11,152.36
2319,140,2026-07-20,102.18
2320,140,2026-01-05,308.93
2321,140,2026-08-29,236.04
2322,140,2026-04-01,223.68
2323,140,2026-05-08,153.67
2324,140,2025-10-24,217.64
2325,140,2025-09-26,264.7
2326,140,2026-03-23,186.4
2327,140,2026-02-18,256.51
2328,140,2026-04-29,146.77
2329,140,2025-12-12,219.42
2330,140,2026-05-28,351.16
2331,140,2025-12-23,365.59
2332,140,2025-10-29,381.66
2333,140,2026-07-10,238.8
2334,140,2026-06-21,213.01
2335,140,2026-04-29,171.6
2336,140,2025-11-24,93.11
2337,140,2026-01-28,114.65
2338,140,2026-07-02,194.7
2339,140,2026-05-03,200.01
2340,140,2026-01-27,396.47
2341,140,2025-10-08,379.47
2342,140,2026-04-04,154.19
2343,140,2026-08-13,303.49
2344,140,2026-08-02,169.43
2345,140,2026-08-29,285.51
2346,140,2026-07-26,301.82
2347,140,2026-04-17,367.25
2348,140,2026-06-02,168.24
2349,140,2026-05-26,331.47
2350,140,2025-12-15,90.41
2351,140,2026-03-26,376.31
2352,140,2025-12-29,207.65
2353,141,2026-09-12,124.18
2354,141,2025-12-21,75.82
2355,141,2026-01-21,64.99
2356,141,2026-04-13,51.91
2357,141,2026-08-05,62.51
2358,141,2026-05-05,63.43
2359,141,2026-06-15,16.85
2360,141,2026-07-03,53.75
2361,141,2026-01-02,41.86
2362,141,2026-03-28,35.94
2363,141,2025-12-07,41.21
2364,141,2026-07-26,22.34
2365,141,2025-09-30,19.98
2366,141,2026-03-30,78.85
2367,141,2026-06-15,55.4
2368,141,2026-05-08,15.19
2369,141,2025-11-20,34.72
2370,141,2026-01-06,66.88
2371,141,2026-07-14,39.67
2372,141,2025-09-29,78.8
2373,141,2026-07-28,72.17
2374,142,2026-09-12,105.67
2375,142,2026-01-02,15.77
2376,142,2026-08-17,19.37
2377,142,2026-08-22,53.46
2378,142,2026-08-30,39.94
2379,142,2025-12-03,23.57
2380,142,2026-02-23,28.0
2381,142,2026-01-12,29.69
2382,142,2026-07-20,67.24
2383,142,2025-10-23,77.65
2384,142,2025-12-02,94.11
2385,142,2026-03-25,22.01
2386,142,2025-10-31,24.32
2387,142,2026-07-24,23.59
2388,142,2026-06-02,80.37
2389,142,2026-08-26,54.29
2390,142,2026-07-17,46.65
2391,142,2025-11-20,49.9
2392,142,2026-04-21,43.86
2393,142,2026-01-28,27.17
2394,142,2025-11-06,56.69
2395,142,2025-12-18,41.38
2396,142,2026-04-25,26.22
2397,143,2026-08-17,121.56
2398,143,2026-02-11,41.41
2399,143,2026-07-31,85.27
2400,143,2026-01-25,79.54
2401,143,2026-01-22,172.66
2402,143,2026-02-04,83.89
2403,143,2025-12-25,118.32
2404,143,2026-02-17,40.73
2405,143,2025-12-31,76.82
2406,143,2026-03-12,61.49
2407,143,2026-06-30,274.18
2408,143,2026-07-22,66.67
2409,143,2025-10-26,93.02
2410,143,2026-03-27,95.28
2411,143,2026-05-04,44.02
2412,143,2026-05-14,71.03
2413,144,2026-09-24,65.95
2414,144,2026-09-06,36.86
2415,144,2025-09-30,37.99
2416,144,2026-07-22,23.4
2417,144,2026-05-06,93.38
2418,144,2025-11-21,35.59
2419,144,2026-04-04,91.42
2420,144,2026-01-11,37.06
2421,144,2026-02-01,29.64
2422,144,2026-05-27,81.49
2423,144,2025-12-28,43.54
2424,144,2026-06-30,43.73
2425,144,2025-12-26,25.28
2426,144,2026-08-09,36.63
2427,144,2026-01-15,54.57
2428,144,2026-08-15,25.08
2429,144,2025-11-12,35.31
2430,144,2026-02-09,37.24
2431,144,2026-09-10,46.37
2432,145,2026-09-15,27.29
2433,145,2026-08-08,138.5
2434,145,2026-05-23,35.73
2435,145,2026-09-07,38.43
2436,145,2026-01-04,26.08
2437,145,2026-09-10,26.44
2438,145,2026-08-29,69.75
2439,145,2026-07-21,124.99
2440,145,2026-05-23,34.86
2441,145,2026-09-08,52.61
2442,145,2026-02-04,49.69
2443,145,2026-07-30,70.58
2444,145,2025-12-04,122.13
2445,145,2026-03-01,89.22
2446,145,2026-08-17,40.42
2447,145,2026-04-26,57.09
2448,145,2026-07-28,59.7
2449,145,2025-10-02,44.59
2450,145,2026-02-17,27.48
2451,145,2025-12-02,31.41
2452,145,2026-05-06,75.44
2453,145,2026-07-25,79.02
2454,145,2026-06-24,40.99
2455,145,2026-04-21,50.61
2456,145,2025-12-16,77.13
2457,145,2026-04-16,20.9
2458,146,2026-07-03,76.95
2459,146,2025-10-05,154.57
2460,146,2026-03-19,116.61
2461,146,2026-05-12,101.78
2462,146,2026-04-18,65.76
2463,146,2026-05-26,88.74
2464,146,2026-01-13,146.3
2465,146,2026-02-08,131.78
2466,146,2026-03-25,84.71
2467,147,2026-09-07,186.89
2468,147,2025-10-24,126.26
2469,147,2026-05-02,165.78
2470,147,2025-11-01,86.55
2471,147,2026-04-13,66.36
2472,147,2026-05-09,65.42
2473,147,2026-05-14,118.32
2474,148,2026-09-11,30.78
2475,148,2026-07-16,71.6
2476,148,2026-02-03,45.45
2477,148,2026-07-22,68.96
2478,148,2026-05-04,94.39
2479,148,2026-05-24,56.88
2480,148,2026-06-26,52.88
2481,148,2026-07-28,189.95
2482,148,2026-01-24,49.39
2483,148,2025-12-19,27.55
2484,148,2026-04-26,39.65
2485,148,2026-06-05,90.46
2486,148,2026-07-18,25.14
2487,148,2026-01-17,32.07
2488,148,2025-12-02,74.04
2489,148,2026-03-03,39.82
2490,149,2026-09-15,49.63
2491,149,2026-04-15,43.93
2492,149,2025-10-15,66.35
2493,149,2026-08-10,61.56
2494,149,2026-06-25,34.7
2495,149,2025-10-13,126.8
2496,149,2026-01-13,44.51
2497,149,2026-01-29,50.05
2498,149,2026-04-25,57.67
2499,149,2026-03-02,52.58
2500,149,2026-03-06,89.4
2501,149,2026-07-07,34.51
2502,149,2026-02-26,64.02
2503,149,2026-03-16,48.46
2504,149,2026-05-27,70.03
2505,149,2026-05-17,40.85
2506,149,2025-12-17,38.44
2507,149,2026-01-19,62.56
2508,149,2026-04-02,52.87
2509,149,2026-02-13,31.11
2510,149,2026-06-22,82.45
2511,149,2026-03-22,62.57
2512,149,2026-02-28,43.52
2513,149,2026-06-18,36.45
2514,149,2026-07-17,53.01
2515,149,2026-03-13,60.57
2516,149,2025-10-17,21.96
2517,149,2026-04-05,53.29
2518,149,2025-10-30,60.36
2519,149,2025-11-17,15.61
2520,150,2026-09-10,154.1
2521,150,2025-12-02,570.53
2522,150,2026-01-10,295.21
2523,150,2025-10-31,346.45
2524,150,2026-02-22,188.59
2525,150,2026-02-23,209.84
2526,150,2026-02-27,287.66
2527,150,2026-06-10,167.25
2528,150,2026-04-11,184.2
2529,150,2026-07-13,155.01
2530,150,2026-04-13,171.7
2531,150,2026-07-20,214.68
2532,150,2026-03-23,145.09
2533,150,2025-10-12,238.84
2534,150,2026-04-05,238.69
2535,150,2025-12-26,193.73
2536,150,2026-04-10,144.71
2537,150,2025-10-28,220.16
2538,150,2026-06-29,167.32
2539,150,2025-11-22,214.45
2540,150,2025-12-31,344.21
2541,150,2025-11-03,119.5
2542,150,2026-07-26,558.46
2543,150,2025-11-01,203.26
2544,150,2025-10-27,252.76
2545,150,2026-05-30,149.66
2546,150,2026-02-04,351.11
2547,150,2026-02-17,198.46
2548,150,2026-08-24,175.87
2549,150,2026-03-11,162.09
2550,150,2026-01-23,186.1
2551,150,2026-07-01,253.5
2552,150,2026-05-07,226.98
2553,150,2026-02-18,206.27
2554,151,2026-09-03,106.96
2555,151,2025-10-20,83.43
2556,151,2026-02-03,41.09
2557,151,2026-03-02,81.67
2558,151,2026-07-04,76.01
2559,151,2026-08-16,56.39
2560,151,2026-08-15,69.72
2561,151,2026-02-01,95.64
2562,152,2026-06-26,57.71
2563,152,2026-04-08,116.52
2564,152,2026-03-11,165.31
2565,152,2026-04-21,131.44
2566,152,2026-01-20,142.72
2567,152,2026-03-03,48.37
2568,152,2026-06-10,80.67
2569,152,2026-01-10,111.07
2570,153,2026-09-05,233.95
2571,153,2026-01-26,101.41
2572,153,2025-12-20,158.87
2573,153,2026-02-04,336.81
2574,153,2026-05-23,226.67
2575,153,2026-05-30,220.44
2576,153,2026-03-26,232.6
2577,153,2026-03-06,109.69
2578,153,2025-11-02,201.07
2579,153,2026-06-07,395.78
2580,153,2026-02-14,342.45
2581,153,2026-01-12,198.5
2582,153,2026-09-01,424.43
2583,153,2025-10-31,119.17
2584,153,2025-09-28,135.62
2585,153,2026-08-07,485.77
2586,153,2026-06-07,272.38
2587,153,2025-12-08,184.4
2588,153,2025-11-30,204.84
2589,153,2026-07-14,146.08
2590,153,2025-10-24,237.83
2591,153,2026-05-15,229.51
2592,153,2026-05-27,211.89
2593,153,2026-05-05,124.61
2594,153,2026-01-17,236.57
2595,153,2026-06-26,165.48
2596,153,2026-03-02,134.75
2597,153,2026-08-11,371.35
2598,153,2026-07-17,557.51
2599,154,2026-08-31,24.31
2600,154,2025-12-13,29.4
2601,154,2025-11-26,22.53
2602,154,2026-07-28,23.26
2603,154,2026-05-31,29.05
2604,154,2026-05-08,78.39
2605,154,2026-07-23,39.1
2606,154,2026-03-04,45.64
2607,154,2026-08-20,29.27
2608,154,2026-02-04,59.84
2609,154,2026-02-17,104.66
2610,154,2026-02-10,30.18
2611,154,2025-10-25,97.79
2612,154,2025-12-07,53.02
2613,154,2026-06-04,45.34
2614,154,2026-02-18,53.88
2615,154,2025-12-02,53.65
2616,154,2025-11-15,103.79
2617,154,2026-01-25,56.87
2618,155,2026-09-15,253.6
2619,155,2026-08-16,132.26
2620,155,2026-08-17,149.68
2621,155,2025-12-29,448.49
2622,155,2026-05-09,148.94
2623,155,2026-05-02,280.2
2624,155,2026-01-19,137.28
2625,155,2026-04-29,330.59
2626,155,2026-02-24,154.2
2627,155,2026-09-11,136.14
2628,155,2026-07-12,152.41
2629,155,2026-03-09,163.68
2630,155,2025-10-11,251.94
2631,155,2025-12-19,216.66
2632,155,2026-04-20,128.29
2633,155,2025-10-07,207.38
2634,155,2026-06-10,125.53
2635,155,2025-11-03,280.54
2636,155,2026-04-25,304.67
2637,155,2026-08-16,207.75
2638,155,2026-09-15,237.31
2639,155,2025-10-02,462.0
2640,155,2026-01-31,195.62
2641,155,2026-07-24,137.3
2642,155,2025-09-28,272.53
2643,155,2026-09-01,126.14
2644,155,2026-05-20,191.01
2645,155,2025-12-24,160.38
2646,155,2026-08-28,153.13
2647,155,2025-10-29,187.65
2648,155,2026-01-18,314.84
2649,155,2025-10-13,345.38
2650,155,2025-11-22,318.59
2651,155,2025-11-27,244.32
2652,155,2026-06-27,187.0
2653,156,2026-04-26,28.26
2654,156,2026-03-14,36.93
2655,156,2025-11-30,26.82
2656,156,2026-03-31,55.98
2657,157,2026-08-26,83.59
2658,157,2026-01-12,102.55
2659,157,2026-07-09,84.08
2660,157,2025-12-09,92.97
2661,157,2025-12-23,76.41
2662,157,2026-04-04,54.69
2663,158,2026-05-12,40.77
2664,158,2026-01-28,22.56
2665,159,2025-10-30,29.52
2666,159,2025-10-28,25.8
2667,159,2025-10-02,35.0
2668,159,2025-10-01,61.94
2669,159,2025-10-11,33.57
2670,160,2026-08-10,67.39
2671,160,2026-01-05,20.78
2672,160,2026-02-17,77.0
2673,160,2025-10-15,60.06
2674,160,2026-07-20,81.87
2675,160,2025-10-13,90.07
2676,160,2025-12-01,199.41
2677,160,2025-12-26,103.23
2678,160,2025-11-20,104.6
2679,160,2026-07-25,112.49
2680,160,2026-06-04,133.24
2681,161,2026-09-09,247.86
2682,161,2026-08-03,290.65
2683,161,2025-12-24,236.79
2684,161,2025-12-05,282.79
2685,161,2026-05-23,140.2
2686,161,2026-05-31,250.15
2687,161,2026-03-12,433.03
2688,161,2026-03-17,98.6
2689,161,2025-11-13,261.69
2690,161,2026-02-15,284.76
2691,161,2025-10-07,405.31
2692,161,2026-06-18,291.15
2693,161,2026-06-03,219.7
2694,161,2026-06-17,254.84
2695,161,2026-01-25,150.86
2696,161,2026-08-29,176.36
2697,161,2025-11-13,115.13
2698,161,2025-12-14,410.05
2699,161,2025-09-30,257.15
2700,161,2025-10-10,139.05
2701,161,2026-08-16,237.27
2702,161,2025-12-23,353.83
2703,161,2026-03-18,328.28
2704,161,2025-12-27,138.33
2705,161,2025-11-09,51.26
2706,161,2026-02-18,250.89
2707,161,2026-09-08,140.9
2708,161,2025-11-12,277.87
2709,161,2026-04-10,322.06
2710,161,2026-04-02,346.62
2711,161,2026-02-18,460.47
2712,161,2025-10-26,366.31
2713,161,2026-03-10,461.46
2714,161,2026-06-29,390.6
2715,161,2025-12-28,406.22
2716,161,2026-02-01,206.17
2717,161,2026-08-18,117.56
2718,161,2026-03-08,641.71
2719,161,2025-12-09,216.03
2720,161,2025-11-05,365.05
2721,161,2026-06-03,163.94
2722,161,2026-03-11,324.04
2723,162,2026-08-26,50.78
2724,162,2025-11-23,204.99
2725,162,2026-08-09,125.41
2726,162,2026-08-07,89.11
2727,162,2025-12-13,43.42
2728,162,2025-12-29,59.19
2729,162,2025-10-31,119.57
2730,162,2026-01-04,105.53
2731,162,2026-02-08,37.49
2732,162,2026-07-18,119.64
2733,162,2025-12-13,44.43
2734,162,2026-06-10,165.52
2735,162,2026-07-22,98.86
2736,162,2025-12-24,73.06
2737,162,2026-02-11,140.52
2738,163,2026-02-02,41.43
2739,163,2026-01-14,115.27
2740,163,2025-12-30,124.04
2741,163,2025-10-13,99.93
2742,163,2025-11-18,53.56
2743,164,2026-09-21,193.13
2744,164,2026-02-28,72.84
2745,164,2026-06-21,200.87
2746,164,2025-11-02,259.51
2747,164,2026-04-27,292.99
2748,164,2026-08-23,141.29
2749,164,2026-05-28,185.99
2750,164,2025-11-10,325.94
2751,164,2025-12-04,204.41
2752,164,2026-01-02,105.55
2753,164,2026-05-01,366.52
2754,164,2025-12-15,190.71
2755,164,2026-01-08,343.15
2756,164,2025-12-10,112.07
2757,164,2026-03-04,198.87
2758,164,2026-03-22,264.14
2759,164,2025-10-07,201.92
2760,164,2025-10-15,123.32
2761,164,2026-03-12,71.74
2762,164,2026-07-11,416.79
2763,164,2026-04-27,234.8
2764,164,2026-03-23,355.02
2765,164,2026-01-20,318.94
2766,164,2026-05-30,274.7
2767,164,2026-09-05,181.73
2768,164,2025-11-29,261.78
2769,164,2025-10-14,400.11
2770,164,2026-08-23,217.99
2771,164,2026-05-30,494.17
2772,164,2026-04-18,106.95
2773,164,2025-12-21,101.9
2774,164,2025-12-16,327.58
2775,164,2026-05-21,145.28
2776,164,2026-06-01,526.69
2777,164,2026-04-28,383.34
2778,165,2026-09-17,84.17
2779,165,2026-06-24,48.27
2780,165,2026-06-18,34.35
2781,165,2026-08-06,80.99
2782,165,2026-07-13,18.11
2783,165,2026-02-23,54.95
2784,165,2026-04-26,62.77
2785,165,2025-12-28,31.0
2786,165,2025-12-04,69.75
2787,165,2026-03-02,44.47
2788,165,2026-08-11,35.2
2789,165,2026-09-16,69.42
2790,165,2026-06-28,27.61
2791,165,2026-06-09,66.54
2792,165,2026-08-22,18.44
2793,165,2025-12-14,51.17
2794,165,2026-05-09,45.9
2795,165,2025-12-26,35.3
2796,165,2026-07-05,53.62
2797,165,2026-09-14,43.42
2798,165,2026-07-31,72.33
2799,166,2026-09-02,94.39
2800,166,2026-03-26,61.6
2801,166,2026-07-20,69.85
2802,166,2026-06-04,55.21
2803,166,2025-11-24,43.15
2804,166,2026-04-21,39.68
2805,166,2026-08-22,63.9
2806,166,2026-03-09,74.91
2807,166,2026-01-31,43.64
2808,166,2026-03-30,114.35
2809,166,2026-08-03,41.18
2810,166,2025-11-06,24.03
2811,166,2025-11-13,20.74
2812,166,2025-10-26,21.06
2813,166,2025-10-08,37.35
2814,166,2026-05-17,40.54
2815,166,2026-04-11,61.18
2816,166,2025-10-09,44.42
2817,166,2026-04-02,65.77
2818,166,2025-11-11,45.92
2819,166,2026-01-24,45.27
2820,166,2025-10-20,34.7
2821,167,2026-08-15,90.1
2822,167,2026-06-18,218.36
2823,167,2025-10-21,101.73
2824,167,2026-05-12,90.89
2825,167,2026-01-23,84.3
2826,167,2026-03-15,116.02
2827,167,2026-01-25,69.06
2828,167,2025-11-30,96.1
2829,167,2026-06-28,90.33
2830,167,2026-04-23,104.19
2831,167,2026-02-12,105.35
2832,168,2026-06-25,79.9
2833,168,2026-04-22,110.3
2834,168,2026-01-07,80.98
2835,168,2025-10-19,63.1
2836,168,2025-10-28,79.65
2837,168,2026-02-08,180.1
2838,168,2025-10-10,111.06
2839,168,2026-05-03,50.39
2840,168,2026-06-14,147.34
2841,168,2026-03-07,60.26
2842,168,2026-05-01,125.75
2843,168,2025-10-07,115.44
2844,168,2026-05-25,118.77
2845,168,2026-01-31,207.21
2846,169,2026-09-05,132.31
2847,169,2025-12-13,248.36
2848,169,2026-08-05,141.87
2849,169,2026-02-10,91.54
2850,169,2025-12-22,73.3
2851,169,2025-10-04,116.92
2852,170,2026-07-09,138.31
2853,170,2026-06-29,95.08
2854,170,2026-02-19,142.36
2855,170,2025-10-10,85.45
2856,170,2026-04-30,108.84
2857,170,2026-07-01,189.25
2858,170,2026-04-18,80.55
2859,170,2026-06-21,63.75
2860,170,2026-01-15,111.22
2861,170,2026-05-15,125.58
2862,170,2026-04-30,94.59
2863,170,2026-01-22,141.36
2864,170,2026-04-07,82.21
2865,170,2026-01-04,95.32
2866,170,2025-10-15,106.52
2867,170,2025-10-15,102.42
2868,170,2025-12-12,186.01
2869,170,2025-10-04,106.28
2870,171,2026-05-17,186.39
2871,171,2025-11-26,127.93
2872,171,2026-01-28,103.99
2873,172,2026-08-08,60.98
2874,172,2026-03-04,41.99
2875,172,2025-11-20,34.91
2876,172,2025-11-28,31.04
2877,172,2026-01-15,41.81
2878,172,2026-03-31,28.98
2879,172,2026-04-24,99.17
2880,172,2026-04-21,25.04
2881,172,2026-04-17,41.18
2882,172,2026-05-09,18.83
2883,172,2026-05-02,51.42
2884,172,2026-02-09,44.95
2885,172,2026-05-15,38.33
2886,173,2026-08-03,92.26
2887,173,2026-04-17,123.55
2888,173,2026-06-14,72.33
2889,173,2026-01-20,30.39
2890,173,2026-01-25,73.59
2891,173,2026-01-22,306.52
2892,174,2026-08-31,35.52
2893,174,2026-01-27,137.37
2894,174,2025-10-20,71.82
2895,174,2026-05-23,103.37
2896,174,2026-08-23,98.27
2897,174,2026-06-06,76.25
2898,174,2026-02-28,60.54
2899,174,2026-05-02,74.26
2900,174,2026-06-07,209.13
2901,174,2025-10-25,148.47
2902,174,2026-02-22,142.45
2903,174,2026-01-15,63.17
2904,174,2025-12-20,47.13
2905,175,2026-09-14,312.85
2906,175,2026-09-13,342.67
2907,175,2026-06-21,228.18
2908,175,2026-07-04,171.01
2909,175,2025-12-10,209.15
2910,175,2025-12-28,173.39
2911,175,2026-08-13,406.29
2912,175,2025-10-29,329.68
2913,175,2025-11-29,201.53
2914,175,2026-04-14,138.41
2915,175,2026-07-01,420.1
2916,175,2026-04-19,223.32
2917,175,2026-02-18,198.05
2918,175,2026-02-03,421.77
2919,175,2026-05-15,166.94
2920,175,2026-08-10,181.92
2921,175,2026-02-11,189.29
2922,175,2026-01-08,116.12
2923,175,2026-06-12,242.06
2924,175,2026-01-31,149.02
2925,175,2026-02-25,162.44
2926,175,2026-03-21,152.95
2927,175,2026-09-12,161.25
2928,175,2026-05-29,143.97
2929,175,2026-05-05,234.71
2930,175,2025-11-23,195.8
2931,175,2025-11-26,214.59
2932,175,2025-11-09,605.66
2933,175,2026-04-04,195.8
2934,175,2026-05-22,275.71
2935,175,2026-03-22,290.19
2936,175,2025-12-08,204.14
2937,175,2026-02-06,237.54
2938,176,2026-09-15,192.94
2939,176,2026-08-29,316.01
2940,176,2026-02-10,193.8
2941,176,2026-04-07,564.32
2942,176,2026-05-07,166.76
2943,176,2025-12-12,354.74
2944,176,2026-06-19,278.41
2945,176,2026-08-25,251.9
2946,176,2026-03-22,232.8
2947,176,2025-12-25,155.55
2948,176,2026-07-30,65.59
2949,176,2025-10-01,340.56
2950,176,2026-01-20,168.53
2951,176,2025-10-19,355.47
2952,176,2026-04-02,246.01
2953,176,2026-08-03,360.4
2954,176,2026-07-14,301.26
2955,176,2026-03-22,69.27
2956,176,2026-02-19,276.94
2957,176,2025-12-29,179.91
2958,176,2025-12-07,354.73
2959,176,2025-12-19,274.01
2960,176,2026-02-18,275.46
2961,177,2026-09-12,39.01
2962,177,2026-05-21,31.08
2963,177,2026-07-12,43.75
2964,177,2026-07-23,22.69
2965,177,2026-08-04,61.7
2966,177,2025-11-02,34.87
2967,177,2026-08-19,53.3
2968,177,2026-03-15,67.08
2969,177,2026-03-18,52.15
2970,177,2026-08-24,64.47
2971,177,2025-11-20,17.76
2972,177,2026-03-20,36.05
2973,177,2026-07-30,73.92
2974,177,2026-07-29,56.59
2975,177,2026-01-09,103.39
2976,177,2026-02-06,96.9
2977,177,2026-04-20,51.49
2978,178,2026-09-05,88.37
2979,178,2026-04-09,85.92
2980,178,2025-10-30,82.26
2981,178,2026-06-28,120.64
2982,178,2025-09-26,95.84
2983,178,2026-07-05,64.85
2984,178,2026-01-19,63.45
2985,178,2026-01-27,103.28
2986,178,2026-06-30,109.15
2987,178,2026-03-27,78.17
2988,178,2026-07-18,54.08
2989,178,2026-05-03,158.02
2990,178,2025-10-10,143.62
2991,178,2026-08-18,36.8
2992,178,2025-11-09,164.45
2993,178,2026-01-15,81.92
2994,178,2025-12-21,98.03
2995,178,2026-05-31,150.21
2996,179,2026-08-17,70.04
2997,179,2025-10-12,69.2
2998,179,2026-05-08,145.99
2999,179,2026-06-09,99.29
3000,179,2025-12-06,81.18
3001,179,2026-06-06,297.58
3002,179,2026-06-20,47.2
3003,179,2026-04-29,115.17
3004,179,2025-10-06,56.14
3005,179,2026-03-20,83.84
3006,179,2026-05-24,96.23
3007,179,2026-03-03,131.61
3008,180,2026-04-06,47.51
3009,180,2026-01-30,56.7
3010,180,2026-04-03,35.48
3011,180,2026-03-13,55.14
3012,180,2025-09-30,24.88
3013,181,2026-09-13,63.41
3014,181,2026-03-18,69.99
3015,181,2026-03-05,83.5
3016,181,2026-07-27,148.61
3017,181,2026-06-27,58.26
3018,181,2026-05-31,252.17
3019,181,2025-11-20,58.87
3020,181,2026-04-12,47.74
3021,181,2026-01-02,192.39
3022,181,2026-07-07,163.1
3023,182,2026-09-16,102.0
3024,182,2025-10-12,109.66
3025,182,2026-06-20,117.93
3026,182,2025-10-09,28.87
3027,182,2026-02-04,372.71
3028,182,2025-09-29,149.82
3029,182,2026-09-14,82.33
3030,182,2026-04-06,65.14
3031,182,2026-04-07,140.34
3032,182,2026-04-27,112.48
3033,182,2026-04-30,93.81
3034,182,2026-08-19,110.62
3035,183,2026-09-02,42.27
3036,183,2025-10-12,26.31
3037,183,2026-05-09,36.9
3038,183,2026-03-28,34.0
3039,183,2025-10-14,39.58
3040,183,2026-07-13,61.42
3041,183,2026-06-08,53.97
3042,183,2026-03-18,65.2
3043,183,2026-04-16,37.86
3044,183,2026-05-09,88.71
3045,183,2025-12-10,60.91
3046,183,2026-03-16,47.33
3047,183,2026-05-01,59.04
3048,183,2026-03-23,33.2
3049,183,2025-11-03,17.42
3050,183,2025-10-01,34.25
3051,183,2026-06-11,62.99
3052,183,2026-08-20,46.65
3053,183,2026-08-23,42.31
3054,183,2026-04-03,30.73
3055,183,2026-01-30,18.66
3056,183,2026-08-16,85.44
3057,183,2026-03-13,40.98
3058,183,2026-04-19,37.09
3059,183,2025-10-18,33.26
3060,183,2026-02-08,79.14
3061,183,2026-04-11,66.9
3062,184,2026-08-09,57.95
3063,184,2026-05-31,148.89
3064,185,2026-08-15,90.67
3065,185,2025-10-15,185.73
3066,185,2026-02-19,127.53
3067,185,2025-12-19,39.13
3068,185,2026-04-15,131.84
3069,185,2026-06-21,204.35
3070,185,2026-03-11,316.86
3071,185,2025-09-26,111.45
3072,185,2026-07-10,48.71
3073,185,2026-06-20,109.44
3074,185,2025-09-27,184.57
3075,185,2025-11-20,82.73
3076,185,2026-07-09,143.91
3077,185,2026-06-08,61.68
3078,185,2026-01-04,106.42
3079,185,2025-12-05,29.36
3080,185,2025-12-21,58.68
3081,186,2026-06-01,25.71
3082,186,2025-10-30,55.3
3083,186,2025-10-01,19.22
3084,186,2025-11-07,71.44
3085,187,2026-09-10,41.55
3086,187,2025-10-04,86.57
3087,187,2025-12-22,23.78
3088,187,2026-01-12,21.91
3089,187,2026-05-06,49.7
3090,187,2026-07-19,84.02
3091,187,2025-10-23,52.1
3092,187,2026-03-01,19.1
3093,187,2026-08-14,21.1
3094,187,2026-03-26,47.02
3095,187,2026-08-10,26.47
3096,187,2025-10-02,47.85
3097,187,2026-03-10,49.15
3098,187,2025-12-10,36.1
3099,188,2026-09-03,126.91
3100,188,2026-03-26,173.49
3101,188,2026-03-15,276.29
3102,188,2025-12-13,333.37
3103,188,2026-07-15,212.28
3104,188,2025-10-25,215.65
3105,188,2025-12-31,178.51
3106,188,2025-10-28,167.5
3107,188,2026-01-24,138.84
3108,188,2026-05-10,104.23
3109,188,2026-02-01,153.09
3110,188,2026-02-08,315.43
3111,188,2026-07-03,173.49
3112,188,2026-07-31,179.72
3113,188,2026-01-23,178.15
3114,188,2026-08-02,367.68
3115,188,2026-07-31,138.29
3116,188,2026-08-10,237.88
3117,188,2026-02-02,203.63
3118,188,2025-10-20,216.52
3119,188,2026-03-17,234.41
3120,188,2026-07-13,215.47
3121,188,2026-03-12,300.06
3122,188,2026-03-22,207.25
3123,188,2026-02-12,460.39
3124,188,2026-04-08,214.25
3125,188,2026-03-05,97.57
3126,188,2026-05-15,279.88
3127,188,2025-10-28,250.52
3128,188,2026-03-03,213.1
3129,188,2026-05-20,186.85
3130,188,2026-09-03,81.09
3131,188,2026-01-14,87.45
3132,188,2026-04-26,440.76
3133,189,2026-07-17,25.65
3134,189,2026-07-10,34.97
3135,189,2025-10-05,27.64
3136,189,2026-03-17,37.56
3137,189,2026-05-11,29.34
3138,189,2025-11-24,28.49
3139,189,2026-02-22,88.86
3140,189,2026-04-01,23.69
3141,189,2026-06-14,62.75
3142,190,2026-04-22,231.41
3143,190,2026-02-19,108.33
3144,190,2025-12-03,128.7
3145,190,2025-10-06,94.47
3146,190,2025-10-08,83.71
3147,190,2025-11-17,141.2
3148,190,2025-11-12,100.11
3149,191,2026-08-13,49.81
3150,191,2026-06-05,53.33
3151,191,2025-11-26,79.0
3152,191,2026-06-21,93.31
3153,191,2026-01-25,80.84
3154,191,2025-12-10,70.18
3155,191,2026-05-21,78.48
3156,191,2026-03-19,111.87
3157,191,2025-11-04,49.48
3158,191,2025-11-17,258.35
3159,191,2025-10-21,90.85
3160,191,2026-01-23,144.41
3161,191,2025-11-01,69.33
3162,191,2026-04-07,116.54
3163,191,2026-02-01,94.15
3164,191,2026-01-11,132.34
3165,191,2025-10-03,82.3
3166,191,2026-04-17,180.91
3167,191,2025-11-05,45.99
3168,191,2026-03-02,137.97
3169,192,2026-03-20,81.89
3170,192,2026-03-02,183.73
3171,192,2026-02-06,73.49
3172,192,2025-10-20,87.32
3173,192,2026-03-12,94.27
3174,192,2025-12-30,123.22
3175,192,2026-03-09,96.25
3176,192,2026-03-10,58.05
3177,193,2026-08-21,191.91
3178,193,2026-02-12,329.28
3179,193,2026-02-08,148.82
3180,193,2026-08-17,317.84
3181,193,2026-06-24,228.09
3182,193,2025-12-27,192.66
3183,193,2026-02-18,315.68
3184,193,2026-07-10,285.31
3185,193,2026-01-14,253.75
3186,193,2025-12-18,331.71
3187,193,2026-05-24,230.1
3188,193,2026-01-06,100.18
3189,193,2025-10-04,177.14
3190,193,2026-03-15,93.24
3191,193,2026-06-07,282.29
3192,193,2025-10-08,314.32
3193,193,2025-10-25,320.82
3194,193,2026-03-24,261.7
3195,193,2026-04-03,324.63
3196,193,2025-11-19,103.3
3197,193,2026-08-21,200.08
3198,193,2026-05-10,111.1
3199,193,2026-02-23,178.73
3200,193,2026-01-18,434.6
3201,193,2026-01-26,343.46
3202,193,2026-04-21,282.91
3203,194,2026-08-18,51.9
3204,194,2025-11-07,130.04
3205,194,2026-01-13,115.76
3206,194,2025-10-09,99.92
3207,194,2026-05-30,241.31
3208,194,2026-04-23,119.77
3209,194,2026-08-06,67.33
3210,194,2026-04-14,113.69
3211,194,2026-03-25,79.13
3212,194,2026-03-24,159.15
3213,194,2026-06-30,102.13
3214,194,2025-11-27,106.78
3215,194,2026-03-12,47.03
3216,194,2026-03-28,92.52
3217,195,2026-09-17,281.03
3218,195,2026-03-17,363.34
3219,195,2026-08-03,394.13
3220,195,2025-12-26,148.46
3221,195,2026-06-28,282.29
3222,195,2026-08-16,217.23
3223,195,2026-03-10,482.16
3224,195,2026-07-22,112.49
3225,195,2025-12-12,148.55
3226,195,2026-08-24,92.97
3227,195,2026-04-21,224.12
3228,195,2026-08-30,581.63
3229,195,2026-05-04,205.85
3230,195,2025-10-19,219.77
3231,195,2026-01-28,269.0
3232,195,2026-03-10,199.29
3233,195,2026-07-23,247.6
3234,195,2026-05-29,250.54
3235,195,2026-05-05,143.54
3236,195,2026-02-23,201.3
3237,195,2026-07-05,293.24
3238,195,2025-09-26,318.93
3239,195,2026-01-28,376.69
3240,195,2026-05-29,244.22
3241,195,2026-08-08,246.46
3242,195,2026-02-17,294.33
3243,195,2026-04-11,160.69
3244,195,2026-01-20,157.75
3245,195,2026-02-17,198.53
3246,195,2026-02-01,118.31
3247,195,2025-11-24,252.2
3248,195,2026-03-14,336.7
3249,195,2026-01-02,152.56
3250,195,2026-05-12,255.42
3251,196,2026-09-13,208.52
3252,196,2025-10-16,323.26
3253,196,2025-10-06,258.46
3254,196,2026-03-23,215.83
3255,196,2025-12-18,237.88
3256,196,2026-05-30,278.08
3257,196,2026-08-18,98.53
3258,196,2025-12-26,340.13
3259,196,2026-06-27,144.78
3260,196,2026-01-01,172.01
3261,196,2026-04-02,244.77
3262,196,2025-10-05,202.99
3263,196,2026-05-12,261.45
3264,196,2026-04-25,223.84
3265,196,2025-12-26,184.36
3266,196,2025-12-10,417.82
3267,196,2026-07-31,288.8
3268,196,2025-12-26,240.58
3269,196,2026-03-24,286.79
3270,196,2025-09-29,152.89
3271,196,2026-02-03,558.78
3272,196,2025-12-14,128.72
3273,196,2026-05-15,220.97
3274,196,2026-06-05,184.6
3275,196,2025-12-10,181.48
3276,196,2026-09-08,171.18
3277,196,2026-02-21,148.39
3278,196,2025-10-07,358.48
3279,196,2025-09-29,122.12
3280,196,2026-01-04,326.92
3281,196,2026-03-22,281.17
3282,196,2025-12-01,176.92
3283,196,2026-09-08,266.88
3284,196,2025-12-07,195.6
3285,196,2026-07-08,127.95
3286,196,2025-12-28,128.56
3287,197,2026-06-27,13.67
3288,197,2026-01-18,30.84
3289,198,2026-08-08,85.4
3290,198,2026-06-05,62.55
3291,198,2026-03-01,73.39
3292,198,2026-05-26,49.29
3293,198,2025-10-02,108.54
3294,198,2026-01-08,198.86
3295,198,2025-11-15,101.4
3296,198,2025-12-04,34.06
3297,198,2025-12-22,102.34
3298,198,2026-06-24,82.45
3299,198,2026-02-03,54.84
3300,198,2025-10-28,105.52
3301,198,2026-07-09,133.71
3302,198,2026-03-15,66.62
3303,198,2026-06-11,42.95
3304,198,2025-11-29,36.4
3305,198,2025-10-17,66.7
3306,198,2026-07-23,83.92
3307,198,2025-11-27,71.35
3308,199,2026-08-05,172.63
3309,199,2026-04-14,150.56
3310,199,2026-02-12,132.99
3311,199,2026-03-04,111.41
3312,199,2026-05-17,201.54
3313,199,2026-02-20,65.16
3314,200,2026-08-19,91.45
3315,200,2026-04-09,200.7
3316,200,2026-04-16,163.61
3317,200,2025-10-22,112.07
3318,200,2026-06-03,52.01
3319,200,2026-04-05,72.87
3320,201,2026-09-04,83.35
3321,201,2026-05-28,61.76
3322,201,2026-04-16,119.67
3323,201,2026-04-03,179.05
3324,201,2026-05-07,158.38
3325,201,2025-11-25,88.83
3326,201,2025-09-27,61.71
3327,201,2026-08-26,90.33
3328,201,2025-11-14,167.53
3329,201,2025-11-11,75.16
3330,201,2026-05-02,39.76
3331,201,2026-03-22,76.54
3332,201,2026-07-31,79.38
3333,201,2026-05-07,39.66
3334,201,2026-06-15,99.91
3335,201,2025-10-28,113.01
3336,201,2026-07-30,207.84
3337,201,2026-05-11,49.41
3338,201,2026-03-23,125.03
3339,201,2025-10-03,139.06
3340,201,2025-11-27,113.71
3341,201,2025-10-17,57.21
3342,202,2026-08-21,104.61
3343,202,2026-04-30,176.29
3344,202,2025-11-25,54.5
3345,202,2026-02-02,74.38
3346,202,2026-03-31,180.38
3347,202,2026-04-18,37.13
3348,202,2026-04-27,87.85
3349,202,2026-02-13,156.46
3350,202,2026-01-17,155.42
3351,202,2025-11-29,121.13
3352,202,2026-04-10,122.52
3353,202,2026-05-30,56.34
3354,203,2026-09-19,67.87
3355,203,2026-03-04,46.33
3356,203,2026-04-22,53.89
3357,203,2025-12-30,20.19
3358,203,2026-01-18,16.34
3359,203,2026-06-15,22.9
3360,203,2025-12-07,98.72
3361,203,2026-01-27,26.84
3362,203,2026-05-30,62.56
3363,203,2025-12-30,33.71
3364,203,2026-02-02,40.39
3365,203,2026-08-08,44.1
3366,203,2026-07-22,94.29
3367,203,2026-05-26,58.54
3368,203,2026-09-04,53.51
3369,203,2026-04-27,80.65
3370,203,2026-04-07,33.84
3371,203,2025-12-15,72.78
3372,203,2026-07-20,67.51
3373,203,2026-02-28,67.16
3374,203,2026-01-24,41.97
3375,204,2026-09-21,277.2
3376,204,2026-04-12,443.6
3377,204,2026-04-03,129.03
3378,204,2025-10-31,195.73
3379,204,2026-02-02,143.07
3380,204,2026-08-02,97.89
3381,204,2026-08-09,155.95
3382,204,2026-08-24,487.73
3383,204,2026-07-07,194.23
3384,204,2026-06-01,512.7
3385,204,2026-08-28,536.86
3386,204,2026-02-14,808.29
3387,204,2026-04-26,495.01
3388,204,2026-02-16,606.84
3389,204,2026-03-24,243.09
3390,204,2026-06-15,232.72
3391,204,2026-02-12,239.8
3392,204,2025-10-13,210.01
3393,204,2026-05-30,224.63
3394,204,2026-06-03,294.59
3395,204,2026-03-19,170.29
3396,204,2025-12-05,112.98
3397,204,2026-03-14,247.33
3398,204,2025-11-25,153.75
3399,204,2026-08-26,161.09
3400,204,2026-08-17,196.93
3401,204,2026-04-28,177.62
3402,204,2026-06-30,346.07
3403,204,2026-09-13,194.82
3404,204,2026-07-06,354.0
3405,204,2026-06-16,230.4
3406,204,2025-10-25,201.8
3407,204,2025-12-13,225.5
3408,205,2026-09-07,244.81
3409,205,2026-05-09,226.01
3410,205,2025-10-05,97.26
3411,205,2026-02-07,222.77
3412,205,2026-06-01,279.62
3413,205,2026-07-02,427.49
3414,205,2025-11-17,155.42
3415,205,2025-10-25,164.29
3416,205,2026-08-26,191.16
3417,205,2026-06-25,239.4
3418,205,2026-01-15,219.37
3419,205,2026-07-12,275.63
3420,205,2026-08-21,126.57
3421,205,2025-09-27,251.06
3422,205,2026-08-05,150.37
3423,205,2026-06-25,196.88
3424,205,2025-09-29,452.92
3425,205,2026-08-04,111.93
3426,205,2025-12-04,185.18
3427,205,2026-02-24,118.33
3428,205,2026-03-04,224.97
3429,205,2025-11-24,336.57
3430,205,2026-08-31,226.66
3431,205,2026-08-17,199.25
3432,205,2026-07-02,381.8
3433,205,2026-03-21,243.67
3434,205,2025-10-09,303.66
3435,205,2026-08-15,289.74
3436,205,2026-04-15,57.56
3437,205,2026-04-12,202.88
3438,205,2026-07-01,129.28
3439,205,2026-05-11,144.59
3440,205,2026-06-30,407.76
3441,206,2026-07-15,140.15
3442,206,2026-06-05,217.12
3443,206,2026-06-21,95.85
3444,206,2025-10-20,87.95
3445,206,2026-01-21,83.0
3446,206,2026-04-10,203.44
3447,207,2026-09-24,204.33
3448,207,2026-09-14,284.53
3449,207,2026-01-26,191.81
3450,207,2025-10-03,224.34
3451,207,2025-12-25,300.3
3452,207,2026-06-15,205.76
3453,207,2026-06-01,247.15
3454,207,2025-12-25,323.66
3455,207,2026-05-01,289.33
3456,207,2025-12-30,365.83
3457,207,2025-10-10,598.79
3458,207,2026-04-30,288.13
3459,207,2026-02-28,170.63
3460,207,2026-03-30,264.39
3461,207,2026-03-23,259.32
3462,207,2026-08-28,276.77
3463,207,2025-09-30,411.52
3464,207,2026-03-12,98.42
3465,207,2026-07-03,415.02
3466,207,2026-02-28,482.89
3467,207,2026-05-03,271.17
3468,207,2025-11-29,274.12
3469,207,2025-12-22,188.36
3470,207,2026-05-08,210.6
3471,207,2026-01-08,287.49
3472,207,2026-09-12,279.28
3473,207,2025-10-08,290.45
3474,207,2026-03-23,278.41
3475,207,2026-01-29,314.63
3476,207,2026-02-02,299.2
3477,207,2026-06-03,132.44
3478,207,2026-01-16,305.4
3479,207,2026-05-03,484.67
3480,207,2026-01-20,207.5
3481,207,2026-08-23,412.35
3482,207,2026-08-02,138.98
3483,207,2025-10-23,207.21
3484,208,2025-12-23,31.8
3485,208,2025-09-26,41.73
3486,208,2025-10-29,20.53
3487,209,2026-09-19,183.22
3488,209,2026-09-15,74.82
3489,209,2026-02-25,124.61
3490,209,2026-01-30,298.63
3491,209,2026-03-20,245.56
3492,209,2026-06-04,129.51
3493,209,2026-01-30,268.71
3494,209,2025-10-14,141.45
3495,209,2026-08-20,290.61
3496,209,2026-02-15,199.35
3497,209,2025-10-28,181.42
3498,209,2026-04-29,201.57
3499,209,2026-05-22,664.41
3500,209,2026-06-23,149.25
3501,209,2026-07-01,232.54
3502,209,2026-05-02,298.49
3503,209,2025-12-16,136.19
3504,209,2026-07-16,102.48
3505,209,2026-06-28,160.23
3506,209,2025-09-26,295.56
3507,209,2025-09-27,180.04
3508,209,2026-06-30,189.26
3509,209,2026-04-22,316.38
3510,209,2026-04-28,146.09
3511,209,2026-06-05,201.78
3512,209,2026-07-27,106.26
3513,209,2026-08-28,242.6
3514,209,2026-02-11,232.85
3515,209,2026-09-04,300.4
3516,209,2026-02-09,125.43
3517,209,2026-08-16,192.63
3518,209,2026-07-26,118.13
3519,209,2026-09-18,187.98
3520,209,2026-04-30,409.08
3521,209,2026-05-25,181.77
3522,209,2026-05-23,113.57
3523,209,2026-05-31,154.65
3524,210,2026-08-26,38.59
3525,210,2026-07-12,42.86
3526,210,2026-08-15,38.41
3527,210,2026-07-20,56.38
3528,210,2025-11-04,62.22
3529,210,2026-01-10,31.77
3530,210,2025-12-05,31.26
3531,210,2026-01-07,44.28
3532,210,2025-12-03,22.47
3533,210,2026-03-13,36.31
3534,210,2025-11-28,82.54
3535,210,2026-08-08,22.85
3536,210,2026-02-12,38.61
3537,210,2025-12-17,34.47
3538,210,2025-09-28,110.94
3539,210,2026-04-28,35.33
3540,210,2026-06-27,36.26
3541,210,2025-12-28,28.3
3542,210,2026-08-02,45.19
3543,210,2025-12-09,50.82
3544,210,2026-01-03,30.21
3545,210,2026-01-07,70.22
3546,210,2026-05-20,50.84
3547,210,2026-07-17,66.02
3548,210,2026-02-04,38.82
3549,210,2026-04-27,50.2
3550,210,2026-04-17,40.89
3551,210,2026-06-25,86.71
3552,211,2026-07-02,33.39
3553,212,2026-05-05,13.91
3554,212,2026-02-20,19.79
3555,213,2026-07-31,112.34
3556,213,2026-02-25,91.66
3557,213,2026-03-03,41.97
3558,213,2026-01-30,85.44
3559,214,2026-08-04,116.72
3560,214,2025-11-25,82.6
3561,214,2026-03-08,66.1
3562,214,2026-07-03,163.49
3563,214,2026-01-07,98.79
3564,214,2026-03-23,91.0
3565,214,2026-06-27,122.01
3566,214,2026-02-14,133.73
3567,214,2025-12-23,115.27
3568,214,2026-05-25,133.97
3569,214,2026-03-31,110.27
3570,214,2025-10-30,115.53
3571,214,2025-12-25,64.75
3572,214,2025-11-27,203.26
3573,214,2026-03-17,51.66
3574,215,2026-05-10,56.17
3575,215,2026-01-18,16.62
3576,215,2025-11-02,20.43
3577,215,2025-10-13,44.19
3578,215,2026-01-23,31.07
3579,216,2026-07-25,22.47
3580,217,2026-09-24,312.75
3581,217,2026-09-23,165.54
3582,217,2025-11-24,291.12
3583,217,2026-05-25,199.88
3584,217,2026-07-28,351.89
3585,217,2025-11-20,524.52
3586,217,2026-05-19,128.38
3587,217,2025-10-25,296.89
3588,217,2026-08-16,377.79
3589,217,2026-09-17,135.68
3590,217,2025-10-24,162.11
3591,217,2026-08-20,161.3
3592,217,2026-09-21,197.82
3593,217,2026-02-02,178.88
3594,217,2026-06-01,192.07
3595,217,2026-04-01,306.19
3596,217,2026-04-29,89.48
3597,217,2026-06-08,135.48
3598,217,2026-04-02,283.89
3599,217,2026-06-22,269.31
3600,217,2026-07-05,130.42
3601,217,2026-07-05,270.15
3602,217,2026-08-12,381.53
3603,217,2026-03-17,205.42
3604,217,2026-03-09,133.42
3605,217,2026-09-18,311.32
3606,217,2026-04-10,455.99
3607,217,2025-12-30,140.94
3608,217,2026-09-24,213.74
3609,217,2026-06-07,342.98
3610,218,2026-09-22,344.76
3611,218,2026-09-13,245.15
3612,218,2026-07-09,145.8
3613,218,2026-03-11,78.7
3614,218,2026-09-01,148.57
3615,218,2026-07-02,114.67
3616,218,2026-07-31,151.18
3617,218,2025-10-13,234.19
3618,218,2026-05-17,218.13
3619,218,2026-05-08,484.58
3620,218,2026-04-23,260.99
3621,218,2026-09-18,495.83
3622,218,2026-03-10,289.72
3623,218,2025-10-27,342.3
3624,218,2025-12-02,178.68
3625,218,2026-06-24,129.49
3626,218,2026-09-18,171.58
3627,218,2025-12-17,208.88
3628,218,2025-11-22,158.29
3629,218,2025-10-24,133.83
3630,218,2026-02-26,253.33
3631,218,2026-04-04,133.58
3632,218,2025-12-23,105.32
3633,218,2026-01-16,126.74
3634,218,2025-12-22,188.98
3635,218,2026-06-12,134.45
3636,219,2026-08-06,195.97
3637,219,2025-10-26,72.41
3638,219,2026-07-13,175.7
3639,219,2026-06-29,80.04
3640,219,2026-07-16,142.41
3641,219,2026-05-03,123.8
3642,219,2026-04-07,36.97
3643,219,2026-03-20,58.27
3644,219,2026-03-08,51.95
3645,219,2025-11-07,40.36
3646,219,2026-08-03,133.69
3647,219,2025-10-28,228.32
3648,219,2026-05-23,80.15
3649,219,2025-10-10,132.18
3650,220,2026-08-28,26.94
3651,220,2026-03-20,34.23
3652,220,2026-07-21,116.9
3653,220,2025-11-22,43.42
3654,220,2026-04-16,25.99
3655,220,2026-04-11,64.53
3656,220,2026-08-27,31.78
3657,220,2026-01-04,18.96
3658,220,2025-12-28,56.86
3659,220,2025-12-17,29.79
3660,220,2026-02-27,52.0
3661,220,2026-05-30,31.22
3662,220,2026-08-02,61.86
3663,220,2026-05-14,48.87
3664,220,2026-02-26,14.03
3665,220,2026-07-20,53.44
3666,221,2026-08-18,38.4
3667,221,2026-08-01,71.53
3668,221,2026-04-20,117.09
3669,221,2026-06-24,93.85
3670,221,2026-06-28,52.03
3671,221,2026-02-27,165.87
3672,221,2026-07-22,113.02
3673,221,2026-07-23,125.09
3674,221,2025-12-05,126.82
3675,221,2026-04-28,58.53
3676,222,2026-08-15,58.74
3677,222,2026-01-03,78.48
3678,222,2025-10-18,34.0
3679,222,2026-08-01,48.39
3680,222,2026-02-01,60.33
3681,222,2026-05-27,26.51
3682,222,2025-12-15,67.94
3683,222,2026-07-01,50.91
3684,222,2026-04-19,34.27
3685,222,2026-06-10,47.96
3686,222,2025-11-06,42.27
3687,222,2026-07-20,63.92
3688,222,2026-02-08,38.26
3689,222,2026-07-07,49.84
3690,222,2026-02-02,34.03
3691,222,2025-12-10,29.51
3692,222,2025-12-15,48.61
3693,222,2026-08-05,30.06
3694,222,2025-12-08,64.52
3695,222,2026-05-11,58.74
3696,222,2026-01-07,31.89
3697,222,2025-10-07,49.54
3698,222,2026-07-08,31.83
3699,222,2026-04-20,21.86
3700,222,2025-11-08,34.39
3701,222,2026-07-01,43.99
3702,222,2026-05-23,56.9
3703,222,2026-02-19,48.13
3704,222,2025-09-27,67.7
3705,222,2026-05-12,28.94
3706,222,2026-04-13,37.98
3707,223,2026-07-01,27.47
3708,224,2026-09-10,71.24
3709,224,2026-03-28,111.21
3710,224,2026-02-20,32.38
3711,224,2026-04-06,115.44
3712,224,2026-09-02,72.63
3713,224,2026-08-08,85.66
3714,224,2026-09-10,174.06
3715,224,2026-06-10,51.02
3716,224,2025-11-28,101.75
3717,224,2025-10-05,128.65
3718,224,2026-03-28,97.17
3719,224,2026-09-01,43.53
3720,224,2026-08-17,165.25
3721,224,2025-11-29,81.83
3722,224,2026-05-13,70.98
3723,224,2025-11-06,78.26
3724,224,2026-03-17,75.78
3725,224,2025-11-07,52.68
3726,224,2026-07-25,96.93
3727,225,2025-11-25,57.16
3728,225,2025-11-25,74.81
3729,225,2025-11-14,98.93
3730,225,2025-09-28,64.87
3731,225,2025-11-12,100.53
3732,225,2025-11-10,144.65
3733,226,2026-07-14,100.39
3734,226,2025-11-06,91.04
3735,226,2026-03-22,149.36
3736,226,2025-12-05,69.24
3737,226,2025-09-26,71.94
3738,226,2025-12-18,51.47
3739,226,2026-04-06,109.57
3740,226,2025-11-16,74.37
3741,226,2026-07-03,61.06
3742,226,2025-09-29,63.74
3743,227,2026-09-21,291.38
3744,227,2025-12-18,293.69
3745,227,2026-07-26,224.56
3746,227,2025-12-01,228.99
3747,227,2026-02-13,219.49
3748,227,2026-09-07,147.3
3749,227,2026-01-16,154.22
3750,227,2026-04-01,153.15
3751,227,2026-09-21,102.25
3752,227,2025-11-20,223.94
3753,227,2026-03-12,206.2
3754,227,2026-02-15,295.89
3755,227,2026-02-25,370.34
3756,227,2026-08-20,381.09
3757,227,2026-05-25,397.59
3758,227,2026-01-11,149.37
3759,227,2026-05-22,110.25
3760,227,2025-11-05,319.24
3761,227,2026-05-30,391.14
3762,227,2026-04-09,422.97
3763,227,2026-04-14,261.22
3764,227,2026-09-15,85.51
3765,227,2025-12-02,247.55
3766,227,2026-08-04,269.63
3767,227,2026-04-05,368.91
3768,227,2025-10-29,399.59
3769,227,2025-09-28,316.22
3770,227,2026-06-30,161.23
3771,228,2026-09-16,55.86
3772,228,2026-05-06,16.44
3773,228,2026-08-28,115.53
3774,228,2026-03-27,42.23
3775,228,2025-11-04,12.8
3776,228,2026-09-05,32.58
3777,228,2025-12-14,30.34
3778,228,2026-06-12,33.5
3779,228,2026-08-21,38.19
3780,228,2026-08-29,33.4
3781,228,2026-09-12,31.16
3782,228,2026-04-22,26.72
3783,228,2026-03-23,65.14
3784,228,2026-02-07,77.26
3785,228,2026-08-19,40.13
3786,228,2026-01-27,44.64
3787,228,2025-12-27,27.11
3788,228,2026-08-25,46.46
3789,228,2026-01-19,49.91
3790,228,2026-08-05,40.77
3791,228,2026-04-13,53.78
3792,228,2026-01-24,51.71
3793,228,2025-11-10,28.0
3794,228,2026-03-11,76.98
3795,228,2026-04-14,40.99
3796,228,2025-11-24,95.65
3797,229,2026-03-25,30.53
3798,229,2026-03-15,43.76
3799,229,2025-11-03,19.34
3800,229,2025-09-28,47.04
3801,229,2025-11-21,37.59
3802,230,2026-09-16,226.66
3803,230,2025-10-01,162.08
3804,230,2025-09-30,259.76
3805,230,2025-10-04,217.64
3806,230,2025-11-02,159.95
3807,230,2025-12-08,193.85
3808,230,2026-01-21,396.71
3809,230,2026-03-07,390.92
3810,230,2025-12-08,228.55
3811,230,2025-10-08,215.48
3812,230,2026-08-06,110.19
3813,230,2026-07-30,455.24
3814,230,2026-03-23,334.78
3815,230,2026-06-04,294.56
3816,230,2026-03-11,75.45
3817,230,2026-05-29,213.9
3818,230,2025-12-12,198.32
3819,230,2025-11-01,285.54
3820,230,2026-06-08,171.42
3821,230,2025-12-16,189.21
3822,230,2026-08-10,277.51
3823,230,2025-12-07,148.26
3824,230,2026-01-11,162.19
3825,230,2026-01-07,229.09
3826,230,2026-03-25,383.53
3827,230,2026-08-09,302.15
3828,230,2025-11-21,340.71
3829,230,2026-08-08,216.07
3830,230,2026-03-29,411.53
3831,230,2026-07-16,95.93
3832,231,2026-09-12,253.37
3833,231,2025-11-19,109.58
3834,231,2026-05-30,150.08
3835,231,2026-02-03,107.85
3836,231,2025-12-22,277.79
3837,231,2026-04-29,357.68
3838,231,2026-07-23,121.18
3839,231,2025-12-10,328.7
3840,231,2026-07-13,319.24
3841,231,2026-09-11,156.1
3842,231,2026-05-22,86.05
3843,231,2025-11-29,129.68
3844,231,2025-12-20,160.65
3845,231,2026-05-28,420.25
3846,231,2026-03-14,199.11
3847,231,2025-10-10,133.49
3848,231,2026-01-02,224.45
3849,231,2025-12-19,117.24
3850,231,2026-08-13,264.69
3851,231,2026-06-20,135.25
3852,231,2026-08-07,144.38
3853,231,2025-10-03,248.66
3854,231,2026-05-15,461.61
3855,231,2026-03-21,564.6
3856,231,2026-03-02,131.52
3857,231,2026-03-12,160.55
3858,231,2026-08-25,264.83
3859,231,2025-10-27,355.34
3860,231,2026-05-02,79.3
3861,231,2025-10-24,218.42
3862,232,2026-09-20,52.34
3863,232,2026-09-06,55.8
3864,232,2026-06-20,78.37
3865,232,2026-08-06,33.16
3866,232,2026-02-28,33.32
3867,232,2026-01-27,63.24
3868,232,2026-05-03,37.46
3869,232,2026-02-27,36.76
3870,232,2026-07-10,79.12
3871,232,2025-11-18,24.28
3872,232,2026-09-19,113.52
3873,232,2026-03-23,34.16
3874,232,2026-05-28,66.47
3875,232,2026-04-11,42.85
3876,232,2026-03-19,50.84
3877,232,2026-01-31,39.98
3878,232,2025-10-21,66.16
3879,232,2026-03-02,38.49
3880,232,2026-07-01,34.77
3881,232,2026-03-16,101.77
3882,232,2026-03-20,45.6
3883,232,2025-11-13,33.2
3884,232,2026-03-01,23.01
3885,233,2026-08-19,97.95
3886,233,2025-11-25,89.05
3887,233,2025-11-13,49.83
3888,233,2026-04-03,106.85
3889,233,2026-02-06,124.22
3890,233,2026-05-30,70.52
3891,233,2026-08-04,208.59
3892,233,2026-03-03,164.16
3893,233,2026-06-28,131.58
3894,233,2025-11-14,130.86
3895,233,2026-05-20,91.23
3896,233,2025-12-21,150.42
3897,233,2026-05-25,182.48
3898,233,2026-07-09,129.47
3899,234,2026-07-10,19.64
3900,234,2026-02-03,16.51
3901,234,2026-01-04,19.62
3902,234,2026-04-12,52.59
3903,235,2026-08-09,100.15
3904,235,2026-06-03,110.53
3905,235,2026-06-02,74.42
3906,235,2026-07-15,44.56
3907,235,2025-09-27,86.69
3908,235,2026-07-22,77.82
3909,235,2025-12-21,123.85
3910,235,2025-11-16,135.31
3911,235,2026-01-17,126.99
3912,235,2026-06-28,140.41
3913,235,2025-12-22,202.65
3914,235,2026-04-27,107.26
3915,235,2026-04-02,147.59
3916,235,2026-05-22,112.4
3917,235,2025-12-03,38.27
3918,235,2026-02-06,83.95
3919,235,2026-06-21,60.91
3920,235,2026-04-02,99.88
3921,235,2025-11-30,63.05
3922,235,2025-10-15,118.2
3923,235,2025-10-15,139.95
3924,235,2026-06-28,154.69
3925,235,2025-11-10,186.51
3926,235,2026-02-10,42.33
3927,236,2026-08-22,284.64
3928,236,2025-12-21,80.36
3929,236,2026-05-18,102.0
3930,236,2026-02-04,100.38
3931,236,2026-03-12,117.34
3932,236,2025-10-12,72.6
3933,236,2026-03-27,157.74
3934,236,2025-12-15,109.88
3935,236,2026-06-26,50.43
3936,236,2026-01-08,85.75
3937,236,2026-03-25,83.29
3938,237,2026-08-26,39.2
3939,237,2026-04-03,54.17
3940,237,2026-05-20,34.03
3941,237,2026-05-17,74.17
3942,237,2026-03-22,21.81
3943,237,2026-07-14,64.99
3944,237,2026-04-12,45.36
3945,237,2026-03-24,69.48
3946,237,2026-06-24,31.67
3947,237,2026-03-28,46.86
3948,237,2026-01-13,46.24
3949,237,2026-04-11,54.7
3950,237,2026-08-26,28.09
3951,237,2026-01-03,59.92
3952,237,2026-02-14,19.61
3953,237,2026-04-08,33.32
3954,237,2026-08-19,22.27
3955,237,2026-07-28,65.32
3956,237,2026-07-31,53.88
3957,237,2025-11-14,55.25
3958,237,2026-05-15,87.32
3959,237,2026-04-06,39.04
3960,237,2026-01-05,59.2
3961,237,2026-01-19,46.36
3962,237,2026-08-05,43.29
3963,238,2026-08-14,88.22
3964,238,2025-10-18,65.19
3965,238,2026-04-26,96.25
3966,238,2025-12-11,88.67
3967,238,2026-02-11,136.64
3968,238,2026-01-19,49.24
3969,238,2026-06-20,62.64
3970,238,2026-01-28,124.74
3971,238,2026-06-23,67.49
3972,238,2026-06-05,59.94
3973,238,2026-04-21,69.0
3974,238,2026-06-06,86.0
3975,238,2025-10-25,86.15
3976,238,2026-08-05,81.89
3977,238,2025-10-27,56.65
3978,238,2026-06-26,127.45
3979,238,2025-11-06,163.47
3980,238,2026-04-28,38.1
3981,238,2025-10-21,44.73
3982,238,2026-02-21,141.33
3983,239,2026-09-17,187.0
3984,239,2026-01-20,301.01
3985,239,2026-04-15,141.41
3986,239,2026-04-21,245.79
3987,239,2026-08-22,240.36
3988,239,2026-01-25,143.33
3989,239,2026-06-27,429.11
3990,239,2026-06-02,183.85
3991,239,2025-11-14,134.34
3992,239,2026-01-31,308.25
3993,239,2026-01-12,215.21
3994,239,2026-06-15,252.37
3995,239,2026-03-23,123.22
3996,239,2026-09-13,302.69
3997,239,2026-06-22,558.19
3998,239,2025-12-06,118.97
3999,239,2026-04-01,246.29
4000,239,2026-02-03,147.48
4001,239,2025-12-10,704.46
4002,239,2025-10-18,366.85
4003,239,2026-08-19,238.43
4004,239,2026-02-22,120.85
4005,239,2025-09-27,134.74
4006,239,2026-07-08,293.81
4007,239,2025-11-15,113.75
4008,239,2026-02-22,115.37
4009,239,2026-05-27,210.84
4010,239,2025-12-12,222.99
4011,239,2025-11-11,249.17
4012,239,2026-07-29,172.31
4013,239,2026-01-17,317.72
4014,239,2025-10-18,142.49
4015,239,2026-01-23,278.41
4016,239,2026-03-06,231.24
4017,239,2026-07-30,275.17
4018,240,2026-09-24,150.83
4019,240,2026-04-21,258.36
4020,240,2026-06-20,209.39
4021,240,2026-05-24,133.41
4022,240,2025-12-03,183.72
4023,240,2026-07-22,118.89
4024,240,2026-03-05,354.42
4025,240,2026-08-25,422.3
4026,240,2026-01-04,174.57
4027,240,2026-08-01,156.81
4028,240,2025-10-17,337.54
4029,240,2025-11-07,362.99
4030,240,2025-11-17,127.18
4031,240,2026-05-21,196.47
4032,240,2025-12-14,204.5
4033,240,2026-08-07,148.45
4034,240,2026-06-11,249.83
4035,240,2026-08-07,153.26
4036,240,2026-09-05,164.68
4037,240,2026-05-14,200.64
4038,240,2026-02-27,107.45
4039,240,2025-11-15,83.24
4040,240,2026-09-12,317.45
4041,240,2026-04-29,150.5
4042,240,2026-01-08,548.83
4043,240,2026-07-13,510.01
4044,241,2026-08-22,93.77
4045,241,2025-12-22,54.57
4046,241,2025-12-10,136.07
4047,241,2026-05-18,64.68
4048,241,2026-08-08,78.79
4049,241,2026-06-12,238.32
4050,241,2026-05-08,78.4
4051,241,2026-04-10,73.81
4052,241,2025-10-30,117.14
4053,241,2026-06-18,40.3
4054,241,2026-02-04,158.01
4055,241,2026-05-24,140.76
4056,241,2026-03-11,113.96
4057,241,2026-05-17,19.69
4058,241,2026-05-01,80.08
4059,242,2026-09-15,172.28
4060,242,2026-02-15,97.49
4061,242,2026-03-27,88.11
4062,242,2025-10-22,117.64
4063,242,2026-02-26,172.25
4064,242,2026-07-01,142.22
4065,242,2026-01-27,95.78
4066,242,2026-07-10,39.02
4067,242,2025-10-31,129.6
4068,242,2026-07-23,47.11
4069,242,2026-03-22,91.43
4070,242,2025-11-28,85.43
4071,242,2026-09-12,47.55
4072,242,2026-03-26,106.42
4073,242,2026-03-20,237.28
4074,243,2026-08-25,67.04
4075,243,2026-05-05,106.98
4076,243,2026-07-05,122.53
4077,243,2026-07-05,85.04
4078,243,2026-04-29,194.66
4079,243,2026-08-13,107.76
4080,243,2026-01-11,70.94
4081,243,2026-01-13,63.3
4082,243,2026-06-13,95.4
4083,243,2025-11-06,173.3
4084,243,2026-02-08,72.48
4085,244,2026-07-21,22.75
4086,244,2026-04-18,38.41
4087,244,2026-03-02,80.16
4088,244,2026-05-20,77.5
4089,244,2026-01-15,68.9
4090,244,2026-04-20,50.8
4091,244,2026-02-26,58.84
4092,244,2025-10-14,47.04
4093,244,2026-02-08,27.37
4094,244,2026-04-22,29.94
4095,244,2026-01-02,34.24
4096,244,2025-12-15,84.54
4097,244,2026-01-21,73.05
4098,244,2026-07-09,27.68
4099,244,2026-05-15,46.09
4100,244,2026-06-13,37.54
4101,244,2025-10-09,41.97
4102,244,2026-04-19,35.36
4103,244,2026-03-02,84.71
4104,244,2025-10-25,44.62
4105,244,2025-09-28,49.6
4106,244,2026-05-17,49.78
4107,245,2026-01-10,17.9
4108,246,2026-07-17,163.94
4109,246,2026-06-17,181.18
4110,246,2026-01-18,95.88
4111,246,2025-10-11,45.57
4112,246,2025-12-19,106.58
4113,246,2026-05-06,207.77
4114,246,2025-11-19,111.49
4115,246,2025-11-10,153.4
4116,246,2026-04-11,72.35
4117,246,2026-02-13,60.81
4118,246,2025-11-13,87.18
4119,246,2026-06-01,37.82
4120,246,2026-04-04,249.3
4121,246,2026-03-05,95.84
4122,246,2026-07-15,132.93
4123,246,2026-05-29,73.12
4124,247,2026-06-06,29.71
4125,247,2026-01-03,23.23
4126,247,2025-10-21,77.44
4127,247,2026-03-12,16.7
4128,247,2026-03-23,14.97
4129,247,2026-03-27,28.91
4130,248,2026-08-26,73.93
4131,248,2026-03-24,85.46
4132,248,2026-08-16,55.04
4133,248,2025-10-01,39.03
4134,248,2025-12-22,15.89
4135,248,2026-08-19,69.88
4136,248,2026-06-17,56.74
4137,248,2026-07-01,48.2
4138,248,2025-10-28,33.02
4139,248,2025-10-11,69.48
4140,248,2026-04-10,40.08
4141,248,2026-06-28,44.31
4142,248,2026-01-23,43.88
4143,248,2026-05-27,55.1
4144,248,2026-07-17,26.84
4145,248,2026-06-01,57.96
4146,248,2026-06-02,32.53
4147,248,2026-08-09,33.05
4148,248,2026-01-04,67.02
4149,248,2026-05-01,28.76
4150,248,2026-02-23,66.97
4151,248,2026-02-23,47.1
4152,248,2025-12-11,21.43
4153,248,2025-12-14,83.15
4154,248,2026-02-19,51.74
4155,249,2026-08-05,40.62
4156,249,2026-04-08,55.33
4157,249,2026-01-11,133.94
4158,249,2026-08-04,70.57
4159,249,2025-10-16,50.09
4160,249,2025-09-28,165.14
4161,249,2026-07-12,47.45
4162,249,2026-07-06,58.47
4163,249,2025-11-12,29.53
4164,249,2026-06-04,21.18
4165,249,2026-06-10,39.53
4166,249,2026-06-08,45.78
4167,249,2025-12-28,52.19
4168,249,2026-06-25,23.75
4169,249,2026-06-09,60.58
4170,249,2026-04-03,30.97
4171,249,2026-01-29,59.18
4172,249,2025-09-29,68.54
4173,249,2026-05-23,37.66
4174,249,2026-05-17,29.16
4175,249,2026-02-16,90.13
4176,249,2026-03-27,66.65
4177,249,2026-01-29,48.19
4178,249,2026-05-20,87.13
4179,249,2026-01-23,46.72
4180,249,2025-10-19,34.04
4181,249,2026-01-03,28.67
4182,249,2025-12-18,42.87
4183,249,2026-07-15,63.68
4184,249,2025-10-26,84.1
4185,250,2026-09-09,135.33
4186,250,2026-01-07,64.08
4187,250,2026-08-05,80.99
4188,250,2025-10-03,82.05
4189,250,2026-08-29,45.03
4190,250,2026-03-09,36.12
4191,250,2026-07-25,42.72
4192,250,2025-10-11,28.86
4193,250,2025-12-18,43.68
4194,250,2026-05-08,44.91
4195,250,2026-01-13,96.24
4196,250,2025-11-17,58.77
4197,250,2026-06-26,130.3
4198,250,2026-01-31,17.03
4199,250,2026-05-28,26.02
4200,250,2026-01-02,38.35
4201,250,2026-02-23,88.08
4202,250,2026-01-02,42.83
4203,250,2026-01-30,23.25
4204,250,2026-01-31,40.3
4205,250,2026-08-11,26.25
4206,250,2025-11-16,24.04
4207,250,2026-07-12,110.62
4208,251,2026-06-20,45.95
4209,251,2026-03-07,17.33
4210,251,2026-04-27,46.81
4211,251,2026-02-10,37.16
4212,252,2026-08-06,106.15
4213,252,2025-10-07,120.2
4214,252,2025-11-18,65.43
4215,252,2026-04-16,152.31
4216,252,2026-03-11,85.73
4217,252,2025-10-10,52.77
4218,252,2025-12-26,54.99
4219,252,2026-03-28,95.19
4220,252,2025-11-17,43.88
4221,252,2026-06-25,202.36
4222,252,2026-01-07,144.29
4223,253,2026-09-11,59.12
4224,253,2026-01-20,15.37
4225,253,2026-06-19,40.02
4226,253,2026-05-21,62.69
4227,253,2025-11-28,43.74
4228,253,2026-01-24,79.17
4229,253,2026-06-26,77.98
4230,253,2026-09-10,29.23
4231,253,2025-11-28,65.2
4232,253,2026-08-14,28.79
4233,253,2026-08-30,46.11
4234,253,2026-05-29,60.46
4235,253,2025-10-20,30.9
4236,253,2026-01-28,64.12
4237,253,2026-08-28,35.85
4238,253,2025-10-25,34.65
4239,253,2025-10-17,61.85
4240,253,2026-01-10,30.89
4241,253,2026-08-17,30.19
4242,253,2026-09-06,71.89
4243,253,2025-11-09,47.25
4244,253,2025-11-27,23.39
4245,253,2025-11-24,66.14
4246,253,2026-03-25,37.48
4247,253,2026-02-15,23.93
4248,253,2026-07-13,14.56
4249,253,2026-08-30,67.57
4250,253,2026-06-26,30.56
4251,253,2026-02-05,25.71
4252,253,2026-04-23,60.0
4253,253,2026-02-07,64.67
4254,253,2026-04-10,31.58
4255,253,2026-02-28,67.85
4256,253,2025-10-13,113.45
4257,253,2026-02-02,82.49
4258,254,2026-06-08,55.23
4259,254,2026-05-12,116.72
4260,254,2025-10-21,109.0
4261,255,2026-06-23,121.13
4262,255,2026-02-05,118.73
4263,255,2026-02-03,64.63
4264,255,2026-01-21,125.05
4265,255,2026-01-01,134.55
4266,255,2025-12-06,143.16
4267,256,2026-04-03,33.3
4268,256,2026-01-10,39.38
4269,256,2025-11-04,46.59
4270,256,2025-12-11,14.84
4271,256,2025-12-27,54.1
4272,256,2026-01-15,52.55
4273,256,2026-01-02,29.12
4274,257,2026-07-13,46.41
4275,257,2026-01-09,74.46
4276,257,2025-10-14,63.97
4277,257,2025-10-30,76.37
4278,257,2026-03-28,128.89
4279,257,2025-11-07,88.63
4280,257,2026-05-05,89.66
4281,257,2026-05-04,92.41
4282,257,2026-04-05,31.79
4283,257,2026-07-08,45.51
4284,257,2026-04-27,75.67
4285,257,2025-11-07,61.59
4286,257,2025-12-04,81.09
4287,257,2026-04-09,169.3
4288,258,2026-09-20,391.24
4289,258,2025-12-09,281.64
4290,258,2026-05-13,144.58
4291,258,2025-11-23,257.58
4292,258,2026-02-14,306.11
4293,258,2025-12-31,81.78
4294,258,2025-11-23,138.66
4295,258,2025-11-02,247.24
4296,258,2026-07-31,88.33
4297,258,2026-01-03,94.85
4298,258,2026-08-01,185.94
4299,258,2025-10-16,261.99
4300,258,2026-02-06,267.5
4301,258,2026-07-13,428.03
4302,258,2026-06-07,217.92
4303,258,2025-11-02,177.58
4304,258,2026-01-31,116.61
4305,258,2026-06-30,176.62
4306,258,2025-11-29,288.73
4307,258,2026-01-05,294.66
4308,258,2026-08-24,236.56
4309,258,2026-06-11,268.62
4310,258,2025-11-20,372.96
4311,258,2026-05-17,217.24
4312,258,2026-09-07,388.54
4313,258,2026-02-15,151.43
4314,258,2025-11-01,203.19
4315,258,2026-03-04,169.14
4316,258,2025-10-04,300.01
4317,258,2026-08-10,133.03
4318,258,2026-01-23,181.69
4319,258,2026-01-30,90.94
4320,258,2025-10-01,274.4
4321,258,2026-03-17,368.03
4322,258,2025-11-29,316.37
4323,258,2026-07-30,302.71
4324,258,2026-09-05,306.38
4325,258,2026-01-06,287.71
4326,258,2026-09-19,276.88
4327,258,2025-11-10,285.04
4328,259,2026-09-15,242.7
4329,259,2026-09-08,104.67
4330,259,2025-10-30,416.51
4331,259,2026-05-08,232.3
4332,259,2026-02-21,385.31
4333,259,2026-05-13,199.92
4334,259,2025-11-21,91.08
4335,259,2026-04-24,688.09
4336,259,2026-05-27,222.76
4337,259,2026-01-15,133.89
4338,259,2026-08-29,351.67
4339,259,2026-05-05,524.92
4340,259,2026-07-04,191.72
4341,259,2026-05-06,200.83
4342,259,2026-04-09,233.74
4343,259,2026-08-24,127.38
4344,259,2025-11-13,153.9
4345,259,2026-04-21,468.24
4346,259,2026-05-11,197.87
4347,259,2026-07-24,144.06
4348,259,2025-09-27,171.35
4349,259,2025-11-16,340.32
4350,259,2026-03-28,86.31
4351,259,2026-05-20,235.5
4352,259,2026-04-03,635.94
4353,259,2025-10-09,523.79
4354,259,2026-06-29,271.8
4355,259,2026-01-15,379.75
4356,259,2025-10-30,378.11
4357,259,2025-12-21,198.44
4358,259,2025-11-11,318.39
4359,259,2025-10-14,469.64
4360,259,2026-08-25,118.92
4361,259,2026-06-23,272.22
4362,259,2026-07-26,247.09
4363,260,2026-01-01,20.56
4364,260,2025-11-07,24.25
4365,260,2025-11-16,33.74
4366,261,2026-09-12,193.17
4367,261,2026-04-30,86.34
4368,261,2026-01-18,282.39
4369,261,2025-12-04,88.35
4370,261,2026-06-22,184.17
4371,261,2026-05-29,345.17
4372,261,2026-05-15,165.44
4373,261,2025-12-24,139.83
4374,261,2026-05-12,301.05
4375,261,2026-07-25,187.7
4376,261,2025-12-05,175.01
4377,261,2025-12-23,372.73
4378,261,2026-02-15,124.19
4379,261,2025-11-06,170.76
4380,261,2025-12-08,310.14
4381,261,2025-10-31,120.63
4382,261,2026-06-13,466.85
4383,261,2026-08-02,190.48
4384,261,2026-05-15,311.27
4385,261,2025-11-24,310.97
4386,261,2025-10-22,196.09
4387,261,2026-08-05,169.28
4388,261,2025-11-15,205.98
4389,261,2026-03-28,289.4
4390,261,2025-11-29,134.72
4391,261,2026-01-15,122.2
4392,261,2026-08-22,409.53
4393,261,2026-03-26,150.87
4394,261,2026-08-12,246.27
4395,261,2026-05-16,191.74
4396,261,2025-12-20,195.6
4397,262,2026-09-03,109.57
4398,262,2026-01-12,160.91
4399,262,2025-12-27,67.91
4400,262,2025-11-23,75.33
4401,262,2026-01-16,87.44
4402,262,2026-01-25,166.64
4403,262,2026-07-18,61.23
4404,262,2026-02-05,58.37
4405,262,2026-06-18,100.11
4406,262,2026-06-11,124.3
4407,262,2025-11-12,65.59
4408,262,2026-02-05,121.69
4409,262,2025-09-28,166.6
4410,262,2026-04-01,154.47
4411,262,2026-05-04,105.51
4412,262,2025-09-27,86.4
4413,262,2026-02-02,196.53
4414,262,2025-11-11,90.63
4415,263,2026-05-17,90.61
4416,263,2026-04-13,63.05
4417,263,2025-10-08,178.6
4418,263,2025-10-31,104.71
4419,263,2026-04-30,53.31
4420,264,2026-09-21,403.18
4421,264,2026-02-24,317.01
4422,264,2026-08-12,158.45
4423,264,2026-07-28,368.01
4424,264,2025-11-23,66.34
4425,264,2026-09-15,500.55
4426,264,2026-08-30,114.99
4427,264,2026-08-27,262.41
4428,264,2026-03-12,254.54
4429,264,2026-01-14,348.2
4430,264,2026-01-14,181.13
4431,264,2026-01-15,79.97
4432,264,2026-09-01,181.24
4433,264,2026-05-20,190.28
4434,264,2026-02-05,83.51
4435,264,2026-01-18,214.33
4436,264,2026-05-24,129.41
4437,264,2025-11-20,281.24
4438,264,2025-11-25,187.99
4439,264,2025-12-19,507.55
4440,264,2025-12-08,187.13
4441,264,2025-10-04,254.88
4442,264,2025-12-09,190.8
4443,264,2026-02-22,101.15
4444,264,2026-05-01,191.52
4445,264,2026-05-14,294.75
4446,264,2025-11-29,275.34
4447,264,2026-06-07,184.04
4448,264,2026-02-06,109.02
4449,264,2026-03-24,280.65
4450,264,2026-05-08,253.63
4451,264,2026-04-12,306.94
4452,264,2026-08-23,185.63
4453,264,2026-01-08,98.41
4454,264,2026-08-28,267.01
4455,264,2026-08-26,209.14
4456,264,2026-06-23,392.83
4457,265,2026-08-11,180.92
4458,265,2025-12-17,62.09
4459,265,2026-07-23,276.03
4460,265,2026-01-30,73.16
4461,265,2026-04-11,221.74
4462,265,2025-10-28,221.3
4463,265,2025-12-01,40.89
4464,265,2025-11-08,174.16
4465,265,2025-10-31,79.21
4466,265,2025-12-24,69.7
4467,265,2026-05-25,113.97
4468,265,2026-05-13,57.18
4469,265,2025-11-09,112.81
4470,265,2026-01-31,58.94
4471,265,2025-10-30,97.47
4472,266,2026-09-18,337.25
4473,266,2026-02-10,390.46
4474,266,2025-11-27,328.06
4475,266,2026-05-28,225.44
4476,266,2026-08-06,172.66
4477,266,2026-08-26,747.74
4478,266,2026-08-30,134.41
4479,266,2026-05-10,312.21
4480,266,2025-10-08,243.92
4481,266,2026-06-20,204.17
4482,266,2026-04-27,228.25
4483,266,2026-01-20,166.92
4484,266,2026-01-26,254.5
4485,266,2026-06-14,242.18
4486,266,2026-08-04,700.68
4487,266,2026-07-24,340.01
4488,266,2026-07-02,264.87
4489,266,2026-08-19,272.08
4490,266,2026-04-07,480.53
4491,266,2026-01-30,135.7
4492,266,2026-01-20,193.42
4493,266,2025-10-28,89.02
4494,266,2026-06-06,270.04
4495,266,2026-01-27,307.6
4496,266,2025-11-06,134.17
4497,266,2026-09-08,400.57
4498,266,2025-12-13,151.96
4499,266,2026-08-18,180.01
4500,266,2026-03-05,221.61
4501,267,2026-08-07,79.06
4502,267,2025-11-12,121.28
4503,267,2026-02-28,75.84
4504,267,2026-05-08,326.23
4505,267,2025-12-05,296.74
4506,267,2026-02-21,99.92
4507,267,2026-05-24,132.67
4508,268,2026-09-18,247.21
4509,268,2026-08-19,244.53
4510,268,2026-03-22,228.32
4511,268,2025-10-31,158.29
4512,268,2025-11-14,107.63
4513,268,2026-08-14,238.54
4514,268,2025-12-20,117.91
4515,268,2026-08-20,113.01
4516,268,2026-05-06,176.94
4517,268,2026-04-11,254.91
4518,268,2026-09-10,513.68
4519,268,2026-07-31,326.29
4520,268,2025-11-07,400.24
4521,268,2026-02-05,281.82
4522,268,2025-12-11,247.69
4523,268,2026-02-26,648.53
4524,268,2026-04-11,115.8
4525,268,2026-09-12,174.37
4526,268,2026-03-07,180.6
4527,268,2025-12-17,313.94
4528,268,2026-07-07,135.19
4529,268,2026-03-27,296.09
4530,268,2026-04-24,272.58
4531,268,2025-11-11,302.81
4532,268,2026-07-22,300.35
4533,268,2026-08-12,419.62
4534,268,2026-07-05,205.4
4535,268,2026-07-25,266.58
4536,268,2025-11-19,150.76
4537,268,2026-06-17,136.04
4538,268,2026-05-12,464.65
4539,268,2026-06-18,145.72
4540,268,2025-12-01,280.25
4541,268,2026-01-24,266.69
4542,268,2026-04-02,356.33
4543,268,2025-12-06,99.58
4544,268,2026-08-24,313.61
4545,268,2026-01-19,204.59
4546,268,2026-05-12,160.32
4547,268,2026-05-06,187.59
4548,269,2026-09-16,349.51
4549,269,2026-07-22,267.83
4550,269,2026-08-20,142.53
4551,269,2026-08-21,190.44
4552,269,2026-06-14,407.25
4553,269,2026-08-06,385.82
4554,269,2026-09-13,116.24
4555,269,2025-10-03,178.11
4556,269,2026-02-21,498.57
4557,269,2025-12-14,203.75
4558,269,2026-02-27,238.57
4559,269,2025-12-25,348.71
4560,269,2026-01-15,120.62
4561,269,2026-07-21,143.92
4562,269,2026-07-25,189.89
4563,269,2026-03-26,377.73
4564,269,2026-05-07,347.58
4565,269,2025-11-21,303.69
4566,269,2026-05-30,206.33
4567,269,2026-05-22,365.19
4568,269,2026-03-12,205.08
4569,269,2026-07-10,284.92
4570,269,2025-11-15,331.13
4571,269,2026-09-13,471.39
4572,269,2025-11-19,214.17
4573,269,2026-02-07,186.59
4574,269,2025-11-04,393.43
4575,269,2026-06-04,407.26
4576,269,2025-10-31,172.02
4577,269,2025-11-13,133.6
4578,269,2026-04-07,380.19
4579,269,2026-06-08,104.93
4580,269,2026-07-08,102.55
4581,269,2026-07-25,194.68
4582,269,2026-02-21,219.91
4583,269,2025-10-10,130.34
4584,270,2026-09-19,115.53
4585,270,2026-01-27,89.87
4586,270,2026-01-24,260.23
4587,270,2026-01-27,274.79
4588,270,2026-05-24,274.17
4589,270,2026-09-14,139.49
4590,270,2025-09-29,330.23
4591,270,2026-07-08,288.63
4592,270,2025-11-26,210.69
4593,270,2026-03-09,195.69
4594,270,2026-03-10,156.81
4595,270,2026-09-12,228.97
4596,270,2025-09-29,434.79
4597,270,2026-03-14,350.42
4598,270,2025-11-25,187.13
4599,270,2025-12-14,267.6
4600,270,2026-08-01,127.93
4601,270,2025-10-14,291.67
4602,270,2026-02-19,144.49
4603,270,2026-07-15,286.5
4604,270,2026-02-23,798.86
4605,270,2026-02-10,162.49
4606,270,2026-01-28,782.4
4607,270,2026-05-27,261.88
4608,270,2025-10-17,149.87
4609,270,2026-06-26,146.81
4610,271,2026-09-19,500.64
4611,271,2026-03-27,258.65
4612,271,2026-04-18,211.86
4613,271,2025-10-20,563.95
4614,271,2025-10-28,332.63
4615,271,2026-09-19,465.58
4616,271,2025-09-26,123.49
4617,271,2025-10-31,121.42
4618,271,2025-10-29,277.21
4619,271,2026-03-25,253.06
4620,271,2026-06-14,368.51
4621,271,2026-02-14,100.81
4622,271,2025-11-06,288.22
4623,271,2026-04-11,327.76
4624,271,2025-10-01,320.02
4625,271,2026-06-18,174.88
4626,271,2025-11-17,265.2
4627,271,2026-08-27,148.13
4628,271,2025-11-22,184.06
4629,271,2025-10-15,131.34
4630,271,2026-01-10,149.26
4631,271,2026-02-08,188.42
4632,271,2026-04-25,168.37
4633,271,2025-11-10,149.25
4634,271,2026-08-05,117.01
4635,271,2026-06-07,507.55
4636,271,2026-08-03,167.65
4637,271,2026-06-12,243.62
4638,271,2026-03-16,95.16
4639,271,2026-05-22,386.85
4640,271,2026-04-22,226.41
4641,271,2026-06-29,171.98
4642,272,2026-09-16,389.05
4643,272,2026-07-27,187.76
4644,272,2026-03-27,413.51
4645,272,2025-10-03,203.77
4646,272,2025-12-13,244.1
4647,272,2026-05-15,179.34
4648,272,2026-05-24,225.63
4649,272,2025-10-25,231.07
4650,272,2026-08-14,101.83
4651,272,2025-10-19,172.15
4652,272,2026-01-18,120.56
4653,272,2025-12-03,174.85
4654,272,2026-05-22,146.83
4655,272,2026-01-29,331.1
4656,272,2026-05-24,332.83
4657,272,2026-09-10,270.22
4658,272,2026-04-08,118.71
4659,272,2025-10-03,200.93
4660,272,2026-06-22,114.53
4661,272,2026-07-21,196.53
4662,272,2025-10-23,281.03
4663,272,2025-10-27,328.18
4664,272,2025-11-19,259.79
4665,272,2025-10-04,369.97
4666,272,2025-09-29,236.04
4667,272,2025-10-25,189.05
4668,272,2025-10-08,311.14
4669,272,2025-12-25,315.77
4670,272,2026-05-28,165.87
4671,272,2026-04-06,249.05
4672,273,2026-09-12,143.06
4673,273,2026-05-02,258.26
4674,273,2026-05-08,181.03
4675,273,2026-01-24,276.89
4676,273,2025-11-19,254.25
4677,273,2026-08-03,116.05
4678,273,2026-05-30,331.62
4679,273,2025-10-16,120.05
4680,273,2026-05-08,148.84
4681,273,2026-01-23,232.85
4682,273,2026-02-27,425.08
4683,273,2025-11-10,133.67
4684,273,2026-03-17,224.43
4685,273,2026-04-16,225.27
4686,273,2026-09-07,282.29
4687,273,2026-03-29,357.78
4688,273,2026-02-19,175.09
4689,273,2026-01-13,331.11
4690,273,2025-12-12,382.13
4691,273,2025-12-13,468.67
4692,273,2026-04-04,263.22
4693,273,2026-08-16,225.42
4694,273,2026-06-15,169.62
4695,273,2026-04-22,108.91
4696,273,2025-10-03,185.31
4697,273,2025-12-16,220.89
4698,273,2025-11-02,199.9
4699,273,2025-09-28,274.81
4700,273,2026-07-28,109.15
4701,273,2026-09-08,193.49
4702,273,2026-02-22,515.3
4703,273,2026-06-11,328.69
4704,273,2025-11-11,277.1
4705,274,2026-05-24,68.18
4706,274,2026-02-01,47.75
4707,274,2025-10-06,19.78
4708,275,2026-05-20,22.91
4709,275,2026-04-22,31.96
4710,276,2026-09-10,32.18
4711,276,2026-01-10,97.78
4712,276,2025-12-10,25.26
4713,276,2026-07-23,37.59
4714,276,2026-01-16,47.23
4715,276,2026-07-12,40.19
4716,276,2026-02-21,31.91
4717,276,2026-08-04,19.91
4718,276,2025-09-28,32.97
4719,276,2026-01-20,29.22
4720,276,2026-03-30,95.8
4721,276,2026-03-18,124.68
4722,276,2026-02-06,43.98
4723,276,2026-07-29,23.92
4724,276,2026-03-16,62.73
4725,276,2026-01-03,28.94
4726,276,2026-06-11,35.15
4727,276,2026-03-27,33.91
4728,276,2026-05-18,35.93
4729,276,2026-07-16,38.36
4730,276,2025-10-03,24.92
4731,276,2026-02-15,32.81
4732,276,2026-04-26,71.21
4733,276,2026-05-15,44.33
4734,276,2026-01-16,47.61
4735,276,2026-08-04,16.48
4736,276,2026-02-24,68.94
4737,276,2026-06-22,33.06
4738,276,2025-11-03,74.62
4739,276,2025-12-10,48.24
4740,277,2026-03-15,83.7
4741,277,2025-11-06,109.68
4742,277,2025-12-07,59.36
4743,277,2025-11-13,121.78
4744,277,2025-11-18,91.25
4745,277,2025-10-31,42.93
4746,278,2026-08-22,22.11
4747,278,2025-12-05,74.01
4748,278,2026-02-03,57.05
4749,278,2026-07-29,93.68
4750,278,2026-07-01,27.23
4751,278,2025-09-28,74.94
4752,278,2026-05-20,68.56
4753,278,2026-04-03,41.46
4754,278,2026-04-19,37.98
4755,278,2025-09-29,27.61
4756,278,2025-11-23,24.56
4757,278,2026-03-15,32.09
4758,278,2026-01-09,25.57
4759,278,2026-02-21,92.27
4760,278,2026-01-21,22.89
4761,278,2025-10-11,48.12
4762,278,2026-01-12,54.75
4763,278,2026-07-16,52.85
4764,278,2026-03-09,54.98
4765,278,2025-11-24,68.89
4766,278,2026-08-09,36.82
4767,278,2026-04-26,46.81
4768,278,2026-06-17,39.43
4769,278,2025-12-27,80.87
4770,278,2026-07-07,115.77
4771,279,2026-08-06,50.54
4772,279,2026-02-10,89.66
4773,279,2026-05-22,103.01
4774,279,2025-12-07,86.05
4775,279,2026-07-24,88.47
4776,279,2025-10-01,182.19
4777,279,2025-11-10,64.02
4778,279,2026-06-12,128.94
4779,279,2026-03-04,103.77
4780,279,2026-06-05,61.19
4781,279,2026-01-24,55.44
4782,279,2026-04-17,41.86
4783,280,2026-09-09,52.72
4784,280,2026-03-23,87.68
4785,280,2025-10-26,144.07
4786,280,2025-12-07,91.65
4787,280,2025-11-28,92.81
4788,280,2026-04-25,77.73
4789,280,2026-07-29,60.31
4790,280,2026-05-10,59.41
4791,280,2026-01-13,42.61
4792,280,2025-11-20,153.14
4793,280,2026-01-28,110.82
4794,280,2026-08-27,93.4
4795,280,2026-02-15,102.8
4796,280,2026-07-06,104.86
4797,280,2026-02-09,64.67
4798,280,2026-04-19,77.75
4799,281,2026-09-01,386.23
4800,281,2026-04-23,203.56
4801,281,2025-10-13,235.05
4802,281,2026-01-15,171.31
4803,281,2025-12-13,278.44
4804,281,2026-02-01,122.7
4805,281,2025-11-06,471.18
4806,281,2026-03-23,350.76
4807,281,2026-02-27,122.44
4808,281,2025-12-01,147.24
4809,281,2026-03-09,253.83
4810,281,2026-06-10,180.35
4811,281,2025-12-17,268.32
4812,281,2026-04-26,178.64
4813,281,2026-07-28,417.08
4814,281,2026-04-27,210.79
4815,281,2026-08-14,624.13
4816,281,2025-11-06,275.42
4817,281,2025-10-01,114.42
4818,281,2026-06-03,537.02
4819,281,2025-10-24,344.3
4820,281,2026-01-02,249.18
4821,281,2025-10-11,280.93
4822,281,2026-07-08,122.98
4823,281,2026-08-11,93.24
4824,281,2025-10-23,206.09
4825,281,2026-06-02,390.55
4826,281,2026-02-10,250.93
4827,281,2025-10-29,453.16
4828,281,2026-05-08,380.56
4829,281,2026-08-02,211.96
4830,281,2025-12-06,357.74
4831,281,2026-04-01,416.66
4832,282,2026-02-06,148.44
4833,282,2025-12-05,62.44
4834,282,2025-10-24,101.25
4835,282,2025-11-13,188.03
4836,282,2025-10-30,77.42
4837,282,2025-12-28,67.0
4838,282,2026-01-06,108.78
4839,282,2026-01-13,109.93
4840,282,2025-12-30,140.52
4841,283,2026-06-15,41.55
4842,283,2026-01-05,67.4
4843,283,2025-11-30,85.69
4844,283,2026-02-18,74.97
4845,283,2026-01-21,92.92
4846,283,2026-04-18,117.3
4847,283,2025-11-18,165.15
4848,284,2026-07-02,67.17
4849,284,2025-12-29,136.44
4850,284,2026-02-27,185.77
4851,284,2026-05-28,78.02
4852,284,2026-02-01,75.68
4853,284,2025-12-21,74.45
4854,284,2026-05-21,49.33
4855,285,2026-09-16,27.62
4856,285,2026-03-08,50.8
4857,285,2025-10-20,20.03
4858,285,2025-10-21,36.8
4859,285,2026-04-10,41.63
4860,285,2026-01-09,44.2
4861,285,2026-03-26,53.85
4862,285,2025-10-29,38.85
4863,285,2026-02-26,33.32
4864,285,2025-11-03,78.78
4865,285,2026-05-10,38.96
4866,285,2025-10-20,85.22
4867,285,2026-01-01,38.88
4868,285,2025-12-17,44.67
4869,285,2026-09-11,42.28
4870,285,2025-12-03,49.93
4871,285,2026-07-21,37.25
4872,285,2025-10-18,46.99
4873,285,2026-07-11,89.62
4874,285,2025-11-26,72.14
4875,285,2026-02-02,72.37
4876,285,2026-04-30,24.6
4877,285,2025-11-03,26.46
4878,285,2026-05-01,49.63
4879,285,2026-08-25,63.66
4880,285,2026-08-21,35.63
4881,285,2025-11-17,32.88
4882,285,2026-05-03,84.26
4883,285,2025-11-29,61.27
4884,286,2026-09-13,40.74
4885,286,2026-08-05,39.55
4886,286,2026-03-25,36.84
4887,286,2026-01-19,34.8
4888,286,2026-05-31,81.5
4889,286,2025-12-26,45.51
4890,286,2026-08-14,42.52
4891,286,2026-01-19,33.67
4892,286,2026-02-18,37.45
4893,286,2026-06-24,33.72
4894,286,2026-05-15,63.5
4895,286,2026-06-21,32.06
4896,286,2026-02-05,16.38
4897,286,2026-02-01,46.2
4898,286,2026-03-01,39.68
4899,286,2026-07-07,34.57
4900,286,2026-06-29,67.82
4901,286,2025-12-01,13.15
4902,286,2026-04-04,91.47
4903,286,2026-04-13,72.33
4904,286,2026-05-28,33.92
4905,286,2025-10-20,36.74
4906,286,2026-06-21,56.47
4907,286,2025-12-16,57.15
4908,286,2025-12-16,33.83
4909,286,2026-06-20,21.74
4910,287,2026-09-14,305.16
4911,287,2026-09-10,289.07
4912,287,2026-08-30,267.97
4913,287,2025-10-04,207.72
4914,287,2026-06-22,175.44
4915,287,2025-11-15,130.02
4916,287,2026-08-04,126.2
4917,287,2026-06-24,245.5
4918,287,2026-03-11,204.92
4919,287,2026-03-12,174.19
4920,287,2026-02-13,283.23
4921,287,2026-07-16,191.88
4922,287,2026-06-13,139.24
4923,287,2026-06-13,186.27
4924,287,2026-04-12,303.81
4925,287,2025-10-23,132.49
4926,287,2026-04-04,230.74
4927,287,2025-09-26,204.83
4928,287,2026-06-17,149.12
4929,287,2026-06-21,184.03
4930,287,2026-08-10,103.53
4931,287,2026-07-01,220.62
4932,287,2026-05-27,113.63
4933,287,2026-05-02,340.26
4934,287,2026-01-05,201.49
4935,287,2026-04-10,162.36
4936,287,2026-01-15,354.02
4937,287,2026-08-14,132.0
4938,287,2025-10-14,150.0
4939,288,2026-07-25,37.39
4940,288,2026-06-11,20.6
4941,288,2026-04-08,37.51
4942,288,2026-01-22,34.78
4943,288,2025-09-29,68.8
4944,288,2026-01-15,43.82
4945,288,2025-10-16,47.55
4946,288,2026-06-22,44.55
4947,288,2026-06-06,17.26
4948,288,2026-07-25,18.32
4949,288,2026-04-18,38.99
4950,288,2025-11-28,51.01
4951,288,2025-10-06,40.49
4952,288,2026-02-11,30.5
4953,288,2026-03-19,40.39
4954,288,2025-10-16,38.84
4955,288,2026-01-28,63.89
4956,288,2026-02-13,62.3
4957,288,2026-06-30,35.08
4958,289,2026-08-30,26.27
4959,289,2026-06-19,63.72
4960,289,2026-04-23,45.19
4961,289,2026-07-18,58.71
4962,289,2025-11-05,42.52
4963,289,2026-06-16,53.42
4964,289,2025-12-01,74.13
4965,289,2026-05-12,41.05
4966,289,2026-08-20,51.14
4967,289,2026-04-14,78.97
4968,289,2026-03-06,42.38
4969,289,2026-03-25,27.12
4970,289,2025-09-30,61.0
4971,289,2026-03-07,85.83
4972,289,2025-12-09,80.37
4973,289,2026-04-27,62.08
4974,289,2026-07-12,15.67
4975,289,2026-03-15,33.8
4976,289,2026-02-22,34.59
4977,289,2026-04-11,45.92
4978,289,2025-12-14,96.2
4979,289,2025-10-08,27.67
4980,289,2026-08-03,123.43
4981,290,2026-09-07,171.82
4982,290,2026-08-15,212.82
4983,290,2025-10-20,169.68
4984,290,2026-06-01,268.45
4985,290,2026-05-14,192.4
4986,290,2026-05-16,174.03
4987,290,2025-12-09,214.41
4988,290,2025-10-13,103.04
4989,290,2025-11-03,202.95
4990,290,2025-11-20,281.3
4991,290,2026-05-10,223.46
4992,290,2026-05-21,322.26
4993,290,2025-11-03,177.21
4994,290,2026-04-23,170.79
4995,290,2026-06-25,127.02
4996,290,2025-11-19,174.95
4997,290,2026-03-25,508.65
4998,290,2026-08-09,237.72
4999,290,2025-11-01,161.36
5000,290,2026-05-28,133.53
5001,290,2026-05-23,102.29
5002,290,2026-03-07,144.52
5003,290,2026-06-06,295.52
5004,290,2025-11-24,173.29
5005,290,2026-01-10,136.45
5006,290,2026-02-24,143.37
5007,290,2026-06-30,281.29
5008,290,2026-03-22,202.46
5009,290,2026-06-05,158.36
5010,290,2025-10-09,182.79
5011,290,2025-12-06,566.66
5012,291,2026-09-20,95.89
5013,291,2026-08-10,95.41
5014,291,2026-07-19,92.05
5015,291,2025-10-16,101.59
5016,291,2025-10-15,124.21
5017,291,2025-12-14,119.51
5018,291,2026-04-04,90.96
5019,291,2026-04-19,88.04
5020,291,2026-06-05,86.53
5021,291,2026-01-31,63.35
5022,291,2026-06-01,62.99
5023,291,2026-07-16,114.96
5024,291,2026-08-30,65.3
5025,291,2026-04-21,129.81
5026,291,2025-12-01,87.94
5027,291,2025-12-10,130.14
5028,291,2025-11-19,119.87
5029,292,2026-09-12,200.16
5030,292,2026-02-11,133.19
5031,292,2026-04-29,70.05
5032,292,2026-06-27,132.31
5033,292,2026-06-06,236.16
5034,292,2026-08-11,261.35
5035,292,2025-12-30,262.32
5036,292,2026-02-17,276.28
5037,292,2025-10-19,158.42
5038,292,2026-02-09,143.86
5039,292,2026-08-15,248.61
5040,292,2026-02-06,190.91
5041,292,2026-07-13,315.86
5042,292,2026-08-30,249.32
5043,292,2026-01-22,374.21
5044,292,2026-09-03,170.31
5045,292,2026-04-21,339.51
5046,292,2025-11-01,524.64
5047,292,2026-06-14,215.14
5048,292,2026-01-11,262.91
5049,292,2026-05-03,138.15
5050,292,2026-08-04,314.01
5051,292,2026-07-05,349.04
5052,292,2026-08-17,168.11
5053,292,2026-07-21,273.38
5054,292,2026-07-18,238.25
5055,292,2025-11-06,250.38
5056,292,2025-12-02,302.63
5057,292,2026-05-11,265.23
5058,292,2026-01-01,197.27
5059,292,2026-07-03,305.54
5060,292,2026-01-31,346.35
5061,293,2026-09-20,63.24
5062,293,2025-10-20,80.96
5063,293,2026-03-02,59.91
5064,293,2025-09-28,117.32
5065,293,2026-03-13,100.23
5066,293,2026-07-13,74.12
5067,293,2026-03-23,91.51
5068,293,2025-10-25,81.49
5069,293,2026-09-14,150.59
5070,293,2026-04-30,73.8
5071,293,2026-09-03,119.77
5072,293,2025-11-21,65.53
5073,294,2026-09-13,203.06
5074,294,2026-03-17,178.85
5075,294,2025-12-29,181.06
5076,294,2026-02-22,357.02
5077,294,2025-11-29,551.73
5078,294,2026-08-14,182.39
5079,294,2026-07-05,115.85
5080,294,2025-12-02,188.96
5081,294,2026-05-06,229.19
5082,294,2025-10-10,205.03
5083,294,2025-11-07,276.42
5084,294,2026-08-11,568.2
5085,294,2026-04-24,97.14
5086,294,2025-12-29,167.16
5087,294,2026-07-27,420.15
5088,294,2025-11-14,166.03
5089,294,2026-08-10,299.58
5090,294,2026-08-06,278.94
5091,294,2026-03-06,366.39
5092,294,2026-06-18,496.76
5093,294,2026-01-31,243.96
5094,294,2026-04-28,95.73
5095,294,2026-06-10,153.23
5096,294,2025-11-22,561.62
5097,294,2026-07-19,111.13
5098,294,2026-03-23,262.61
5099,294,2026-07-16,67.73
5100,294,2026-07-27,114.33
5101,294,2026-07-03,313.01
5102,294,2026-06-15,213.43
5103,294,2026-04-21,177.28
5104,294,2026-04-02,145.57
5105,294,2026-07-27,85.51
5106,295,2026-09-18,92.22
5107,295,2026-09-04,125.29
5108,295,2026-04-17,143.37
5109,295,2025-09-26,128.46
5110,295,2026-01-25,66.42
5111,295,2026-08-16,119.83
5112,295,2025-10-25,110.97
5113,295,2026-01-16,65.39
5114,295,2026-04-07,73.03
5115,295,2025-12-14,122.2
5116,295,2026-01-29,167.24
5117,295,2026-06-18,39.83
5118,295,2025-12-07,188.26
5119,295,2026-06-19,151.97
5120,295,2026-06-29,98.44
5121,296,2026-09-06,88.76
5122,296,2026-02-12,62.01
5123,296,2026-03-01,78.38
5124,296,2026-05-02,93.77
5125,296,2026-07-31,82.38
5126,296,2026-08-01,64.16
5127,296,2026-03-15,111.67
5128,296,2026-05-07,97.96
5129,296,2026-01-01,107.41
5130,296,2026-01-31,123.6
5131,296,2026-05-31,83.35
5132,297,2026-09-13,130.12
5133,297,2025-12-19,89.3
5134,297,2026-06-13,165.27
5135,297,2025-12-18,74.18
5136,297,2026-08-06,43.72
5137,297,2026-02-19,100.15
5138,297,2026-09-01,80.33
5139,297,2025-09-27,39.69
5140,297,2025-11-20,55.97
5141,297,2026-06-17,64.59
5142,297,2026-07-22,181.22
5143,297,2026-01-30,123.74
5144,297,2025-10-30,76.96
5145,297,2026-05-23,111.24
5146,297,2025-10-09,35.95
5147,297,2026-04-05,69.8
5148,297,2026-04-11,107.8
5149,298,2026-08-24,113.28
5150,298,2026-05-04,194.59
5151,298,2026-07-21,130.61
5152,298,2026-07-14,197.01
5153,298,2025-10-08,66.52
5154,298,2026-01-13,43.96
5155,298,2025-11-17,84.49
5156,298,2026-01-30,81.31
5157,298,2026-02-25,173.56
5158,299,2026-08-12,55.42
5159,299,2026-06-04,201.46
5160,299,2025-11-11,164.79
5161,299,2025-12-12,175.92
5162,299,2025-10-16,122.52
5163,299,2026-05-15,34.79
5164,299,2026-06-17,56.39
5165,299,2026-03-11,103.33
5166,299,2026-05-19,66.4
5167,299,2025-12-18,78.1
5168,299,2026-03-29,118.58
5169,299,2026-01-23,83.37
5170,299,2026-06-18,52.0
5171,299,2026-07-16,134.07
5172,299,2025-10-16,113.47
5173,300,2026-04-04,44.76
5174,300,2026-01-09,12.16
5175,300,2026-01-27,41.4
5176,300,2025-12-12,39.2
5177,300,2025-11-28,21.67
5178,300,2025-10-08,20.6
5179,301,2026-08-28,119.22
5180,301,2026-07-03,110.02
5181,301,2026-01-23,115.63
5182,301,2025-12-30,64.85
5183,301,2026-05-07,97.2
5184,301,2026-06-12,48.47
5185,301,2025-12-10,57.73
5186,301,2026-06-17,91.38
5187,301,2026-07-10,101.28
5188,301,2026-08-17,43.24
5189,301,2026-07-29,55.92
5190,301,2025-11-08,76.35
5191,301,2025-10-17,138.54
5192,302,2026-09-13,122.38
5193,302,2025-11-10,62.28
5194,302,2026-04-12,373.88
5195,302,2026-04-03,159.12
5196,302,2026-08-14,90.64
5197,302,2026-03-12,255.75
5198,302,2026-03-25,253.55
5199,302,2026-02-01,296.68
5200,302,2025-11-19,346.95
5201,302,2026-02-25,138.87
5202,302,2026-08-26,141.65
5203,302,2025-11-29,181.94
5204,302,2026-03-29,303.94
5205,302,2026-03-26,81.53
5206,302,2025-11-09,222.47
5207,302,2026-02-17,319.44
5208,302,2025-12-09,313.56
5209,302,2025-11-07,288.87
5210,302,2026-03-23,338.82
5211,302,2025-10-02,61.0
5212,302,2026-07-15,434.05
5213,302,2025-11-10,243.66
5214,302,2025-11-18,382.87
5215,302,2026-08-09,123.78
5216,302,2026-07-21,95.38
5217,302,2026-08-31,469.18
5218,302,2026-06-08,138.4
5219,302,2025-09-29,182.59
5220,302,2026-08-01,266.26
5221,302,2026-09-02,297.35
5222,302,2026-04-04,341.17
5223,302,2026-05-12,232.21
5224,303,2026-08-24,24.61
5225,303,2026-01-27,10.72
5226,303,2026-04-01,37.32
5227,303,2025-12-24,36.19
5228,303,2026-06-23,37.97
5229,303,2026-06-03,29.66
5230,303,2026-06-21,66.64
5231,303,2026-06-09,24.17
5232,303,2026-03-27,55.12
5233,303,2026-02-10,59.98
5234,303,2025-11-10,51.89
5235,303,2026-04-06,56.03
5236,303,2026-04-10,68.98
5237,303,2026-07-02,46.1
5238,303,2026-07-23,38.5
5239,303,2025-12-14,56.01
5240,303,2026-01-26,58.96
5241,303,2026-02-28,67.16
5242,303,2026-03-30,20.82
5243,303,2026-03-04,41.43
5244,303,2025-11-16,27.86
5245,303,2026-06-22,57.92
5246,303,2026-03-11,62.41
5247,304,2026-08-27,55.43
5248,304,2026-06-07,23.8
5249,304,2026-04-09,36.77
5250,304,2026-07-24,49.52
5251,304,2026-02-12,60.12
5252,304,2025-11-09,44.48
5253,304,2025-11-18,50.23
5254,304,2026-02-01,25.77
5255,304,2025-12-06,29.86
5256,304,2026-08-17,43.78
5257,304,2026-01-30,56.62
5258,304,2026-07-22,49.94
5259,304,2025-12-19,30.71
5260,304,2026-08-12,40.46
5261,304,2026-02-09,88.85
5262,304,2025-10-13,57.49
5263,304,2026-07-21,41.83
5264,304,2026-04-06,28.36
5265,304,2026-08-14,32.64
5266,304,2025-12-30,45.13
5267,304,2025-10-21,50.95
5268,304,2026-08-27,58.04
5269,305,2026-09-04,174.98
5270,305,2025-11-21,89.71
5271,305,2026-02-20,148.28
5272,305,2026-04-23,64.0
5273,305,2025-09-28,64.44
5274,305,2026-03-29,93.76
5275,305,2026-05-09,111.83
5276,305,2026-02-11,83.04
5277,305,2026-04-15,102.66
5278,305,2025-11-03,117.29
5279,305,2026-06-24,47.49
5280,305,2026-08-18,77.2
5281,305,2026-04-09,71.26
5282,306,2026-09-10,110.81
5283,306,2026-06-21,100.96
5284,306,2026-04-14,41.22
5285,306,2026-02-13,27.52
5286,306,2026-07-15,65.6
5287,306,2026-03-20,42.5
5288,306,2025-11-22,55.8
5289,306,2026-01-17,51.57
5290,306,2026-01-05,46.92
5291,306,2026-07-16,71.49
5292,306,2026-07-22,72.69
5293,306,2026-04-09,35.57
5294,306,2026-05-20,29.7
5295,306,2026-09-07,14.62
5296,306,2026-03-01,38.51
5297,306,2025-12-21,27.51
5298,306,2025-12-28,54.34
5299,306,2026-08-05,38.69
5300,306,2025-12-11,40.62
5301,306,2026-04-30,64.85
5302,306,2026-07-18,53.81
5303,306,2026-03-29,42.7
5304,306,2026-06-27,96.12
5305,306,2026-01-18,62.73
5306,307,2026-09-19,19.24
5307,307,2025-12-26,39.55
5308,307,2026-03-16,60.16
5309,307,2026-02-27,28.36
5310,307,2026-03-11,48.48
5311,307,2025-11-16,54.65
5312,307,2026-06-24,74.42
5313,307,2026-02-20,97.25
5314,307,2025-11-05,37.96
5315,307,2025-10-03,48.88
5316,307,2025-10-08,49.57
5317,307,2026-01-02,60.27
5318,307,2026-08-12,57.31
5319,307,2025-09-30,85.45
5320,307,2026-09-08,15.76
5321,307,2026-03-06,54.31
5322,307,2026-04-12,56.04
5323,307,2026-01-19,40.48
5324,307,2025-12-12,16.25
5325,307,2025-12-29,43.78
5326,307,2026-06-30,32.68
5327,307,2025-12-23,95.75
5328,307,2025-12-21,53.28
5329,307,2026-09-11,31.46
5330,307,2026-02-03,17.87
5331,308,2026-01-09,16.01
5332,308,2025-12-27,74.83
5333,308,2025-12-02,45.64
5334,308,2025-10-23,17.0
5335,309,2026-08-28,106.01
5336,309,2026-08-01,62.25
5337,309,2026-06-17,105.51
5338,309,2026-02-19,99.64
5339,309,2025-10-21,138.05
5340,309,2025-11-03,233.71
5341,309,2025-10-17,88.14
5342,309,2025-09-30,42.7
5343,310,2026-09-14,198.07
5344,310,2025-12-05,318.34
5345,310,2026-03-25,230.46
5346,310,2026-04-06,188.75
5347,310,2026-02-12,241.27
5348,310,2025-11-02,388.03
5349,310,2026-07-31,261.86
5350,310,2026-07-29,236.09
5351,310,2026-01-11,279.9
5352,310,2026-08-27,195.59
5353,310,2026-04-16,228.14
5354,310,2026-03-23,168.52
5355,310,2026-04-29,104.52
5356,310,2026-03-10,245.03
5357,310,2026-08-05,245.45
5358,310,2026-06-12,184.5
5359,310,2026-09-13,334.7
5360,310,2025-10-09,151.77
5361,310,2025-11-24,94.63
5362,310,2026-06-17,153.45
5363,310,2026-09-02,104.97
5364,310,2026-06-11,244.5
5365,310,2025-10-11,149.71
5366,310,2025-12-01,327.08
5367,310,2026-01-24,324.02
5368,310,2025-10-23,138.5
5369,310,2026-07-14,145.98
5370,310,2026-03-09,267.1
5371,310,2025-12-07,326.37
5372,310,2026-09-08,84.9
5373,310,2026-04-14,238.38
5374,310,2026-05-12,78.12
5375,310,2026-07-14,164.07
5376,310,2026-06-27,343.52
5377,311,2026-09-20,28.7
5378,311,2025-09-30,32.74
5379,311,2026-02-06,60.12
5380,311,2026-04-08,40.57
5381,311,2026-06-30,20.44
5382,311,2026-08-07,71.37
5383,311,2026-04-19,54.28
5384,311,2026-03-08,24.15
5385,311,2026-07-18,38.18
5386,311,2025-12-06,31.51
5387,311,2026-04-19,61.02
5388,311,2026-08-31,38.07
5389,311,2026-08-02,43.55
5390,311,2025-11-14,41.33
5391,311,2026-05-22,23.12
5392,311,2026-05-09,84.7
5393,311,2026-07-11,60.63
5394,311,2025-12-04,32.15
5395,311,2025-12-01,49.06
5396,312,2026-08-04,91.97
5397,312,2025-12-20,84.33
5398,312,2026-02-23,52.3
5399,312,2026-03-07,156.95
5400,312,2026-03-26,40.26
5401,312,2026-05-04,73.76
5402,312,2026-03-05,37.71
5403,312,2026-07-17,67.56
5404,312,2026-04-20,40.24
5405,312,2026-07-12,55.38
5406,312,2026-04-26,131.92
5407,312,2026-04-16,69.06
5408,312,2026-07-27,55.77
5409,312,2026-05-04,31.75
5410,312,2026-01-06,48.98
5411,312,2025-10-05,28.59
5412,312,2026-01-23,67.07
5413,312,2025-12-25,66.32
5414,312,2026-01-07,41.51
5415,312,2025-10-13,95.13
5416,312,2025-10-14,89.3
5417,312,2026-06-30,48.13
5418,312,2026-03-09,58.04
5419,312,2025-10-24,34.53
5420,312,2025-11-02,39.81
5421,312,2026-02-18,27.7
5422,312,2026-03-19,36.29
5423,312,2026-07-17,42.94
5424,312,2026-03-08,21.32
5425,312,2026-02-27,58.34
5426,312,2026-01-18,71.28
5427,312,2026-02-22,44.84
5428,312,2026-05-29,13.37
5429,312,2025-10-05,40.16
5430,312,2026-05-28,24.04
5431,312,2026-04-07,34.2
5432,312,2026-02-26,86.49
5433,313,2026-06-28,86.56
5434,313,2025-10-07,163.28
5435,313,2025-12-05,117.87
5436,313,2026-05-30,249.74
5437,313,2026-02-17,172.27
5438,313,2026-02-23,194.04
5439,313,2025-10-27,61.21
5440,313,2025-12-02,73.06
5441,314,2026-09-17,32.99
5442,314,2025-11-08,70.5
5443,314,2026-09-05,37.7
5444,314,2026-01-03,34.5
5445,314,2026-05-27,67.34
5446,314,2026-08-04,14.92
5447,314,2026-06-11,62.64
5448,314,2025-11-24,32.65
5449,314,2025-11-30,32.63
5450,314,2026-05-31,108.62
5451,314,2026-07-11,35.43
5452,314,2026-04-21,69.19
5453,314,2026-05-22,51.03
5454,314,2026-04-05,53.46
5455,314,2025-12-12,40.2
5456,314,2026-05-22,39.27
5457,314,2026-07-18,89.5
5458,314,2026-08-10,68.4
5459,314,2026-01-16,35.94
5460,314,2026-07-08,28.11
5461,314,2026-07-01,34.59
5462,314,2025-12-05,69.99
5463,314,2026-08-15,76.48
5464,314,2026-01-28,57.77
5465,314,2026-09-13,21.74
5466,314,2025-10-16,63.17
5467,314,2026-01-06,80.9
5468,314,2025-11-28,48.66
5469,314,2026-01-23,109.68
5470,315,2026-09-18,82.51
5471,315,2026-04-28,79.89
5472,315,2026-06-15,22.95
5473,315,2026-06-06,45.78
5474,315,2026-04-06,46.28
5475,315,2026-02-12,31.66
5476,315,2025-09-28,54.81
5477,315,2025-12-08,86.84
5478,315,2026-03-29,67.22
5479,315,2025-10-27,82.5
5480,315,2026-03-03,32.57
5481,315,2026-04-20,45.75
5482,315,2026-07-03,31.88
5483,315,2026-04-20,50.12
5484,315,2026-09-04,52.19
5485,316,2026-09-08,105.77
5486,316,2026-07-17,143.03
5487,316,2026-08-27,131.67
5488,316,2026-01-17,77.32
5489,316,2026-08-05,102.34
5490,316,2026-07-20,79.58
5491,316,2026-05-17,222.03
5492,317,2026-09-19,53.83
5493,317,2026-02-21,37.64
5494,317,2026-04-01,81.93
5495,317,2026-09-10,51.09
5496,317,2025-12-06,18.44
5497,317,2026-09-08,28.44
5498,317,2026-05-09,33.21
5499,317,2026-08-24,54.9
5500,317,2026-04-16,28.02
5501,317,2025-12-05,48.2
5502,317,2026-08-04,24.67
5503,317,2026-08-01,45.13
5504,317,2025-10-11,53.15
5505,317,2026-07-18,86.86
5506,317,2026-08-10,50.26
5507,317,2026-02-21,31.16
5508,317,2026-06-12,88.1
5509,317,2025-10-11,41.44
5510,317,2026-07-23,63.74
5511,317,2026-02-28,34.15
5512,317,2025-10-24,46.88
5513,318,2026-04-16,35.17
5514,318,2025-11-19,28.58
5515,318,2025-11-24,28.31
5516,318,2025-10-27,37.93
5517,319,2026-08-16,91.21
5518,319,2026-04-29,160.98
5519,319,2026-05-18,111.75
5520,319,2026-07-30,118.45
5521,319,2026-06-20,39.21
5522,319,2025-11-03,67.83
5523,320,2026-08-20,93.53
5524,320,2025-12-28,71.04
5525,320,2026-08-05,41.31
5526,320,2026-03-01,46.72
5527,320,2026-01-31,142.44
5528,320,2026-07-13,160.23
5529,320,2026-02-04,184.89
5530,320,2026-03-27,99.65
5531,320,2026-07-06,57.62
5532,320,2026-01-30,73.9
5533,320,2026-01-20,46.0
5534,320,2026-06-30,45.21
5535,320,2026-01-11,100.96
5536,320,2026-06-08,114.71
5537,320,2026-02-05,217.26
5538,321,2026-08-03,81.84
5539,321,2025-11-23,79.15
5540,321,2025-12-31,79.87
5541,321,2026-05-07,94.87
5542,321,2026-05-02,146.72
5543,321,2026-06-10,136.42
5544,321,2025-11-07,90.47
5545,321,2026-05-28,147.14
5546,321,2025-11-05,104.96
5547,321,2025-10-22,132.48
5548,321,2025-10-07,56.66
5549,321,2026-04-18,196.79
5550,321,2026-01-11,99.38
5551,321,2025-11-18,26.13
5552,321,2026-07-10,189.92
5553,321,2026-07-14,90.2
5554,321,2026-05-31,75.33
5555,322,2026-09-17,28.43
5556,322,2025-10-02,101.39
5557,322,2026-05-23,68.31
5558,322,2026-03-30,92.98
5559,322,2026-02-08,71.68
5560,322,2025-12-09,36.58
5561,322,2025-09-27,15.64
5562,322,2026-05-21,25.88
5563,322,2026-03-02,59.93
5564,322,2026-08-24,42.99
5565,322,2026-08-09,37.25
5566,322,2025-10-07,14.64
5567,322,2025-10-17,44.73
5568,322,2025-10-17,27.66
5569,322,2026-06-16,32.48
5570,322,2026-01-28,65.97
5571,322,2026-06-28,28.32
5572,322,2026-01-17,29.56
5573,322,2026-03-28,48.92
5574,322,2025-10-19,66.63
5575,322,2026-05-07,37.54
5576,323,2026-06-16,124.57
5577,323,2025-12-29,152.13
5578,323,2025-10-21,168.48
5579,323,2025-11-07,155.69
5580,324,2026-08-29,68.85
5581,324,2026-01-15,62.68
5582,324,2025-11-03,76.62
5583,324,2026-02-06,46.49
5584,324,2025-11-08,28.91
5585,324,2025-12-12,44.0
5586,324,2026-05-15,32.48
5587,324,2025-12-24,60.5
5588,324,2026-01-14,38.29
5589,324,2025-10-15,43.05
5590,324,2026-05-07,61.48
5591,324,2026-07-05,32.24
5592,324,2026-01-12,69.44
5593,324,2026-01-28,24.54
5594,324,2026-02-03,51.66
5595,324,2025-12-22,43.2
5596,324,2026-03-10,65.3
5597,324,2026-08-19,24.24
5598,324,2025-11-06,22.6
5599,324,2026-05-28,63.07
5600,324,2026-06-07,37.74
5601,324,2025-11-27,43.2
5602,324,2025-12-03,33.44
5603,324,2026-03-12,67.86
5604,324,2026-01-08,51.49
5605,324,2026-08-02,50.15
5606,325,2026-09-12,97.48
5607,325,2026-06-05,56.36
5608,325,2026-06-27,94.42
5609,325,2026-02-22,40.85
5610,325,2025-12-28,116.61
5611,325,2026-06-09,54.79
5612,325,2026-07-17,152.89
5613,325,2026-04-12,29.95
5614,325,2026-01-02,191.2
5615,325,2026-03-11,43.04
5616,325,2026-02-12,52.45
5617,325,2026-01-21,102.96
5618,325,2025-10-11,118.89
5619,325,2026-02-01,79.22
5620,325,2026-07-27,134.49
5621,325,2026-04-25,62.89
5622,325,2026-07-15,75.18
5623,326,2026-04-04,35.44
5624,326,2025-11-11,20.73
5625,326,2025-10-21,23.84
5626,326,2026-03-10,37.16
5627,326,2026-02-22,23.44
5628,326,2026-03-26,46.49
5629,326,2025-10-22,19.25
5630,326,2026-01-15,19.22
5631,326,2026-03-29,70.73
5632,326,2026-03-27,15.07
5633,326,2025-10-11,29.64
5634,327,2026-07-06,272.99
5635,327,2025-10-29,102.13
5636,327,2025-10-27,119.51
5637,327,2026-04-26,152.02
5638,327,2026-04-10,114.78
5639,327,2026-07-02,86.58
5640,327,2026-03-13,86.77
5641,327,2025-09-28,76.86
5642,327,2025-09-30,109.91
5643,327,2026-01-05,83.36
5644,327,2025-12-27,119.23
5645,327,2026-01-05,57.15
5646,327,2025-12-21,96.15
5647,327,2026-02-09,180.95
5648,328,2026-09-04,22.25
5649,328,2025-12-17,35.46
5650,328,2026-01-27,53.09
5651,328,2026-06-17,67.69
5652,328,2025-11-22,68.54
5653,328,2026-01-13,22.11
5654,328,2026-02-03,23.14
5655,328,2025-12-09,58.53
5656,328,2026-06-19,32.16
5657,328,2025-12-03,67.3
5658,328,2026-07-25,21.61
5659,328,2025-12-06,43.05
5660,328,2026-02-13,44.31
5661,328,2026-02-16,55.86
5662,328,2025-12-28,28.29
5663,328,2026-05-21,18.57
5664,328,2025-12-14,48.61
5665,328,2026-08-27,57.03
5666,328,2026-01-09,70.81
5667,328,2025-12-05,38.29
5668,328,2026-09-03,63.8
5669,328,2026-01-09,55.99
5670,329,2026-05-15,26.07
5671,329,2025-11-17,44.34
5672,329,2025-09-28,28.63
5673,330,2026-07-10,86.6
5674,330,2025-09-29,89.49
5675,330,2025-12-02,90.78
5676,330,2026-07-06,91.3
5677,330,2026-05-04,38.31
5678,331,2025-12-06,55.89
5679,331,2025-10-10,22.61
5680,331,2025-12-04,29.37
5681,331,2025-12-03,65.31
5682,332,2026-07-28,130.21
5683,332,2025-12-24,107.14
5684,332,2025-12-09,59.88
5685,332,2026-03-09,84.13
5686,332,2026-03-02,138.82
5687,333,2026-05-14,33.64
5688,333,2025-10-14,48.45
5689,333,2025-11-16,30.39
5690,333,2026-03-26,18.91
5691,334,2026-09-15,65.47
5692,334,2026-02-07,82.43
5693,334,2026-06-24,103.11
5694,334,2026-08-18,88.57
5695,334,2026-07-17,85.1
5696,334,2026-03-23,91.89
5697,334,2026-07-27,88.54
5698,334,2026-09-06,63.35
5699,334,2026-06-08,148.11
5700,334,2026-01-30,72.44
5701,334,2026-02-04,95.39
5702,334,2026-04-30,35.61
5703,334,2026-01-23,81.69
5704,334,2026-07-10,54.87
5705,334,2026-01-02,57.93
5706,334,2026-09-09,267.68
5707,334,2026-07-30,100.7
5708,334,2025-10-23,156.26
5709,335,2026-09-17,96.38
5710,335,2026-04-22,459.27
5711,335,2026-02-24,137.4
5712,335,2026-05-12,218.08
5713,335,2026-09-16,130.78
5714,335,2026-01-11,115.06
5715,335,2026-07-31,191.5
5716,335,2025-12-11,160.78
5717,335,2026-09-13,124.11
5718,335,2025-10-21,206.68
5719,335,2026-06-19,107.8
5720,335,2025-11-03,222.2
5721,335,2026-09-16,198.31
5722,335,2026-04-10,68.78
5723,335,2026-04-21,165.95
5724,335,2026-07-21,259.28
5725,335,2026-03-31,130.13
5726,335,2026-07-03,264.39
5727,335,2026-04-14,255.14
5728,335,2026-05-07,132.84
5729,335,2026-07-08,208.84
5730,335,2025-12-10,304.4
5731,335,2026-03-15,141.56
5732,335,2025-11-22,191.42
5733,335,2025-12-01,352.38
5734,335,2026-06-16,142.76
5735,335,2026-06-06,258.2
5736,335,2025-10-13,129.21
5737,335,2026-05-29,195.33
5738,335,2026-08-15,256.76
5739,335,2026-03-08,71.17
5740,336,2026-06-21,48.61
5741,336,2025-11-06,22.96
5742,336,2026-04-07,51.26
5743,336,2026-01-11,54.37
5744,336,2026-04-01,48.12
5745,337,2026-09-14,161.03
5746,337,2026-03-03,183.67
5747,337,2025-11-08,362.86
5748,337,2026-04-03,204.92
5749,337,2026-04-05,484.53
5750,337,2026-02-26,162.43
5751,337,2025-10-17,231.57
5752,337,2026-06-17,172.79
5753,337,2026-07-21,534.12
5754,337,2026-08-07,227.69
5755,337,2025-12-28,547.16
5756,337,2026-09-11,173.83
5757,337,2026-01-07,417.6
5758,337,2025-11-05,221.45
5759,337,2026-01-16,306.01
5760,337,2026-07-16,121.3
5761,337,2026-01-23,245.65
5762,337,2026-04-11,129.8
5763,337,2026-09-07,235.76
5764,337,2026-07-07,106.04
5765,337,2025-12-26,201.29
5766,337,2026-02-28,343.83
5767,337,2026-03-22,268.68
5768,337,2025-12-14,120.52
5769,337,2026-03-13,89.37
5770,337,2025-10-07,262.63
5771,337,2026-08-27,427.8
5772,337,2026-06-05,136.09
5773,337,2026-07-10,539.66
5774,337,2026-04-21,209.39
5775,337,2025-10-27,86.98
5776,338,2026-05-23,32.45
5777,338,2026-01-06,34.38
5778,338,2026-03-19,33.61
5779,338,2025-12-01,51.62
5780,338,2026-01-17,17.47
5781,339,2026-09-21,163.28
5782,339,2025-12-12,360.23
5783,339,2026-05-27,143.21
5784,339,2025-11-02,283.99
5785,339,2026-04-13,460.47
5786,339,2026-06-07,213.5
5787,339,2026-07-02,189.65
5788,339,2026-06-17,200.25
5789,339,2026-03-02,436.96
5790,339,2026-07-02,251.73
5791,339,2026-05-15,551.15
5792,339,2026-01-08,238.12
5793,339,2025-11-09,156.48
5794,339,2026-01-19,161.5
5795,339,2026-03-15,215.9
5796,339,2026-01-13,83.81
5797,339,2026-04-26,169.59
5798,339,2026-06-16,171.29
5799,339,2025-12-25,233.93
5800,339,2026-08-04,503.17
5801,339,2025-10-30,215.24
5802,339,2026-04-20,88.4
5803,339,2025-11-30,139.19
5804,339,2026-08-17,236.31
5805,339,2026-03-27,218.97
5806,339,2026-04-22,436.21
5807,339,2026-05-16,323.48
5808,339,2026-03-21,319.15
5809,339,2026-01-25,190.45
5810,339,2025-10-16,344.37
5811,340,2026-08-30,66.66
5812,340,2025-11-27,95.58
5813,340,2025-12-05,70.95
5814,340,2026-01-10,76.58
5815,340,2025-11-29,102.01
5816,340,2026-05-04,66.65
5817,340,2025-10-20,85.81
5818,340,2025-10-23,67.31
5819,340,2026-04-28,52.31
5820,340,2026-06-21,126.91
5821,340,2025-10-08,194.09
5822,340,2026-05-04,145.31
5823,340,2026-03-15,104.49
5824,340,2025-10-19,67.43
5825,340,2026-05-31,79.1
5826,340,2025-11-04,144.82
5827,340,2026-07-07,32.24
5828,341,2026-09-22,454.04
5829,341,2026-06-08,181.02
5830,341,2026-07-17,164.03
5831,341,2025-12-11,179.11
5832,341,2025-10-03,102.12
5833,341,2025-12-31,105.79
5834,341,2026-09-18,277.72
5835,341,2026-09-04,112.09
5836,341,2025-11-09,129.46
5837,341,2026-03-26,200.6
5838,341,2026-03-27,174.44
5839,341,2025-10-09,312.83
5840,341,2026-06-25,215.79
5841,341,2026-06-11,146.61
5842,341,2026-01-17,325.17
5843,341,2025-10-30,291.51
5844,341,2026-05-13,111.29
5845,341,2026-07-30,235.24
5846,341,2026-09-02,152.22
5847,341,2026-09-20,150.42
5848,341,2026-05-10,487.06
5849,341,2026-03-14,222.08
5850,341,2026-03-29,190.42
5851,341,2026-06-28,218.18
5852,341,2026-01-21,311.22
5853,341,2025-11-08,153.15
5854,341,2026-06-30,165.38
5855,341,2026-01-22,282.2
5856,341,2026-03-09,106.14
5857,341,2026-01-17,327.98
5858,341,2026-09-17,101.98
5859,341,2026-01-22,188.01
5860,341,2025-12-26,102.27
5861,342,2026-07-19,54.09
5862,342,2025-12-30,189.81
5863,342,2026-06-30,72.68
5864,342,2026-05-10,91.28
5865,342,2026-05-18,93.45
5866,342,2026-06-26,148.02
5867,342,2025-12-21,58.63
5868,342,2026-02-14,152.25
5869,342,2025-12-17,50.62
5870,342,2026-05-21,152.08
5871,342,2025-12-25,41.59
5872,342,2026-06-30,85.86
5873,342,2025-12-17,187.03
5874,343,2026-09-13,79.28
5875,343,2025-11-30,127.08
5876,343,2025-11-05,101.14
5877,343,2026-02-20,83.37
5878,343,2026-05-03,47.63
5879,343,2026-04-27,138.25
5880,343,2026-02-05,109.71
5881,343,2026-05-31,68.51
5882,343,2026-01-15,153.01
5883,343,2026-05-01,100.44
5884,344,2026-02-25,39.33
5885,344,2025-10-20,33.81
5886,344,2025-12-06,22.48
5887,344,2025-11-05,52.84
5888,344,2026-02-18,41.32
5889,344,2025-10-06,24.67
5890,345,2026-08-24,47.74
5891,345,2025-12-09,132.3
5892,345,2026-01-06,34.21
5893,345,2026-06-18,176.11
5894,345,2026-04-04,94.22
5895,345,2026-02-16,47.35
5896,345,2026-04-23,58.73
5897,345,2026-01-10,43.14
5898,345,2026-03-08,106.92
5899,345,2026-04-06,49.54
5900,345,2026-05-09,112.82
5901,345,2026-04-10,78.46
5902,345,2026-05-10,72.67
5903,345,2026-02-13,113.18
5904,345,2025-12-13,119.15
5905,345,2026-02-07,150.72
5906,346,2026-09-06,69.33
5907,346,2025-12-30,98.09
5908,346,2026-04-05,59.57
5909,346,2026-05-28,116.27
5910,346,2026-08-27,79.15
5911,346,2026-05-24,98.68
5912,346,2026-04-19,99.37
5913,346,2025-11-21,185.03
5914,346,2026-01-26,106.86
5915,346,2026-04-15,93.01
5916,346,2026-07-25,65.91
5917,346,2026-06-03,129.14
5918,346,2025-10-24,79.7
5919,346,2026-07-24,45.3
5920,347,2026-09-09,88.68
5921,347,2026-02-01,116.85
5922,347,2026-02-10,95.33
5923,347,2025-12-07,41.39
5924,347,2026-07-24,55.94
5925,347,2026-04-25,71.09
5926,347,2026-01-27,140.75
5927,347,2026-09-08,48.27
5928,347,2026-01-04,61.24
5929,347,2025-11-18,96.93
5930,347,2026-03-10,111.34
5931,347,2026-04-07,109.84
5932,347,2026-08-08,57.8
5933,347,2025-12-31,43.85
5934,348,2026-07-22,43.58
5935,348,2026-04-28,76.9
5936,348,2025-12-23,82.05
5937,348,2025-11-16,75.04
5938,348,2026-01-12,114.41
5939,349,2026-02-26,59.25
5940,349,2025-11-22,20.06
5941,349,2025-10-01,57.31
5942,349,2026-02-18,19.97
5943,350,2026-09-05,360.78
5944,350,2026-01-28,219.66
5945,350,2026-05-25,405.68
5946,350,2026-06-29,349.38
5947,350,2026-02-28,189.46
5948,350,2026-04-26,103.58
5949,350,2026-03-30,189.64
5950,350,2025-12-02,266.14
5951,350,2026-03-05,215.74
5952,350,2026-04-30,279.39
5953,350,2025-12-03,309.71
5954,350,2026-04-28,266.67
5955,350,2025-10-10,185.53
5956,350,2025-09-30,265.35
5957,350,2026-03-28,574.26
5958,350,2025-12-14,107.41
5959,350,2026-01-04,261.49
5960,350,2025-11-13,478.91
5961,350,2026-03-30,123.78
5962,350,2026-04-18,329.51
5963,350,2026-06-02,349.93
5964,350,2026-02-15,108.04
5965,350,2026-02-05,289.36
5966,350,2026-04-03,185.86
5967,350,2026-05-21,204.36
5968,350,2026-04-03,181.43
5969,350,2026-03-16,379.11
5970,351,2026-07-03,51.57
5971,351,2026-05-29,33.44
5972,351,2025-10-23,24.23
5973,351,2025-11-06,19.03
5974,352,2026-09-16,210.3
5975,352,2026-06-01,68.85
5976,352,2026-07-25,250.34
5977,352,2026-02-26,381.46
5978,352,2026-03-18,299.18
5979,352,2026-02-27,80.75
5980,352,2026-09-08,546.96
5981,352,2026-04-23,115.64
5982,352,2026-08-15,129.26
5983,352,2025-12-04,298.55
5984,352,2026-08-19,257.47
5985,352,2025-10-20,217.73
5986,352,2026-08-27,162.53
5987,352,2026-02-11,382.22
5988,352,2026-05-21,206.32
5989,352,2026-08-08,103.8
5990,352,2026-05-12,365.64
5991,352,2026-09-02,231.78
5992,352,2026-01-11,346.84
5993,352,2025-11-10,271.72
5994,352,2026-05-22,616.06
5995,352,2026-04-13,182.66
5996,352,2026-07-29,211.53
5997,352,2026-03-29,290.33
5998,352,2025-10-14,183.17
5999,353,2026-09-07,58.11
6000,353,2026-02-03,47.21
6001,353,2026-01-22,31.48
6002,353,2026-01-04,40.72
6003,353,2026-04-10,22.65
6004,353,2026-03-14,41.41
6005,353,2026-06-22,45.03
6006,353,2025-12-28,101.54
6007,353,2025-10-14,82.56
6008,353,2025-11-08,28.26
6009,353,2026-04-19,49.28
6010,353,2026-08-21,49.67
6011,353,2025-11-07,40.57
6012,353,2026-02-20,41.75
6013,353,2025-12-12,38.37
6014,353,2026-05-26,104.52
6015,353,2025-11-13,37.31
6016,353,2025-11-21,52.46
6017,353,2026-09-02,14.42
6018,353,2026-02-24,65.19
6019,353,2026-03-26,76.68
6020,353,2026-01-22,28.03
6021,353,2026-06-09,35.74
6022,353,2026-08-05,55.14
6023,353,2026-06-04,45.4
6024,353,2026-03-09,55.51
6025,353,2026-06-06,39.54
6026,353,2026-03-30,104.08
6027,354,2026-08-12,30.23
6028,354,2026-04-10,36.66
6029,354,2025-12-05,33.63
6030,354,2026-05-04,56.61
6031,354,2026-07-14,20.76
6032,354,2026-06-03,35.97
6033,354,2026-01-11,20.73
6034,354,2025-11-24,39.09
6035,354,2025-10-10,62.3
6036,354,2026-05-29,62.81
6037,354,2026-02-04,32.44
6038,354,2026-03-18,57.21
6039,354,2025-12-26,41.4
6040,354,2026-01-09,83.03
6041,354,2026-07-21,42.44
6042,354,2026-06-26,11.81
6043,354,2026-02-04,67.31
6044,354,2026-02-23,36.6
6045,354,2025-11-01,39.78
6046,354,2025-11-14,52.34
6047,355,2026-08-28,46.56
6048,355,2025-12-26,50.59
6049,355,2026-06-30,62.58
6050,355,2026-08-04,50.15
6051,355,2026-07-01,19.93
6052,355,2026-01-27,73.47
6053,355,2026-01-07,47.49
6054,355,2025-09-30,61.24
6055,355,2025-10-12,37.49
6056,355,2026-05-17,19.78
6057,355,2026-04-19,16.14
6058,355,2025-12-11,29.42
6059,355,2025-12-11,56.79
6060,355,2026-05-15,80.7
6061,355,2026-08-18,51.55
6062,355,2026-07-27,28.03
6063,355,2025-11-24,31.62
6064,355,2026-05-03,83.01
6065,355,2025-12-28,24.95
6066,356,2026-09-11,49.43
6067,356,2026-02-21,53.5
6068,356,2026-05-14,28.47
6069,356,2025-11-18,71.31
6070,356,2026-06-30,79.46
6071,356,2025-11-17,19.39
6072,356,2026-08-20,99.48
6073,356,2026-04-15,32.83
6074,356,2026-03-14,58.81
6075,356,2026-06-14,46.6
6076,356,2026-03-06,43.79
6077,356,2025-10-30,41.01
6078,356,2026-04-09,28.79
6079,356,2026-03-06,56.96
6080,356,2025-10-13,39.56
6081,356,2025-10-22,24.96
6082,356,2026-09-07,28.24
6083,356,2025-12-31,25.16
6084,356,2025-11-17,35.54
6085,356,2025-10-16,55.98
6086,356,2025-12-04,32.68
6087,357,2026-08-30,89.13
6088,357,2026-08-07,153.27
6089,357,2026-03-24,77.84
6090,357,2026-05-22,102.35
6091,357,2025-10-06,70.54
6092,357,2026-02-12,139.03
6093,357,2026-04-26,65.47
6094,357,2026-03-01,87.94
6095,358,2026-09-09,89.51
6096,358,2025-10-10,70.74
6097,358,2026-08-21,92.28
6098,358,2025-11-15,90.91
6099,358,2026-03-11,119.06
6100,358,2026-03-27,43.58
6101,358,2025-09-28,85.95
6102,358,2026-05-23,95.18
6103,358,2026-04-30,48.69
6104,359,2026-09-06,42.8
6105,359,2026-02-19,57.01
6106,359,2025-11-16,76.72
6107,359,2025-10-24,32.04
6108,359,2026-04-18,68.83
6109,359,2026-01-17,25.59
6110,359,2026-02-08,47.66
6111,359,2026-03-08,40.35
6112,359,2026-05-07,45.95
6113,359,2026-06-02,28.84
6114,359,2026-06-03,54.78
6115,359,2026-05-05,91.88
6116,359,2025-12-18,29.06
6117,359,2025-11-25,49.01
6118,359,2026-07-29,66.14
6119,359,2026-08-18,39.37
6120,360,2026-05-11,22.53
6121,360,2026-01-31,22.07
6122,360,2026-03-04,36.94
6123,361,2026-08-08,69.3
6124,361,2026-07-30,93.44
6125,361,2026-07-05,55.61
6126,361,2026-05-22,102.95
6127,361,2026-03-06,113.12
6128,361,2026-05-13,47.44
6129,361,2026-03-18,64.17
6130,361,2026-03-20,50.89
6131,361,2026-03-23,113.18
6132,361,2026-07-21,96.89
6133,361,2026-02-19,88.01
6134,361,2026-05-06,84.95
6135,361,2026-02-19,104.07
6136,361,2026-07-20,105.01
6137,361,2025-11-06,72.01
6138,361,2025-12-23,67.61
6139,361,2026-04-21,87.64
6140,361,2026-04-17,82.63
6141,361,2026-04-30,227.49
6142,361,2025-09-28,75.72
6143,361,2025-12-29,102.53
6144,361,2026-03-16,110.99
6145,361,2026-01-15,169.02
6146,361,2026-07-19,62.48
6147,362,2026-09-22,82.66
6148,362,2025-11-26,249.95
6149,362,2025-09-28,141.81
6150,362,2026-01-06,278.98
6151,362,2026-09-07,191.79
6152,362,2026-05-03,187.67
6153,362,2025-11-22,214.99
6154,362,2025-12-16,125.81
6155,362,2026-07-26,144.84
6156,362,2026-07-23,186.82
6157,362,2025-10-23,125.48
6158,362,2026-09-06,289.55
6159,362,2025-10-14,182.87
6160,362,2026-03-11,109.38
6161,362,2025-12-04,163.29
6162,362,2026-07-07,219.78
6163,362,2026-05-21,171.81
6164,362,2026-01-02,251.39
6165,362,2026-07-26,271.9
6166,362,2026-08-17,618.86
6167,362,2026-02-14,352.45
6168,362,2026-09-19,100.56
6169,362,2025-10-18,178.57
6170,362,2026-01-21,186.26
6171,362,2026-01-07,272.02
6172,362,2026-03-25,137.96
6173,362,2026-02-09,165.35
6174,362,2025-10-13,119.96
6175,362,2026-09-21,160.15
6176,362,2026-06-25,162.86
6177,362,2026-01-13,182.41
6178,362,2026-08-09,123.12
6179,362,2026-06-26,326.69
6180,362,2026-09-14,259.72
6181,362,2026-09-03,109.41
6182,362,2026-04-15,212.47
6183,363,2026-08-28,382.65
6184,363,2026-03-10,103.73
6185,363,2026-02-12,196.05
6186,363,2026-06-19,277.4
6187,363,2026-06-05,246.77
6188,363,2026-01-21,118.16
6189,363,2026-06-02,128.11
6190,363,2026-01-15,238.96
6191,363,2025-09-28,264.27
6192,363,2026-08-01,127.6
6193,363,2025-10-21,250.58
6194,363,2026-07-02,106.19
6195,363,2026-07-13,278.13
6196,363,2025-11-20,141.09
6197,363,2026-06-21,217.75
6198,363,2026-01-22,201.9
6199,363,2026-07-24,354.04
6200,363,2026-07-30,234.17
6201,363,2026-06-22,160.37
6202,363,2026-03-06,246.89
6203,363,2026-05-23,550.7
6204,363,2026-06-14,293.0
6205,363,2025-11-19,204.48
6206,363,2026-07-01,144.31
6207,363,2026-07-27,159.12
6208,363,2026-07-22,285.18
6209,363,2025-11-04,140.96
6210,363,2026-03-21,210.25
6211,363,2025-10-05,401.03
6212,363,2025-11-29,224.7
6213,363,2026-05-26,129.22
6214,363,2025-12-05,559.55
6215,363,2026-03-28,464.15
6216,363,2026-02-21,263.13
6217,363,2026-03-03,372.86
6218,363,2025-12-16,186.23
6219,363,2026-06-20,290.94
6220,363,2026-08-08,173.56
6221,364,2026-08-10,421.24
6222,364,2025-12-20,315.05
6223,364,2026-05-18,202.48
6224,364,2026-01-03,259.18
6225,364,2026-05-15,293.11
6226,364,2025-10-28,115.06
6227,364,2026-01-23,446.81
6228,364,2026-03-23,261.01
6229,364,2026-05-28,152.97
6230,364,2025-12-12,128.21
6231,364,2026-01-28,327.44
6232,364,2025-11-02,230.93
6233,364,2025-12-28,260.94
6234,364,2025-12-02,212.53
6235,364,2026-07-12,133.74
6236,364,2026-08-03,264.01
6237,364,2026-01-12,192.14
6238,364,2026-08-10,207.96
6239,364,2025-10-30,612.02
6240,364,2025-11-02,310.5
6241,364,2026-02-05,318.67
6242,364,2025-12-21,714.33
6243,364,2026-03-29,249.68
6244,364,2025-10-09,221.62
6245,364,2026-07-30,154.7
6246,364,2026-05-09,171.31
6247,364,2025-12-31,83.59
6248,364,2025-12-02,299.7
6249,364,2026-05-25,118.75
6250,364,2025-11-28,315.24
6251,364,2026-03-17,205.97
6252,364,2025-11-10,222.46
6253,364,2026-05-17,206.03
6254,364,2026-01-02,391.84
6255,364,2026-06-05,361.9
6256,364,2026-06-27,207.29
6257,364,2025-12-28,140.13
6258,364,2026-01-05,318.26
6259,364,2026-05-09,135.44
6260,364,2026-01-30,104.32
6261,365,2026-06-29,26.65
6262,365,2025-11-21,18.89
6263,365,2026-05-03,15.57
6264,366,2026-08-31,72.64
6265,366,2026-02-22,21.23
6266,366,2026-05-24,50.3
6267,366,2026-04-07,44.12
6268,366,2026-02-10,80.55
6269,366,2026-06-19,84.3
6270,366,2026-07-18,29.45
6271,366,2026-07-02,48.53
6272,366,2026-04-12,34.81
6273,366,2026-06-20,39.44
6274,366,2026-05-27,59.41
6275,366,2026-01-10,38.7
6276,366,2026-01-16,49.1
6277,366,2025-10-15,69.23
6278,366,2025-12-15,88.99
6279,366,2026-04-09,51.24
6280,366,2025-10-20,47.45
6281,366,2025-10-22,27.34
6282,366,2026-06-17,91.86
6283,366,2026-07-04,56.25
6284,366,2025-11-04,47.84
6285,366,2025-11-02,46.76
6286,367,2026-07-25,101.65
6287,367,2025-11-11,93.53
6288,367,2025-10-16,181.48
6289,367,2026-07-15,63.49
6290,367,2026-03-29,93.4
6291,367,2025-10-02,96.95
6292,367,2025-10-10,137.52
6293,367,2025-10-06,75.59
6294,367,2025-10-03,60.86
6295,367,2026-07-19,116.32
6296,367,2026-06-10,64.41
6297,368,2026-06-10,25.83
6298,368,2026-02-02,53.64
6299,368,2026-06-10,17.23
6300,368,2025-12-11,17.35
6301,368,2026-01-26,39.15
6302,368,2026-01-05,24.89
6303,369,2026-08-09,147.16
6304,369,2026-03-26,143.28
6305,369,2026-01-12,37.28
6306,369,2025-12-27,132.13
6307,369,2026-05-31,231.45
6308,369,2026-02-04,63.21
6309,370,2026-06-20,89.55
6310,370,2025-10-06,113.4
6311,370,2026-03-19,68.39
6312,370,2025-12-05,198.99
6313,370,2026-04-14,72.76
6314,370,2025-12-27,48.17
6315,370,2026-01-30,71.06
6316,370,2026-03-14,120.74
6317,370,2025-11-17,62.84
6318,371,2026-09-15,111.62
6319,371,2026-05-25,74.75
6320,371,2025-11-12,110.57
6321,371,2026-06-07,111.26
6322,371,2026-06-22,261.59
6323,371,2026-08-22,77.36
6324,371,2026-04-24,84.46
6325,371,2026-07-17,67.26
6326,371,2025-10-20,56.55
6327,371,2025-11-01,73.29
6328,371,2025-11-25,121.4
6329,371,2026-06-08,125.42
6330,371,2026-01-14,102.81
6331,371,2026-03-25,78.78
6332,371,2026-06-10,72.08
6333,371,2026-03-10,59.57
6334,371,2026-07-19,70.05
6335,372,2026-08-08,75.35
6336,372,2025-10-08,56.35
6337,372,2026-03-21,127.7
6338,372,2026-04-28,68.08
6339,372,2026-07-29,168.77
6340,372,2026-01-02,40.33
6341,373,2026-09-11,16.97
6342,373,2026-04-16,37.61
6343,373,2026-03-01,72.66
6344,373,2025-12-10,42.02
6345,373,2026-05-19,43.09
6346,373,2025-11-29,51.0
6347,373,2026-02-19,28.66
6348,373,2026-02-24,45.51
6349,373,2026-06-09,67.18
6350,373,2025-12-09,51.66
6351,373,2026-06-19,69.88
6352,373,2026-02-06,79.48
6353,373,2025-11-25,60.63
6354,373,2026-08-02,32.64
6355,373,2026-04-24,38.54
6356,373,2026-01-17,107.32
6357,373,2026-06-07,51.83
6358,373,2026-09-02,48.82
6359,373,2026-04-21,30.56
6360,373,2026-03-21,43.19
6361,373,2025-10-23,62.12
6362,373,2025-12-02,45.3
6363,373,2026-07-10,35.62
6364,373,2026-06-06,39.54
6365,374,2026-04-14,152.39
6366,374,2026-03-08,107.43
6367,374,2026-02-22,156.48
6368,374,2026-02-04,54.32
6369,374,2026-01-28,106.58
6370,375,2026-09-04,282.16
6371,375,2026-05-12,321.39
6372,375,2026-06-13,102.51
6373,375,2026-08-25,249.94
6374,375,2026-07-30,186.14
6375,375,2025-12-26,154.63
6376,375,2026-01-21,207.9
6377,375,2026-06-07,220.52
6378,375,2025-10-16,158.56
6379,375,2026-03-02,228.59
6380,375,2025-12-04,194.23
6381,375,2025-12-06,288.07
6382,375,2026-05-24,232.65
6383,375,2026-02-13,248.71
6384,375,2026-02-12,326.3
6385,375,2026-04-01,269.57
6386,375,2026-01-29,209.43
6387,375,2026-05-12,82.1
6388,375,2026-08-02,264.62
6389,375,2026-08-20,139.32
6390,375,2026-04-04,202.01
6391,375,2025-10-25,248.16
6392,375,2026-06-23,382.59
6393,375,2026-02-13,481.14
6394,375,2026-07-10,138.73
6395,375,2026-01-30,116.16
6396,375,2026-07-03,243.15
6397,375,2026-04-06,234.21
6398,375,2025-11-30,122.27
6399,375,2026-04-29,208.44
6400,375,2025-10-18,274.79
6401,375,2026-08-19,120.73
6402,375,2026-08-07,134.23
6403,375,2026-07-08,157.16
6404,375,2026-06-13,190.87
6405,375,2026-04-11,286.97
6406,375,2025-10-25,181.31
6407,376,2026-09-09,202.72
6408,376,2026-06-17,392.91
6409,376,2026-01-30,86.48
6410,376,2025-11-28,256.6
6411,376,2025-12-23,343.48
6412,376,2026-02-05,201.78
6413,376,2026-07-05,281.09
6414,376,2025-09-28,219.98
6415,376,2026-01-28,147.57
6416,376,2026-05-08,145.92
6417,376,2026-06-12,289.3
6418,376,2026-07-31,157.75
6419,376,2026-05-22,105.75
6420,376,2026-07-25,221.89
6421,376,2025-11-04,166.7
6422,376,2026-04-10,122.43
6423,376,2026-02-03,216.89
6424,376,2025-12-03,296.6
6425,376,2025-10-09,211.91
6426,376,2026-04-04,129.97
6427,376,2026-08-22,260.84
6428,376,2026-02-08,334.6
6429,376,2025-10-14,568.48
6430,376,2026-05-08,401.79
6431,376,2026-08-05,133.58
6432,376,2026-01-03,308.97
6433,376,2026-02-05,235.7
6434,377,2026-06-06,97.05
6435,377,2026-04-29,39.34
6436,377,2026-01-01,107.17
6437,377,2025-11-13,146.78
6438,377,2026-03-07,81.58
6439,377,2026-01-29,92.46
6440,377,2026-03-24,116.39
6441,377,2026-02-20,109.66
6442,377,2025-10-08,42.48
6443,377,2026-03-06,59.89
6444,377,2026-04-16,75.31
6445,377,2026-01-10,61.1
6446,377,2026-02-07,174.15
6447,378,2026-09-09,56.34
6448,378,2025-12-11,57.47
6449,378,2026-09-06,29.63
6450,378,2026-02-26,29.23
6451,378,2026-04-04,41.04
6452,378,2026-08-03,74.0
6453,378,2026-06-27,19.74
6454,378,2026-06-30,38.22
6455,378,2026-04-09,81.13
6456,378,2025-12-22,25.85
6457,378,2026-01-14,79.12
6458,378,2026-08-31,27.09
6459,378,2026-07-11,29.79
6460,378,2026-02-09,42.12
6461,378,2025-12-03,104.56
6462,378,2026-08-29,33.74
6463,378,2026-05-15,20.63
6464,378,2026-07-31,23.95
6465,378,2026-03-24,68.45
6466,378,2026-04-26,24.46
6467,378,2026-07-11,76.8
6468,378,2025-10-08,46.44
6469,378,2025-12-17,44.35
6470,378,2026-03-03,51.44
6471,379,2026-09-19,52.35
6472,379,2026-04-21,67.57
6473,379,2025-10-19,29.88
6474,379,2026-03-23,41.07
6475,379,2025-12-13,49.32
6476,379,2025-10-10,32.47
6477,379,2026-05-22,53.87
6478,379,2025-12-14,59.36
6479,379,2025-12-01,57.45
6480,379,2026-07-03,42.04
6481,379,2026-06-30,73.52
6482,379,2026-07-23,40.07
6483,379,2026-02-11,38.46
6484,379,2025-12-20,86.09
6485,379,2025-12-24,27.34
6486,379,2026-05-03,20.91
6487,379,2026-01-10,30.45
6488,379,2026-09-09,53.57
6489,379,2026-01-27,80.18
6490,379,2026-04-02,33.43
6491,379,2025-11-26,101.83
6492,379,2025-10-07,45.55
6493,379,2026-03-04,42.72
6494,379,2026-02-08,30.7
6495,379,2025-10-21,108.29
6496,379,2026-05-19,42.06
6497,379,2026-07-30,24.71
6498,379,2026-03-22,135.99
6499,379,2026-05-15,53.72
6500,380,2026-05-27,37.64
6501,380,2026-01-23,37.6
6502,380,2026-01-23,43.37
6503,380,2026-02-18,40.01
6504,380,2026-04-06,73.79
6505,381,2026-08-30,75.83
6506,381,2025-09-30,100.68
6507,381,2026-08-10,33.33
6508,381,2026-02-16,70.67
6509,381,2025-10-04,64.4
6510,381,2026-06-26,43.18
6511,381,2026-08-07,82.09
6512,381,2026-06-20,41.81
6513,381,2026-05-15,56.8
6514,381,2025-10-18,25.6
6515,381,2026-06-07,26.09
6516,381,2026-05-10,76.15
6517,381,2026-06-03,57.67
6518,381,2026-04-20,42.21
6519,381,2025-09-27,106.19
6520,381,2026-08-02,105.68
6521,381,2026-03-28,54.83
6522,381,2026-02-03,23.37
6523,381,2026-07-21,42.8
6524,381,2026-08-15,30.94
6525,381,2025-10-02,46.85
6526,382,2026-09-23,56.54
6527,382,2026-03-12,85.87
6528,382,2026-02-21,77.01
6529,382,2025-11-11,89.53
6530,382,2025-10-31,187.85
6531,382,2026-02-23,98.47
6532,382,2026-03-09,112.93
6533,382,2026-09-04,67.94
6534,382,2026-08-30,99.51
6535,382,2025-12-30,79.53
6536,382,2026-05-21,91.21
6537,382,2026-04-18,120.52
6538,382,2026-02-07,71.86
6539,382,2026-07-05,75.24
6540,382,2026-05-26,72.31
6541,382,2026-09-08,71.68
6542,383,2026-06-29,172.87
6543,383,2025-11-29,127.28
6544,383,2025-10-08,88.08
6545,383,2025-12-26,57.99
6546,383,2025-12-19,72.08
6547,383,2026-06-15,154.78
6548,383,2026-06-26,122.33
6549,383,2026-03-27,82.75
6550,383,2025-10-27,199.29
6551,383,2026-06-25,83.85
6552,383,2025-11-29,140.36
6553,383,2025-11-14,99.37
6554,383,2026-04-14,214.79
6555,383,2026-05-28,126.3
6556,383,2026-05-18,91.89
6557,383,2026-06-08,83.04
6558,383,2025-11-08,89.38
6559,384,2026-09-13,31.85
6560,384,2025-12-10,16.48
6561,384,2025-10-04,32.72
6562,384,2025-11-08,18.23
6563,384,2025-09-30,29.33
6564,384,2025-12-22,30.58
6565,384,2026-02-23,45.72
6566,384,2025-10-02,17.89
6567,384,2026-01-13,77.08
6568,384,2025-11-24,19.35
6569,384,2026-04-24,42.49
6570,384,2026-06-20,38.89
6571,384,2026-02-23,65.24
6572,384,2026-04-22,52.71
6573,384,2026-05-13,76.77
6574,384,2026-01-11,38.24
6575,384,2026-02-10,36.51
6576,384,2026-05-25,54.19
6577,384,2026-06-20,71.51
6578,384,2026-03-05,65.23
6579,384,2026-05-21,52.01
6580,384,2026-06-22,49.97
6581,385,2026-07-19,16.43
6582,385,2026-03-23,23.86
6583,385,2026-06-05,40.19
6584,385,2025-10-11,31.34
6585,385,2026-05-29,47.14
6586,385,2026-06-13,39.41
6587,385,2026-01-06,76.05
6588,385,2026-04-08,27.54
6589,385,2025-09-27,40.99
6590,385,2026-03-21,49.62
6591,385,2026-01-07,52.47
6592,385,2025-11-14,48.07
6593,385,2025-09-30,15.2
6594,385,2025-11-21,46.72
6595,385,2026-01-29,42.05
6596,385,2025-11-20,66.39
6597,385,2026-04-26,62.3
6598,385,2025-11-03,50.15
6599,385,2025-11-02,51.81
6600,385,2026-03-27,82.7
6601,385,2026-06-30,75.51
6602,386,2026-09-06,95.13
6603,386,2026-06-02,124.16
6604,386,2025-11-07,67.43
6605,386,2026-01-06,133.36
6606,386,2026-05-30,55.09
6607,386,2026-07-14,71.76
6608,386,2026-05-16,193.32
6609,386,2026-03-29,56.77
6610,386,2026-02-28,66.91
6611,386,2026-04-21,51.21
6612,386,2026-08-24,62.03
6613,386,2026-01-16,95.78
6614,386,2026-04-28,123.69
6615,386,2026-05-13,89.25
6616,386,2026-02-26,77.77
6617,386,2025-11-22,51.45
6618,386,2026-09-05,64.88
6619,387,2026-05-13,24.31
6620,387,2025-12-04,40.14
6621,387,2026-01-31,15.73
6622,387,2026-03-24,57.56
6623,387,2025-12-18,38.63
6624,388,2026-09-04,76.94
6625,388,2026-02-14,213.59
6626,388,2026-02-28,248.69
6627,388,2026-02-16,108.94
6628,388,2026-05-21,134.82
6629,388,2026-07-06,133.14
6630,388,2025-11-15,50.59
6631,388,2026-04-19,123.24
6632,388,2026-06-25,56.88
6633,388,2025-09-27,83.31
6634,388,2026-08-24,150.31
6635,388,2026-05-08,93.34
6636,388,2025-12-23,147.81
6637,388,2026-04-16,161.5
6638,388,2025-11-19,40.82
6639,388,2026-05-04,33.78
6640,388,2026-01-26,151.83
6641,389,2026-09-12,284.09
6642,389,2026-07-30,243.51
6643,389,2026-07-05,141.95
6644,389,2026-04-13,267.38
6645,389,2026-04-21,164.35
6646,389,2026-04-25,459.62
6647,389,2026-05-24,254.73
6648,389,2026-04-06,153.25
6649,389,2026-01-28,244.97
6650,389,2026-08-28,138.51
6651,389,2025-11-03,235.83
6652,389,2026-05-28,189.72
6653,389,2026-07-26,144.75
6654,389,2026-07-13,143.93
6655,389,2026-03-04,628.18
6656,389,2026-03-13,218.82
6657,389,2026-08-12,172.92
6658,389,2026-03-21,159.96
6659,389,2026-06-27,259.6
6660,389,2025-10-27,157.56
6661,389,2026-05-27,128.32
6662,389,2025-09-26,206.96
6663,389,2026-02-21,206.26
6664,389,2025-10-08,174.07
6665,389,2026-03-01,140.62
6666,389,2026-07-30,176.12
6667,389,2026-01-29,170.0
6668,390,2026-05-18,111.95
6669,390,2026-02-09,40.61
6670,390,2026-01-01,85.11
6671,390,2025-12-11,133.27
6672,390,2026-04-30,101.97
6673,390,2026-03-17,111.17
6674,390,2025-10-06,64.18
6675,390,2026-04-09,101.0
6676,390,2025-10-17,86.18
6677,390,2026-02-13,82.13
6678,390,2026-04-04,66.3
6679,390,2025-12-30,135.84
6680,390,2025-12-14,105.14
6681,390,2026-02-25,100.47
6682,390,2025-11-13,226.48
6683,390,2026-05-03,111.39
6684,391,2026-04-25,17.08
6685,391,2026-03-31,55.96
6686,391,2026-01-31,25.78
6687,391,2025-11-10,19.37
6688,391,2026-03-01,38.33
6689,392,2026-09-19,234.65
6690,392,2026-09-16,938.68
6691,392,2025-12-24,183.36
6692,392,2025-11-19,419.43
6693,392,2025-11-23,438.21
6694,392,2026-07-12,266.99
6695,392,2025-11-07,213.53
6696,392,2026-08-04,219.16
6697,392,2026-08-12,210.97
6698,392,2026-01-02,349.71
6699,392,2025-12-21,141.8
6700,392,2026-08-05,195.32
6701,392,2026-04-23,184.96
6702,392,2026-04-25,96.58
6703,392,2026-01-03,309.09
6704,392,2026-03-18,338.8
6705,392,2026-02-16,157.86
6706,392,2026-08-22,333.84
6707,392,2025-10-04,102.97
6708,392,2026-03-04,212.28
6709,392,2026-01-22,198.4
6710,392,2026-03-31,218.46
6711,392,2026-06-23,217.95
6712,392,2026-01-23,202.84
6713,392,2026-06-08,176.37
6714,392,2026-07-03,199.97
6715,392,2026-03-05,387.83
6716,392,2026-05-14,161.85
6717,392,2025-11-02,579.41
6718,392,2026-01-26,157.79
6719,392,2026-05-08,233.96
6720,392,2026-09-07,271.55
6721,392,2026-05-20,184.16
6722,392,2026-08-09,391.18
6723,393,2026-07-10,34.69
6724,393,2026-01-09,28.33
6725,393,2026-02-18,26.79
6726,394,2025-10-30,55.1
6727,394,2025-10-15,38.29
6728,394,2025-10-17,21.33
6729,395,2026-09-22,146.32
6730,395,2025-10-24,251.38
6731,395,2025-12-04,267.47
6732,395,2025-12-29,324.34
6733,395,2025-10-11,235.2
6734,395,2026-05-23,348.44
6735,395,2025-10-21,391.84
6736,395,2026-09-15,235.88
6737,395,2025-11-25,242.36
6738,395,2026-05-25,163.41
6739,395,2026-06-09,134.65
6740,395,2026-01-21,373.92
6741,395,2026-07-21,275.8
6742,395,2025-09-28,286.05
6743,395,2026-01-02,160.98
6744,395,2026-09-16,436.1
6745,395,2025-11-20,189.47
6746,395,2026-08-14,146.39
6747,395,2025-11-29,162.22
6748,395,2025-12-02,425.87
6749,395,2026-02-02,127.38
6750,395,2026-02-17,149.77
6751,395,2025-11-26,773.9
6752,395,2025-11-19,320.72
6753,395,2026-01-10,150.99
6754,395,2026-07-23,129.08
6755,395,2026-01-25,98.93
6756,395,2026-07-12,219.38
6757,395,2026-09-06,291.41
6758,395,2026-07-30,415.95
6759,395,2026-04-09,89.55
6760,395,2025-10-09,115.66
6761,395,2026-09-10,199.0
6762,395,2026-08-27,736.24
6763,395,2026-08-20,312.86
6764,395,2026-07-16,248.36
6765,396,2026-09-10,41.84
6766,396,2026-03-05,94.26
6767,396,2026-07-06,29.09
6768,396,2025-11-22,62.24
6769,396,2026-07-29,70.72
6770,396,2026-03-26,51.73
6771,396,2026-04-21,42.68
6772,396,2026-01-05,117.12
6773,396,2026-05-13,44.72
6774,396,2026-01-08,49.33
6775,396,2026-03-17,38.68
6776,396,2025-11-04,48.17
6777,396,2026-07-07,69.44
6778,396,2025-12-18,39.76
6779,396,2026-01-01,17.42
6780,396,2025-11-26,56.7
6781,396,2026-03-23,27.7
6782,396,2026-05-21,62.83
6783,396,2026-03-14,44.97
6784,396,2025-10-05,68.79
6785,396,2026-07-04,29.37
6786,397,2026-09-18,125.07
6787,397,2026-01-25,58.83
6788,397,2026-03-08,105.17
6789,397,2026-04-04,27.6
6790,397,2026-03-16,37.77
6791,397,2026-02-28,116.03
6792,397,2026-07-22,74.57
6793,397,2026-01-17,61.3
6794,397,2026-01-22,87.88
6795,397,2026-07-29,75.31
6796,397,2026-04-16,57.68
6797,397,2026-06-07,43.04
6798,397,2026-04-29,37.12
6799,397,2025-12-16,125.5
6800,397,2026-02-17,74.42
6801,397,2025-10-29,139.23
6802,397,2026-02-27,74.08
6803,398,2026-08-02,215.09
6804,398,2026-07-20,221.54
6805,398,2025-10-09,81.86
6806,399,2026-09-09,72.1
6807,399,2026-06-20,72.87
6808,399,2026-03-14,38.5
6809,399,2026-01-05,27.0
6810,399,2026-03-21,31.19
6811,399,2025-12-31,51.22
6812,399,2026-05-18,21.46
6813,399,2026-03-14,84.25
6814,399,2026-04-30,38.78
6815,399,2025-09-27,56.36
6816,399,2026-07-09,20.19
6817,399,2026-06-03,29.67
6818,399,2026-01-15,19.09
6819,399,2026-08-20,71.25
6820,399,2026-03-15,41.87
6821,399,2026-08-30,58.19
6822,399,2026-03-09,46.3
6823,399,2026-05-21,55.56
6824,399,2026-07-05,38.66
6825,399,2026-03-20,41.06
6826,400,2026-08-30,28.02
6827,400,2026-02-25,39.61
6828,400,2026-03-22,23.41
6829,400,2026-04-02,31.56
6830,400,2026-02-06,37.31
6831,400,2025-10-26,74.51
6832,400,2026-01-25,55.45
6833,400,2026-07-28,59.98
6834,400,2026-06-25,44.48
6835,400,2026-01-29,65.17
6836,400,2026-04-27,30.37
6837,400,2026-03-21,32.36
6838,400,2026-04-17,54.06
6839,400,2026-02-09,39.69
6840,400,2026-06-13,44.72
6841,400,2026-08-06,41.8
6842,400,2026-06-12,79.1
6843,400,2026-01-16,80.98
6844,400,2026-02-05,33.95
6845,400,2025-11-29,20.38
6846,400,2026-07-25,32.67
6847,400,2026-07-14,30.06
6848,400,2026-07-18,65.43
6849,400,2026-02-21,68.09
6850,400,2026-02-17,28.29
6851,400,2026-07-07,32.04
6852,400,2026-03-31,23.13
6853,401,2026-09-10,193.91
6854,401,2025-11-03,58.43
6855,401,2026-04-20,200.21
6856,401,2026-05-27,78.75
6857,401,2026-04-02,112.96
6858,401,2026-04-25,113.44
6859,401,2026-03-18,86.64
6860,401,2026-07-15,74.52
6861,402,2026-07-14,177.48
6862,402,2026-06-04,27.5
6863,402,2026-05-31,98.28
6864,402,2026-03-07,80.97
6865,402,2025-11-14,96.75
6866,402,2026-02-07,53.88
6867,402,2026-06-15,105.38
6868,402,2025-12-01,98.74
6869,402,2026-02-24,311.77
6870,402,2026-05-06,95.42
6871,402,2025-11-18,165.09
6872,402,2025-10-29,45.85
6873,402,2026-01-24,142.43
6874,402,2025-12-17,99.65
6875,402,2026-05-05,101.62
6876,403,2026-08-16,55.3
6877,403,2025-12-17,109.62
6878,403,2026-02-06,62.63
6879,403,2025-11-20,79.29
6880,403,2025-12-29,70.43
6881,403,2025-10-17,178.27
6882,403,2026-08-03,107.84
6883,403,2026-04-08,158.75
6884,403,2026-01-30,331.18
6885,403,2025-11-11,91.92
6886,403,2026-05-07,176.92
6887,404,2026-09-11,207.31
6888,404,2026-01-17,245.3
6889,404,2025-10-12,86.33
6890,404,2026-08-04,129.74
6891,404,2025-10-18,110.76
6892,404,2026-02-24,299.43
6893,404,2026-02-13,88.81
6894,404,2026-05-27,202.69
6895,404,2026-05-17,290.08
6896,404,2026-03-06,228.52
6897,404,2026-07-04,172.28
6898,404,2026-01-02,245.43
6899,404,2026-01-20,334.87
6900,404,2026-09-09,200.07
6901,404,2026-06-30,76.68
6902,404,2026-03-15,351.98
6903,404,2025-12-25,251.45
6904,404,2026-06-01,206.9
6905,404,2025-11-04,86.14
6906,404,2026-03-08,183.62
6907,404,2026-03-06,141.62
6908,404,2026-08-04,121.48
6909,404,2026-02-03,197.49
6910,404,2025-11-29,165.0
6911,404,2026-06-29,169.96
6912,404,2026-03-05,292.93
6913,404,2026-09-09,235.6
6914,404,2026-06-29,168.03
6915,404,2026-08-18,158.7
6916,404,2025-12-15,171.13
6917,404,2025-09-27,187.87
6918,404,2026-08-29,273.13
6919,404,2026-01-08,131.36
6920,405,2026-07-19,188.14
6921,405,2026-01-24,91.34
6922,405,2026-07-04,179.0
6923,405,2026-04-05,344.92
6924,405,2026-05-16,72.12
6925,405,2025-12-06,52.51
6926,405,2026-02-20,79.86
6927,405,2025-11-28,147.58
6928,405,2025-10-30,157.17
6929,405,2025-11-28,250.18
6930,405,2026-03-16,88.52
6931,405,2025-10-03,112.1
6932,405,2026-03-27,65.33
6933,405,2025-11-17,29.13
6934,406,2026-08-04,182.38
6935,406,2026-06-07,66.15
6936,406,2025-10-14,185.68
6937,406,2026-01-25,198.9
6938,406,2026-05-14,85.12
6939,406,2026-07-21,91.86
6940,406,2025-11-27,87.97
6941,406,2025-11-26,67.33
6942,406,2026-08-01,70.4
6943,406,2026-03-08,162.96
6944,406,2026-03-06,109.58
6945,407,2026-04-30,153.46
6946,407,2025-11-24,55.81
6947,407,2026-04-29,64.47
6948,407,2026-02-13,94.7
6949,407,2025-11-01,123.24
6950,408,2026-06-18,78.2
6951,408,2026-05-13,145.85
6952,408,2026-05-31,241.96
6953,408,2026-01-31,93.32
6954,408,2025-10-16,152.3
6955,408,2026-03-10,267.31
6956,408,2026-04-30,107.85
6957,408,2026-04-30,88.07
6958,408,2025-11-08,135.09
6959,408,2025-12-25,153.35
6960,408,2026-02-07,88.44
6961,408,2025-10-15,72.39
6962,408,2026-05-22,194.93
6963,408,2026-01-06,79.68
6964,408,2026-03-15,154.01
6965,409,2026-09-21,259.01
6966,409,2026-03-22,427.4
6967,409,2026-04-09,243.38
6968,409,2026-05-27,384.43
6969,409,2025-09-30,427.34
6970,409,2025-12-31,161.28
6971,409,2025-11-04,237.65
6972,409,2025-12-28,173.45
6973,409,2026-08-21,107.78
6974,409,2026-06-18,246.46
6975,409,2026-04-08,130.8
6976,409,2026-05-31,261.14
6977,409,2025-10-29,104.27
6978,409,2026-03-28,226.8
6979,409,2026-07-04,103.57
6980,409,2026-02-18,284.39
6981,409,2026-05-08,175.93
6982,409,2026-08-06,168.46
6983,409,2025-10-15,348.64
6984,409,2025-10-15,181.71
6985,409,2025-12-15,220.74
6986,409,2026-05-31,192.05
6987,409,2025-11-25,263.86
6988,409,2026-06-09,335.77
6989,409,2025-11-08,305.86
6990,409,2025-11-06,170.22
6991,409,2026-07-22,361.83
6992,409,2026-05-31,139.04
6993,410,2026-07-19,96.28
6994,410,2025-12-24,180.21
6995,410,2026-07-14,97.41
6996,410,2026-06-23,153.67
6997,410,2026-05-24,37.37
6998,410,2026-07-17,73.75
6999,410,2026-03-12,107.59
7000,410,2026-07-04,146.42
7001,410,2025-11-17,127.25
7002,410,2026-01-25,122.0
7003,410,2025-10-06,145.08
7004,410,2026-06-24,111.45
7005,410,2026-06-26,34.31
7006,410,2025-11-04,172.22
7007,410,2026-03-25,61.74
7008,411,2026-08-11,19.11
7009,411,2025-12-11,43.51
7010,412,2026-05-15,35.9
7011,412,2025-12-02,16.92
7012,412,2025-12-26,33.05
7013,412,2026-03-20,21.73
7014,413,2026-09-17,155.29
7015,413,2026-07-22,133.7
7016,413,2026-02-25,198.4
7017,413,2026-01-01,212.62
7018,413,2025-12-10,201.95
7019,413,2026-09-06,442.27
7020,413,2026-05-09,198.4
7021,413,2025-10-31,202.03
7022,413,2026-05-26,303.08
7023,413,2025-11-27,194.44
7024,413,2026-03-05,267.68
7025,413,2026-06-13,118.1
7026,413,2026-05-15,118.52
7027,413,2026-03-29,221.86
7028,413,2026-08-04,189.21
7029,413,2026-05-30,145.92
7030,413,2026-01-17,221.84
7031,413,2025-10-29,230.72
7032,413,2025-10-13,152.57
7033,413,2026-05-04,166.28
7034,413,2025-12-08,231.5
7035,413,2026-04-29,132.64
7036,413,2025-12-03,160.02
7037,413,2025-10-27,267.03
7038,413,2026-04-11,207.76
7039,413,2026-02-15,169.42
7040,413,2025-11-12,139.87
7041,413,2026-07-30,133.11
7042,413,2026-06-21,197.91
7043,413,2026-02-06,522.55
7044,414,2026-08-23,102.71
7045,414,2026-07-03,158.28
7046,414,2026-07-15,124.33
7047,414,2025-12-29,65.87
7048,414,2026-06-16,334.32
7049,414,2026-08-04,115.56
7050,414,2025-12-05,70.25
7051,414,2026-01-01,98.72
7052,414,2025-10-19,119.54
7053,414,2026-02-06,117.52
7054,415,2026-09-07,217.65
7055,415,2026-03-26,217.74
7056,415,2025-11-04,113.49
7057,415,2026-03-24,256.78
7058,415,2026-01-26,338.33
7059,415,2025-11-13,252.25
7060,415,2026-04-11,189.42
7061,415,2026-06-27,704.28
7062,415,2025-11-25,138.52
7063,415,2026-09-07,297.42
7064,415,2026-06-04,234.29
7065,415,2026-07-24,519.39
7066,415,2026-01-27,249.92
7067,415,2026-06-06,275.24
7068,415,2026-05-11,263.67
7069,415,2026-01-24,130.43
7070,415,2026-05-28,142.04
7071,415,2026-05-05,185.5
7072,415,2026-03-18,323.09
7073,415,2026-07-28,233.22
7074,415,2025-10-18,191.34
7075,415,2025-10-02,389.4
7076,415,2026-01-03,86.06
7077,415,2026-08-01,117.21
7078,415,2026-03-28,68.28
7079,415,2026-05-07,361.71
7080,415,2026-07-12,201.06
7081,415,2025-11-07,324.39
7082,415,2026-04-16,199.92
7083,415,2026-01-24,332.8
7084,415,2026-01-11,198.36
7085,415,2026-05-20,252.54
7086,415,2026-05-10,236.44
7087,415,2025-10-06,244.47
7088,415,2025-11-25,448.2
7089,416,2026-07-30,101.71
7090,416,2026-02-26,314.52
7091,416,2025-12-19,133.18
7092,417,2026-09-15,471.13
7093,417,2025-12-24,87.07
7094,417,2026-09-01,247.07
7095,417,2026-08-06,138.05
7096,417,2026-03-07,263.9
7097,417,2026-06-30,273.59
7098,417,2026-05-15,189.08
7099,417,2026-05-11,279.03
7100,417,2026-04-01,350.75
7101,417,2026-01-10,195.01
7102,417,2026-04-10,115.05
7103,417,2025-11-19,398.86
7104,417,2026-03-28,304.91
7105,417,2025-09-28,270.64
7106,417,2025-09-26,153.88
7107,417,2026-04-17,327.19
7108,417,2025-12-18,526.47
7109,417,2026-04-08,198.84
7110,417,2025-11-09,219.12
7111,417,2025-12-18,130.03
7112,417,2026-05-18,151.91
7113,417,2026-05-24,129.48
7114,417,2025-11-07,222.73
7115,417,2026-03-08,180.14
7116,417,2026-01-12,248.36
7117,417,2026-01-18,140.58
7118,417,2026-07-19,194.75
7119,417,2026-06-24,136.73
7120,417,2025-10-31,228.5
7121,418,2026-08-30,101.93
7122,418,2026-05-28,123.36
7123,418,2026-02-04,98.87
7124,418,2026-03-20,194.24
7125,418,2026-06-01,66.2
7126,418,2026-05-25,97.57
7127,418,2025-10-17,42.01
7128,418,2026-01-10,98.97
7129,418,2026-07-10,174.34
7130,418,2026-07-16,56.32
7131,418,2026-08-07,131.47
7132,418,2026-06-08,172.13
7133,418,2025-12-23,65.99
7134,418,2026-08-10,111.04
7135,418,2026-06-07,183.21
7136,418,2026-08-16,99.84
7137,418,2026-01-22,128.23
7138,418,2025-11-28,40.51
7139,418,2026-03-04,117.74
7140,418,2025-10-27,113.59
7141,418,2026-01-09,49.55
7142,418,2025-12-15,58.32
7143,418,2026-05-16,118.11
7144,418,2025-11-10,78.54
7145,418,2026-01-29,148.44
7146,419,2026-06-19,133.51
7147,419,2026-05-27,86.8
7148,420,2026-08-12,93.45
7149,420,2026-03-08,68.83
7150,420,2026-07-15,112.34
7151,420,2026-02-17,82.44
7152,420,2025-11-12,162.23
7153,420,2025-11-23,61.02
7154,420,2025-12-26,73.43
7155,420,2026-02-08,68.68
7156,420,2026-01-24,205.48
7157,420,2026-07-11,82.63
7158,420,2025-12-22,70.33
7159,420,2026-01-06,35.13
7160,421,2026-07-12,50.33
7161,421,2026-06-01,60.51
7162,421,2026-02-24,66.58
7163,422,2026-09-21,249.19
7164,422,2025-11-15,217.59
7165,422,2026-03-25,113.86
7166,422,2026-03-05,235.89
7167,422,2025-11-12,228.88
7168,422,2026-03-11,229.25
7169,422,2026-09-21,224.36
7170,422,2026-06-26,156.57
7171,422,2026-02-06,274.06
7172,422,2025-12-13,154.11
7173,422,2026-01-31,129.48
7174,422,2025-12-31,284.49
7175,422,2026-06-27,320.06
7176,422,2026-08-18,275.86
7177,422,2025-10-14,191.31
7178,422,2026-03-02,87.74
7179,422,2025-12-29,409.06
7180,422,2025-10-11,87.12
7181,422,2026-07-18,273.37
7182,422,2025-11-11,542.79
7183,422,2026-05-12,224.61
7184,422,2026-02-08,239.41
7185,422,2026-05-05,249.09
7186,422,2026-07-12,229.59
7187,422,2025-11-08,604.79
7188,422,2026-05-19,143.69
7189,422,2026-09-13,135.8
7190,422,2026-07-29,181.22
7191,422,2025-10-09,459.66
7192,422,2025-11-29,161.99
7193,422,2026-01-25,254.87
7194,422,2025-12-14,340.04
7195,422,2026-01-30,298.17
7196,422,2025-10-28,332.04
7197,422,2026-08-17,397.5
7198,422,2026-08-30,241.24
7199,422,2026-01-14,170.96
7200,422,2025-10-08,224.38
7201,422,2026-02-24,180.28
7202,423,2026-09-14,129.34
7203,423,2025-10-07,191.15
7204,423,2025-11-28,367.99
7205,423,2026-07-21,184.49
7206,423,2026-07-15,219.81
7207,423,2026-08-28,283.16
7208,423,2026-07-04,180.59
7209,423,2026-08-06,249.46
7210,423,2025-11-27,235.09
7211,423,2026-03-23,126.25
7212,423,2026-04-10,170.4
7213,423,2026-01-31,246.33
7214,423,2026-05-10,373.94
7215,423,2026-02-25,373.78
7216,423,2026-09-13,539.19
7217,423,2026-01-05,261.27
7218,423,2025-11-10,174.36
7219,423,2026-09-01,204.04
7220,423,2026-08-17,199.52
7221,423,2026-07-28,174.79
7222,423,2026-02-11,249.49
7223,423,2025-12-19,254.77
7224,423,2025-11-27,123.83
7225,423,2025-12-12,342.68
7226,423,2026-02-22,91.89
7227,423,2026-01-09,189.99
7228,423,2026-06-07,352.24
7229,423,2025-12-25,276.01
7230,423,2026-07-12,178.84
7231,424,2026-09-24,93.67
7232,424,2025-10-09,214.11
7233,424,2025-12-18,365.92
7234,424,2026-07-11,299.75
7235,424,2025-12-13,354.41
7236,424,2026-04-01,302.43
7237,424,2026-07-01,145.18
7238,424,2026-09-03,296.48
7239,424,2026-02-10,218.96
7240,424,2026-07-28,152.59
7241,424,2026-04-14,227.65
7242,424,2025-10-14,204.74
7243,424,2025-11-05,397.15
7244,424,2026-03-29,166.57
7245,424,2026-01-01,163.1
7246,424,2025-11-29,153.35
7247,424,2026-02-16,493.09
7248,424,2026-07-11,157.26
7249,424,2025-12-03,376.41
7250,424,2026-08-23,132.02
7251,424,2026-03-18,263.77
7252,424,2025-12-14,236.33
7253,424,2026-03-01,365.81
7254,424,2026-05-21,342.71
7255,424,2026-04-26,217.88
7256,424,2026-04-10,164.91
7257,424,2025-12-28,436.3
7258,424,2025-09-28,157.67
7259,424,2025-12-15,75.69
7260,425,2026-07-24,35.21
7261,425,2026-04-20,31.16
7262,425,2026-03-04,24.89
7263,425,2026-03-28,46.0
7264,425,2026-03-12,17.81
7265,425,2026-01-18,12.19
7266,425,2025-11-17,28.04
7267,426,2026-08-23,125.87
7268,426,2026-04-15,170.57
7269,426,2026-05-22,86.48
7270,426,2025-11-19,103.46
7271,426,2025-11-19,81.96
7272,426,2025-12-24,85.03
7273,426,2025-09-28,97.14
7274,426,2026-03-06,193.69
7275,426,2025-11-18,135.87
7276,426,2026-02-21,130.47
7277,426,2026-08-11,73.38
7278,426,2026-04-07,60.08
7279,426,2026-08-13,107.24
7280,427,2026-09-12,28.62
7281,427,2026-01-22,122.11
7282,427,2026-08-10,102.67
7283,427,2026-07-02,200.85
7284,427,2026-04-11,97.71
7285,428,2026-07-20,103.86
7286,428,2026-01-27,55.34
7287,428,2026-03-23,38.79
7288,428,2026-03-08,82.7
7289,428,2026-04-09,139.34
7290,428,2026-05-17,110.19
7291,428,2026-02-12,100.36
7292,428,2026-07-18,89.72
7293,428,2025-12-11,103.43
7294,428,2025-12-30,57.54
7295,428,2025-12-03,127.86
7296,429,2026-09-12,126.5
7297,429,2025-11-29,85.51
7298,429,2025-10-20,200.18
7299,429,2026-07-20,150.17
7300,429,2026-04-02,341.39
7301,429,2026-06-13,78.67
7302,429,2026-07-11,239.38
7303,429,2025-10-16,545.54
7304,429,2026-02-11,193.41
7305,429,2026-07-18,209.74
7306,429,2026-08-06,254.41
7307,429,2026-05-26,263.52
7308,429,2025-11-23,174.74
7309,429,2026-07-23,133.4
7310,429,2025-12-25,281.7
7311,429,2026-08-06,88.99
7312,429,2026-05-17,305.4
7313,429,2026-03-13,176.06
7314,429,2026-07-29,210.29
7315,429,2026-04-26,165.77
7316,429,2026-06-10,399.82
7317,429,2026-08-27,234.9
7318,429,2026-09-12,181.69
7319,429,2026-07-23,179.41
7320,429,2025-12-23,196.46
7321,429,2026-08-30,617.53
7322,429,2026-03-19,116.1
7323,430,2026-06-27,67.36
7324,430,2026-06-21,110.23
7325,430,2025-11-17,60.62
7326,430,2025-10-30,76.89
7327,430,2026-05-07,58.23
7328,430,2025-09-28,113.13
7329,430,2026-01-05,64.16
7330,430,2026-04-16,50.44
7331,430,2026-05-03,54.6
7332,430,2026-05-13,69.6
7333,430,2026-02-18,72.51
7334,430,2026-06-08,100.78
7335,430,2026-05-22,83.69
7336,430,2025-12-02,106.32
7337,430,2026-02-13,110.23
7338,430,2026-02-02,125.59
7339,431,2026-08-07,192.65
7340,431,2025-12-20,54.42
7341,431,2026-06-09,91.85
7342,431,2026-03-20,128.88
7343,431,2026-07-16,117.12
7344,431,2026-01-29,74.91
7345,431,2026-01-03,100.94
7346,431,2026-03-19,44.14
7347,431,2026-03-30,89.23
7348,431,2026-05-23,46.65
7349,431,2025-12-07,113.11
7350,431,2025-10-24,54.47
7351,431,2026-06-27,96.85
7352,431,2026-05-12,103.9
7353,431,2026-01-29,93.13
7354,431,2026-04-14,67.72
7355,431,2026-08-03,81.87
7356,431,2026-08-01,153.13
7357,431,2026-05-26,74.35
7358,432,2026-07-20,48.31
7359,432,2026-05-25,112.64
7360,432,2026-05-27,201.05
7361,432,2026-02-05,154.23
7362,432,2025-12-09,54.79
7363,432,2026-02-04,79.75
7364,432,2026-01-06,88.77
7365,432,2026-05-04,89.25
7366,432,2025-10-12,106.83
7367,432,2025-11-17,77.09
7368,432,2025-11-01,59.61
7369,433,2026-08-12,44.65
7370,433,2026-02-14,21.07
7371,433,2025-11-03,17.07
7372,434,2026-08-09,217.7
7373,434,2025-12-13,145.32
7374,434,2025-09-30,210.28
7375,434,2026-02-15,65.94
7376,434,2025-09-29,44.2
7377,434,2026-06-04,87.89
7378,434,2026-03-12,129.28
7379,434,2025-12-04,39.06
7380,434,2025-12-01,59.32
7381,434,2025-12-06,62.36
7382,434,2026-03-14,105.66
7383,434,2026-07-17,99.71
7384,434,2025-11-07,63.5
7385,434,2026-04-10,97.59
7386,434,2026-01-15,53.77
7387,434,2026-06-28,74.29
7388,434,2025-10-16,50.94
7389,435,2026-09-09,268.99
7390,435,2026-07-23,161.4
7391,435,2026-03-13,205.71
7392,435,2026-04-23,133.7
7393,435,2026-03-24,238.69
7394,435,2026-04-29,217.3
7395,435,2026-08-27,122.46
7396,435,2025-11-14,195.85
7397,435,2026-03-07,206.46
7398,435,2026-02-12,238.31
7399,435,2026-03-11,242.32
7400,435,2026-03-09,151.8
7401,435,2026-02-10,296.11
7402,435,2026-04-16,265.73
7403,435,2026-07-26,151.57
7404,435,2026-08-30,125.57
7405,435,2026-03-05,156.87
7406,435,2026-07-07,108.3
7407,435,2026-04-04,230.61
7408,435,2026-02-10,357.71
7409,435,2026-02-14,398.14
7410,435,2026-07-13,128.63
7411,435,2026-01-22,299.22
7412,435,2025-10-16,218.14
7413,435,2026-05-06,71.45
7414,435,2026-07-30,180.82
7415,435,2026-03-18,171.99
7416,435,2026-02-06,362.12
7417,435,2026-04-25,141.91
7418,435,2026-02-12,270.56
7419,436,2026-07-18,85.82
7420,436,2025-12-04,58.93
7421,436,2026-01-11,62.53
7422,437,2026-09-24,333.22
7423,437,2025-11-20,87.77
7424,437,2026-03-27,175.66
7425,437,2025-10-10,121.64
7426,437,2026-05-28,224.76
7427,437,2025-12-31,120.31
7428,437,2026-01-01,115.94
7429,437,2025-12-20,348.17
7430,437,2026-02-10,194.92
7431,437,2025-12-29,204.41
7432,437,2025-12-21,255.03
7433,437,2026-01-19,325.05
7434,437,2026-03-05,173.95
7435,437,2026-08-22,175.7
7436,437,2026-03-24,176.03
7437,437,2025-12-24,341.65
7438,437,2026-05-23,203.66
7439,437,2026-06-26,184.22
7440,437,2026-02-20,250.39
7441,437,2026-08-07,478.75
7442,437,2026-01-06,217.14
7443,437,2025-10-02,186.02
7444,437,2026-04-01,503.44
7445,437,2026-09-14,382.04
7446,437,2026-06-18,357.91
7447,437,2026-09-13,167.64
7448,437,2026-04-10,160.32
7449,437,2026-06-04,92.0
7450,437,2025-12-17,324.19
7451,438,2026-09-14,26.18
7452,438,2025-11-20,32.53
7453,438,2026-08-03,61.89
7454,438,2025-12-10,28.51
7455,438,2025-11-24,27.58
7456,438,2025-11-21,74.88
7457,438,2026-08-23,59.09
7458,438,2025-10-22,55.95
7459,438,2026-03-07,48.84
7460,438,2026-07-07,32.96
7461,438,2026-07-06,40.16
7462,438,2026-03-20,43.43
7463,438,2026-02-13,65.86
7464,438,2026-08-28,54.51
7465,438,2026-03-23,29.64
7466,438,2026-06-22,64.2
7467,439,2026-07-26,57.08
7468,439,2025-12-16,40.28
7469,439,2025-11-20,24.3
7470,439,2026-02-18,28.25
7471,439,2026-05-05,38.09
7472,440,2026-06-01,11.76
7473,440,2025-11-04,20.69
7474,440,2025-11-02,24.16
7475,440,2025-10-28,27.4
7476,441,2026-08-21,110.77
7477,441,2025-12-08,97.97
7478,441,2025-12-11,69.22
7479,441,2026-02-25,320.03
7480,441,2026-06-14,105.8
7481,441,2026-05-25,126.84
7482,441,2026-04-01,71.61
7483,441,2025-11-15,98.01
7484,441,2025-10-29,97.66
7485,441,2026-03-09,38.07
7486,441,2026-06-06,65.19
7487,441,2026-02-16,64.65
7488,442,2026-09-15,216.19
7489,442,2026-01-31,339.43
7490,442,2026-07-30,288.7
7491,442,2026-02-18,410.96
7492,442,2026-08-25,155.02
7493,442,2026-06-14,307.96
7494,442,2026-01-01,127.86
7495,442,2026-05-07,288.96
7496,442,2025-10-31,440.1
7497,442,2026-05-12,262.8
7498,442,2026-01-13,443.6
7499,442,2026-09-05,160.4
7500,442,2025-10-04,197.69
7501,442,2026-02-09,139.08
7502,442,2026-01-07,213.31
7503,442,2026-05-23,237.09
7504,442,2026-06-05,212.47
7505,442,2026-04-13,169.65
7506,442,2026-06-17,168.39
7507,442,2026-09-08,245.29
7508,442,2026-01-22,195.47
7509,442,2026-01-04,125.06
7510,442,2026-01-19,89.42
7511,442,2026-03-03,160.64
7512,442,2026-03-14,112.74
7513,442,2025-10-01,144.19
7514,442,2026-03-12,173.58
7515,442,2026-01-08,196.64
7516,442,2026-04-21,155.62
7517,442,2026-09-04,562.93
7518,442,2026-05-14,119.06
7519,443,2026-07-01,11.18
7520,443,2026-01-08,26.87
7521,443,2026-06-03,32.68
7522,444,2026-06-23,61.3
7523,444,2026-05-14,68.03
7524,444,2025-11-13,154.06
7525,444,2026-01-26,42.25
7526,444,2025-10-17,168.06
7527,445,2026-01-05,101.84
7528,445,2025-10-27,204.95
7529,445,2025-11-20,88.48
7530,445,2025-11-26,88.9
7531,445,2025-11-07,122.1
7532,446,2026-02-13,56.02
7533,446,2025-11-16,22.12
7534,446,2025-10-13,88.52
7535,446,2025-09-27,21.77
7536,447,2026-08-10,111.26
7537,447,2026-05-27,112.0
7538,447,2026-07-31,98.76
7539,447,2026-07-08,61.41
7540,447,2025-10-19,148.22
7541,447,2026-01-11,215.18
7542,447,2026-03-10,91.19
7543,447,2026-07-09,203.28
7544,447,2026-04-14,132.9
7545,447,2026-06-30,244.26
7546,447,2026-08-01,111.33
7547,447,2026-03-23,95.71
7548,447,2026-03-03,131.48
7549,448,2026-05-26,41.56
7550,448,2026-02-06,42.04
7551,448,2025-12-18,34.95
7552,449,2026-09-11,150.75
7553,449,2026-05-23,167.7
7554,449,2026-05-19,252.53
7555,449,2025-11-20,104.6
7556,449,2026-07-02,217.8
7557,449,2025-10-27,307.58
7558,449,2026-04-17,319.79
7559,449,2026-07-06,264.96
7560,449,2026-07-23,205.13
7561,449,2026-01-04,158.61
7562,449,2025-10-30,202.36
7563,449,2025-11-09,441.94
7564,449,2026-07-14,237.46
7565,449,2025-11-07,200.14
7566,449,2026-06-24,270.63
7567,449,2026-04-03,214.75
7568,449,2026-09-10,232.46
7569,449,2026-06-13,187.93
7570,449,2026-05-22,174.23
7571,449,2025-10-11,328.75
7572,449,2026-06-06,87.31
7573,449,2026-06-06,260.47
7574,449,2026-06-08,169.45
7575,449,2026-06-15,89.1
7576,449,2026-03-06,135.44
7577,449,2026-07-01,206.62
7578,449,2026-06-02,219.81
7579,449,2026-03-09,292.98
7580,449,2025-12-20,302.09
7581,449,2026-08-05,104.7
7582,449,2026-05-12,248.88
7583,449,2026-02-23,291.47
7584,449,2025-10-25,231.74
7585,449,2025-10-15,263.28
7586,449,2025-11-09,88.01
7587,450,2026-07-13,39.22
7588,450,2026-02-17,22.76
7589,450,2026-05-04,43.02
7590,450,2026-05-26,26.62
7591,450,2026-01-15,32.5
7592,451,2026-09-02,158.25
7593,451,2026-09-01,154.97
7594,451,2025-12-14,149.55
7595,451,2026-01-02,81.21
7596,451,2026-05-20,491.7
7597,451,2026-01-30,141.57
7598,451,2025-12-21,146.25
7599,451,2026-04-28,87.65
7600,451,2026-07-04,310.13
7601,451,2026-08-26,201.59
7602,451,2025-10-11,179.32
7603,451,2026-05-16,183.65
7604,451,2025-12-01,273.59
7605,451,2026-05-14,169.2
7606,451,2026-01-02,85.81
7607,451,2026-05-12,117.44
7608,451,2026-02-07,114.73
7609,451,2025-10-11,237.7
7610,451,2025-12-19,319.14
7611,451,2026-07-08,406.15
7612,451,2026-03-07,100.63
7613,451,2026-06-02,277.61
7614,451,2026-06-19,159.23
7615,451,2025-11-22,782.63
7616,451,2025-10-01,391.39
7617,451,2025-10-21,451.67
7618,451,2025-11-20,301.33
7619,452,2026-08-05,93.73
7620,452,2026-03-11,160.26
7621,452,2026-01-03,54.61
7622,452,2026-03-26,73.81
7623,452,2025-12-25,194.36
7624,452,2026-07-14,55.49
7625,452,2026-05-17,88.62
7626,452,2026-05-23,119.57
7627,452,2026-07-16,93.41
7628,452,2026-01-14,150.96
7629,452,2026-05-31,178.82
7630,452,2026-03-10,111.68
7631,452,2025-09-28,168.23
7632,452,2026-05-20,59.26
7633,452,2026-06-05,83.84
7634,452,2025-10-17,265.64
7635,452,2026-04-15,215.75
7636,452,2026-05-05,50.66
7637,453,2026-05-20,13.97
7638,453,2025-11-25,47.44
7639,453,2025-10-05,39.39
7640,453,2026-04-13,35.75
7641,454,2026-09-14,171.47
7642,454,2025-12-21,146.23
7643,454,2026-07-06,208.41
7644,454,2025-10-19,209.3
7645,454,2026-02-15,345.64
7646,454,2026-04-23,169.23
7647,454,2025-10-30,175.67
7648,454,2025-12-31,529.46
7649,454,2026-03-30,422.06
7650,454,2026-07-07,141.15
7651,454,2026-08-17,406.69
7652,454,2026-03-11,126.76
7653,454,2026-08-05,172.74
7654,454,2026-05-28,181.82
7655,454,2026-01-16,202.79
7656,454,2026-09-10,277.55
7657,454,2025-09-29,220.31
7658,454,2026-04-13,276.92
7659,454,2025-11-10,175.26
7660,454,2026-07-15,248.52
7661,454,2026-04-04,217.6
7662,454,2025-10-10,112.43
7663,454,2026-02-03,260.98
7664,454,2025-12-02,219.28
7665,454,2026-01-15,152.3
7666,454,2025-12-27,173.46
7667,454,2026-05-09,175.38
7668,454,2026-04-07,188.09
7669,454,2026-08-28,463.42
7670,454,2026-06-15,537.93
7671,454,2026-08-23,61.58
7672,454,2026-05-23,261.59
7673,454,2026-01-01,322.74
7674,454,2026-07-04,190.54
7675,454,2026-03-29,318.86
7676,454,2026-03-03,442.08
7677,455,2026-08-22,140.15
7678,455,2026-07-20,152.21
7679,455,2026-03-05,141.36
7680,455,2026-07-18,225.01
7681,455,2026-06-29,394.75
7682,455,2026-06-18,268.63
7683,455,2026-01-04,78.84
7684,455,2025-11-06,281.18
7685,455,2026-06-02,172.12
7686,455,2025-10-15,264.1
7687,455,2026-05-27,196.34
7688,455,2026-05-13,142.58
7689,455,2026-07-12,203.35
7690,455,2026-08-07,172.16
7691,455,2026-01-29,241.19
7692,455,2026-04-10,140.95
7693,455,2026-07-15,126.59
7694,455,2026-02-17,291.94
7695,455,2026-04-30,345.88
7696,455,2026-04-14,272.63
7697,455,2025-11-01,156.83
7698,455,2026-04-11,150.52
7699,455,2026-03-26,154.47
7700,455,2026-01-07,313.5
7701,455,2025-10-30,144.87
7702,455,2025-12-21,312.6
7703,455,2026-03-12,279.7
7704,455,2026-05-13,366.53
7705,455,2026-06-24,338.84
7706,455,2026-07-13,268.08
7707,455,2025-12-14,108.44
7708,455,2025-12-22,276.35
7709,455,2026-04-28,221.2
7710,455,2025-10-16,177.53
7711,455,2025-10-07,387.65
7712,455,2026-01-29,196.17
7713,455,2026-05-28,165.48
7714,455,2026-03-08,348.25
7715,456,2026-07-09,82.07
7716,456,2025-11-16,110.21
7717,456,2025-10-11,69.0
7718,456,2026-06-01,72.79
7719,456,2026-02-02,94.9
7720,456,2026-03-25,57.75
7721,456,2025-12-06,112.81
7722,456,2026-06-02,91.63
7723,456,2026-04-27,116.69
7724,457,2026-06-07,46.5
7725,457,2026-04-10,71.6
7726,457,2025-12-16,81.82
7727,457,2025-11-06,90.48
7728,457,2026-04-12,90.97
7729,457,2026-04-30,166.65
7730,457,2026-04-01,50.4
7731,457,2026-01-23,84.04
7732,457,2025-11-19,60.6
7733,457,2026-02-13,158.39
7734,457,2025-09-30,69.91
7735,457,2026-03-17,77.1
7736,457,2026-02-10,144.34
7737,457,2025-10-16,163.36
7738,458,2026-08-29,23.15
7739,458,2025-12-19,73.21
7740,458,2026-07-18,46.4
7741,458,2026-05-07,39.66
7742,458,2026-06-03,117.44
7743,458,2025-12-25,72.83
7744,458,2025-11-12,28.18
7745,458,2025-12-06,42.84
7746,458,2025-12-31,154.16
7747,458,2026-07-30,109.63
7748,458,2025-10-24,68.17
7749,458,2026-07-06,19.6
7750,458,2026-04-15,81.95
7751,458,2025-11-23,33.81
7752,458,2026-06-09,81.63
7753,458,2026-06-17,32.51
7754,458,2026-08-21,56.07
7755,458,2026-04-30,33.73
7756,458,2026-03-15,38.21
7757,458,2026-03-25,59.54
7758,458,2026-08-16,24.86
7759,458,2026-06-21,130.88
7760,458,2026-08-28,28.34
7761,458,2026-06-14,27.64
7762,458,2026-02-06,59.62
7763,458,2026-08-27,80.48
7764,458,2026-07-05,38.9
7765,458,2026-02-27,27.79
7766,458,2026-02-21,29.71
7767,459,2026-08-25,100.85
7768,459,2026-03-29,65.34
7769,459,2026-03-05,120.16
7770,459,2026-03-08,52.96
7771,459,2025-11-30,73.82
7772,459,2025-11-24,149.59
7773,459,2025-10-23,54.09
7774,459,2026-08-01,144.38
7775,459,2026-05-11,47.74
7776,459,2025-11-06,44.1
7777,459,2026-01-23,45.95
7778,459,2026-04-22,94.86
7779,460,2026-02-20,12.64
7780,460,2025-11-19,35.75
7781,460,2025-10-02,28.63
7782,460,2025-12-31,27.37
7783,460,2025-10-16,30.43
7784,461,2026-08-03,90.16
7785,461,2026-03-12,73.11
7786,461,2026-03-29,47.82
7787,461,2026-01-03,13.39
7788,461,2026-02-24,33.5
7789,461,2025-10-03,47.12
7790,461,2026-07-09,40.83
7791,461,2026-03-03,45.67
7792,461,2026-02-17,50.19
7793,461,2026-05-18,35.39
7794,461,2026-01-06,44.85
7795,461,2026-04-12,42.07
7796,461,2025-12-08,32.79
7797,461,2025-10-20,103.29
7798,461,2025-11-10,36.32
7799,461,2026-01-18,16.32
7800,461,2025-12-22,100.4
7801,461,2025-11-07,30.75
7802,461,2025-10-02,67.47
7803,461,2025-12-21,33.12
7804,461,2025-10-23,58.14
7805,461,2025-10-06,44.04
7806,461,2026-06-10,70.58
7807,461,2026-02-28,40.87
7808,461,2026-04-14,33.51
7809,461,2025-10-11,50.52
7810,461,2025-12-14,37.88
7811,462,2026-09-14,184.58
7812,462,2025-11-05,303.65
7813,462,2026-08-09,117.19
7814,462,2026-03-28,76.19
7815,462,2025-12-07,477.7
7816,462,2026-02-22,180.75
7817,462,2026-04-11,235.27
7818,462,2026-01-31,121.0
7819,462,2026-08-27,118.51
7820,462,2026-05-14,152.37
7821,462,2025-11-08,280.45
7822,462,2026-04-30,166.44
7823,462,2025-10-08,180.55
7824,462,2026-03-04,150.22
7825,462,2025-10-19,354.86
7826,462,2026-02-05,310.43
7827,462,2026-04-19,168.89
7828,462,2025-10-23,285.71
7829,462,2026-06-11,188.06
7830,462,2026-04-29,180.41
7831,462,2026-01-02,205.35
7832,462,2025-11-09,280.5
7833,462,2026-07-08,140.56
7834,462,2025-09-28,263.27
7835,462,2026-04-15,646.21
7836,462,2026-05-17,228.04
7837,462,2026-07-31,213.4
7838,462,2026-09-05,202.19
7839,462,2026-03-01,260.42
7840,462,2026-02-13,101.74
7841,462,2026-08-12,451.51
7842,462,2025-10-30,326.57
7843,462,2026-03-06,157.13
7844,462,2026-08-27,213.0
7845,462,2025-11-21,163.42
7846,462,2026-07-07,240.27
7847,463,2026-07-15,40.83
7848,463,2026-03-27,61.23
7849,463,2026-05-04,107.67
7850,463,2026-05-22,184.44
7851,463,2026-07-13,73.86
7852,463,2025-12-01,182.17
7853,463,2025-12-11,64.09
7854,463,2026-05-24,19.62
7855,463,2025-12-26,125.78
7856,463,2026-05-28,114.78
7857,463,2026-04-25,125.35
7858,463,2026-05-01,123.16
7859,463,2026-06-07,98.11
7860,463,2025-12-14,80.11
7861,464,2026-09-21,126.93
7862,464,2026-09-06,84.86
7863,464,2026-03-18,82.21
7864,464,2025-10-02,113.84
7865,464,2026-03-19,59.92
7866,464,2026-04-13,124.62
7867,464,2026-04-16,82.03
7868,464,2025-12-31,132.66
7869,464,2026-05-21,130.65
7870,464,2026-01-01,80.39
7871,465,2026-09-21,73.58
7872,465,2026-08-18,73.96
7873,465,2025-10-29,20.32
7874,465,2025-10-10,66.13
7875,465,2026-01-15,56.28
7876,465,2026-08-14,45.73
7877,465,2026-02-22,97.25
7878,465,2026-04-18,99.03
7879,465,2026-06-28,67.61
7880,465,2026-05-08,35.24
7881,465,2025-12-12,26.31
7882,465,2025-09-27,63.19
7883,465,2025-11-10,82.97
7884,465,2026-07-10,18.06
7885,465,2026-03-24,73.37
7886,465,2026-03-15,40.12
7887,465,2026-06-08,19.94
7888,465,2026-04-17,55.58
7889,465,2026-05-07,67.75
7890,465,2026-08-27,38.42
7891,465,2026-04-24,27.96
7892,466,2026-04-12,37.92
7893,466,2025-12-04,16.22
7894,466,2026-02-04,16.14
7895,466,2026-01-08,23.13
7896,467,2026-04-22,27.8
7897,467,2025-11-04,31.05
7898,467,2025-11-03,28.55
7899,468,2026-08-26,106.28
7900,468,2026-02-15,74.6
7901,468,2025-11-04,67.89
7902,468,2026-03-19,91.94
7903,468,2026-06-22,115.42
7904,468,2026-03-24,80.62
7905,468,2026-07-24,46.44
7906,468,2026-01-13,64.54
7907,468,2026-05-08,90.73
7908,468,2026-05-05,125.58
7909,468,2026-08-25,46.12
7910,468,2025-09-26,101.4
7911,468,2026-04-05,99.42
7912,468,2025-12-07,73.45
7913,469,2026-09-14,121.71
7914,469,2025-12-10,389.96
7915,469,2025-12-24,230.46
7916,469,2026-08-25,157.45
7917,469,2026-02-13,120.29
7918,469,2026-01-05,250.19
7919,469,2026-04-28,386.9
7920,469,2025-09-26,148.4
7921,469,2025-09-30,172.31
7922,469,2025-11-15,149.7
7923,469,2025-11-07,422.88
7924,469,2026-02-25,88.96
7925,469,2025-11-28,374.51
7926,469,2026-08-20,177.22
7927,469,2026-06-25,203.34
7928,469,2026-01-22,180.16
7929,469,2026-08-02,233.91
7930,469,2025-12-01,151.21
7931,469,2026-07-14,338.11
7932,469,2026-05-14,344.35
7933,469,2026-06-15,134.91
7934,469,2026-03-07,283.57
7935,469,2026-08-17,178.87
7936,469,2025-12-01,214.94
7937,469,2025-11-04,417.14
7938,469,2025-12-24,155.06
7939,469,2026-07-11,318.64
7940,469,2026-06-04,257.96
7941,469,2026-06-26,192.44
7942,469,2026-02-13,247.75
7943,469,2025-11-04,234.84
7944,470,2026-09-18,50.02
7945,470,2026-08-12,30.22
7946,470,2026-08-10,99.11
7947,470,2026-07-14,43.04
7948,470,2026-05-21,49.1
7949,470,2026-07-22,33.41
7950,470,2026-02-19,74.04
7951,470,2025-11-28,58.21
7952,470,2026-03-12,51.85
7953,470,2026-01-23,26.8
7954,470,2025-11-03,73.62
7955,470,2025-11-02,63.26
7956,470,2026-01-26,71.05
7957,470,2026-08-25,45.76
7958,470,2025-12-10,43.51
7959,470,2025-12-21,41.46
7960,470,2026-06-02,125.49
7961,470,2026-07-22,35.25
7962,470,2026-08-02,26.39
7963,470,2026-06-12,38.04
7964,470,2025-12-26,35.4
7965,471,2026-09-14,44.37
7966,471,2026-07-10,49.4
7967,471,2026-05-12,52.6
7968,471,2025-10-21,30.6
7969,471,2026-01-16,37.84
7970,471,2026-02-07,52.23
7971,471,2025-09-26,37.16
7972,471,2025-12-16,23.23
7973,471,2026-04-05,51.39
7974,471,2026-01-22,65.55
7975,471,2026-03-10,72.78
7976,471,2026-05-09,57.18
7977,471,2025-10-04,65.03
7978,471,2026-02-16,70.18
7979,471,2025-12-24,46.64
7980,471,2026-04-22,17.34
7981,471,2026-07-07,75.84
7982,471,2026-08-02,30.1
7983,471,2025-12-04,27.05
7984,471,2026-03-14,27.39
7985,471,2026-03-16,137.65
7986,471,2026-08-03,54.87
7987,471,2025-12-10,28.16
7988,471,2026-06-13,33.09
7989,471,2026-02-15,44.99
7990,471,2026-05-13,57.44
7991,471,2026-06-26,51.03
7992,471,2026-07-19,29.63
7993,472,2026-08-17,48.94
7994,472,2025-11-25,52.48
7995,472,2026-02-15,46.05
7996,472,2025-11-24,11.61
7997,472,2025-10-14,61.08
7998,472,2025-11-27,29.85
7999,472,2026-01-06,61.27
8000,472,2026-02-06,96.73
8001,472,2026-05-09,40.16
8002,472,2026-04-04,54.82
8003,472,2025-11-06,45.67
8004,472,2026-07-14,57.01
8005,472,2025-11-21,47.14
8006,472,2025-11-26,35.66
8007,472,2026-07-30,29.95
8008,472,2026-05-31,92.05
8009,472,2026-05-08,54.82
8010,472,2025-10-24,65.39
8011,472,2026-03-27,53.85
8012,472,2025-12-08,69.81
8013,472,2026-02-03,30.07
8014,472,2026-07-22,46.72
8015,473,2026-08-08,255.26
8016,473,2025-12-28,207.32
8017,473,2026-07-29,228.94
8018,473,2026-05-17,285.88
8019,473,2026-03-23,225.14
8020,473,2026-02-19,281.31
8021,473,2026-07-11,143.67
8022,473,2026-06-06,121.13
8023,473,2026-03-15,260.32
8024,473,2026-03-20,285.49
8025,473,2026-01-25,265.24
8026,473,2026-07-17,222.81
8027,473,2025-11-29,181.51
8028,473,2026-05-05,230.92
8029,473,2026-02-15,249.08
8030,473,2025-10-12,255.9
8031,473,2026-04-10,678.8
8032,473,2026-05-01,138.76
8033,473,2026-05-17,896.77
8034,473,2026-01-14,119.29
8035,473,2025-10-09,249.8
8036,473,2026-02-12,122.66
8037,473,2026-06-07,241.03
8038,473,2025-10-13,326.71
8039,473,2026-07-26,213.1
8040,473,2026-03-31,325.38
8041,473,2026-06-30,173.55
8042,473,2026-07-29,83.49
8043,473,2025-09-26,278.42
8044,473,2026-07-13,212.92
8045,474,2026-09-12,381.73
8046,474,2025-10-29,158.44
8047,474,2025-12-11,103.71
8048,474,2026-08-15,131.52
8049,474,2026-04-30,308.78
8050,474,2026-05-07,295.71
8051,474,2026-04-20,149.01
8052,474,2025-11-09,158.04
8053,474,2026-05-21,284.28
8054,474,2026-05-11,379.66
8055,474,2026-04-22,203.6
8056,474,2026-04-27,269.49
8057,474,2025-10-12,311.11
8058,474,2026-06-10,553.33
8059,474,2026-08-04,124.84
8060,474,2026-04-17,155.43
8061,474,2026-08-14,167.2
8062,474,2025-12-06,304.75
8063,474,2025-11-02,187.49
8064,474,2025-11-24,241.68
8065,474,2025-12-03,221.84
8066,474,2026-04-17,210.16
8067,474,2026-01-10,220.4
8068,474,2026-04-26,333.81
8069,474,2025-11-16,135.69
8070,474,2026-07-06,196.43
8071,474,2026-07-25,121.54
8072,474,2025-10-04,232.54
8073,474,2026-05-09,192.31
8074,474,2026-05-26,339.77
8075,474,2026-01-20,209.54
8076,474,2026-05-15,171.98
8077,474,2025-12-23,187.93
8078,474,2026-04-14,456.07
8079,474,2025-12-11,103.6
8080,475,2026-07-14,77.6
8081,475,2026-06-21,130.86
8082,475,2026-03-17,179.35
8083,475,2026-03-16,302.23
8084,475,2026-04-18,86.6
8085,475,2026-02-20,71.14
8086,476,2026-04-28,151.39
8087,476,2026-02-03,154.0
8088,476,2026-01-23,213.4
8089,476,2026-01-05,104.51
8090,476,2025-12-26,121.89
8091,476,2026-03-18,32.03
8092,476,2026-02-23,173.48
8093,476,2025-12-02,166.13
8094,476,2025-10-29,193.29
8095,477,2026-08-18,84.64
8096,477,2026-07-20,48.83
8097,477,2026-01-08,63.88
8098,477,2026-07-20,56.58
8099,477,2026-02-12,71.24
8100,477,2025-12-03,30.2
8101,477,2025-12-24,49.21
8102,477,2026-04-25,42.24
8103,477,2026-06-29,60.39
8104,477,2025-11-20,50.49
8105,477,2026-06-09,34.14
8106,477,2026-03-09,38.65
8107,477,2026-06-02,94.49
8108,477,2026-08-09,20.99
8109,477,2026-04-04,61.92
8110,477,2026-02-20,78.67
8111,478,2026-03-06,32.61
8112,478,2025-11-03,15.41
8113,478,2025-11-30,24.26
8114,478,2025-12-22,10.04
8115,478,2025-11-13,43.64
8116,479,2026-06-03,28.15
8117,479,2025-11-07,38.39
8118,479,2025-09-28,39.7
8119,479,2026-02-20,27.06
8120,480,2026-09-06,41.32
8121,480,2025-10-24,18.31
8122,480,2026-01-21,65.3
8123,480,2026-06-19,74.93
8124,480,2025-11-23,87.63
8125,480,2026-08-27,119.53
8126,480,2026-07-03,63.74
8127,480,2025-12-11,56.71
8128,480,2025-10-29,73.54
8129,480,2026-04-25,30.19
8130,480,2026-01-22,21.21
8131,480,2026-01-08,36.31
8132,480,2025-12-25,79.95
8133,480,2025-10-28,33.42
8134,480,2026-08-07,55.49
8135,480,2026-07-02,58.24
8136,480,2025-10-24,50.23
8137,480,2026-03-02,25.32
8138,480,2026-03-08,52.5
8139,480,2026-04-20,37.22
8140,480,2026-05-04,96.83
8141,480,2026-06-14,75.06
8142,480,2026-04-21,37.82
8143,480,2026-08-12,99.61
8144,480,2026-05-28,52.53
8145,480,2025-09-28,21.21
8146,480,2026-07-12,43.44
8147,480,2025-12-27,93.93
8148,480,2026-08-26,31.12
8149,481,2026-09-19,64.08
8150,481,2025-10-30,73.54
8151,481,2026-02-06,27.33
8152,481,2026-06-16,30.95
8153,481,2025-10-12,63.52
8154,481,2026-02-08,33.83
8155,481,2026-05-30,61.65
8156,481,2026-04-10,95.72
8157,481,2026-05-09,23.38
8158,481,2025-11-20,38.32
8159,481,2026-04-05,41.16
8160,481,2026-09-06,35.51
8161,481,2026-01-16,34.23
8162,481,2025-12-22,36.06
8163,481,2026-04-30,44.69
8164,481,2025-10-24,48.47
8165,481,2026-04-20,69.11
8166,482,2026-05-14,132.13
8167,482,2026-03-10,156.98
8168,482,2025-10-03,57.56
8169,482,2026-05-13,78.48
8170,482,2026-01-15,66.58
8171,482,2026-02-15,126.76
8172,482,2025-11-23,88.94
8173,482,2025-10-05,109.61
8174,482,2026-03-02,91.29
8175,483,2026-08-30,42.37
8176,483,2026-02-24,11.56
8177,483,2026-05-08,38.43
8178,483,2026-01-10,19.37
8179,483,2026-07-08,17.36
8180,483,2026-05-14,30.93
8181,483,2026-07-18,39.78
8182,484,2026-01-22,66.03
8183,484,2026-01-07,304.17
8184,484,2025-10-29,238.36
8185,484,2025-10-10,210.59
8186,484,2025-10-29,109.26
8187,484,2025-11-27,163.25
8188,484,2025-12-14,102.52
8189,484,2025-12-01,173.98
8190,484,2025-12-21,87.29
8191,485,2026-09-18,197.91
8192,485,2026-07-12,347.8
8193,485,2026-03-16,205.43
8194,485,2025-10-31,100.91
8195,485,2025-12-05,367.18
8196,485,2026-07-03,117.2
8197,485,2026-08-30,217.57
8198,485,2025-12-28,272.95
8199,485,2025-12-13,221.64
8200,485,2025-10-21,657.84
8201,485,2026-04-16,292.17
8202,485,2026-08-29,191.72
8203,485,2025-10-16,275.42
8204,485,2026-06-08,230.81
8205,485,2026-05-04,214.24
8206,485,2026-04-23,234.35
8207,485,2025-10-01,172.74
8208,485,2026-05-12,231.11
8209,485,2026-03-03,167.27
8210,485,2026-03-22,89.46
8211,485,2025-09-29,350.79
8212,485,2025-10-13,162.82
8213,485,2026-02-04,223.8
8214,485,2026-08-12,149.14
8215,485,2026-05-18,151.18
8216,485,2026-01-23,131.57
8217,485,2025-12-05,321.77
8218,485,2025-12-23,358.7
8219,485,2026-03-28,212.47
8220,485,2026-01-21,164.94
8221,485,2026-05-31,98.03
8222,485,2026-02-03,300.38
8223,485,2026-03-31,154.88
8224,485,2026-01-17,127.02
8225,485,2025-11-10,212.78
8226,485,2025-11-29,180.68
8227,485,2025-12-30,106.06
8228,485,2025-12-18,112.82
8229,485,2026-07-18,244.34
8230,485,2026-07-14,156.34
8231,485,2025-11-22,264.2
8232,485,2026-03-09,224.31
8233,485,2026-04-17,336.47
8234,485,2026-01-23,144.41
8235,485,2026-08-20,233.18
8236,485,2026-07-21,279.87
8237,485,2026-07-28,158.43
8238,485,2026-02-28,348.75
8239,485,2026-08-26,99.21
8240,485,2026-09-03,144.36
8241,485,2026-01-19,97.56
8242,486,2026-08-22,20.03
8243,486,2026-03-02,69.06
8244,486,2026-01-17,103.27
8245,486,2026-04-10,40.22
8246,486,2026-02-01,30.05
8247,486,2026-05-06,66.39
8248,486,2026-02-01,108.92
8249,486,2026-06-03,65.93
8250,486,2026-05-21,21.68
8251,486,2026-07-30,63.2
8252,486,2026-07-21,53.98
8253,486,2026-07-09,29.29
8254,486,2026-06-21,80.37
8255,486,2025-12-28,54.81
8256,486,2026-06-12,81.32
8257,486,2026-04-27,27.91
8258,486,2026-06-26,53.85
8259,486,2026-04-04,30.08
8260,486,2026-06-03,50.31
8261,486,2026-05-06,87.48
8262,486,2026-07-31,23.68
8263,486,2026-03-08,24.3
8264,486,2026-05-25,69.17
8265,486,2026-01-19,44.71
8266,486,2025-09-26,76.23
8267,486,2026-03-15,31.29
8268,487,2026-09-03,59.88
8269,487,2026-03-12,33.49
8270,487,2026-05-20,36.06
8271,487,2026-02-03,31.38
8272,487,2026-02-17,62.11
8273,487,2026-04-18,34.02
8274,487,2026-06-20,63.59
8275,487,2026-06-17,34.43
8276,487,2025-12-28,40.55
8277,487,2026-08-27,45.73
8278,487,2026-07-25,48.23
8279,487,2025-10-21,29.69
8280,487,2025-10-03,61.77
8281,487,2026-08-07,39.83
8282,487,2026-07-17,57.48
8283,487,2026-05-14,44.67
8284,487,2026-02-15,58.59
8285,487,2026-06-30,37.4
8286,487,2025-10-02,31.54
8287,487,2026-03-18,54.53
8288,487,2026-03-03,36.03
8289,487,2026-06-29,86.76
8290,487,2026-05-21,46.39
8291,487,2025-12-25,24.25
8292,487,2026-01-30,34.58
8293,487,2026-06-18,28.7
8294,487,2026-04-05,72.93
8295,488,2026-05-04,96.32
8296,488,2026-03-25,79.02
8297,488,2026-02-24,141.63
8298,489,2026-08-03,30.07
8299,489,2026-02-07,41.83
8300,489,2026-03-10,84.74
8301,489,2026-01-01,23.76
8302,489,2026-01-25,107.33
8303,489,2026-05-02,33.23
8304,489,2025-10-01,49.26
8305,489,2025-11-16,80.02
8306,489,2026-02-19,91.8
8307,489,2026-02-05,55.59
8308,489,2026-07-13,32.92
8309,489,2025-12-19,31.64
8310,489,2025-10-24,34.74
8311,489,2025-10-05,105.3
8312,489,2026-02-10,37.87
8313,489,2025-09-26,52.05
8314,489,2025-11-27,28.13
8315,489,2026-02-27,26.74
8316,489,2025-11-27,45.54
8317,489,2026-06-16,38.88
8318,489,2026-01-05,40.18
8319,489,2026-01-22,23.13
8320,489,2026-03-03,43.54
8321,489,2026-01-15,90.36
8322,489,2025-11-11,30.65
8323,489,2026-02-06,67.39
8324,489,2026-04-07,9.47
8325,489,2026-03-25,31.36
8326,489,2026-02-07,19.05
8327,489,2026-02-03,78.49
8328,489,2026-04-28,66.83
8329,489,2026-02-18,28.25
8330,489,2026-05-06,51.26
8331,489,2025-10-13,77.28
8332,489,2026-02-18,82.88
8333,489,2025-11-15,37.49
8334,489,2026-04-07,16.65
8335,489,2026-04-03,30.03
8336,489,2026-05-05,63.52
8337,490,2026-09-14,59.93
8338,490,2026-02-24,136.51
8339,490,2026-05-13,32.28
8340,490,2025-11-14,39.07
8341,490,2026-05-09,32.68
8342,490,2026-01-22,73.14
8343,490,2026-03-17,74.96
8344,490,2025-11-02,36.79
8345,490,2026-01-24,114.01
8346,490,2025-11-23,32.71
8347,490,2025-10-30,71.53
8348,490,2026-07-31,86.59
8349,490,2025-11-23,24.38
8350,490,2025-10-09,58.36
8351,490,2026-09-02,13.2
8352,490,2026-04-07,65.21
8353,490,2026-06-16,27.41
8354,490,2025-10-02,58.09
8355,490,2026-05-13,63.21
8356,490,2026-07-10,74.49
8357,490,2026-08-12,67.17
8358,490,2025-12-08,46.15
8359,490,2026-08-25,37.92
8360,490,2026-05-30,43.52
8361,491,2026-09-05,43.47
8362,491,2026-07-31,26.12
8363,491,2026-04-30,35.28
8364,492,2026-01-12,20.72
8365,492,2025-11-20,47.22
8366,492,2025-10-07,35.98
8367,492,2025-11-30,26.78
8368,493,2025-10-30,52.2
8369,493,2025-10-17,40.24
8370,493,2025-10-25,42.93
8371,494,2026-09-14,69.05
8372,494,2025-11-02,159.65
8373,494,2026-08-28,33.35
8374,494,2026-08-01,76.14
8375,494,2026-06-29,91.76
8376,494,2025-12-31,154.08
8377,494,2026-06-11,287.74
8378,494,2025-10-06,94.05
8379,494,2026-08-15,129.14
8380,494,2026-03-19,361.67
8381,495,2026-09-15,74.02
8382,495,2025-12-24,100.32
8383,495,2025-10-27,198.47
8384,495,2026-08-06,251.2
8385,495,2026-01-15,83.18
8386,495,2025-11-24,73.52
8387,495,2026-09-07,62.54
8388,495,2026-05-28,301.44
8389,495,2026-07-30,95.37
8390,496,2026-07-13,41.03
8391,496,2026-06-27,37.71
8392,496,2025-12-28,50.71
8393,496,2025-11-13,36.66
8394,496,2026-03-07,54.75
8395,496,2026-01-25,53.92
8396,496,2026-02-22,49.35
8397,496,2026-01-01,49.74
8398,496,2026-06-29,34.88
8399,496,2026-01-15,39.64
8400,496,2026-03-03,21.22
8401,496,2026-07-03,42.64
8402,496,2025-11-23,28.88
8403,496,2026-05-30,47.07
8404,496,2026-01-22,32.63
8405,496,2025-11-08,17.88
8406,496,2025-10-19,124.0
8407,496,2026-01-12,40.55
8408,496,2025-12-17,86.3
8409,496,2026-01-24,35.5
8410,496,2025-11-29,96.62
8411,496,2025-10-03,26.8
8412,497,2026-08-22,37.3
8413,497,2026-03-24,19.54
8414,497,2026-07-21,27.47
8415,497,2026-01-27,28.41
8416,497,2026-08-15,30.27
8417,497,2026-04-01,30.74
8418,497,2026-02-15,44.52
8419,497,2026-08-01,50.3
8420,497,2026-01-18,50.06
8421,497,2025-11-23,32.4
8422,497,2025-10-04,70.38
8423,497,2026-05-26,57.24
8424,497,2026-05-06,91.68
8425,497,2026-01-30,65.87
8426,497,2026-02-05,38.45
8427,498,2026-07-24,31.43
8428,498,2026-01-21,28.28
8429,498,2025-12-25,20.44
8430,499,2026-09-03,63.18
8431,499,2026-01-30,43.84
8432,499,2025-10-10,24.04
8433,499,2026-03-03,41.85
8434,499,2025-11-24,59.26
8435,499,2026-02-28,65.37
8436,499,2026-08-19,61.35
8437,499,2025-11-29,77.55
8438,499,2026-04-13,107.88
8439,499,2026-04-23,37.5
8440,499,2025-12-25,159.02
8441,499,2026-05-30,18.13
8442,499,2026-04-10,31.7
8443,499,2026-02-07,49.24
8444,499,2026-02-12,57.61
8445,499,2025-12-28,41.47
8446,499,2026-08-06,36.0
8447,499,2025-09-28,121.25
8448,499,2026-02-07,35.24
8449,500,2026-08-22,31.39
8450,500,2026-01-30,57.13
8451,500,2026-02-06,73.48
8452,500,2026-08-14,46.62
8453,500,2026-02-10,31.08
8454,500,2026-06-07,48.75
8455,500,2025-12-21,57.7
8456,500,2026-05-28,30.97
8457,500,2025-10-03,28.59
8458,500,2026-07-15,56.91
8459,500,2025-11-01,65.18
8460,500,2026-08-11,118.4
8461,500,2026-01-08,60.72
8462,500,2026-04-28,26.12
8463,500,2026-06-19,112.68
8464,500,2026-06-11,72.34
8465,500,2026-08-10,18.25
8466,500,2026-07-10,28.3
8467,500,2026-04-15,36.07
8468,500,2026-07-01,65.62
8469,500,2025-10-06,15.42
8470,500,2025-11-22,42.65
8471,500,2026-03-19,63.95
8472,500,2026-07-22,12.57
8473,500,2025-09-30,62.97
8474,500,2025-12-26,66.47
8475,501,2026-06-28,36.21
8476,501,2026-04-02,63.81
8477,501,2026-03-24,21.63
8478,501,2026-03-21,24.82
8479,501,2026-03-04,21.15
8480,501,2026-04-09,41.57
8481,501,2026-05-06,26.54
8482,501,2026-02-10,21.94
8483,501,2025-11-05,63.41
8484,502,2026-09-16,122.09
8485,502,2026-09-10,73.58
8486,502,2026-01-07,109.36
8487,502,2025-12-28,90.54
8488,502,2026-07-19,55.94
8489,502,2025-12-21,186.67
8490,502,2026-04-27,117.58
8491,502,2025-12-30,104.44
8492,502,2025-11-22,115.53
8493,502,2026-01-10,40.17
8494,502,2025-10-17,72.09
8495,503,2026-08-14,180.23
8496,503,2025-10-13,109.0
8497,503,2025-09-27,45.64
8498,503,2025-11-10,96.71
8499,503,2026-01-28,104.9
8500,503,2026-07-18,79.64
8501,503,2025-10-23,165.02
8502,503,2026-06-11,85.42
8503,503,2026-06-18,232.03
8504,503,2025-12-26,128.02
8505,503,2026-04-11,101.91
8506,503,2025-11-07,136.18
8507,503,2025-11-05,179.24
8508,503,2025-11-27,134.88
8509,504,2026-09-19,62.3
8510,504,2025-11-23,75.55
8511,504,2025-12-16,34.44
8512,504,2026-09-09,27.88
8513,504,2025-11-28,89.59
8514,504,2026-02-14,23.43
8515,504,2026-07-15,70.9
8516,504,2025-12-14,34.8
8517,504,2026-08-13,53.8
8518,504,2026-02-10,73.06
8519,504,2026-02-27,55.76
8520,504,2026-09-09,39.4
8521,504,2026-05-08,84.34
8522,504,2026-08-07,51.25
8523,504,2025-10-15,235.99
8524,504,2025-12-06,20.89
8525,504,2025-09-27,20.75
8526,504,2026-03-28,70.39
8527,504,2026-05-24,44.36
8528,505,2026-09-13,17.08
8529,505,2025-10-10,62.0
8530,505,2026-07-05,27.79
8531,505,2026-01-06,40.73
8532,505,2026-07-14,45.15
8533,505,2026-07-04,105.68
8534,505,2026-02-23,40.15
8535,505,2026-05-14,23.72
8536,505,2026-08-01,87.18
8537,505,2025-10-11,62.38
8538,505,2025-10-23,63.43
8539,505,2026-02-20,87.92
8540,505,2026-03-12,97.72
8541,505,2025-12-02,30.13
8542,505,2025-10-05,24.06
8543,505,2026-08-08,65.74
8544,505,2026-08-10,39.99
8545,505,2026-05-20,41.65
8546,505,2026-05-29,27.16
8547,505,2025-11-01,58.52
8548,505,2026-03-18,53.93
8549,505,2025-12-01,41.96
8550,505,2026-01-21,24.09
8551,505,2026-01-01,77.54
8552,505,2025-10-11,50.49
8553,505,2026-02-18,74.42
8554,505,2025-12-13,17.47
8555,506,2026-08-13,71.69
8556,506,2026-05-19,150.35
8557,506,2025-12-01,130.54
8558,506,2026-01-24,133.68
8559,506,2026-04-10,104.55
8560,506,2026-03-18,73.97
8561,506,2026-01-26,84.08
8562,506,2026-03-11,120.06
8563,506,2026-03-19,34.58
8564,507,2026-07-11,137.2
8565,507,2026-02-02,41.84
8566,507,2026-01-06,58.48
8567,508,2026-08-15,58.53
8568,508,2026-01-22,88.58
8569,508,2026-06-26,68.25
8570,508,2026-07-23,125.7
8571,508,2026-07-03,120.22
8572,508,2025-11-14,161.69
8573,508,2026-08-07,93.42
8574,508,2025-10-29,23.76
8575,508,2026-06-05,74.14
8576,508,2026-01-31,182.03
8577,508,2026-05-24,77.75
8578,508,2025-10-31,37.97
8579,508,2026-08-02,110.17
8580,508,2025-12-27,113.94
8581,508,2025-10-17,64.88
8582,508,2026-03-26,80.54
8583,508,2026-03-22,61.47
8584,508,2026-06-28,113.86
8585,508,2025-11-04,92.32
8586,508,2025-10-09,53.26
8587,508,2026-03-08,89.61
8588,508,2026-01-03,64.71
8589,509,2026-09-08,50.04
8590,509,2026-07-12,40.31
8591,509,2025-10-16,31.5
8592,509,2026-08-22,57.18
8593,509,2026-04-27,28.39
8594,509,2026-07-15,38.64
8595,509,2026-08-23,38.87
8596,509,2026-02-28,24.34
8597,509,2026-02-11,60.52
8598,509,2026-02-18,40.61
8599,509,2026-04-16,80.73
8600,509,2025-12-09,40.31
8601,509,2026-03-21,37.48
8602,509,2026-03-06,29.95
8603,509,2026-04-08,45.8
8604,509,2026-06-28,45.91
8605,509,2026-01-24,62.83
8606,509,2025-11-24,46.38
8607,509,2026-05-26,115.46
8608,510,2026-09-22,164.84
8609,510,2025-12-06,166.94
8610,510,2026-01-07,105.15
8611,510,2026-03-16,235.12
8612,510,2026-04-12,285.5
8613,510,2026-03-05,203.41
8614,510,2026-02-24,141.5
8615,510,2026-04-21,216.34
8616,510,2025-11-14,384.1
8617,510,2026-07-27,314.57
8618,510,2026-05-10,207.23
8619,510,2026-05-02,527.66
8620,510,2026-08-17,707.35
8621,510,2026-08-21,169.19
8622,510,2025-11-04,188.0
8623,510,2025-12-16,286.89
8624,510,2026-05-13,139.25
8625,510,2026-06-18,307.73
8626,510,2026-04-28,219.81
8627,510,2026-01-10,248.23
8628,510,2026-06-07,162.09
8629,510,2026-08-29,147.32
8630,510,2026-04-23,85.94
8631,510,2026-02-18,409.63
8632,510,2026-03-18,320.78
8633,510,2026-07-22,284.33
8634,510,2025-11-21,245.64
8635,510,2026-02-06,74.46
8636,510,2026-01-05,149.77
8637,510,2025-10-11,187.14
8638,510,2026-03-21,129.09
8639,510,2026-02-25,98.01
8640,510,2025-12-20,135.27
8641,511,2026-09-19,196.87
8642,511,2026-04-06,465.64
8643,511,2025-12-27,140.7
8644,511,2025-10-26,261.94
8645,511,2026-06-10,232.59
8646,511,2026-05-25,311.99
8647,511,2025-12-20,235.49
8648,511,2026-06-10,327.14
8649,511,2026-08-17,269.48
8650,511,2026-02-18,128.51
8651,511,2026-07-09,292.02
8652,511,2026-02-21,200.48
8653,511,2026-08-12,148.05
8654,511,2026-04-01,286.98
8655,511,2026-06-26,317.92
8656,511,2026-03-14,168.93
8657,511,2026-06-30,179.35
8658,511,2026-06-21,112.49
8659,511,2025-10-31,93.22
8660,511,2025-10-02,188.31
8661,511,2026-05-25,299.92
8662,511,2026-01-31,162.25
8663,511,2026-05-15,399.26
8664,511,2026-07-20,191.49
8665,511,2026-08-15,191.84
8666,511,2025-11-04,184.38
8667,511,2026-08-27,326.63
8668,511,2026-03-27,136.4
8669,512,2026-09-05,73.01
8670,512,2026-06-22,78.65
8671,512,2026-05-11,125.85
8672,512,2026-06-09,78.07
8673,512,2026-08-15,112.63
8674,512,2026-01-17,257.72
8675,512,2026-01-28,57.93
8676,512,2025-11-07,179.3
8677,512,2026-02-19,72.12
8678,512,2026-01-13,164.31
8679,512,2026-05-05,122.55
8680,512,2026-04-24,117.91
8681,512,2026-04-16,84.09
8682,512,2025-10-06,80.41
8683,512,2026-03-26,65.03
8684,512,2025-11-12,90.25
8685,513,2026-09-02,133.47
8686,513,2025-12-07,193.35
8687,513,2026-03-15,269.56
8688,513,2026-04-09,203.28
8689,513,2025-11-09,250.06
8690,513,2026-05-18,164.93
8691,513,2026-04-05,254.27
8692,513,2025-10-21,209.72
8693,513,2026-07-13,152.85
8694,513,2026-03-08,223.65
8695,513,2026-02-17,176.46
8696,513,2026-01-06,277.23
8697,513,2025-10-20,311.07
8698,513,2026-05-08,263.17
8699,513,2026-07-25,100.62
8700,513,2026-04-19,136.04
8701,513,2026-07-11,157.69
8702,513,2025-12-28,146.76
8703,513,2026-02-21,164.49
8704,513,2025-12-17,318.45
8705,513,2026-05-09,287.58
8706,513,2025-10-11,173.53
8707,513,2025-10-31,274.08
8708,513,2025-10-24,243.49
8709,513,2026-01-02,206.92
8710,513,2026-06-30,352.06
8711,513,2026-07-14,155.95
8712,514,2026-08-29,160.62
8713,514,2026-07-02,100.01
8714,514,2026-06-20,87.85
8715,514,2025-11-01,218.99
8716,514,2026-01-28,30.0
8717,514,2026-02-27,108.01
8718,514,2025-12-01,127.42
8719,514,2026-08-08,243.99
8720,514,2026-02-23,49.73
8721,515,2026-07-20,95.71
8722,515,2026-06-14,120.29
8723,515,2026-03-11,128.17
8724,515,2026-05-03,110.62
8725,515,2026-04-13,199.76
8726,515,2026-01-22,58.61
8727,515,2026-02-03,94.24
8728,515,2025-11-05,49.13
8729,515,2026-03-08,138.87
8730,515,2025-10-14,134.77
8731,516,2026-07-23,195.76
8732,516,2026-05-27,161.82
8733,516,2026-07-03,190.51
8734,516,2025-11-20,291.95
8735,516,2026-03-25,155.02
8736,516,2025-12-06,190.1
8737,516,2025-11-15,267.91
8738,516,2026-03-24,186.02
8739,516,2026-04-19,679.42
8740,516,2026-05-04,234.89
8741,516,2026-01-13,120.09
8742,516,2025-12-22,143.94
8743,516,2026-04-09,137.57
8744,516,2026-02-03,144.87
8745,516,2026-02-11,267.4
8746,516,2026-06-10,127.64
8747,516,2026-02-15,180.92
8748,516,2025-12-07,351.2
8749,516,2025-10-07,166.2
8750,516,2026-04-14,284.09
8751,516,2026-05-13,98.47
8752,516,2025-10-27,177.74
8753,516,2025-10-20,140.95
8754,516,2025-11-16,240.33
8755,516,2026-04-14,131.82
8756,516,2026-05-01,532.96
8757,516,2026-01-16,100.42
8758,516,2026-05-08,350.1
8759,516,2025-12-04,311.79
8760,516,2026-03-26,241.42
8761,516,2026-04-16,215.21
8762,516,2025-11-23,483.88
8763,517,2026-08-30,50.87
8764,517,2025-09-28,128.92
8765,517,2026-07-07,119.27
8766,518,2026-02-21,16.28
8767,518,2025-12-06,32.93
8768,518,2025-10-26,37.46
8769,518,2025-11-06,29.48
8770,519,2026-09-20,268.05
8771,519,2025-12-06,181.04
8772,519,2025-12-28,132.34
8773,519,2026-03-22,237.7
8774,519,2026-01-26,545.15
8775,519,2026-03-25,237.03
8776,519,2026-09-06,147.36
8777,519,2026-08-09,195.65
8778,519,2026-03-05,125.72
8779,519,2026-01-26,211.76
8780,519,2026-06-21,285.61
8781,519,2026-09-09,153.77
8782,519,2026-08-26,48.53
8783,519,2026-05-30,237.87
8784,519,2025-11-14,167.57
8785,519,2026-04-23,149.8
8786,519,2025-10-05,149.22
8787,519,2025-11-03,251.44
8788,519,2025-11-16,174.78
8789,519,2025-10-07,319.2
8790,519,2026-06-25,322.37
8791,519,2025-10-05,185.92
8792,519,2025-10-23,166.12
8793,519,2025-12-07,222.42
8794,519,2026-07-13,196.7
8795,520,2026-09-21,92.14
8796,520,2026-06-09,178.46
8797,520,2026-07-04,71.38
8798,520,2026-02-16,59.73
8799,520,2026-04-06,41.37
8800,520,2026-05-05,71.51
8801,520,2025-10-30,47.91
8802,520,2026-01-12,138.64
8803,520,2026-02-14,86.19
8804,520,2025-12-11,137.36
8805,520,2025-12-06,174.06
8806,520,2026-07-18,60.98
8807,520,2026-04-15,76.98
8808,520,2025-10-30,163.87
8809,520,2025-12-02,98.0
8810,521,2026-07-25,42.2
8811,521,2026-07-07,120.85
8812,521,2026-03-19,56.87
8813,521,2025-10-18,54.39
8814,521,2026-05-21,159.02
8815,521,2026-01-13,139.02
8816,521,2026-04-16,77.14
8817,521,2026-01-09,22.86
8818,521,2026-07-09,114.41
8819,521,2026-04-26,121.26
8820,521,2025-10-08,113.56
8821,521,2025-12-18,111.24
8822,521,2025-10-15,82.95
8823,521,2025-12-31,74.82
8824,522,2026-09-01,40.88
8825,522,2026-07-08,47.41
8826,522,2026-02-27,58.49
8827,522,2026-03-19,58.94
8828,522,2026-03-21,48.46
8829,522,2026-02-03,35.13
8830,522,2025-11-15,34.33
8831,522,2025-10-25,26.32
8832,522,2026-07-09,58.75
8833,522,2025-10-15,34.11
8834,522,2026-02-18,41.28
8835,522,2026-07-02,50.08
8836,522,2025-10-19,45.08
8837,522,2026-04-28,44.89
8838,522,2026-04-02,29.95
8839,522,2025-10-07,50.79
8840,522,2026-02-16,39.09
8841,522,2026-07-15,43.28
8842,522,2026-08-09,75.77
8843,522,2025-11-26,56.49
8844,522,2026-05-05,34.81
8845,522,2026-07-30,42.08
8846,522,2026-08-18,92.43
8847,522,2025-10-14,39.19
8848,522,2026-02-18,45.81
8849,522,2026-03-07,60.67
8850,522,2026-02-12,49.58
8851,522,2026-04-12,38.05
8852,522,2025-10-12,32.21
8853,522,2026-02-08,44.8
8854,522,2026-01-27,60.51
8855,522,2025-11-01,81.54
8856,522,2026-08-31,23.27
8857,522,2026-05-16,99.48
8858,522,2025-11-21,39.52
8859,522,2026-07-31,68.23
8860,522,2026-05-12,32.29
8861,522,2026-07-08,21.8
8862,523,2026-09-11,254.74
8863,523,2026-01-04,156.8
8864,523,2026-02-04,312.76
8865,523,2026-07-24,254.15
8866,523,2025-10-03,698.28
8867,523,2026-05-11,407.52
8868,523,2026-06-30,129.24
8869,523,2026-09-11,166.28
8870,523,2026-06-17,88.75
8871,523,2026-09-02,80.25
8872,523,2026-03-26,221.04
8873,523,2026-02-11,122.8
8874,523,2026-05-05,439.5
8875,523,2025-11-08,353.6
8876,523,2025-10-07,185.85
8877,523,2026-05-27,181.16
8878,523,2026-01-31,409.74
8879,523,2026-04-23,454.27
8880,523,2026-06-07,138.03
8881,523,2026-06-30,130.27
8882,523,2026-03-12,183.39
8883,523,2026-07-23,254.97
8884,523,2026-01-18,166.66
8885,523,2025-11-05,257.39
8886,523,2026-05-05,505.09
8887,523,2026-02-23,111.54
8888,523,2025-10-04,171.84
8889,523,2026-01-07,112.5
8890,523,2026-04-23,144.12
8891,523,2025-11-06,183.92
8892,523,2026-08-28,151.39
8893,524,2026-06-15,20.29
8894,524,2026-01-12,25.76
8895,524,2026-01-01,14.86
8896,524,2025-10-01,25.53
8897,524,2026-03-21,34.0
8898,525,2026-09-12,374.78
8899,525,2025-12-13,119.5
8900,525,2026-08-25,243.45
8901,525,2026-03-30,138.23
8902,525,2025-11-03,114.01
8903,525,2025-11-08,323.78
8904,525,2026-03-15,186.83
8905,525,2026-06-23,456.53
8906,525,2026-08-17,132.83
8907,525,2026-07-14,104.09
8908,525,2026-06-06,169.23
8909,525,2026-03-02,771.11
8910,525,2025-12-31,305.63
8911,525,2026-04-03,269.44
8912,525,2025-11-26,273.48
8913,525,2026-07-18,168.84
8914,525,2026-04-16,717.17
8915,525,2026-02-08,258.07
8916,525,2026-08-25,247.41
8917,525,2025-10-29,327.11
8918,525,2025-09-27,118.41
8919,526,2026-08-19,27.53
8920,526,2025-12-20,33.59
8921,526,2026-01-18,52.96
8922,526,2026-07-08,33.56
8923,526,2026-02-22,48.99
8924,526,2026-05-26,30.03
8925,526,2026-07-02,55.14
8926,526,2025-11-23,57.02
8927,526,2026-02-23,21.63
8928,526,2026-05-17,46.38
8929,526,2026-01-22,22.69
8930,526,2025-10-26,19.48
8931,526,2026-05-19,34.45
8932,526,2026-05-31,158.42
8933,526,2026-01-08,63.79
8934,526,2026-03-11,84.19
8935,526,2026-01-11,59.17
8936,526,2026-06-26,49.36
8937,526,2025-10-17,67.33
8938,526,2026-08-14,33.75
8939,526,2026-05-22,55.61
8940,527,2026-07-11,52.94
8941,527,2026-01-12,62.57
8942,527,2025-12-07,58.45
8943,527,2025-11-17,86.48
8944,527,2026-06-19,50.73
8945,527,2026-02-14,161.02
8946,527,2026-03-13,94.6
8947,527,2026-04-01,92.89
8948,527,2025-11-20,53.27
8949,527,2026-06-22,63.67
8950,527,2026-04-13,33.14
8951,527,2025-11-24,186.39
8952,528,2026-08-20,64.82
8953,528,2025-12-24,107.37
8954,528,2026-03-23,58.84
8955,528,2026-01-04,31.22
8956,528,2026-01-22,98.36
8957,528,2026-03-10,134.63
8958,528,2025-10-04,84.93
8959,528,2026-01-31,115.18
8960,528,2025-11-29,107.91
8961,528,2026-01-22,90.43
8962,528,2025-10-09,95.68
8963,528,2026-04-01,165.16
8964,528,2026-06-19,58.32
8965,528,2026-06-22,127.44
8966,528,2025-09-28,52.9
8967,529,2026-05-09,124.07
8968,529,2025-11-20,42.24
8969,529,2025-10-08,59.73
8970,529,2026-04-20,86.62
8971,529,2025-10-08,88.64
8972,529,2025-10-14,48.7
8973,529,2026-01-15,105.53
8974,529,2026-05-01,115.47
8975,529,2025-12-04,66.8
8976,529,2026-01-11,190.02
8977,529,2025-11-02,104.86
8978,529,2026-03-04,57.26
8979,530,2026-04-14,162.34
8980,530,2025-12-23,53.37
8981,530,2026-01-22,135.57
8982,530,2026-04-11,59.96
8983,530,2025-12-22,83.51
8984,530,2026-01-28,57.25
8985,530,2025-11-10,90.42
8986,530,2025-10-18,80.94
8987,531,2026-02-08,23.14
8988,531,2025-12-10,93.79
8989,531,2025-11-29,24.15
8990,531,2025-12-20,29.42
8991,531,2025-11-14,22.9
8992,532,2026-08-09,27.58
8993,532,2026-03-03,10.47
8994,532,2026-06-27,28.33
8995,533,2026-08-19,34.95
8996,533,2026-05-27,25.07
8997,533,2026-01-30,34.95
8998,533,2026-08-06,32.3
8999,533,2026-04-20,44.71
9000,533,2026-05-05,47.16
9001,533,2026-05-11,27.79
9002,533,2025-10-11,73.85
9003,533,2025-10-14,41.88
9004,533,2025-10-29,88.48
9005,533,2025-11-09,50.16
9006,533,2025-10-30,46.42
9007,533,2026-06-20,36.08
9008,533,2026-04-12,59.34
9009,533,2026-08-01,45.68
9010,533,2025-12-01,66.22
9011,533,2025-11-08,92.64
9012,533,2026-08-10,32.45
9013,533,2026-06-25,59.31
9014,533,2026-06-25,58.55
9015,533,2025-10-19,55.3
9016,533,2025-12-03,37.03
9017,533,2026-05-21,37.37
9018,533,2026-08-05,34.6
9019,533,2026-04-06,34.29
9020,533,2026-02-09,30.83
9021,534,2026-05-06,26.84
9022,534,2026-04-26,42.61
9023,534,2026-01-02,24.58
9024,535,2026-09-09,355.5
9025,535,2025-11-06,165.27
9026,535,2025-11-11,129.18
9027,535,2025-12-30,212.05
9028,535,2026-04-20,181.29
9029,535,2026-02-15,301.25
9030,535,2026-01-21,302.95
9031,535,2026-04-04,161.02
9032,535,2026-01-31,109.85
9033,535,2026-02-27,122.53
9034,535,2025-12-11,75.19
9035,535,2026-06-20,185.6
9036,535,2026-09-08,208.89
9037,535,2026-04-21,125.57
9038,535,2025-11-26,118.92
9039,535,2026-07-28,208.49
9040,535,2025-11-13,158.02
9041,535,2026-04-19,190.81
9042,535,2026-06-29,178.01
9043,535,2026-03-31,234.87
9044,535,2025-11-30,162.83
9045,535,2025-11-14,168.54
9046,535,2026-02-08,90.04
9047,535,2026-03-10,205.3
9048,535,2025-12-02,218.55
9049,535,2025-10-27,193.86
9050,535,2025-12-06,496.43
9051,535,2025-10-07,225.96
9052,535,2025-11-23,195.72
9053,535,2026-08-23,262.89
9054,535,2026-09-03,543.43
9055,535,2026-02-13,235.29
9056,535,2025-10-10,77.21
9057,535,2026-05-28,255.07
9058,535,2025-10-07,141.38
9059,535,2025-11-16,88.41
9060,535,2026-07-22,450.79
9061,535,2026-03-21,409.02
9062,535,2026-06-24,139.74
9063,535,2026-08-13,140.15
9064,536,2026-09-05,103.3
9065,536,2026-05-22,139.36
9066,536,2026-04-30,105.09
9067,536,2026-06-26,228.67
9068,537,2026-09-08,25.29
9069,537,2025-12-15,103.19
9070,537,2026-03-31,44.22
9071,537,2026-06-24,46.04
9072,537,2026-04-24,31.25
9073,537,2026-01-01,49.02
9074,537,2026-03-15,22.87
9075,537,2026-08-25,31.77
9076,537,2026-08-09,26.23
9077,537,2025-10-15,80.52
9078,537,2026-06-13,21.4
9079,537,2026-04-13,26.47
9080,537,2025-12-09,17.91
9081,537,2025-11-21,30.15
9082,537,2026-06-02,36.59
9083,537,2026-06-23,69.87
9084,538,2026-09-13,485.79
9085,538,2026-06-14,273.41
9086,538,2026-05-13,102.74
9087,538,2025-10-25,173.81
9088,538,2025-10-27,103.64
9089,538,2026-08-01,295.91
9090,538,2025-10-31,207.95
9091,538,2025-11-21,210.39
9092,538,2026-03-07,143.75
9093,538,2026-06-15,182.2
9094,538,2026-04-05,299.27
9095,538,2025-12-14,337.73
9096,538,2026-06-10,307.35
9097,538,2026-05-15,104.44
9098,538,2026-04-04,193.13
9099,538,2026-08-21,235.36
9100,538,2026-04-21,150.88
9101,538,2026-07-28,99.54
9102,538,2026-09-11,117.7
9103,538,2026-04-30,412.41
9104,538,2025-12-20,122.85
9105,538,2025-10-02,214.54
9106,539,2026-09-18,559.22
9107,539,2026-04-14,157.3
9108,539,2026-05-02,142.1
9109,539,2025-12-23,303.34
9110,539,2025-10-03,320.61
9111,539,2026-06-05,147.12
9112,539,2026-06-09,261.2
9113,539,2026-06-21,715.51
9114,539,2025-11-02,220.13
9115,539,2026-07-16,318.2
9116,539,2026-05-10,426.94
9117,539,2026-08-01,647.94
9118,539,2025-10-17,234.55
9119,539,2026-08-26,369.06
9120,539,2026-03-21,147.27
9121,539,2026-07-25,212.36
9122,539,2026-04-26,171.78
9123,539,2026-02-20,89.9
9124,539,2026-01-11,102.08
9125,539,2026-02-27,254.84
9126,539,2026-04-18,257.1
9127,539,2026-06-10,131.42
9128,539,2025-12-05,423.24
9129,539,2026-01-18,127.44
9130,539,2026-01-21,235.78
9131,539,2025-12-17,174.21
9132,539,2026-07-02,220.35
9133,539,2025-10-03,314.65
9134,539,2025-10-24,295.28
9135,539,2026-04-14,288.77
9136,539,2026-07-07,272.65
9137,539,2026-05-07,118.44
9138,539,2026-05-02,349.9
9139,539,2025-10-05,130.32
9140,539,2026-06-07,200.22
9141,539,2025-10-16,179.29
9142,539,2026-06-28,245.84
9143,539,2025-10-22,168.85
9144,539,2025-10-21,195.54
9145,539,2026-02-13,435.11
9146,540,2026-09-13,62.19
9147,540,2026-01-02,53.86
9148,540,2025-11-23,77.1
9149,540,2026-04-17,113.85
9150,540,2026-05-01,126.12
9151,540,2026-01-19,203.17
9152,540,2025-11-14,89.09
9153,540,2026-08-11,96.47
9154,540,2026-04-05,89.0
9155,540,2026-05-23,103.95
9156,540,2026-09-10,107.67
9157,540,2026-09-11,136.29
9158,540,2026-03-11,136.05
9159,540,2025-12-18,113.7
9160,540,2026-02-16,177.57
9161,540,2026-06-18,91.09
9162,540,2026-04-07,68.35
9163,540,2025-10-08,73.57
9164,540,2025-11-22,85.81
9165,540,2026-08-02,55.27
9166,540,2026-01-29,68.29
9167,540,2026-02-05,53.89
9168,540,2026-05-08,105.07
9169,540,2026-05-08,105.53
9170,541,2026-06-11,72.07
9171,541,2025-12-07,72.8
9172,541,2026-05-19,46.06
9173,541,2026-05-23,49.61
9174,541,2025-11-10,82.27
9175,541,2026-05-30,61.45
9176,541,2026-01-19,78.6
9177,541,2026-03-31,43.7
9178,541,2025-11-28,129.08
9179,541,2026-05-10,229.53
9180,541,2025-10-19,142.9
9181,542,2026-09-02,48.68
9182,542,2026-08-04,19.7
9183,542,2025-12-07,32.0
9184,542,2026-01-08,25.47
9185,542,2026-06-01,45.24
9186,542,2026-01-21,73.45
9187,542,2026-07-02,55.78
9188,542,2025-10-25,35.75
9189,542,2026-08-03,32.74
9190,542,2026-03-01,32.05
9191,542,2026-03-20,110.66
9192,542,2026-08-08,46.4
9193,542,2026-07-01,49.23
9194,542,2026-01-01,17.4
9195,542,2026-02-11,26.45
9196,542,2026-07-09,44.11
9197,542,2026-07-16,35.96
9198,542,2026-01-18,47.78
9199,542,2026-01-20,47.49
9200,542,2026-04-18,58.96
9201,542,2026-08-27,19.41
9202,542,2026-08-24,27.37
9203,542,2026-07-13,43.03
9204,543,2026-08-20,124.48
9205,543,2026-08-02,33.85
9206,543,2025-10-01,69.14
9207,543,2025-11-30,134.47
9208,543,2026-07-26,61.0
9209,543,2025-10-15,57.39
9210,543,2026-04-02,85.03
9211,543,2026-01-21,89.3
9212,543,2026-08-15,70.75
9213,543,2026-06-27,206.32
9214,543,2026-01-03,102.38
9215,544,2026-08-12,30.63
9216,544,2026-05-21,52.37
9217,544,2026-07-11,143.33
9218,544,2026-03-12,176.81
9219,544,2026-07-21,51.62
9220,544,2026-05-09,39.7
9221,544,2026-07-04,97.05
9222,544,2026-03-20,111.97
9223,544,2026-01-18,96.17
9224,544,2026-01-16,87.62
9225,544,2025-10-17,39.11
9226,544,2026-07-04,76.02
9227,544,2026-04-06,81.3
9228,544,2026-02-25,70.32
9229,544,2026-07-16,37.95
9230,544,2026-07-08,117.09
9231,545,2026-09-17,693.73
9232,545,2026-02-12,182.08
9233,545,2025-10-26,124.03
9234,545,2026-06-29,182.22
9235,545,2026-07-23,145.88
9236,545,2026-01-18,253.6
9237,545,2026-05-29,99.84
9238,545,2026-07-13,223.82
9239,545,2026-01-21,283.13
9240,545,2026-07-13,409.27
9241,545,2025-11-24,285.25
9242,545,2026-05-29,398.09
9243,545,2026-01-28,159.9
9244,545,2026-02-23,250.76
9245,545,2026-02-19,77.01
9246,545,2026-06-01,199.5
9247,545,2026-08-18,249.92
9248,545,2026-02-01,260.31
9249,545,2026-04-16,103.42
9250,545,2025-10-04,176.18
9251,545,2025-11-04,187.59
9252,545,2026-08-22,173.13
9253,545,2026-05-11,291.01
9254,545,2026-04-22,190.48
9255,545,2026-05-04,219.6
9256,545,2026-01-02,168.47
9257,545,2026-05-13,339.09
9258,545,2026-07-25,350.64
9259,545,2026-05-11,182.79
9260,545,2025-12-11,757.39
9261,545,2026-04-26,148.74
9262,545,2026-06-08,330.41
9263,545,2025-12-15,136.89
9264,545,2026-08-25,297.37
9265,545,2026-04-08,287.11
9266,545,2026-08-12,133.2
9267,545,2026-02-13,198.01
9268,545,2025-10-31,486.67
9269,546,2026-09-01,40.46
9270,546,2026-04-04,54.21
9271,546,2026-06-01,59.64
9272,546,2026-06-11,42.67
9273,546,2026-03-09,68.15
9274,546,2025-12-04,25.4
9275,546,2026-08-03,50.63
9276,546,2026-01-31,64.51
9277,546,2025-11-17,59.53
9278,546,2026-03-18,16.41
9279,546,2026-08-14,42.51
9280,546,2026-08-25,26.06
9281,546,2026-07-08,80.26
9282,546,2025-11-02,37.75
9283,546,2026-03-29,76.35
9284,546,2026-07-13,26.02
9285,546,2025-10-28,53.65
9286,546,2025-11-23,45.16
9287,546,2026-07-13,156.1
9288,546,2026-01-10,76.46
9289,546,2026-05-12,74.29
9290,546,2026-08-09,112.08
9291,546,2026-08-11,51.13
9292,546,2026-03-01,43.03
9293,546,2025-11-18,40.88
9294,546,2025-10-09,52.15
9295,546,2026-01-04,12.94
9296,546,2025-10-22,45.05
9297,547,2026-08-16,24.69
9298,547,2026-01-07,68.97
9299,547,2026-06-11,72.87
9300,547,2026-03-05,28.65
9301,547,2026-04-11,32.6
9302,547,2025-12-03,37.2
9303,547,2026-04-29,44.37
9304,547,2026-06-20,50.51
9305,547,2026-03-08,55.43
9306,547,2026-03-09,54.85
9307,547,2025-11-01,90.55
9308,547,2026-08-14,46.24
9309,547,2025-11-05,25.04
9310,547,2026-06-09,21.81
9311,547,2026-06-20,93.95
9312,547,2026-04-03,56.6
9313,547,2026-02-18,49.38
9314,547,2025-10-18,55.08
9315,547,2026-02-24,48.37
9316,547,2026-06-30,54.69
9317,547,2026-03-23,38.05
9318,547,2025-10-21,72.35
9319,547,2025-12-27,35.53
9320,547,2026-06-07,29.97
9321,547,2026-01-19,21.03
9322,547,2025-12-21,40.43
9323,547,2026-05-19,79.6
9324,547,2026-02-26,36.63
9325,547,2026-04-25,24.2
9326,547,2026-06-19,51.15
9327,548,2026-09-05,256.02
9328,548,2025-11-03,160.45
9329,548,2025-10-27,144.35
9330,548,2025-10-30,72.08
9331,548,2026-08-04,377.4
9332,548,2026-06-01,210.58
9333,548,2026-04-23,345.52
9334,548,2026-06-29,277.6
9335,548,2026-08-14,345.5
9336,548,2026-03-13,162.92
9337,548,2026-04-06,113.24
9338,548,2025-12-01,295.99
9339,548,2026-05-26,222.67
9340,548,2026-03-13,170.25
9341,548,2026-05-20,293.34
9342,548,2026-08-23,241.23
9343,548,2025-12-28,279.96
9344,548,2025-12-23,132.56
9345,548,2026-01-19,326.04
9346,548,2026-08-25,209.56
9347,548,2026-01-08,342.17
9348,548,2026-02-09,324.67
9349,548,2026-04-06,285.99
9350,548,2026-02-05,199.76
9351,548,2026-07-29,289.0
9352,548,2026-06-26,346.18
9353,548,2026-07-23,275.93
9354,548,2026-04-04,230.05
9355,548,2025-11-01,289.29
9356,548,2026-09-03,165.76
9357,548,2026-04-05,415.05
9358,548,2026-05-31,98.52
9359,548,2025-10-17,213.28
9360,549,2026-01-17,26.17
9361,549,2025-11-08,33.24
9362,549,2025-11-24,49.41
9363,549,2026-01-04,14.01
9364,549,2025-10-26,73.49
9365,549,2025-12-28,28.1
9366,549,2025-11-22,14.56
9367,549,2025-12-28,21.96
9368,550,2026-09-23,59.56
9369,550,2026-09-09,19.83
9370,550,2026-09-05,35.98
9371,550,2026-08-16,100.39
9372,550,2026-05-23,38.96
9373,550,2026-06-15,43.75
9374,550,2026-04-02,36.48
9375,550,2026-06-06,86.98
9376,550,2026-02-08,40.31
9377,550,2026-05-30,25.62
9378,550,2025-11-24,143.61
9379,550,2026-06-03,24.24
9380,550,2026-06-27,43.07
9381,550,2025-11-15,30.81
9382,550,2026-01-27,32.82
9383,550,2026-09-06,27.93
9384,550,2026-07-30,35.29
9385,551,2026-08-12,61.85
9386,551,2026-01-13,22.42
9387,551,2026-03-25,21.01
9388,551,2026-08-08,42.77
9389,551,2026-03-03,85.85
9390,551,2025-12-03,57.28
9391,551,2026-06-26,57.1
9392,551,2026-05-26,66.27
9393,551,2026-04-19,37.64
9394,551,2025-10-19,59.23
9395,551,2026-04-23,34.67
9396,551,2025-11-17,39.07
9397,551,2026-01-08,41.32
9398,551,2025-09-28,35.2
9399,551,2026-02-07,43.68
9400,551,2026-05-03,40.13
9401,551,2025-12-26,32.73
9402,551,2026-07-14,42.24
9403,551,2025-12-04,48.26
9404,552,2026-09-19,184.76
9405,552,2026-04-05,149.96
9406,552,2026-05-09,352.11
9407,552,2025-12-20,142.65
9408,552,2026-06-26,111.46
9409,552,2026-09-13,109.51
9410,552,2025-10-02,286.93
9411,552,2026-06-25,296.41
9412,552,2026-08-22,368.32
9413,552,2025-11-16,119.06
9414,552,2026-01-04,189.25
9415,552,2026-06-15,626.03
9416,552,2026-04-01,183.29
9417,552,2026-01-15,162.97
9418,552,2025-11-30,208.02
9419,552,2026-05-09,266.56
9420,552,2026-07-05,264.56
9421,552,2026-09-14,159.27
9422,552,2025-11-16,161.39
9423,552,2025-12-01,183.77
9424,552,2025-10-13,151.19
9425,552,2025-12-25,120.48
9426,552,2026-07-05,473.75
9427,552,2026-06-25,174.86
9428,552,2026-06-24,179.38
9429,552,2026-04-08,181.91
9430,552,2025-10-09,202.53
9431,552,2026-01-14,255.38
9432,552,2026-04-17,170.34
9433,552,2025-12-29,350.66
9434,552,2025-11-24,274.82
9435,552,2026-04-28,192.71
9436,553,2026-07-29,122.78
9437,553,2025-11-13,105.18
9438,553,2025-10-16,117.15
9439,553,2026-01-18,262.86
9440,553,2026-03-16,188.86
9441,553,2026-03-11,149.96
9442,553,2025-10-10,150.81
9443,554,2026-09-10,84.42
9444,554,2026-03-01,52.5
9445,554,2026-05-19,67.04
9446,554,2026-04-10,203.24
9447,554,2026-02-18,76.99
9448,554,2026-06-14,54.75
9449,554,2026-01-09,112.08
9450,554,2026-03-11,76.69
9451,554,2026-07-13,96.32
9452,554,2026-07-07,59.64
9453,554,2026-09-01,60.97
9454,554,2026-02-19,63.14
9455,554,2025-12-04,128.91
9456,554,2025-09-28,81.27
9457,554,2026-01-23,56.15
9458,554,2025-10-06,96.8
9459,554,2025-09-30,93.28
9460,555,2026-09-16,208.23
9461,555,2026-02-10,395.95
9462,555,2026-09-04,113.69
9463,555,2025-12-10,205.34
9464,555,2026-09-07,97.11
9465,555,2025-11-22,174.59
9466,555,2026-06-29,236.36
9467,555,2026-06-18,103.12
9468,555,2025-10-22,171.91
9469,555,2025-12-01,239.33
9470,555,2026-05-20,222.77
9471,555,2026-07-14,244.6
9472,555,2026-08-08,135.44
9473,555,2026-04-29,239.29
9474,555,2026-02-22,160.31
9475,555,2026-03-25,289.58
9476,555,2025-11-01,74.24
9477,555,2025-12-04,184.34
9478,555,2026-06-16,219.55
9479,555,2025-10-31,385.43
9480,555,2026-04-05,218.36
9481,555,2026-09-10,228.57
9482,555,2025-11-17,248.66
9483,555,2025-12-28,369.07
9484,555,2026-05-13,176.84
9485,555,2025-11-08,111.69
9486,555,2025-10-29,102.47
9487,555,2025-10-12,283.16
9488,555,2025-10-27,232.19
9489,555,2026-06-13,187.12
9490,555,2026-03-02,161.32
9491,555,2026-07-17,227.8
9492,555,2026-01-17,230.78
9493,555,2026-03-23,260.61
9494,555,2025-11-07,127.51
9495,555,2025-10-31,94.93
9496,555,2026-05-26,139.22
9497,556,2026-04-22,91.65
9498,556,2026-02-16,128.42
9499,556,2025-12-17,186.43
9500,556,2026-03-07,71.24
9501,556,2025-12-04,94.04
9502,557,2026-05-27,205.34
9503,557,2025-09-27,96.94
9504,557,2026-03-13,48.33
9505,557,2025-12-14,116.01
9506,558,2026-09-08,68.08
9507,558,2026-07-21,69.42
9508,558,2026-04-10,48.49
9509,558,2026-01-22,46.58
9510,558,2026-07-10,32.42
9511,558,2026-07-24,35.66
9512,558,2026-01-30,49.68
9513,558,2026-01-28,44.1
9514,558,2026-04-16,76.63
9515,558,2026-07-28,36.68
9516,558,2026-05-25,37.69
9517,558,2026-06-25,21.28
9518,558,2026-01-22,60.11
9519,558,2026-05-27,57.72
9520,558,2026-04-30,69.85
9521,558,2026-06-10,71.64
9522,558,2026-07-12,64.18
9523,558,2025-11-30,65.41
9524,558,2026-03-24,59.22
9525,558,2026-02-22,63.47
9526,558,2026-05-31,19.64
9527,558,2026-08-09,27.43
9528,558,2025-12-27,25.49
9529,558,2025-12-31,79.7
9530,559,2026-08-17,29.84
9531,559,2026-08-02,19.16
9532,559,2026-03-20,45.57
9533,559,2026-03-03,36.59
9534,559,2026-08-02,76.65
9535,559,2025-11-13,43.55
9536,559,2025-10-16,25.09
9537,560,2026-08-14,47.83
9538,560,2026-08-08,32.99
9539,560,2026-03-26,58.13
9540,560,2026-05-21,33.28
9541,560,2025-10-07,45.2
9542,560,2026-07-16,27.31
9543,560,2026-07-03,73.45
9544,560,2025-10-09,45.42
9545,560,2025-11-01,61.08
9546,560,2026-02-15,26.03
9547,560,2026-04-30,48.67
9548,560,2025-10-07,58.22
9549,560,2025-10-09,17.94
9550,560,2025-11-08,76.12
9551,560,2025-12-08,25.65
9552,560,2026-02-03,49.48
9553,560,2026-04-16,100.6
9554,560,2026-03-15,69.16
9555,560,2026-02-20,23.02
9556,560,2026-03-12,41.54
9557,560,2025-11-09,78.39
9558,560,2026-06-22,31.16
9559,560,2026-07-19,38.27
9560,560,2026-03-21,37.79
9561,560,2026-06-09,58.16
9562,560,2025-11-22,22.53
9563,560,2025-11-13,59.65
9564,560,2025-09-29,34.0
9565,560,2026-04-12,44.77
9566,560,2025-10-08,40.67
9567,560,2026-07-13,58.94
9568,560,2025-10-08,44.58
9569,560,2026-05-27,86.04
9570,560,2026-08-08,70.24
9571,561,2026-09-13,308.78
9572,561,2025-10-31,333.82
9573,561,2026-07-11,177.16
9574,561,2026-07-08,156.82
9575,561,2025-11-18,85.52
9576,561,2026-03-27,134.21
9577,561,2026-06-17,215.96
9578,561,2026-09-04,153.16
9579,561,2026-06-28,125.68
9580,561,2025-11-27,214.82
9581,561,2026-09-12,384.3
9582,561,2025-10-24,204.77
9583,561,2025-12-14,126.13
9584,561,2026-07-03,372.3
9585,561,2025-12-27,148.23
9586,561,2026-03-14,408.64
9587,561,2026-05-14,186.55
9588,561,2026-03-19,219.98
9589,561,2026-09-11,423.91
9590,561,2025-11-07,114.31
9591,561,2025-12-10,130.92
9592,561,2026-07-12,181.3
9593,561,2026-08-09,197.18
9594,561,2026-04-17,689.55
9595,561,2026-04-04,140.82
9596,561,2025-12-15,116.77
9597,561,2025-11-21,137.82
9598,561,2026-08-22,233.12
9599,561,2026-06-19,262.05
9600,561,2026-02-19,152.77
9601,561,2026-05-02,212.0
9602,561,2025-09-29,503.94
9603,562,2026-09-09,110.26
9604,562,2026-01-22,91.05
9605,562,2026-01-04,113.57
9606,562,2026-06-30,108.28
9607,562,2026-05-06,83.66
9608,562,2026-04-15,89.81
9609,562,2025-10-22,45.63
9610,562,2026-07-20,152.55
9611,562,2025-10-24,120.04
9612,562,2026-07-20,37.19
9613,562,2026-02-20,150.04
9614,562,2025-11-19,102.52
9615,562,2025-10-29,68.88
9616,562,2026-03-04,66.19
9617,562,2026-03-21,77.04
9618,563,2026-05-30,88.02
9619,563,2025-11-19,105.42
9620,563,2026-01-18,103.73
9621,563,2025-10-04,78.53
9622,563,2026-03-31,74.98
9623,563,2025-11-16,66.6
9624,563,2026-01-14,146.47
9625,563,2026-01-24,78.55
9626,563,2026-02-21,104.36
9627,563,2025-12-25,83.88
9628,563,2025-09-26,145.18
9629,563,2026-02-19,36.79
9630,564,2026-04-18,39.45
9631,564,2026-02-26,32.26
9632,564,2026-02-22,50.98
9633,564,2026-04-15,26.04
9634,565,2026-07-25,38.97
9635,565,2025-10-15,51.15
9636,565,2025-10-04,41.69
9637,565,2025-10-10,48.31
9638,565,2025-10-06,28.94
9639,565,2026-07-05,29.12
9640,566,2026-02-10,58.84
9641,566,2025-11-14,41.49
9642,566,2025-11-15,29.15
9643,567,2026-07-31,73.47
9644,567,2026-05-19,105.61
9645,567,2026-05-04,159.46
9646,567,2025-09-28,84.83
9647,567,2026-01-21,49.94
9648,567,2025-10-10,59.79
9649,567,2026-05-16,61.68
9650,567,2026-07-11,73.23
9651,567,2026-03-05,64.33
9652,568,2026-09-18,226.06
9653,568,2026-04-24,232.75
9654,568,2026-06-24,263.35
9655,568,2025-11-08,405.17
9656,568,2026-03-26,235.06
9657,568,2026-05-09,192.69
9658,568,2026-01-12,249.33
9659,568,2026-02-01,208.95
9660,568,2026-03-31,210.02
9661,568,2025-10-04,94.87
9662,568,2025-10-05,265.7
9663,568,2026-04-01,355.76
9664,568,2026-01-08,332.38
9665,568,2026-08-31,322.16
9666,568,2026-04-13,205.05
9667,568,2026-04-13,224.23
9668,568,2026-04-27,358.97
9669,568,2025-11-21,310.26
9670,568,2026-02-22,409.92
9671,568,2026-04-03,155.15
9672,568,2026-04-17,154.71
9673,568,2026-02-09,180.81
9674,568,2026-07-01,137.38
9675,568,2026-06-22,115.87
9676,568,2026-03-16,259.3
9677,568,2026-05-27,251.48
9678,568,2026-01-21,234.61
9679,568,2025-10-31,246.24
9680,568,2026-05-13,108.68
9681,568,2026-02-24,169.2
9682,568,2026-06-09,184.02
9683,568,2025-12-08,214.63
9684,568,2026-07-03,108.88
9685,568,2026-03-16,138.32
9686,568,2026-05-12,172.55
9687,568,2025-12-19,338.1
9688,569,2026-09-08,46.43
9689,569,2026-06-15,24.54
9690,569,2026-04-06,11.1
9691,569,2026-07-11,29.17
9692,569,2026-03-06,36.54
9693,569,2026-06-07,26.8
9694,569,2026-07-11,61.44
9695,569,2026-05-31,31.22
9696,569,2025-10-29,45.25
9697,569,2025-11-14,130.94
9698,569,2025-12-08,47.44
9699,569,2026-06-30,42.72
9700,569,2026-01-25,43.16
9701,569,2025-11-27,60.81
9702,569,2026-01-25,57.51
9703,569,2025-11-13,28.65
9704,569,2026-07-01,37.4
9705,569,2026-03-31,33.33
9706,569,2026-05-17,39.63
9707,569,2025-12-30,102.37
9708,569,2026-07-26,59.41
9709,570,2026-08-30,58.15
9710,570,2026-05-14,62.05
9711,570,2026-07-31,40.09
9712,570,2026-05-01,56.95
9713,570,2025-11-29,51.89
9714,570,2025-12-16,44.23
9715,570,2026-02-02,27.86
9716,570,2025-11-11,52.88
9717,570,2026-06-30,19.87
9718,570,2025-12-24,68.43
9719,570,2025-10-06,49.17
9720,570,2025-10-07,55.45
9721,570,2026-01-01,13.86
9722,570,2026-01-07,27.11
9723,570,2026-06-16,35.84
9724,570,2025-12-21,60.94
9725,570,2026-06-08,29.44
9726,571,2026-04-20,130.71
9727,571,2026-01-23,64.95
9728,571,2026-02-25,144.44
9729,571,2026-04-10,63.24
9730,571,2026-02-23,84.68
9731,572,2026-09-20,74.94
9732,572,2026-01-02,132.54
9733,572,2026-08-29,79.55
9734,572,2026-09-20,159.45
9735,572,2026-05-30,68.87
9736,572,2025-12-01,72.69
9737,572,2026-09-18,128.43
9738,572,2025-12-07,94.17
9739,572,2026-06-20,94.5
9740,572,2026-08-16,38.12
9741,572,2026-08-17,76.77
9742,572,2026-01-17,132.77
9743,572,2026-09-04,63.25
9744,572,2026-03-15,123.36
9745,572,2025-10-19,101.54
9746,572,2026-02-20,82.26
9747,572,2026-05-23,165.8
9748,573,2026-09-09,30.97
9749,573,2025-11-03,22.57
9750,573,2026-06-21,24.32
9751,573,2026-07-05,37.32
9752,573,2025-11-13,42.7
9753,573,2026-05-24,113.97
9754,573,2026-05-29,21.01
9755,573,2026-08-18,52.33
9756,573,2025-11-03,32.46
9757,573,2026-04-27,49.75
9758,573,2026-01-06,35.08
9759,573,2026-01-03,71.71
9760,573,2026-05-10,71.51
9761,573,2026-03-20,42.77
9762,573,2026-08-05,85.99
9763,573,2026-01-19,63.35
9764,573,2026-01-17,84.21
9765,573,2026-06-27,44.13
9766,573,2026-07-03,69.06
9767,573,2026-04-24,31.85
9768,573,2026-01-11,30.43
9769,573,2026-03-12,120.01
9770,573,2026-08-19,27.61
9771,573,2026-02-22,36.98
9772,573,2026-01-06,19.15
9773,573,2026-07-06,30.75
9774,574,2026-08-07,42.9
9775,574,2025-12-30,153.71
9776,574,2026-04-16,207.26
9777,574,2025-10-20,41.96
9778,574,2025-11-13,146.5
9779,574,2026-01-26,99.6
9780,574,2025-12-14,77.68
9781,574,2026-02-19,94.4
9782,574,2026-03-12,109.87
9783,575,2026-09-18,68.37
9784,575,2026-06-02,45.25
9785,575,2025-09-26,48.6
9786,575,2025-11-13,140.24
9787,575,2026-01-04,70.84
9788,575,2026-07-13,31.49
9789,575,2026-02-05,83.81
9790,575,2025-11-24,224.97
9791,575,2026-05-20,39.92
9792,575,2026-06-18,114.39
9793,576,2026-07-23,35.06
9794,576,2025-11-04,48.08
9795,576,2025-12-04,113.07
9796,576,2026-06-25,59.54
9797,576,2026-06-15,37.76
9798,576,2025-10-02,44.11
9799,576,2026-03-25,55.43
9800,576,2026-06-15,37.23
9801,576,2025-11-03,35.78
9802,576,2025-10-05,44.77
9803,576,2026-02-22,89.14
9804,576,2026-06-20,64.24
9805,576,2026-01-16,37.43
9806,576,2025-11-06,66.53
9807,576,2025-10-06,45.17
9808,576,2026-02-01,52.55
9809,576,2025-10-12,50.44
9810,576,2025-11-15,17.41
9811,576,2026-06-05,11.42
9812,576,2026-01-14,49.83
9813,576,2026-01-04,30.66
9814,576,2025-12-04,21.52
9815,576,2026-02-14,31.09
9816,576,2025-12-16,68.22
9817,576,2026-01-29,52.86
9818,576,2026-05-06,63.69
9819,577,2026-07-30,50.27
9820,577,2026-02-01,73.17
9821,577,2026-06-09,66.21
9822,577,2026-03-23,105.74
9823,577,2026-01-17,153.22
9824,577,2025-09-30,57.83
9825,577,2026-07-03,398.33
9826,577,2026-02-11,66.79
9827,577,2026-02-15,105.86
9828,577,2026-07-11,90.11
9829,577,2026-01-23,91.89
9830,577,2026-07-07,63.01
9831,577,2025-12-31,145.5
9832,577,2026-05-28,61.29
9833,577,2026-06-22,40.6
9834,577,2026-07-08,54.32
9835,577,2026-03-11,172.47
9836,578,2026-08-16,26.27
9837,578,2026-06-01,27.53
9838,578,2026-07-28,15.28
9839,578,2026-04-28,18.87
9840,579,2026-08-20,152.73
9841,579,2025-10-13,78.57
9842,579,2026-03-05,50.86
9843,579,2026-03-16,128.76
9844,579,2026-05-08,59.51
9845,579,2025-12-28,162.29
9846,579,2026-05-09,144.22
9847,579,2026-02-17,100.05
9848,579,2026-07-09,97.56
9849,579,2026-05-12,140.47
9850,579,2026-08-11,101.84
9851,579,2026-05-19,75.02
9852,579,2026-04-17,45.53
9853,579,2025-12-17,138.56
9854,579,2025-11-23,106.13
9855,579,2026-02-26,311.02
9856,579,2025-10-20,86.2
9857,579,2026-04-24,103.1
9858,579,2026-03-11,104.2
9859,579,2026-01-29,120.62
9860,579,2026-06-23,58.25
9861,580,2026-05-10,125.81
9862,580,2026-02-04,176.26
9863,581,2026-09-10,75.94
9864,581,2026-06-01,38.43
9865,581,2026-05-16,83.99
9866,581,2026-01-16,59.86
9867,581,2026-04-21,99.77
9868,581,2026-08-15,58.49
9869,581,2026-05-31,103.58
9870,581,2026-04-29,51.5
9871,581,2025-11-24,24.32
9872,581,2026-05-13,33.88
9873,581,2026-03-22,71.16
9874,581,2026-02-13,70.53
9875,581,2026-07-25,39.13
9876,581,2026-02-19,101.35
9877,581,2026-07-02,38.37
9878,581,2025-11-07,55.4
9879,581,2026-05-30,54.71
9880,581,2026-05-27,24.73
9881,581,2026-04-22,42.82
9882,581,2026-05-07,131.34
9883,581,2026-02-15,29.71
9884,581,2025-12-31,59.62
9885,581,2025-10-08,26.77
9886,581,2025-11-04,29.58
9887,581,2026-06-11,23.81
9888,582,2026-08-12,57.26
9889,582,2026-01-26,25.81
9890,582,2025-11-29,39.02
9891,582,2025-11-12,28.52
9892,582,2026-01-15,53.82
9893,582,2026-08-09,27.68
9894,582,2026-03-06,69.72
9895,582,2026-06-07,49.52
9896,582,2026-08-06,70.7
9897,582,2025-10-20,15.12
9898,582,2026-06-20,20.4
9899,582,2026-05-26,80.51
9900,582,2026-04-26,32.55
9901,582,2026-03-16,23.26
9902,582,2026-01-31,41.08
9903,582,2026-05-05,50.19
9904,582,2025-12-01,41.91
9905,582,2026-06-23,55.55
9906,582,2025-10-08,52.26
9907,582,2025-11-11,51.05
9908,582,2026-02-01,82.55
9909,582,2026-07-28,44.71
9910,582,2025-12-22,44.13
9911,582,2025-12-29,64.58
9912,583,2026-09-16,70.61
9913,583,2026-02-07,183.81
9914,583,2025-12-06,161.68
9915,583,2026-09-05,418.01
9916,583,2026-04-05,201.79
9917,583,2025-10-17,174.44
9918,583,2025-11-28,161.29
9919,583,2025-10-17,243.15
9920,583,2025-10-11,215.44
9921,583,2026-08-15,147.18
9922,583,2026-01-17,236.49
9923,583,2026-03-04,163.42
9924,583,2026-03-31,65.4
9925,583,2025-12-07,283.64
9926,583,2025-10-19,271.79
9927,583,2026-04-04,229.75
9928,583,2026-01-29,172.09
9929,583,2026-03-30,203.3
9930,583,2026-02-02,303.62
9931,583,2025-10-06,158.03
9932,583,2025-12-02,309.19
9933,583,2026-06-26,108.14
9934,583,2025-11-12,226.51
9935,583,2026-03-13,212.45
9936,583,2026-02-20,329.74
9937,583,2026-08-07,138.88
9938,583,2026-04-11,145.87
9939,583,2026-06-01,112.12
9940,583,2026-08-16,162.73
9941,583,2025-11-18,235.58
9942,583,2026-08-02,93.51
9943,583,2026-01-04,172.05
9944,583,2025-12-25,276.43
9945,583,2026-02-11,200.5
9946,583,2025-11-21,217.23
9947,583,2026-08-07,106.63
9948,583,2026-09-11,200.76
9949,583,2025-11-18,212.73
9950,583,2026-07-13,195.08
9951,583,2026-06-02,224.95
9952,583,2026-01-14,182.73
9953,583,2026-03-10,171.04
9954,584,2026-07-27,37.35
9955,584,2026-03-24,60.34
9956,584,2026-07-04,37.34
9957,584,2026-07-25,36.95
9958,584,2026-06-10,40.45
9959,584,2025-10-16,25.7
9960,584,2026-05-08,14.74
9961,584,2025-12-14,75.83
9962,584,2025-12-23,57.53
9963,584,2025-11-05,29.8
9964,584,2026-02-15,55.15
9965,584,2025-10-03,65.2
9966,584,2026-03-20,32.94
9967,584,2025-11-29,54.16
9968,584,2025-12-01,70.79
9969,584,2026-02-12,23.56
9970,584,2026-04-22,57.21
9971,584,2026-06-09,53.02
9972,584,2026-07-01,104.89
9973,584,2026-02-25,57.82
9974,584,2026-03-28,37.4
9975,584,2026-05-25,39.4
9976,584,2025-12-06,111.85
9977,584,2026-06-08,38.36
9978,584,2026-03-05,58.58
9979,584,2026-03-19,40.42
9980,585,2026-08-24,98.75
9981,585,2025-10-03,104.53
9982,585,2026-04-20,107.49
9983,585,2026-02-15,57.65
9984,585,2026-06-15,107.59
9985,585,2025-12-19,83.05
9986,585,2025-11-17,132.8
9987,585,2025-11-01,58.04
9988,585,2025-10-31,151.02
9989,585,2026-01-23,177.56
9990,585,2025-12-02,94.83
9991,585,2026-01-06,107.93
9992,585,2025-10-11,128.07
9993,586,2026-06-10,36.29
9994,586,2026-05-16,50.67
9995,586,2025-12-05,19.83
9996,586,2025-10-10,23.64
9997,586,2025-12-13,16.32
9998,587,2026-09-14,197.96
9999,587,2026-06-26,97.58
10000,587,2025-12-22,81.18
10001,587,2026-01-07,292.64
10002,587,2026-01-31,155.84
10003,587,2026-07-28,189.17
10004,587,2026-06-14,163.37
10005,587,2026-08-25,139.25
10006,587,2026-04-30,137.58
10007,587,2025-11-20,332.3
10008,587,2026-06-27,188.57
10009,587,2026-01-09,279.43
10010,587,2026-04-19,296.84
10011,587,2026-07-15,242.15
10012,587,2026-06-28,301.28
10013,587,2026-01-17,211.36
10014,587,2025-12-09,387.93
10015,587,2026-05-21,304.19
10016,587,2025-10-25,322.95
10017,587,2026-08-25,137.66
10018,587,2026-02-23,236.41
10019,587,2026-06-26,91.96
10020,587,2025-11-03,394.48
10021,587,2025-12-21,158.64
10022,587,2026-08-25,168.85
10023,587,2026-04-29,113.5
10024,587,2025-12-24,206.6
10025,587,2026-03-06,186.12
10026,588,2026-08-25,68.51
10027,588,2025-10-22,112.43
10028,588,2025-10-07,55.41
10029,588,2025-11-21,100.91
10030,588,2026-05-29,152.56
10031,588,2026-07-08,89.08
10032,589,2026-09-06,80.74
10033,589,2025-11-07,65.19
10034,589,2026-07-26,138.81
10035,589,2026-03-01,111.49
10036,589,2026-02-20,89.92
10037,589,2026-06-23,131.42
10038,590,2026-09-17,170.92
10039,590,2026-02-03,89.73
10040,590,2026-06-04,243.04
10041,590,2025-12-21,307.18
10042,590,2026-05-30,282.23
10043,590,2025-12-01,213.12
10044,590,2026-05-06,320.88
10045,590,2025-11-23,125.99
10046,590,2025-10-03,475.96
10047,590,2025-12-22,148.36
10048,590,2026-04-06,155.97
10049,590,2026-04-20,162.11
10050,590,2026-05-06,156.87
10051,590,2026-05-15,192.55
10052,590,2026-04-03,189.23
10053,590,2026-03-28,222.62
10054,590,2026-01-04,145.28
10055,590,2025-11-04,226.35
10056,590,2025-11-06,128.56
10057,590,2026-02-14,291.99
10058,590,2025-09-29,290.37
10059,590,2025-11-02,209.45
10060,590,2026-03-28,156.76
10061,590,2026-04-23,241.56
10062,590,2026-04-06,140.85
10063,590,2026-09-09,213.29
10064,590,2026-05-23,196.13
10065,590,2026-05-04,685.79
10066,591,2026-07-23,118.92
10067,591,2025-12-01,91.1
10068,591,2025-11-03,82.16
10069,591,2026-06-26,93.97
10070,591,2025-11-13,126.2
10071,591,2026-02-21,34.71
10072,591,2026-02-03,76.85
10073,591,2025-10-06,122.37
10074,591,2025-12-05,100.64
10075,591,2026-01-09,54.21
10076,591,2025-11-17,31.01
10077,591,2026-03-07,193.49
10078,591,2025-10-16,82.73
10079,591,2025-11-27,177.88
10080,591,2025-10-02,128.71
10081,592,2026-09-12,66.73
10082,592,2026-03-03,31.12
10083,592,2025-10-16,11.3
10084,592,2026-03-08,40.45
10085,592,2025-11-20,40.56
10086,592,2026-03-22,26.73
10087,592,2026-05-13,22.83
10088,592,2026-04-29,34.75
10089,592,2026-05-14,42.73
10090,592,2025-11-04,46.97
10091,592,2026-03-17,16.09
10092,592,2025-10-19,20.44
10093,592,2026-06-16,74.81
10094,592,2025-12-17,41.32
10095,592,2026-08-03,44.95
10096,592,2026-06-03,24.7
10097,592,2026-09-01,44.91
10098,593,2026-05-10,192.38
10099,593,2025-10-15,124.19
10100,593,2026-04-21,73.6
10101,593,2025-12-09,87.94
10102,593,2026-03-23,170.39
10103,594,2026-03-29,34.3
10104,594,2025-10-09,28.0
10105,594,2025-11-07,31.45
10106,594,2025-10-11,41.24
10107,595,2026-08-23,158.82
10108,595,2025-12-23,224.11
10109,595,2026-04-30,130.45
10110,595,2026-02-28,528.18
10111,595,2025-10-26,271.94
10112,595,2025-11-30,299.13
10113,595,2026-02-24,390.21
10114,595,2025-10-21,331.76
10115,595,2026-07-15,213.0
10116,595,2026-01-03,193.23
10117,595,2026-01-28,374.97
10118,595,2026-05-30,212.52
10119,595,2026-04-16,149.91
10120,595,2026-04-11,508.82
10121,595,2026-01-10,137.82
10122,595,2026-01-28,96.21
10123,595,2025-12-05,328.28
10124,595,2026-01-17,151.12
10125,595,2025-09-30,255.42
10126,595,2025-11-21,475.73
10127,595,2026-02-13,113.12
10128,595,2026-08-17,206.17
10129,595,2026-04-24,409.38
10130,595,2026-07-12,285.42
10131,595,2026-04-02,193.68
10132,595,2025-09-28,615.43
10133,596,2026-03-29,114.39
10134,596,2026-01-14,243.37
10135,596,2025-10-03,124.65
10136,596,2026-02-16,73.89
10137,596,2026-02-16,66.61
10138,596,2025-11-09,102.78
10139,597,2026-06-29,9.87
10140,597,2026-03-10,14.05
10141,598,2026-04-30,44.0
10142,598,2026-02-15,12.32
10143,598,2026-04-04,33.22
10144,598,2026-03-20,34.91
10145,598,2025-10-08,25.96
10146,599,2026-09-01,113.06
10147,599,2025-10-03,217.56
10148,599,2026-02-09,180.79
10149,599,2026-04-17,128.37
10150,599,2026-01-17,30.47
10151,599,2025-12-28,38.89
10152,599,2026-07-25,145.28
10153,599,2025-10-22,186.52
10154,600,2025-12-29,66.67
10155,600,2025-12-02,38.04
10156,600,2025-10-28,45.97
10157,601,2026-08-08,54.82
10158,601,2025-10-21,45.61
10159,601,2026-07-07,66.42
10160,601,2026-07-26,79.74
10161,601,2026-05-09,56.94
10162,601,2026-03-23,58.89
10163,601,2026-06-29,94.85
10164,601,2025-12-31,63.38
10165,601,2026-01-30,31.39
10166,601,2025-12-29,79.57
10167,601,2026-03-27,42.56
10168,601,2025-10-17,45.68
10169,601,2026-01-07,47.22
10170,601,2025-10-21,69.59
10171,601,2026-07-12,98.85
10172,601,2026-01-09,45.5
10173,601,2026-04-21,98.07
10174,601,2026-06-08,48.46
10175,601,2026-06-12,84.57
10176,601,2026-06-07,49.2
10177,601,2026-07-10,36.06
10178,602,2026-07-10,191.61
10179,602,2026-04-10,75.47
10180,602,2025-10-21,133.14
10181,602,2026-06-28,97.98
10182,602,2026-06-18,107.87
10183,602,2026-03-20,54.08
10184,602,2025-12-06,63.92
10185,602,2025-11-15,64.57
10186,602,2026-04-19,91.03
10187,602,2026-04-18,163.46
10188,602,2026-01-24,109.37
10189,602,2025-11-03,60.02
10190,602,2026-05-20,93.61
10191,602,2025-10-27,86.79
10192,602,2025-11-20,76.85
10193,602,2026-04-24,89.38
10194,602,2025-12-29,126.91
10195,602,2026-01-10,65.09
10196,602,2026-07-04,77.03
10197,602,2026-03-17,140.02
10198,602,2026-05-03,111.15
10199,603,2026-09-16,78.83
10200,603,2026-01-28,68.49
10201,603,2026-02-20,89.45
10202,603,2025-10-26,270.64
10203,603,2025-11-29,41.41
10204,603,2026-01-06,150.14
10205,603,2025-10-11,89.26
10206,603,2026-08-30,73.9
10207,603,2026-03-03,36.29
10208,604,2026-08-16,43.46
10209,604,2025-11-13,47.02
10210,604,2025-10-17,24.91
10211,604,2025-11-12,36.54
10212,604,2026-03-12,48.61
10213,604,2025-12-25,44.03
10214,604,2026-07-06,44.81
10215,605,2026-09-04,93.2
10216,605,2026-07-20,65.15
10217,605,2026-01-23,84.31
10218,605,2026-02-22,77.95
10219,605,2025-12-28,113.72
10220,605,2026-07-11,55.68
10221,605,2026-05-06,83.17
10222,606,2026-09-13,110.11
10223,606,2026-08-08,50.46
10224,606,2025-12-24,89.1
10225,606,2025-12-17,201.35
10226,606,2026-06-12,78.25
10227,606,2026-01-26,95.87
10228,606,2026-06-23,100.29
10229,606,2026-04-27,44.89
10230,606,2026-05-24,141.02
10231,606,2025-10-06,132.16
10232,606,2026-03-28,36.7
10233,606,2026-02-02,49.45
10234,606,2026-07-01,58.17
10235,606,2025-10-21,126.04
10236,606,2026-01-15,64.19
10237,606,2026-08-07,107.82
10238,607,2026-08-17,200.84
10239,607,2026-05-01,77.32
10240,607,2026-01-18,66.65
10241,607,2026-06-26,74.19
10242,607,2026-08-06,89.22
10243,607,2026-06-05,104.03
10244,607,2026-07-10,88.39
10245,607,2026-05-19,74.5
10246,607,2025-11-19,216.88
10247,607,2025-11-07,82.24
10248,607,2026-05-16,68.09
10249,607,2026-05-16,130.78
10250,607,2025-11-21,131.72
10251,608,2026-09-14,402.85
10252,608,2026-04-17,194.54
10253,608,2025-11-30,232.6
10254,608,2025-09-30,146.01
10255,608,2026-09-07,115.75
10256,608,2026-01-26,185.24
10257,608,2025-11-08,377.46
10258,608,2026-01-12,153.12
10259,608,2025-10-04,433.87
10260,608,2026-06-09,162.28
10261,608,2026-01-31,129.85
10262,608,2025-11-29,235.39
10263,608,2026-08-21,285.06
10264,608,2026-03-01,228.55
10265,608,2025-10-10,224.76
10266,608,2026-04-01,432.01
10267,608,2025-11-30,219.16
10268,608,2025-12-26,169.94
10269,608,2026-06-11,126.12
10270,608,2026-05-06,372.5
10271,608,2026-03-25,173.39
10272,608,2026-04-15,181.17
10273,608,2026-02-16,337.12
10274,608,2026-01-27,529.26
10275,608,2026-04-21,235.15
10276,608,2026-01-31,197.44
10277,608,2026-01-24,209.47
10278,608,2025-10-06,171.08
10279,608,2025-11-30,178.93
10280,609,2026-06-01,28.47
10281,610,2026-09-06,69.23
10282,610,2026-02-24,74.37
10283,610,2026-01-12,79.1
10284,610,2026-03-16,47.17
10285,610,2026-07-14,90.0
10286,610,2026-06-24,33.48
10287,610,2025-12-17,22.97
10288,610,2026-08-17,39.72
10289,610,2026-04-27,77.08
10290,610,2026-03-18,27.6
10291,610,2026-04-27,23.22
10292,610,2026-04-16,20.75
10293,610,2025-10-05,62.67
10294,610,2026-08-26,23.46
10295,610,2025-10-02,57.61
10296,610,2025-12-31,38.82
10297,610,2025-10-24,31.81
10298,610,2026-01-27,28.71
10299,610,2025-10-15,49.38
10300,610,2026-08-12,32.05
10301,610,2026-01-01,44.9
10302,610,2026-01-04,53.91
10303,610,2025-10-19,59.29
10304,610,2026-08-09,68.52
10305,610,2026-03-15,48.46
10306,611,2026-08-26,41.71
10307,611,2026-03-06,37.56
10308,611,2026-02-13,45.0
10309,611,2026-07-05,67.45
10310,611,2025-10-11,41.16
10311,611,2026-04-23,182.44
10312,611,2026-03-15,36.71
10313,611,2026-01-29,83.64
10314,611,2026-07-05,57.48
10315,611,2026-07-02,47.25
10316,611,2025-10-09,87.23
10317,611,2026-02-15,21.9
10318,611,2026-06-12,54.49
10319,611,2026-01-16,32.6
10320,612,2026-09-02,26.2
10321,612,2026-06-23,42.22
10322,613,2026-05-04,346.47
10323,613,2026-05-04,65.9
10324,613,2026-01-29,81.0
10325,613,2025-12-07,46.79
10326,613,2025-09-26,114.43
10327,613,2025-11-05,60.02
10328,613,2026-03-18,136.07
10329,613,2026-03-06,40.25
10330,613,2025-11-09,85.21
10331,614,2026-08-30,92.63
10332,614,2026-01-21,76.74
10333,614,2026-08-23,134.29
10334,614,2026-05-31,102.45
10335,614,2026-08-14,44.25
10336,614,2026-03-23,147.51
10337,614,2026-03-27,139.06
10338,614,2025-10-02,176.37
10339,614,2026-06-13,71.34
10340,614,2026-01-17,103.05
10341,614,2025-09-27,52.81
10342,615,2026-06-30,58.2
10343,615,2026-06-11,127.46
10344,615,2026-02-11,39.33
10345,615,2025-12-07,138.53
10346,615,2026-05-04,97.06
10347,615,2026-05-11,125.67
10348,615,2026-01-24,80.15
10349,615,2025-11-07,68.5
10350,616,2026-04-22,34.85
10351,616,2026-03-18,22.67
10352,617,2026-01-22,52.19
10353,617,2026-01-10,30.27
10354,617,2025-12-05,33.37
10355,618,2026-09-13,135.37
10356,618,2026-08-09,93.2
10357,618,2025-10-24,129.31
10358,618,2025-12-03,76.34
10359,618,2026-04-01,80.92
10360,618,2026-03-10,106.69
10361,619,2026-09-24,225.24
10362,619,2026-08-16,317.38
10363,619,2026-05-03,267.4
10364,619,2026-04-23,252.72
10365,619,2025-12-07,439.8
10366,619,2026-07-07,226.47
10367,619,2026-08-13,143.77
10368,619,2025-12-26,143.98
10369,619,2026-04-21,227.31
10370,619,2026-08-10,109.97
10371,619,2026-04-22,182.58
10372,619,2026-04-22,258.78
10373,619,2026-07-02,355.71
10374,619,2026-07-13,104.83
10375,619,2026-08-21,219.57
10376,619,2025-11-23,203.65
10377,619,2026-09-21,213.57
10378,619,2026-03-24,223.81
10379,619,2026-09-18,207.03
10380,619,2025-12-06,392.92
10381,619,2026-05-02,367.57
10382,619,2025-10-02,550.92
10383,619,2026-09-05,209.0
10384,620,2026-09-19,277.54
10385,620,2026-05-12,435.7
10386,620,2026-01-01,172.44
10387,620,2026-06-12,220.27
10388,620,2026-01-15,111.77
10389,620,2026-08-31,219.98
10390,620,2026-08-31,350.76
10391,620,2026-07-10,231.8
10392,620,2026-03-08,594.55
10393,620,2025-10-28,265.33
10394,620,2026-02-17,164.67
10395,620,2026-03-02,257.8
10396,620,2026-01-12,108.7
10397,620,2025-11-05,146.58
10398,620,2026-02-22,121.44
10399,620,2025-12-29,211.53
10400,620,2026-04-26,204.36
10401,620,2025-09-27,361.19
10402,620,2026-03-29,200.84
10403,620,2025-11-03,133.75
10404,620,2025-10-07,423.6
10405,620,2025-11-07,55.81
10406,620,2026-05-24,213.67
10407,620,2026-05-08,231.6
10408,620,2025-12-12,209.03
10409,620,2025-10-21,263.0
10410,620,2026-02-13,220.73
10411,620,2025-12-14,262.95
10412,620,2026-04-13,160.15
10413,620,2025-11-16,108.91
10414,620,2026-04-24,205.66
10415,620,2026-02-08,132.31
10416,620,2026-03-11,151.3
10417,621,2026-07-15,50.53
10418,621,2025-11-20,100.81
10419,621,2026-05-02,105.57
10420,621,2026-01-31,271.11
10421,621,2026-01-17,86.38
10422,621,2026-02-11,127.42
10423,621,2026-03-06,96.76
10424,621,2026-07-15,122.71
10425,621,2025-10-03,96.01
10426,621,2026-05-13,147.62
10427,621,2026-05-26,56.04
10428,621,2025-11-20,29.92
10429,621,2026-06-23,108.6
10430,621,2025-12-04,39.95
10431,621,2026-04-04,162.4
10432,621,2025-12-16,70.33
10433,621,2026-05-13,56.41
10434,621,2025-12-22,303.4
10435,621,2025-09-28,89.26
10436,621,2026-02-18,81.88
10437,621,2026-02-02,126.01
10438,622,2026-09-20,75.19
10439,622,2026-08-13,27.48
10440,622,2025-10-15,37.89
10441,622,2026-06-06,40.82
10442,622,2026-05-27,27.86
10443,622,2026-07-24,48.34
10444,622,2026-05-08,32.49
10445,622,2025-10-05,23.92
10446,622,2026-02-18,57.02
10447,622,2026-01-23,90.28
10448,622,2026-02-18,45.99
10449,622,2026-05-23,42.96
10450,622,2025-12-11,42.55
10451,622,2026-05-20,35.68
10452,622,2025-12-08,76.19
10453,622,2025-10-01,46.95
10454,622,2026-09-17,16.88
10455,622,2026-07-22,77.18
10456,622,2025-12-19,69.12
10457,623,2026-08-23,154.69
10458,623,2026-07-04,96.8
10459,623,2025-10-16,93.39
10460,623,2025-12-05,134.48
10461,623,2026-01-21,75.22
10462,623,2026-02-08,54.93
10463,623,2026-01-05,90.15
10464,623,2025-10-15,117.39
10465,624,2026-09-07,56.52
10466,624,2026-07-23,29.13
10467,624,2026-06-21,56.75
10468,624,2025-12-07,35.38
10469,624,2025-12-06,23.67
10470,624,2026-04-18,69.06
10471,624,2026-05-04,60.69
10472,624,2025-10-03,29.13
10473,624,2026-09-03,35.23
10474,624,2026-06-10,34.66
10475,624,2026-01-11,21.48
10476,624,2025-11-09,63.42
10477,624,2026-04-01,64.5
10478,624,2025-12-31,38.74
10479,624,2026-06-24,44.43
10480,624,2025-10-21,47.38
10481,624,2026-02-17,50.23
10482,624,2025-12-24,24.54
10483,624,2026-07-08,56.06
10484,624,2026-03-20,26.51
10485,625,2026-09-16,97.81
10486,625,2026-04-11,68.72
10487,625,2026-02-05,49.09
10488,625,2026-06-15,45.2
10489,625,2026-06-16,104.08
10490,625,2026-01-21,128.61
10491,625,2026-07-06,60.29
10492,625,2026-07-28,100.96
10493,625,2026-07-25,83.21
10494,625,2026-05-23,124.34
10495,625,2026-09-05,132.89
10496,625,2026-09-04,32.46
10497,626,2026-09-13,54.37
10498,626,2026-01-01,54.85
10499,626,2026-05-21,24.66
10500,626,2026-07-30,51.13
10501,626,2025-11-12,57.72
10502,626,2025-11-01,34.5
10503,626,2026-07-15,32.96
10504,626,2026-07-02,54.89
10505,626,2026-08-31,14.14
10506,626,2026-01-20,45.04
10507,626,2025-11-02,93.89
10508,626,2026-06-27,13.99
10509,626,2026-04-07,65.17
10510,626,2026-01-07,57.49
10511,626,2026-04-10,23.56
10512,626,2025-12-22,56.88
10513,626,2025-12-21,70.62
10514,626,2025-12-26,26.5
10515,626,2026-01-04,32.73
10516,626,2026-04-15,45.53
10517,626,2026-04-28,69.87
10518,626,2026-02-11,35.27
10519,626,2026-08-07,44.16
10520,626,2026-02-14,33.36
10521,626,2026-09-02,45.5
10522,626,2026-01-02,72.07
10523,626,2026-02-12,47.2
10524,626,2026-03-21,38.31
10525,626,2026-05-30,44.34
10526,626,2026-03-18,31.39
10527,626,2026-02-01,28.77
10528,626,2026-01-15,77.34
10529,626,2025-10-23,94.03
10530,627,2026-07-27,157.53
10531,627,2026-06-06,55.88
10532,627,2026-04-06,124.64
10533,627,2026-07-16,64.75
10534,627,2026-01-25,119.13
10535,627,2026-03-19,88.51
10536,627,2026-01-19,211.68
10537,627,2026-01-19,110.07
10538,627,2026-01-16,78.14
10539,627,2026-04-15,95.76
10540,627,2026-05-12,86.02
10541,627,2026-04-22,53.53
10542,627,2025-10-06,214.01
10543,627,2025-12-11,184.79
10544,627,2026-03-30,83.14
10545,627,2025-10-21,123.32
10546,627,2025-12-06,226.55
10547,628,2026-09-16,380.89
10548,628,2026-03-09,248.84
10549,628,2026-05-03,243.45
10550,628,2026-02-28,316.7
10551,628,2026-07-09,465.8
10552,628,2026-07-03,200.1
10553,628,2026-02-09,265.49
10554,628,2026-02-21,414.54
10555,628,2025-11-29,283.81
10556,628,2025-11-30,85.29
10557,628,2026-09-10,152.18
10558,628,2026-04-29,294.44
10559,628,2025-11-19,175.39
10560,628,2025-10-13,401.52
10561,628,2026-08-14,484.53
10562,628,2025-12-18,161.01
10563,628,2026-06-26,131.96
10564,628,2025-12-04,178.5
10565,628,2026-04-11,173.92
10566,628,2026-08-08,419.2
10567,628,2026-07-06,131.79
10568,628,2025-10-16,293.3
10569,628,2025-12-17,392.15
10570,629,2026-09-09,62.7
10571,629,2026-08-28,39.21
10572,629,2026-04-22,39.07
10573,629,2026-03-11,28.05
10574,629,2026-07-27,50.46
10575,629,2025-11-22,83.66
10576,629,2026-02-01,83.68
10577,629,2026-03-15,34.37
10578,629,2026-02-08,110.24
10579,629,2026-02-17,38.23
10580,629,2026-04-11,28.49
10581,629,2026-07-08,24.38
10582,629,2026-03-26,27.73
10583,629,2025-12-01,52.29
10584,629,2026-08-22,40.08
10585,629,2026-04-22,33.86
10586,629,2025-11-27,30.73
10587,629,2026-02-19,27.6
10588,629,2026-09-01,30.15
10589,630,2026-09-03,110.07
10590,630,2025-11-17,103.65
10591,630,2026-07-16,57.8
10592,630,2026-08-11,129.1
10593,630,2026-05-18,179.23
10594,630,2026-06-06,242.5
10595,630,2026-05-27,108.3
10596,630,2025-10-21,38.27
10597,630,2026-01-11,111.55
10598,630,2026-05-04,125.67
10599,630,2026-02-08,80.96
10600,630,2026-07-11,99.15
10601,630,2026-07-03,72.4
10602,630,2026-08-01,84.74
10603,630,2026-04-10,142.26
10604,631,2026-09-04,142.0
10605,631,2026-02-04,101.6
10606,631,2026-05-14,67.43
10607,631,2026-03-18,67.68
10608,631,2025-10-14,91.8
10609,631,2025-11-23,73.27
10610,631,2026-04-20,89.76
10611,631,2026-02-15,115.69
10612,631,2025-12-14,45.14
10613,631,2026-04-26,63.98
10614,631,2025-12-14,88.65
10615,631,2026-01-19,182.04
10616,631,2026-01-06,131.66
10617,631,2025-10-03,89.85
10618,631,2026-04-28,107.86
10619,631,2026-08-12,85.98
10620,632,2026-07-09,100.17
10621,632,2025-10-30,196.33
10622,632,2026-04-05,133.5
10623,632,2026-01-31,43.73
10624,632,2026-03-12,179.47
10625,632,2026-05-13,177.23
10626,632,2026-04-16,101.31
10627,632,2026-06-08,43.46
10628,632,2025-11-11,84.06
10629,632,2026-04-30,111.13
10630,632,2026-05-14,140.93
10631,632,2026-01-07,40.57
10632,632,2026-06-03,63.67
10633,632,2025-10-08,147.51
10634,632,2025-10-30,176.9
10635,633,2026-09-12,135.4
10636,633,2025-10-12,130.01
10637,633,2026-04-23,425.04
10638,633,2025-12-23,383.83
10639,633,2026-06-09,134.11
10640,633,2025-11-17,453.39
10641,633,2026-05-16,373.65
10642,633,2026-06-24,100.87
10643,633,2026-08-26,132.09
10644,633,2026-05-28,99.53
10645,633,2026-02-20,201.98
10646,633,2026-08-21,211.65
10647,633,2026-07-14,211.47
10648,633,2026-05-13,84.36
10649,633,2026-01-03,110.48
10650,633,2026-02-14,236.08
10651,633,2026-08-29,277.86
10652,633,2026-08-31,84.62
10653,633,2026-08-22,117.99
10654,633,2026-05-19,332.68
10655,633,2026-06-04,121.04
10656,633,2026-08-02,208.62
10657,633,2026-04-11,115.97
10658,633,2026-02-16,305.29
10659,633,2026-01-11,84.73
10660,633,2025-09-27,183.11
10661,633,2026-01-12,320.62
10662,633,2025-09-30,276.34
10663,633,2025-10-05,170.42
10664,633,2025-11-18,153.35
10665,633,2026-05-12,189.11
10666,634,2026-09-08,27.11
10667,634,2026-08-09,28.92
10668,634,2026-05-02,36.12
10669,634,2026-05-06,34.86
10670,634,2026-06-25,73.76
10671,634,2026-04-02,50.67
10672,634,2026-05-13,35.41
10673,634,2026-02-15,73.66
10674,634,2026-05-30,55.01
10675,634,2026-05-22,24.43
10676,634,2025-11-04,10.46
10677,634,2025-12-09,24.78
10678,634,2025-12-15,58.81
10679,634,2026-04-29,67.21
10680,634,2025-11-05,21.32
10681,635,2026-09-01,251.27
10682,635,2026-03-27,98.7
10683,635,2025-10-20,424.37
10684,635,2026-06-26,419.59
10685,635,2026-03-02,335.07
10686,635,2026-05-21,208.94
10687,635,2026-07-08,444.17
10688,635,2026-01-12,384.74
10689,635,2025-10-12,165.24
10690,635,2026-02-21,401.25
10691,635,2026-03-13,139.33
10692,635,2026-03-03,192.18
10693,635,2026-07-10,93.7
10694,635,2026-06-25,224.25
10695,635,2025-12-25,183.93
10696,635,2026-02-14,171.33
10697,635,2026-06-14,194.91
10698,635,2026-08-26,161.79
10699,635,2026-06-30,213.98
10700,635,2026-03-13,374.17
10701,635,2026-06-02,130.23
10702,635,2025-12-26,309.59
10703,635,2026-02-16,231.36
10704,635,2026-07-13,248.51
10705,635,2026-05-25,207.12
10706,635,2026-08-20,152.06
10707,635,2026-08-19,256.54
10708,635,2025-12-19,265.23
10709,635,2026-04-22,146.48
10710,635,2025-11-05,114.98
10711,635,2026-06-14,218.22
10712,635,2026-05-15,294.93
10713,635,2026-03-11,330.1
10714,635,2026-05-29,360.9
10715,635,2026-03-29,248.2
10716,635,2026-07-22,186.54
10717,635,2026-08-06,209.8
10718,635,2025-11-12,120.02
10719,635,2026-06-10,154.46
10720,636,2026-09-15,154.12
10721,636,2026-08-17,153.55
10722,636,2025-11-25,182.17
10723,636,2026-06-05,407.65
10724,636,2026-05-18,201.69
10725,636,2026-06-12,365.95
10726,636,2026-04-19,193.93
10727,636,2025-10-31,358.68
10728,636,2026-01-16,252.25
10729,636,2026-08-21,269.53
10730,636,2025-11-05,110.06
10731,636,2026-04-12,102.95
10732,636,2026-01-14,339.92
10733,636,2026-05-09,338.02
10734,636,2026-08-13,624.38
10735,636,2026-04-19,107.6
10736,636,2026-05-18,261.31
10737,636,2026-09-09,132.47
10738,636,2025-12-23,150.48
10739,636,2025-11-14,167.52
10740,636,2025-10-28,249.43
10741,636,2026-06-21,155.76
10742,636,2026-02-02,213.2
10743,636,2026-03-11,305.37
10744,636,2026-02-16,348.87
10745,636,2025-12-06,286.8
10746,636,2026-05-04,257.35
10747,636,2026-06-10,197.03
10748,637,2026-08-09,25.05
10749,637,2026-03-10,22.13
10750,637,2026-07-05,20.96
10751,637,2026-03-08,28.84
10752,638,2026-07-11,37.01
10753,638,2025-10-25,13.03
10754,638,2025-11-05,22.96
10755,638,2025-12-13,36.82
10756,638,2026-03-17,29.94
10757,638,2026-07-09,80.93
10758,639,2026-08-14,174.27
10759,639,2026-02-19,57.7
10760,639,2025-12-05,85.74
10761,639,2026-01-28,122.27
10762,639,2025-09-27,71.38
10763,639,2026-02-27,126.07
10764,639,2025-11-13,77.13
10765,639,2026-06-19,94.91
10766,639,2026-06-21,82.96
10767,639,2026-05-06,69.42
10768,639,2025-11-22,247.84
10769,639,2025-11-02,61.68
10770,639,2026-04-07,32.17
10771,639,2026-03-24,62.69
10772,639,2026-03-09,95.48
10773,640,2026-07-22,76.27
10774,640,2026-05-22,170.61
10775,640,2026-03-12,105.01
10776,640,2025-10-13,91.87
10777,640,2026-02-26,56.34
10778,640,2026-06-26,97.67
10779,640,2026-07-17,80.12
10780,640,2026-02-21,100.2
10781,640,2026-05-16,124.84
10782,641,2026-03-28,49.94
10783,642,2026-09-16,92.21
10784,642,2026-05-07,141.82
10785,642,2026-05-14,160.4
10786,642,2026-06-30,91.22
10787,642,2025-10-29,76.56
10788,642,2025-10-04,106.65
10789,642,2025-10-20,116.33
10790,642,2025-12-21,53.56
10791,642,2026-06-29,100.09
10792,642,2026-06-25,80.3
10793,642,2026-05-29,74.49
10794,642,2026-03-18,65.95
10795,642,2026-06-24,67.91
10796,642,2025-12-10,158.36
10797,642,2026-08-17,76.4
10798,643,2026-09-22,151.47
10799,643,2025-10-28,101.22
10800,643,2025-12-04,124.69
10801,643,2026-05-20,223.98
10802,643,2026-01-28,214.37
10803,643,2026-08-12,144.16
10804,643,2026-01-22,168.82
10805,643,2026-03-21,215.08
10806,643,2026-03-25,381.03
10807,643,2025-12-30,243.98
10808,643,2026-04-13,162.99
10809,643,2026-01-17,189.49
10810,643,2026-04-21,296.92
10811,643,2025-11-17,447.26
10812,643,2026-03-05,127.74
10813,643,2026-06-11,346.7
10814,643,2025-11-08,182.43
10815,643,2026-06-01,101.11
10816,643,2025-10-16,92.49
10817,643,2025-10-08,382.79
10818,643,2026-03-05,403.88
10819,643,2026-04-10,162.56
10820,643,2026-06-18,190.88
10821,643,2025-11-24,94.16
10822,643,2026-06-17,295.9
10823,643,2026-02-13,207.34
10824,644,2026-08-11,83.03
10825,644,2026-04-06,118.8
10826,644,2026-07-30,127.89
10827,644,2026-05-26,129.76
10828,644,2026-06-04,228.26
10829,645,2026-03-25,21.38
10830,645,2025-10-07,99.37
10831,645,2025-11-03,25.85
10832,645,2026-02-06,48.83
10833,645,2025-11-21,58.93
10834,645,2025-11-23,19.93
10835,646,2026-08-10,111.36
10836,646,2026-06-09,111.96
10837,646,2025-12-02,39.9
10838,646,2026-05-03,62.83
10839,646,2025-11-22,124.59
10840,646,2026-06-03,140.61
10841,646,2026-06-17,105.7
10842,646,2026-07-01,101.9
10843,646,2026-02-15,107.86
10844,646,2026-05-10,138.49
10845,646,2026-01-01,47.37
10846,646,2026-01-14,71.56
10847,646,2026-03-27,87.04
10848,646,2026-05-20,98.29
10849,646,2025-10-23,34.83
10850,646,2025-11-02,51.11
10851,646,2026-04-22,89.33
10852,647,2026-09-20,133.82
10853,647,2026-06-23,155.42
10854,647,2026-07-14,282.84
10855,647,2026-07-22,195.35
10856,647,2026-04-07,103.36
10857,647,2025-12-05,181.82
10858,647,2026-01-15,460.82
10859,647,2026-06-14,531.34
10860,647,2026-04-21,157.66
10861,647,2026-04-04,139.23
10862,647,2026-05-03,170.89
10863,647,2025-10-07,472.46
10864,647,2025-10-14,306.76
10865,647,2025-09-27,405.83
10866,647,2026-04-23,329.15
10867,647,2025-12-10,115.98
10868,647,2025-12-30,137.02
10869,647,2025-12-07,153.52
10870,647,2026-07-24,166.04
10871,647,2025-10-15,154.76
10872,647,2025-10-18,163.08
10873,647,2025-12-08,280.15
10874,647,2026-02-26,223.23
10875,647,2026-04-11,363.58
10876,647,2026-06-23,235.2
10877,647,2026-08-30,154.9
10878,647,2025-10-09,228.59
10879,647,2026-07-07,106.38
10880,647,2026-05-21,74.2
10881,647,2026-04-13,280.49
10882,647,2026-01-20,332.07
10883,647,2026-06-17,216.93
10884,647,2026-07-05,176.09
10885,648,2026-08-29,44.04
10886,648,2026-05-10,14.92
10887,648,2025-10-13,35.36
10888,648,2026-01-30,28.67
10889,648,2026-05-15,42.27
10890,648,2026-06-20,23.7
10891,648,2025-11-17,54.7
10892,648,2026-02-07,39.39
10893,648,2026-04-14,36.33
10894,648,2026-04-04,48.13
10895,648,2026-07-10,43.47
10896,648,2025-11-23,42.35
10897,648,2026-08-13,40.68
10898,648,2025-10-01,44.59
10899,648,2026-07-04,52.51
10900,648,2026-07-18,49.64
10901,648,2026-08-05,74.72
10902,648,2026-03-17,35.19
10903,649,2026-05-24,28.6
10904,649,2025-10-09,38.14
10905,649,2026-04-17,40.18
10906,650,2026-09-21,223.61
10907,650,2026-04-13,50.84
10908,650,2026-02-08,229.48
10909,650,2025-11-23,289.31
10910,650,2026-06-20,199.79
10911,650,2025-10-05,124.34
10912,650,2026-07-31,506.47
10913,650,2025-10-03,353.29
10914,650,2025-10-22,165.36
10915,650,2026-04-20,186.73
10916,650,2026-08-18,86.11
10917,650,2026-04-28,259.86
10918,650,2026-06-13,113.4
10919,650,2026-02-24,283.43
10920,650,2026-06-30,333.21
10921,650,2026-08-28,203.46
10922,650,2025-11-03,130.07
10923,650,2025-11-13,368.4
10924,650,2026-03-24,210.21
10925,650,2025-11-18,219.0
10926,650,2025-10-11,138.09
10927,650,2025-10-24,229.06
10928,650,2025-11-27,191.67
10929,650,2026-09-06,115.5
10930,650,2025-12-23,383.79
10931,650,2025-10-25,463.46
10932,650,2026-07-20,332.05
10933,650,2026-08-29,310.47
10934,650,2026-05-20,464.71
10935,650,2025-11-28,131.07
10936,650,2025-11-29,130.36
10937,650,2026-02-23,174.27
10938,650,2025-10-01,240.12
10939,650,2026-07-24,184.09
10940,650,2025-11-09,132.7
10941,650,2025-11-11,210.54
10942,650,2025-10-14,201.27
10943,651,2026-09-23,54.67
10944,651,2025-10-17,47.34
10945,651,2026-07-04,68.47
10946,651,2025-12-15,41.08
10947,651,2025-12-21,51.07
10948,651,2026-04-29,38.44
10949,651,2025-10-01,40.06
10950,651,2025-09-30,52.44
10951,651,2026-09-13,124.79
10952,651,2026-03-01,62.85
10953,651,2026-07-14,57.6
10954,651,2025-09-26,63.73
10955,651,2025-10-08,15.65
10956,651,2026-04-23,51.95
10957,651,2026-05-22,67.79
10958,651,2025-11-30,46.74
10959,651,2026-05-05,44.13
10960,651,2026-01-01,29.48
10961,651,2026-01-26,37.03
10962,651,2026-06-12,30.93
10963,651,2026-05-18,70.56
10964,651,2025-10-20,88.45
10965,651,2026-03-29,107.49
10966,651,2026-04-25,30.7
10967,652,2026-09-12,156.48
10968,652,2025-10-30,48.78
10969,652,2026-06-09,70.01
10970,652,2025-12-13,98.01
10971,652,2026-07-08,99.51
10972,652,2026-03-23,171.22
10973,652,2025-10-16,57.42
10974,652,2026-01-20,70.68
10975,652,2025-11-19,86.62
10976,652,2026-07-04,71.27
10977,652,2026-09-03,56.3
10978,652,2025-11-23,72.63
10979,652,2026-02-26,80.59
10980,652,2025-12-12,172.64
10981,653,2026-04-27,31.13
10982,653,2026-03-12,22.1
10983,653,2026-01-05,40.42
10984,654,2026-07-07,154.34
10985,655,2026-08-22,153.61
10986,655,2025-10-04,120.29
10987,655,2026-06-10,128.08
10988,655,2026-04-15,66.27
10989,655,2026-05-28,64.68
10990,655,2025-11-01,85.52
10991,655,2026-02-01,129.0
10992,655,2026-03-07,112.8
10993,655,2026-02-11,63.42
10994,655,2026-05-06,121.55
10995,655,2025-11-02,58.11
10996,655,2026-01-31,66.83
10997,655,2026-03-07,96.62
10998,655,2026-01-01,53.12
10999,655,2025-12-01,58.34
11000,656,2026-03-14,90.73
11001,656,2025-10-14,219.26
11002,656,2026-02-13,61.2
11003,656,2025-12-09,278.63
11004,656,2025-10-12,134.46
11005,656,2025-12-01,85.13
11006,656,2026-03-01,108.27
11007,657,2026-08-21,190.93
11008,657,2025-11-25,108.02
11009,657,2026-07-15,117.68
11010,657,2026-06-22,90.46
11011,657,2025-12-02,113.03
11012,657,2026-04-01,152.77
11013,657,2026-03-26,108.13
11014,657,2026-01-17,188.29
11015,657,2026-01-28,88.51
11016,657,2026-04-07,117.84
11017,657,2025-11-06,123.55
11018,657,2026-06-07,59.17
11019,657,2026-06-12,91.75
11020,657,2026-03-05,39.3
11021,657,2025-11-07,84.89
11022,658,2026-08-20,73.16
11023,658,2025-12-20,140.5
11024,658,2026-06-22,164.29
11025,659,2026-06-13,30.74
11026,659,2026-06-05,20.64
11027,659,2026-04-17,25.63
11028,659,2026-04-05,35.71
11029,659,2025-10-09,24.21
11030,660,2026-09-17,19.21
11031,660,2025-12-15,110.94
11032,660,2025-11-19,34.19
11033,660,2025-12-08,21.43
11034,660,2026-07-16,47.89
11035,660,2026-07-03,65.41
11036,660,2025-11-06,39.66
11037,660,2026-04-10,51.77
11038,660,2026-07-11,116.81
11039,660,2026-06-03,49.36
11040,660,2026-03-26,172.22
11041,660,2026-03-03,79.5
11042,660,2026-07-10,46.06
11043,660,2026-06-20,51.31
11044,660,2026-05-03,38.97
11045,660,2026-07-03,50.35
11046,660,2025-10-01,57.94
11047,660,2026-09-10,37.52
11048,660,2025-12-18,24.18
11049,660,2026-06-05,81.55
11050,660,2026-03-04,69.74
11051,661,2026-07-07,91.8
11052,661,2026-06-23,77.1
11053,661,2025-11-10,74.01
11054,661,2026-05-23,133.68
11055,661,2026-03-25,95.73
11056,662,2026-08-31,70.77
11057,662,2026-06-10,67.21
11058,662,2026-05-06,63.39
11059,662,2025-10-18,136.37
11060,662,2026-06-18,93.86
11061,662,2026-06-25,140.6
11062,662,2025-10-09,33.54
11063,662,2026-03-20,114.38
11064,662,2025-11-30,72.39
11065,662,2026-08-01,79.29
11066,663,2026-06-12,78.58
11067,663,2025-12-22,93.66
11068,663,2026-04-03,68.05
11069,663,2026-04-27,39.77
11070,663,2026-05-06,65.68
11071,663,2026-03-25,102.71
11072,664,2026-09-07,218.98
11073,664,2026-05-01,390.12
11074,664,2025-12-27,161.43
11075,664,2026-08-20,135.99
11076,664,2025-10-29,232.57
11077,664,2025-12-20,252.99
11078,664,2025-12-21,261.63
11079,664,2025-12-20,304.79
11080,664,2026-07-17,151.03
11081,664,2025-12-03,111.42
11082,664,2026-06-27,161.43
11083,664,2026-07-16,272.85
11084,664,2026-08-24,138.69
11085,664,2026-07-20,87.96
11086,664,2026-07-24,224.09
11087,664,2025-11-05,162.7
11088,664,2026-08-17,96.54
11089,664,2026-01-26,217.15
11090,664,2026-08-20,176.49
11091,664,2025-10-09,446.44
11092,664,2026-02-24,218.57
11093,664,2026-03-13,273.38
11094,664,2026-08-12,208.38
11095,664,2025-11-10,160.49
11096,664,2026-04-13,168.63
11097,664,2026-07-21,341.57
11098,664,2026-01-04,294.01
11099,664,2025-10-15,107.47
11100,664,2026-09-02,119.73
11101,664,2026-06-29,122.76
11102,664,2026-01-29,338.37
11103,664,2026-08-17,96.35
11104,664,2025-12-19,299.17
11105,664,2026-02-08,251.23
11106,664,2026-03-05,224.34
11107,664,2026-05-17,169.74
11108,664,2026-03-26,358.52
11109,664,2026-08-10,221.0
11110,664,2025-12-28,109.64
11111,664,2026-02-06,121.76
11112,665,2026-04-02,72.54
11113,665,2025-12-23,47.69
11114,665,2025-10-02,113.3
11115,665,2026-01-14,98.26
11116,665,2026-02-11,139.3
11117,665,2025-10-13,154.24
11118,665,2026-03-04,62.02
11119,665,2025-10-03,186.8
11120,665,2026-03-25,89.57
11121,665,2025-12-16,138.04
11122,665,2025-12-13,93.34
11123,665,2025-10-05,159.03
11124,665,2025-10-09,36.27
11125,666,2026-08-08,19.62
11126,666,2025-11-14,28.44
11127,666,2026-01-27,26.87
11128,666,2026-01-18,27.1
11129,666,2026-03-18,21.82
11130,666,2025-11-18,34.8
11131,666,2026-08-04,19.63
11132,667,2026-09-16,79.15
11133,667,2026-07-22,108.76
11134,667,2026-09-03,74.41
11135,667,2026-07-07,129.83
11136,667,2026-07-20,97.99
11137,667,2026-08-29,88.53
11138,667,2026-04-23,91.59
11139,667,2025-11-10,174.04
11140,667,2026-05-31,97.04
11141,667,2026-06-23,56.63
11142,667,2025-12-03,104.7
11143,667,2025-10-18,112.15
11144,667,2026-06-01,84.33
11145,668,2026-08-21,110.92
11146,668,2026-08-06,93.98
11147,668,2026-04-21,75.6
11148,668,2025-12-12,93.88
11149,668,2026-06-19,81.71
11150,668,2026-06-29,184.0
11151,668,2026-01-11,62.97
11152,668,2026-06-14,101.06
11153,668,2026-02-27,113.2
11154,668,2026-02-06,109.63
11155,668,2026-07-12,78.71
11156,668,2026-05-04,166.59
11157,668,2026-06-19,35.16
11158,668,2026-08-21,55.01
11159,668,2025-10-12,121.32
11160,669,2026-04-15,162.97
11161,669,2026-04-11,200.4
11162,669,2025-12-29,80.51
11163,669,2026-01-28,158.65
11164,669,2026-03-30,86.65
11165,669,2026-02-07,137.25
11166,670,2026-09-23,51.11
11167,670,2025-11-13,103.45
11168,670,2025-12-03,32.46
11169,670,2026-04-22,38.01
11170,670,2025-11-05,96.4
11171,670,2026-08-27,41.98
11172,670,2025-12-06,68.44
11173,670,2026-02-25,47.83
11174,670,2026-02-22,40.62
11175,670,2025-10-19,70.14
11176,670,2026-06-19,56.82
11177,670,2026-07-14,22.56
11178,670,2026-01-27,48.65
11179,670,2025-12-28,28.76
11180,670,2026-09-22,79.73
11181,670,2026-03-26,99.07
11182,670,2026-05-09,104.58
11183,670,2025-11-30,52.85
11184,670,2025-11-16,36.56
11185,670,2026-08-04,52.01
11186,670,2026-02-25,29.48
11187,670,2026-01-04,129.3
11188,670,2026-06-21,77.02
11189,670,2025-10-20,51.61
11190,670,2025-11-04,70.48
11191,670,2026-07-23,36.07
11192,670,2026-09-18,27.33
11193,670,2026-02-26,16.62
11194,670,2025-11-07,46.71
11195,670,2026-01-19,40.98
11196,670,2025-12-22,56.85
11197,670,2026-01-05,45.27
11198,670,2026-08-01,55.7
11199,670,2026-08-30,64.82
11200,671,2026-09-18,339.79
11201,671,2026-08-27,271.77
11202,671,2026-08-09,203.39
11203,671,2026-01-04,180.75
11204,671,2026-09-10,205.55
11205,671,2026-07-13,207.2
11206,671,2025-10-28,652.33
11207,671,2026-02-03,108.99
11208,671,2026-04-10,138.42
11209,671,2026-07-31,129.58
11210,671,2025-11-20,237.05
11211,671,2025-11-20,232.87
11212,671,2026-09-02,162.26
11213,671,2025-12-27,314.3
11214,671,2026-05-24,248.01
11215,671,2026-01-18,320.3
11216,671,2026-06-05,360.92
11217,671,2026-09-13,80.49
11218,671,2025-12-23,285.9
11219,671,2025-11-23,117.52
11220,671,2026-01-17,234.94
11221,671,2026-07-26,203.22
11222,671,2026-04-10,207.16
11223,671,2026-03-12,122.12
11224,671,2025-12-08,333.89
11225,671,2025-12-14,117.49
11226,671,2025-11-05,294.37
11227,672,2026-07-27,50.53
11228,672,2026-01-16,72.32
11229,672,2026-07-13,23.77
11230,672,2026-05-16,38.87
11231,672,2026-02-11,63.89
11232,672,2026-04-06,27.54
11233,672,2026-03-19,43.72
11234,672,2025-10-19,30.29
11235,672,2026-07-26,65.27
11236,672,2025-11-15,53.84
11237,672,2026-07-17,61.2
11238,672,2026-02-21,66.6
11239,672,2026-06-18,40.62
11240,672,2026-03-04,70.68
11241,672,2025-10-28,34.51
11242,672,2026-07-18,59.63
11243,672,2026-02-23,18.54
11244,672,2026-03-08,32.16
11245,672,2026-03-12,127.58
11246,672,2026-01-18,59.24
11247,672,2026-04-19,59.25
11248,672,2025-12-02,31.06
11249,672,2026-05-16,27.5
11250,672,2026-04-10,39.95
11251,673,2026-07-20,49.87
11252,673,2026-03-02,35.06
11253,673,2026-05-06,134.57
11254,673,2026-06-28,71.17
11255,673,2025-11-21,107.76
11256,673,2026-02-19,79.93
11257,673,2025-10-09,88.62
11258,673,2026-04-13,68.94
11259,673,2026-05-15,86.95
11260,673,2026-05-01,116.69
11261,673,2026-03-20,79.5
11262,673,2026-06-08,77.48
11263,673,2026-06-11,118.3
11264,674,2026-04-15,29.74
11265,674,2025-12-02,31.99
11266,674,2026-01-27,34.69
11267,674,2026-02-01,19.2
11268,674,2025-11-10,27.01
11269,675,2026-06-27,29.58
11270,675,2026-01-19,40.95
11271,675,2026-05-04,55.74
11272,675,2025-10-12,14.54
11273,675,2025-12-06,23.78
11274,676,2026-08-11,66.43
11275,676,2025-10-19,34.29
11276,676,2026-05-25,37.05
11277,676,2026-06-02,28.98
11278,676,2026-02-03,75.47
11279,676,2026-05-20,50.83
11280,676,2026-05-13,34.15
11281,676,2026-05-25,19.02
11282,676,2026-02-22,139.27
11283,676,2025-12-15,109.66
11284,676,2026-03-14,86.15
11285,676,2025-10-31,32.79
11286,676,2026-05-18,35.92
11287,676,2025-11-14,53.89
11288,676,2025-12-17,30.1
11289,676,2026-07-19,28.83
11290,676,2026-01-10,86.75
11291,676,2025-09-28,43.9
11292,676,2026-01-06,27.19
11293,676,2026-05-21,69.09
11294,676,2026-03-26,34.76
11295,676,2025-11-06,18.47
11296,676,2026-05-02,27.0
11297,676,2026-03-12,35.67
11298,677,2026-09-03,125.36
11299,677,2026-02-13,52.31
11300,677,2026-02-07,191.5
11301,677,2026-04-01,202.08
11302,677,2026-07-21,116.09
11303,677,2026-01-15,94.78
11304,677,2026-05-26,82.72
11305,677,2026-06-02,88.09
11306,677,2025-11-07,108.2
11307,677,2026-01-21,93.71
11308,677,2026-04-04,139.99
11309,677,2025-12-04,59.54
11310,677,2025-12-26,179.01
11311,677,2026-03-22,74.41
11312,677,2025-10-03,64.34
11313,677,2026-08-25,105.95
11314,677,2026-03-18,109.04
11315,677,2026-04-14,41.19
11316,677,2026-07-24,72.48
11317,678,2026-09-16,80.52
11318,678,2026-01-01,28.63
11319,678,2026-05-25,70.29
11320,678,2026-07-09,154.13
11321,678,2025-11-14,60.98
11322,678,2026-06-26,76.67
11323,678,2026-02-21,72.77
11324,678,2026-05-14,35.02
11325,678,2026-02-10,51.28
11326,678,2025-12-08,29.26
11327,678,2026-03-04,80.41
11328,678,2026-07-26,27.61
11329,678,2026-06-06,61.69
11330,678,2026-06-22,74.88
11331,678,2026-01-14,36.07
11332,678,2026-01-13,32.53
11333,678,2026-07-27,41.69
11334,678,2026-02-10,30.12
11335,678,2026-04-04,48.28
11336,678,2026-04-20,29.79
11337,678,2025-11-15,30.77
11338,678,2026-08-26,57.56
11339,678,2026-01-01,59.42
11340,678,2026-03-02,39.43
11341,678,2026-06-16,21.45
11342,678,2026-06-27,76.21
11343,678,2026-07-20,36.78
11344,678,2026-02-11,113.83
11345,678,2026-01-26,42.4
11346,678,2026-06-11,47.84
11347,678,2026-05-04,37.05
11348,679,2026-09-18,315.04
11349,679,2025-10-03,344.97
11350,679,2026-08-03,154.69
11351,679,2026-08-02,206.46
11352,679,2026-09-17,219.37
11353,679,2025-10-10,256.57
11354,679,2026-09-01,509.89
11355,679,2025-12-25,181.52
11356,679,2026-02-04,181.02
11357,679,2025-11-26,194.07
11358,679,2026-04-10,137.43
11359,679,2025-10-29,96.75
11360,679,2026-04-03,223.03
11361,679,2026-07-17,266.24
11362,679,2025-10-30,210.23
11363,679,2026-04-20,204.16
11364,679,2026-09-16,140.15
11365,679,2026-01-28,235.26
11366,679,2026-05-27,226.68
11367,679,2025-11-28,260.03
11368,679,2026-07-26,242.93
11369,679,2025-12-28,250.72
11370,679,2025-11-25,380.15
11371,679,2026-08-06,271.67
11372,679,2026-02-21,260.7
11373,679,2026-01-30,95.87
11374,679,2025-10-23,337.37
11375,679,2026-06-05,183.66
11376,679,2026-03-28,217.62
11377,679,2026-04-26,118.43
11378,679,2026-05-08,537.83
11379,679,2025-09-28,68.97
11380,679,2026-01-27,410.25
11381,679,2026-07-24,254.28
11382,679,2025-11-13,89.1
11383,679,2026-08-12,525.05
11384,679,2025-11-09,264.62
11385,679,2026-04-25,72.67
11386,679,2026-01-19,173.64
11387,679,2025-11-13,267.1
11388,680,2026-08-06,85.25
11389,680,2025-11-26,82.4
11390,680,2025-11-05,38.16
11391,680,2026-01-24,43.35
11392,680,2026-03-29,63.69
11393,680,2026-02-03,80.15
11394,680,2026-05-06,31.18
11395,680,2026-06-25,28.1
11396,680,2026-04-02,50.91
11397,680,2026-06-14,27.14
11398,680,2026-07-08,18.75
11399,680,2025-12-14,31.11
11400,680,2025-11-15,54.29
11401,680,2025-12-14,90.54
11402,680,2025-10-22,32.71
11403,680,2026-03-07,42.55
11404,680,2026-01-06,48.26
11405,680,2026-06-04,33.61
11406,680,2026-03-19,32.44
11407,680,2026-07-06,52.32
11408,680,2026-01-25,26.25
11409,680,2026-03-22,31.86
11410,680,2026-02-14,41.08
11411,680,2025-11-10,52.03
11412,680,2026-07-21,22.76
11413,680,2026-03-19,42.43
11414,680,2026-04-04,25.17
11415,680,2025-12-16,33.07
11416,680,2026-01-12,64.17
11417,681,2026-09-08,171.84
11418,681,2025-10-21,210.45
11419,681,2025-10-15,127.11
11420,681,2026-03-03,144.65
11421,681,2026-07-24,526.09
11422,681,2026-08-29,153.43
11423,681,2025-11-22,81.39
11424,681,2026-03-08,244.95
11425,681,2026-05-17,152.71
11426,681,2026-09-04,234.36
11427,681,2026-02-23,201.71
11428,681,2025-11-07,268.96
11429,681,2025-11-22,200.79
11430,681,2025-12-28,189.65
11431,681,2026-08-22,352.01
11432,681,2025-12-19,77.4
11433,681,2026-01-15,115.66
11434,681,2025-11-20,144.87
11435,681,2026-07-19,98.04
11436,681,2025-11-12,169.25
11437,681,2026-01-02,161.9
11438,681,2025-12-16,325.62
11439,681,2026-07-15,201.82
11440,681,2025-11-15,190.81
11441,681,2026-09-01,177.01
11442,682,2026-08-12,101.69
11443,682,2025-09-26,89.85
11444,682,2026-05-13,177.95
11445,682,2026-01-13,79.32
11446,683,2026-09-05,194.58
11447,683,2026-07-12,109.86
11448,683,2026-05-10,185.19
11449,683,2026-02-26,109.73
11450,683,2026-05-04,225.86
11451,683,2026-06-15,173.35
11452,683,2026-08-21,293.92
11453,683,2026-01-28,365.02
11454,683,2026-08-15,211.01
11455,683,2026-07-17,313.96
11456,683,2026-06-16,391.2
11457,683,2026-01-01,138.68
11458,683,2026-07-25,400.55
11459,683,2026-05-17,206.54
11460,683,2026-08-11,135.21
11461,683,2026-03-16,240.19
11462,683,2026-07-05,203.3
11463,683,2026-07-12,111.49
11464,683,2026-05-18,127.95
11465,683,2026-06-09,438.74
11466,683,2026-08-20,238.05
11467,683,2026-04-03,409.08
11468,683,2026-03-16,174.1
11469,683,2026-03-31,146.4
11470,683,2026-04-06,98.46
11471,683,2025-09-26,324.63
11472,683,2026-06-03,252.62
11473,683,2026-05-13,174.81
11474,683,2026-03-13,147.0
11475,683,2026-08-07,348.7
11476,683,2025-09-29,193.9
11477,683,2026-03-09,194.84
11478,683,2026-01-08,160.25
11479,683,2026-05-17,174.82
11480,683,2026-01-10,268.99
11481,683,2025-11-07,111.02
11482,683,2026-02-18,217.77
11483,683,2026-06-25,322.83
11484,683,2026-01-13,202.14
11485,684,2026-08-21,96.78
11486,684,2025-11-12,37.95
11487,684,2026-06-16,46.09
11488,684,2026-08-20,19.73
11489,684,2026-01-06,74.38
11490,684,2026-06-14,81.99
11491,684,2026-03-03,26.37
11492,684,2026-07-19,76.35
11493,684,2026-01-17,24.65
11494,684,2026-06-27,59.81
11495,684,2026-05-31,39.53
11496,684,2026-07-04,82.1
11497,684,2025-10-23,50.34
11498,684,2026-01-28,68.43
11499,684,2026-01-14,78.54
11500,684,2026-04-09,39.48
11501,684,2025-11-11,44.42
11502,684,2026-07-31,27.29
11503,684,2026-04-07,39.32
11504,684,2026-07-25,107.11
11505,685,2026-02-14,12.21
11506,685,2026-02-14,49.37
11507,685,2025-12-19,10.88
11508,686,2026-03-25,75.06
11509,686,2026-02-12,91.03
11510,686,2025-09-29,195.63
11511,686,2026-01-21,129.48
11512,686,2026-02-03,70.38
11513,686,2026-01-02,82.71
11514,686,2026-02-03,198.0
11515,686,2025-10-09,94.4
11516,686,2025-12-05,135.12
11517,686,2025-11-11,150.85
11518,686,2026-03-12,22.54
11519,686,2026-02-10,185.48
11520,687,2026-08-04,43.94
11521,687,2026-01-30,28.54
11522,687,2026-06-12,54.77
11523,687,2026-03-20,22.22
11524,687,2026-03-11,46.76
11525,687,2025-10-15,48.13
11526,687,2026-03-06,47.4
11527,687,2025-12-11,66.0
11528,687,2026-07-08,62.18
11529,687,2026-07-17,122.35
11530,687,2026-04-03,35.65
11531,687,2026-04-24,51.03
11532,687,2025-10-19,49.58
11533,687,2026-03-04,48.54
11534,687,2026-03-05,25.47
11535,687,2025-11-11,26.42
11536,687,2025-11-07,45.13
11537,687,2025-12-04,22.14
11538,687,2026-03-20,38.72
11539,687,2026-05-29,33.62
11540,687,2026-07-24,39.35
11541,687,2026-07-20,74.9
11542,687,2025-11-22,27.7
11543,687,2026-06-24,66.56
11544,688,2026-08-10,240.27
11545,688,2026-06-02,137.13
11546,688,2026-01-03,67.86
11547,688,2025-12-15,239.25
11548,688,2026-08-05,52.59
11549,688,2026-04-10,38.23
11550,688,2026-05-28,207.14
11551,688,2025-11-30,117.98
11552,688,2026-01-16,38.69
11553,688,2026-02-21,48.91
11554,688,2026-05-31,115.34
11555,688,2026-03-10,60.84
11556,688,2025-10-07,64.91
11557,688,2025-09-27,218.04
11558,688,2026-06-20,236.63
11559,688,2026-03-09,96.14
11560,689,2026-09-23,30.22
11561,689,2025-12-26,43.19
11562,689,2026-01-21,45.18
11563,690,2026-09-02,83.5
11564,690,2026-07-26,49.2
11565,690,2026-07-10,66.36
11566,690,2026-01-14,67.07
11567,690,2026-02-01,29.4
11568,690,2025-11-11,35.58
11569,690,2025-10-11,71.67
11570,690,2026-06-12,102.77
11571,690,2026-05-26,46.3
11572,690,2025-10-12,33.93
11573,690,2026-07-24,95.94
11574,690,2025-10-25,33.94
11575,690,2026-07-12,52.18
11576,690,2026-04-12,37.12
11577,690,2026-07-17,50.79
11578,690,2025-10-03,29.41
11579,690,2026-03-15,38.02
11580,690,2025-11-05,33.93
11581,690,2026-08-23,60.62
11582,690,2026-08-20,48.43
11583,690,2026-03-04,66.87
11584,690,2026-08-19,31.03
11585,690,2026-02-28,40.97
11586,690,2026-01-04,59.62
11587,690,2026-03-19,66.23
11588,690,2025-12-08,23.48
11589,690,2026-07-30,51.92
11590,690,2026-06-09,31.21
11591,691,2026-07-03,81.42
11592,691,2026-02-03,124.79
11593,691,2026-05-31,97.85
11594,691,2025-11-10,78.34
11595,691,2026-01-19,66.67
11596,691,2026-03-24,76.54
11597,692,2026-08-03,107.84
11598,692,2026-02-04,95.15
11599,692,2026-08-03,92.02
11600,692,2025-11-05,110.65
11601,692,2026-01-21,91.9
11602,692,2025-11-11,111.0
11603,692,2026-04-22,66.58
11604,692,2026-07-02,67.52
11605,692,2026-04-23,66.44
11606,692,2026-07-29,76.37
11607,692,2026-05-01,141.99
11608,692,2026-07-03,73.1
11609,692,2026-05-29,120.71
11610,693,2026-09-09,73.09
11611,693,2026-01-30,123.58
11612,693,2026-03-02,47.55
11613,693,2025-12-07,90.48
11614,693,2026-04-22,131.81
11615,693,2026-02-07,55.48
11616,693,2025-12-13,125.32
11617,693,2026-07-30,130.09
11618,693,2025-10-04,80.06
11619,694,2026-06-23,95.92
11620,694,2026-06-06,87.97
11621,694,2026-03-20,123.06
11622,694,2026-03-03,108.31
11623,694,2025-12-14,81.17
11624,694,2026-05-15,110.48
11625,694,2025-11-23,79.97
11626,695,2026-09-05,119.32
11627,695,2026-07-07,62.21
11628,695,2026-01-16,151.67
11629,695,2026-02-20,65.19
11630,695,2026-06-10,218.73
11631,695,2026-03-02,99.64
11632,695,2026-01-29,114.89
11633,696,2026-09-10,75.16
11634,696,2025-11-16,40.19
11635,696,2026-06-25,57.78
11636,696,2026-04-25,52.66
11637,696,2025-12-08,41.6
11638,696,2025-10-02,47.27
11639,696,2025-11-16,74.16
11640,696,2026-05-28,92.43
11641,696,2026-06-19,40.18
11642,696,2025-10-14,24.92
11643,696,2026-01-13,94.28
11644,696,2026-07-05,94.82
11645,696,2026-01-27,53.88
11646,696,2026-05-21,100.82
11647,696,2026-07-18,52.15
11648,696,2026-07-15,29.89
11649,696,2026-05-01,24.93
11650,696,2026-06-19,24.83
11651,696,2025-12-10,45.09
11652,697,2026-02-10,21.74
11653,697,2026-01-20,24.16
11654,698,2026-06-11,17.6
11655,698,2026-05-23,35.41
11656,698,2026-03-22,30.85
11657,698,2026-01-10,44.82
11658,699,2025-10-30,53.03
11659,699,2025-10-21,41.61
11660,700,2026-01-23,123.23
11661,700,2025-11-06,100.66
11662,700,2025-10-08,39.8
11663,701,2026-07-05,82.56
11664,701,2025-10-13,54.48
11665,701,2026-02-12,58.62
11666,701,2026-03-18,164.3
11667,701,2025-11-10,207.5
11668,701,2025-10-12,64.55
11669,701,2025-11-18,108.27
11670,701,2025-11-13,51.7
11671,701,2026-05-18,67.65
11672,701,2025-11-02,118.02
11673,701,2026-06-29,83.14
11674,702,2026-07-13,160.55
11675,702,2026-03-29,58.02
11676,702,2025-10-25,76.86
11677,702,2026-01-09,153.18
11678,703,2026-09-19,254.53
11679,703,2026-03-16,199.61
11680,703,2025-12-19,284.74
11681,703,2025-11-01,117.68
11682,703,2026-04-20,183.15
11683,703,2026-07-08,324.17
11684,703,2026-03-09,323.78
11685,703,2026-01-24,305.92
11686,703,2026-05-23,332.43
11687,703,2026-04-04,177.59
11688,703,2025-10-25,97.49
11689,703,2025-12-18,186.91
11690,703,2026-02-13,279.58
11691,703,2025-10-17,300.92
11692,703,2026-09-14,165.72
11693,703,2026-03-12,135.84
11694,703,2026-06-16,142.06
11695,703,2026-06-09,164.43
11696,703,2025-12-12,89.42
11697,704,2026-08-26,42.76
11698,704,2025-12-02,69.55
11699,704,2026-03-22,70.11
11700,704,2026-04-03,123.63
11701,704,2026-06-19,89.96
11702,704,2026-07-29,374.24
11703,705,2026-09-13,53.26
11704,705,2025-10-09,110.62
11705,705,2026-03-14,45.1
11706,705,2026-03-05,111.16
11707,705,2025-12-13,145.83
11708,706,2026-08-05,57.48
11709,706,2025-12-11,21.72
11710,706,2025-12-31,43.35
11711,706,2026-01-22,66.5
11712,706,2026-03-26,87.03
11713,706,2026-05-27,62.37
11714,706,2025-11-17,22.73
11715,706,2025-11-03,28.0
11716,706,2026-05-19,38.51
11717,706,2025-10-28,84.45
11718,706,2026-01-22,34.24
11719,706,2026-04-19,72.46
11720,706,2026-05-30,34.0
11721,706,2026-02-01,57.19
11722,706,2026-08-01,29.48
11723,706,2026-04-28,41.24
11724,706,2026-01-01,27.04
11725,706,2026-03-03,86.15
11726,706,2026-06-21,32.92
11727,706,2026-06-17,22.43
11728,706,2025-12-31,21.65
11729,706,2025-11-16,43.3
11730,707,2026-08-29,108.41
11731,707,2026-01-08,79.91
11732,707,2026-02-18,95.93
11733,707,2025-12-09,114.12
11734,707,2026-04-04,42.15
11735,707,2026-06-07,116.31
11736,707,2026-07-17,52.32
11737,707,2026-01-31,69.42
11738,707,2026-01-28,38.41
11739,707,2025-12-24,120.83
11740,707,2025-11-19,42.09
11741,707,2025-09-28,52.44
11742,707,2026-06-27,54.18
11743,707,2026-04-05,84.93
11744,707,2026-05-12,83.78
11745,707,2025-11-08,129.69
11746,708,2026-08-12,92.04
11747,708,2026-06-20,193.31
11748,708,2026-02-16,73.02
11749,708,2026-08-08,100.28
11750,708,2026-05-25,41.72
11751,708,2026-01-31,47.28
11752,708,2025-11-13,203.7
11753,708,2026-07-13,118.79
11754,708,2026-04-26,81.79
11755,708,2026-04-09,93.23
11756,708,2025-11-08,48.85
11757,708,2025-12-03,74.23
11758,708,2025-10-19,46.7
11759,708,2026-01-25,78.8
11760,709,2026-09-24,103.08
11761,709,2026-07-24,27.78
11762,709,2026-03-10,66.52
11763,709,2026-08-15,35.05
11764,709,2026-06-06,53.93
11765,709,2025-12-18,54.47
11766,709,2026-05-28,15.72
11767,709,2025-10-30,23.63
11768,709,2025-10-10,91.89
11769,709,2025-12-19,40.17
11770,709,2026-09-24,110.76
11771,709,2025-12-25,81.14
11772,709,2025-10-02,40.75
11773,709,2025-12-23,39.17
11774,709,2026-02-04,94.49
11775,709,2026-02-14,115.93
11776,709,2026-03-28,39.55
11777,709,2026-06-26,89.91
11778,709,2026-04-04,71.53
11779,709,2025-10-28,77.31
11780,709,2026-08-24,47.1
11781,710,2026-09-20,30.37
11782,710,2026-08-05,58.72
11783,710,2025-11-18,44.06
11784,710,2026-09-20,39.09
11785,710,2026-06-07,30.44
11786,710,2026-05-16,85.67
11787,710,2026-05-03,62.66
11788,710,2026-01-02,33.12
11789,710,2026-08-15,24.41
11790,710,2026-06-10,19.24
11791,710,2026-09-01,75.07
11792,710,2026-02-27,67.75
11793,710,2025-10-08,72.07
11794,710,2025-10-04,42.63
11795,710,2026-09-03,64.67
11796,710,2026-08-09,71.44
11797,710,2026-02-27,43.61
11798,710,2026-06-16,38.3
11799,710,2026-06-29,29.0
11800,710,2026-01-17,54.51
11801,710,2026-06-02,57.88
11802,710,2026-02-17,37.48
11803,710,2026-09-06,39.52
11804,710,2025-10-03,40.81
11805,710,2026-08-21,64.25
11806,710,2026-09-08,24.25
11807,710,2026-04-23,27.37
11808,711,2026-08-14,88.46
11809,711,2025-11-04,60.21
11810,711,2025-12-06,170.9
11811,711,2026-04-28,102.95
11812,711,2025-10-10,123.44
11813,711,2026-05-27,66.45
11814,711,2025-12-08,191.67
11815,711,2026-06-07,83.9
11816,711,2025-12-28,142.36
11817,711,2026-07-23,69.24
11818,711,2026-01-06,97.1
11819,711,2026-03-20,115.68
11820,711,2026-02-07,220.91
11821,711,2026-08-01,73.84
11822,711,2026-04-17,98.59
11823,711,2026-06-24,117.47
11824,712,2025-10-30,59.85
11825,712,2025-10-23,23.26
11826,712,2025-10-27,25.38
11827,713,2026-07-24,89.76
11828,713,2025-12-04,66.07
11829,713,2025-12-16,79.51
11830,713,2026-04-29,164.71
11831,713,2026-04-05,163.27
11832,713,2026-04-07,98.22
11833,713,2026-06-10,70.92
11834,713,2026-03-04,146.5
11835,713,2026-02-13,186.82
11836,713,2026-05-24,46.79
11837,713,2026-05-02,81.06
11838,713,2026-03-04,151.41
11839,713,2026-06-25,93.03
11840,713,2026-01-28,72.24
11841,713,2026-04-11,97.82
11842,714,2026-09-04,63.78
11843,714,2026-08-19,104.84
11844,714,2026-08-06,130.55
11845,714,2025-12-03,159.44
11846,714,2025-10-14,83.46
11847,714,2026-04-04,81.23
11848,714,2026-07-18,95.46
11849,714,2026-02-14,97.03
11850,714,2026-08-24,63.59
11851,714,2026-05-04,173.8
11852,714,2026-02-23,90.9
11853,714,2025-11-06,114.48
11854,714,2026-07-27,108.94
11855,714,2026-02-08,107.94
11856,714,2026-08-26,57.28
11857,714,2026-03-28,89.74
11858,715,2026-08-19,101.75
11859,715,2026-01-12,85.64
11860,715,2026-03-23,60.51
11861,715,2026-03-13,191.17
11862,715,2025-10-19,126.01
11863,715,2026-02-24,63.18
11864,715,2026-04-30,113.59
11865,715,2026-04-16,48.16
11866,715,2026-05-12,66.77
11867,715,2026-07-02,163.57
11868,715,2025-12-30,105.42
11869,715,2025-12-12,101.68
11870,715,2026-06-15,140.32
11871,715,2026-03-23,118.5
11872,715,2025-12-16,79.84
11873,716,2026-09-15,64.66
11874,716,2026-01-10,111.52
11875,716,2026-07-18,188.67
11876,716,2025-10-31,111.52
11877,716,2026-08-08,189.8
11878,716,2026-02-24,88.74
11879,717,2026-09-09,91.31
11880,717,2026-05-26,32.89
11881,717,2026-04-23,22.15
11882,717,2026-03-03,26.91
11883,717,2026-08-16,33.84
11884,717,2026-08-30,73.23
11885,717,2026-01-10,25.1
11886,717,2026-08-10,26.65
11887,717,2025-10-29,54.21
11888,717,2026-01-28,65.95
11889,717,2025-12-01,22.41
11890,717,2026-03-29,20.27
11891,717,2026-01-08,31.59
11892,717,2026-07-07,60.49
11893,717,2026-01-31,48.0
11894,717,2026-05-24,32.11
11895,717,2025-12-14,62.77
11896,717,2026-05-04,47.59
11897,717,2025-12-12,42.87
11898,717,2025-11-01,21.76
11899,718,2026-09-18,541.91
11900,718,2026-09-16,162.5
11901,718,2025-10-20,223.37
11902,718,2026-01-24,241.4
11903,718,2025-10-18,314.3
11904,718,2026-09-07,386.99
11905,718,2026-01-09,219.04
11906,718,2026-05-29,128.31
11907,718,2026-08-23,152.51
11908,718,2026-05-31,223.93
11909,718,2025-10-19,348.05
11910,718,2026-04-22,109.53
11911,718,2025-10-25,124.04
11912,718,2026-08-08,295.25
11913,718,2026-01-27,117.33
11914,718,2026-04-15,126.58
11915,718,2026-06-03,350.22
11916,718,2026-03-09,190.09
11917,718,2026-02-11,183.66
11918,718,2026-09-09,388.71
11919,718,2026-01-27,130.16
11920,718,2026-06-03,118.9
11921,718,2025-12-05,437.14
11922,718,2026-07-17,233.25
11923,718,2026-06-08,285.14
11924,718,2025-10-05,182.57
11925,718,2026-06-22,200.16
11926,718,2026-08-03,153.0
11927,718,2026-03-05,242.32
11928,718,2026-02-06,305.28
11929,718,2026-02-28,229.36
11930,718,2026-04-28,338.5
11931,718,2026-08-11,282.93
11932,718,2026-06-08,131.01
11933,718,2026-08-29,196.76
11934,718,2025-11-17,171.63
11935,718,2026-06-18,294.76
11936,719,2026-07-12,38.47
11937,719,2026-01-01,29.98
11938,719,2025-10-06,16.6
11939,720,2026-09-18,52.17
11940,720,2026-04-29,118.16
11941,720,2025-12-02,95.42
11942,720,2025-10-28,78.12
11943,720,2026-02-19,110.59
11944,720,2026-05-14,91.67
11945,720,2026-02-18,94.59
11946,720,2026-05-14,78.51
11947,720,2026-07-07,56.68
11948,720,2026-05-19,192.65
11949,720,2026-03-31,169.02
11950,720,2026-06-29,184.08
11951,720,2026-05-29,70.61
11952,720,2026-02-28,66.22
11953,721,2026-09-06,55.14
11954,721,2026-02-09,61.71
11955,721,2026-08-23,30.13
11956,721,2025-10-29,39.99
11957,721,2026-05-25,40.41
11958,721,2025-09-30,22.28
11959,721,2026-06-20,76.66
11960,721,2026-08-08,41.44
11961,721,2026-07-23,41.64
11962,721,2026-04-26,53.22
11963,721,2025-10-22,22.3
11964,721,2026-02-27,68.08
11965,721,2026-07-25,72.2
11966,721,2026-05-19,47.94
11967,721,2026-03-21,55.4
11968,721,2026-03-02,38.86
11969,721,2025-11-20,66.36
11970,721,2026-08-22,31.07
11971,721,2026-09-05,44.35
11972,721,2025-12-31,45.56
11973,721,2026-07-31,44.22
11974,721,2026-01-13,72.8
11975,721,2026-05-11,120.46
11976,721,2026-04-25,42.83
11977,722,2026-08-18,65.38
11978,722,2026-07-01,134.82
11979,722,2026-07-26,35.72
11980,722,2026-03-12,13.04
11981,722,2025-12-11,60.25
11982,722,2026-07-22,35.13
11983,722,2025-12-18,102.0
11984,722,2026-06-03,44.31
11985,722,2026-06-19,31.98
11986,722,2026-06-18,28.53
11987,722,2026-02-27,59.56
11988,722,2026-02-04,39.76
11989,722,2026-03-21,87.11
11990,722,2026-02-01,40.93
11991,722,2025-11-28,85.05
11992,722,2025-11-20,24.18
11993,722,2025-12-23,20.58
11994,722,2026-03-01,65.35
11995,722,2026-06-08,36.51
11996,722,2025-12-18,39.97
11997,722,2026-01-10,28.54
11998,722,2025-11-01,27.61
11999,722,2025-12-29,59.9
12000,723,2026-09-16,235.87
12001,723,2026-07-31,286.5
12002,723,2025-11-30,332.08
12003,723,2025-10-22,180.75
12004,723,2026-07-27,407.33
12005,723,2025-10-26,158.38
12006,723,2026-09-06,128.26
12007,723,2026-03-17,248.45
12008,723,2025-11-26,224.11
12009,723,2026-07-01,223.95
12010,723,2025-10-14,331.62
12011,723,2025-10-02,220.28
12012,723,2026-04-18,241.77
12013,723,2025-11-03,387.2
12014,723,2026-08-19,236.78
12015,723,2026-03-15,262.31
12016,723,2026-06-04,110.96
12017,723,2026-02-06,1119.6
12018,723,2026-06-19,102.64
12019,723,2026-04-13,164.75
12020,723,2025-12-30,162.52
12021,723,2026-07-05,542.24
12022,723,2025-11-21,160.27
12023,723,2026-01-17,256.2
12024,723,2026-06-19,163.02
12025,723,2026-01-21,131.51
12026,723,2026-05-26,271.45
12027,723,2026-03-06,151.95
12028,723,2026-02-11,230.56
12029,723,2025-12-01,278.42
12030,723,2026-05-15,495.29
12031,723,2026-04-09,119.0
12032,723,2026-04-12,196.04
12033,723,2025-11-14,199.73
12034,723,2025-11-21,210.09
12035,723,2026-07-01,667.19
12036,723,2026-08-10,194.24
12037,723,2025-10-09,67.55
12038,723,2026-07-19,192.06
12039,724,2026-09-07,126.17
12040,724,2026-06-28,54.02
12041,724,2026-05-14,111.22
12042,724,2026-03-29,216.75
12043,724,2026-07-04,93.87
12044,724,2025-11-30,33.55
12045,724,2026-03-17,91.46
12046,724,2025-12-05,111.72
12047,724,2025-11-07,135.0
12048,724,2026-08-05,174.67
12049,724,2025-11-12,178.73
12050,724,2026-05-24,84.85
12051,724,2026-05-17,66.89
12052,724,2026-04-01,54.41
12053,724,2026-05-27,70.59
12054,725,2026-09-21,268.02
12055,725,2026-05-22,163.99
12056,725,2025-10-21,205.35
12057,725,2026-08-15,253.35
12058,725,2026-01-14,420.92
12059,725,2025-10-19,241.06
12060,725,2026-07-03,133.7
12061,725,2026-04-24,236.91
12062,725,2026-03-01,194.97
12063,725,2025-12-15,85.43
12064,725,2026-01-16,91.54
12065,725,2025-09-29,203.81
12066,725,2026-03-04,211.69
12067,725,2025-11-10,183.91
12068,725,2026-03-18,312.62
12069,725,2026-06-01,137.87
12070,725,2026-01-21,112.54
12071,725,2026-04-29,144.83
12072,725,2026-01-27,159.61
12073,725,2026-01-30,204.58
12074,725,2026-08-26,146.67
12075,725,2026-03-11,80.1
12076,725,2026-09-17,66.08
12077,725,2026-04-26,221.97
12078,725,2026-01-27,126.35
12079,726,2026-08-29,268.81
12080,726,2026-01-21,79.73
12081,726,2026-02-18,209.85
12082,726,2026-07-04,247.84
12083,726,2026-02-05,169.66
12084,726,2026-03-06,127.85
12085,726,2026-04-21,282.69
12086,726,2026-06-08,136.25
12087,726,2026-01-01,272.07
12088,726,2026-02-22,131.17
12089,726,2026-04-06,165.15
12090,726,2026-06-24,322.91
12091,726,2026-07-20,261.71
12092,726,2026-06-18,212.99
12093,726,2026-02-01,207.19
12094,726,2026-08-14,218.73
12095,726,2026-08-05,147.07
12096,726,2025-09-29,106.12
12097,726,2026-05-31,271.3
12098,726,2026-07-22,418.07
12099,726,2025-10-07,275.62
12100,726,2026-04-11,235.45
12101,726,2026-08-29,121.91
12102,726,2026-04-10,311.64
12103,726,2026-08-23,260.8
12104,726,2026-05-19,295.65
12105,726,2025-10-14,334.41
12106,726,2025-12-04,428.72
12107,726,2026-04-10,127.16
12108,726,2026-05-07,117.57
12109,726,2026-02-13,224.48
12110,726,2026-01-30,138.65
12111,726,2025-12-16,128.26
12112,726,2026-02-27,363.64
12113,726,2026-08-03,133.36
12114,726,2025-11-10,208.96
12115,727,2026-05-02,86.89
12116,727,2025-11-16,164.08
12117,727,2026-01-27,162.7
12118,727,2026-01-15,121.32
12119,727,2026-01-09,113.87
12120,727,2026-02-02,268.63
12121,727,2025-12-23,82.37
12122,727,2025-10-08,117.03
12123,727,2026-04-10,80.55
12124,728,2026-09-18,173.36
12125,728,2025-11-01,176.71
12126,728,2026-09-12,189.85
12127,728,2026-03-14,312.28
12128,728,2025-11-12,473.43
12129,728,2026-07-22,333.35
12130,728,2026-02-23,210.9
12131,728,2026-09-16,140.12
12132,728,2025-11-24,283.59
12133,728,2026-01-27,444.33
12134,728,2025-10-08,329.87
12135,728,2026-06-03,230.58
12136,728,2025-12-30,168.52
12137,728,2025-12-17,245.29
12138,728,2026-09-07,353.07
12139,728,2025-12-21,233.14
12140,728,2026-01-07,200.45
12141,728,2026-02-11,154.14
12142,728,2026-03-01,673.41
12143,728,2025-12-06,140.64
12144,728,2026-08-12,134.91
12145,728,2026-05-01,226.09
12146,728,2026-06-14,191.76
12147,728,2025-11-20,332.82
12148,728,2026-07-20,337.92
12149,728,2026-08-28,121.59
12150,728,2025-10-22,149.47
12151,729,2026-08-30,24.27
12152,729,2025-11-08,36.9
12153,729,2026-03-07,36.36
12154,729,2026-05-17,41.68
12155,729,2026-08-02,42.48
12156,729,2026-05-18,91.05
12157,729,2026-04-03,40.97
12158,729,2026-08-02,20.77
12159,729,2026-05-11,46.88
12160,729,2025-10-20,98.81
12161,729,2026-06-03,41.74
12162,729,2026-04-19,36.95
12163,729,2026-01-24,39.23
12164,729,2025-11-04,58.53
12165,729,2025-10-22,39.15
12166,729,2025-11-28,22.75
12167,729,2026-07-12,33.26
12168,729,2026-07-24,43.71
12169,729,2025-12-22,57.27
12170,729,2025-11-03,34.62
12171,729,2026-02-01,39.38
12172,729,2025-10-25,45.92
12173,729,2026-01-16,31.72
12174,729,2026-05-04,43.18
12175,729,2025-11-17,55.53
12176,729,2025-12-17,26.38
12177,730,2026-09-18,43.13
12178,730,2026-05-07,43.0
12179,730,2025-12-15,50.89
12180,730,2025-11-14,22.05
12181,730,2026-07-19,44.04
12182,730,2026-06-26,55.12
12183,730,2026-09-17,30.56
12184,730,2026-04-17,55.28
12185,730,2026-06-16,20.67
12186,730,2026-02-06,46.94
12187,730,2026-03-05,82.32
12188,730,2026-02-22,40.78
12189,730,2026-01-26,28.98
12190,730,2025-09-26,23.7
12191,730,2026-08-11,53.65
12192,730,2026-06-12,68.32
12193,730,2026-04-22,43.88
12194,730,2026-08-24,36.53
12195,731,2026-09-11,118.71
12196,731,2025-11-06,117.82
12197,731,2026-06-03,67.75
12198,731,2025-10-28,80.45
12199,731,2025-10-14,107.37
12200,732,2026-09-06,175.54
12201,732,2026-03-30,112.55
12202,732,2026-04-29,288.22
12203,732,2026-08-17,274.17
12204,732,2025-11-04,449.22
12205,732,2025-09-28,443.53
12206,732,2025-10-22,225.29
12207,732,2026-02-20,332.83
12208,732,2025-11-11,236.2
12209,732,2026-09-06,173.26
12210,732,2026-04-19,185.3
12211,732,2026-07-31,279.95
12212,732,2026-02-15,1321.7
12213,732,2026-09-06,355.03
12214,732,2026-05-24,234.63
12215,732,2026-04-14,261.08
12216,732,2026-07-24,260.03
12217,732,2026-08-08,201.64
12218,732,2025-10-29,295.16
12219,732,2026-06-04,195.81
12220,732,2025-10-02,133.21
12221,732,2026-05-01,260.83
12222,732,2026-08-17,277.0
12223,732,2026-08-02,196.66
12224,732,2026-01-12,241.42
12225,732,2026-09-02,323.6
12226,732,2025-10-13,205.16
12227,732,2026-06-10,171.74
12228,732,2026-02-08,152.61
12229,732,2026-04-06,187.34
12230,732,2026-08-21,418.97
12231,732,2026-01-06,192.07
12232,732,2026-09-01,246.87
12233,732,2025-12-05,181.47
12234,732,2026-03-16,174.6
12235,732,2026-05-25,141.38
12236,732,2025-10-16,219.69
12237,732,2026-06-28,166.4
12238,732,2026-06-02,372.51
12239,732,2026-01-26,200.08
12240,732,2026-05-08,205.83
12241,732,2026-03-22,193.64
12242,732,2025-12-05,248.16
12243,732,2025-10-25,410.76
12244,733,2026-09-23,164.64
12245,733,2025-12-06,136.72
12246,733,2026-03-15,322.84
12247,733,2026-08-07,145.63
12248,733,2026-09-16,263.08
12249,733,2026-08-10,212.96
12250,733,2026-07-28,170.5
12251,733,2026-07-04,254.77
12252,733,2026-05-21,388.64
12253,733,2026-06-30,278.27
12254,733,2025-10-31,222.58
12255,733,2025-10-09,435.62
12256,733,2025-10-06,98.86
12257,733,2026-07-28,127.31
12258,733,2026-03-14,170.39
12259,733,2026-08-16,397.74
12260,733,2026-01-09,320.98
12261,733,2026-08-05,97.01
12262,733,2026-06-10,172.56
12263,733,2026-07-12,115.74
12264,733,2026-04-02,206.21
12265,733,2026-05-13,315.11
12266,733,2026-03-11,325.76
12267,733,2026-07-14,236.92
12268,733,2026-03-23,173.44
12269,733,2026-08-23,201.18
12270,733,2026-09-09,285.6
12271,733,2026-08-05,603.89
12272,733,2026-06-19,123.2
12273,733,2025-12-11,429.27
12274,733,2026-05-26,234.38
12275,733,2026-03-19,303.76
12276,733,2026-01-20,228.25
12277,733,2025-12-27,395.04
12278,733,2026-02-24,243.58
12279,734,2026-08-15,115.51
12280,734,2026-06-19,44.71
12281,734,2025-10-04,54.99
12282,734,2026-05-31,47.6
12283,734,2026-03-11,46.95
12284,734,2026-02-28,99.48
12285,734,2026-04-16,27.29
12286,734,2026-07-04,33.33
12287,734,2026-08-06,63.18
12288,734,2026-04-14,50.51
12289,734,2026-05-20,39.62
12290,734,2025-10-26,43.59
12291,734,2026-01-12,67.89
12292,734,2026-07-16,55.98
12293,734,2025-12-14,32.65
12294,734,2026-01-28,50.08
12295,734,2026-07-06,44.0
12296,734,2026-04-07,55.61
12297,734,2025-12-20,38.95
12298,734,2026-01-18,26.13
12299,735,2026-09-23,159.39
12300,735,2025-12-19,208.17
12301,735,2026-06-21,145.47
12302,735,2026-07-18,150.13
12303,735,2026-02-02,144.46
12304,735,2025-12-17,299.1
12305,735,2025-12-26,111.17
12306,735,2026-03-05,180.87
12307,735,2025-11-10,252.53
12308,735,2025-11-19,316.24
12309,735,2026-06-14,256.05
12310,735,2026-02-08,203.25
12311,735,2026-08-29,162.57
12312,735,2026-08-26,318.46
12313,735,2026-04-16,142.15
12314,735,2026-01-11,143.11
12315,735,2026-02-23,385.96
12316,735,2026-07-26,246.96
12317,735,2025-12-29,250.92
12318,735,2026-02-15,274.91
12319,735,2025-12-23,201.22
12320,735,2026-02-13,109.96
12321,735,2025-11-14,235.13
12322,735,2026-05-15,208.28
12323,735,2026-09-12,142.67
12324,735,2026-02-18,128.64
12325,735,2025-10-02,205.65
12326,735,2026-08-19,113.99
12327,735,2025-10-08,196.88
12328,735,2025-12-18,186.47
12329,735,2026-09-11,199.04
12330,735,2026-03-10,251.72
12331,735,2026-06-02,277.82
12332,735,2026-01-29,152.46
12333,735,2025-12-20,310.6
12334,735,2026-05-11,190.26
12335,735,2026-04-03,462.24
12336,735,2026-09-09,161.36
12337,735,2026-09-22,101.7
12338,735,2025-12-22,305.59
12339,736,2026-07-07,42.54
12340,736,2026-03-28,6.99
12341,736,2026-01-02,29.09
12342,736,2026-04-08,23.16
12343,736,2026-03-05,25.31
12344,737,2026-08-03,121.72
12345,737,2026-05-28,97.58
12346,737,2026-07-13,78.01
12347,737,2026-08-01,96.31
12348,737,2026-05-23,182.96
12349,737,2025-12-27,80.17
12350,737,2025-10-21,163.06
12351,737,2025-10-16,175.16
12352,737,2026-02-21,48.08
12353,737,2025-11-08,99.12
12354,737,2026-08-02,67.62
12355,737,2025-11-02,53.42
12356,737,2025-10-07,149.96
12357,738,2026-09-03,168.48
12358,738,2026-04-19,89.17
12359,738,2025-11-19,116.51
12360,739,2026-09-07,26.37
12361,739,2025-12-05,83.74
12362,739,2025-11-15,107.52
12363,739,2026-06-04,32.78
12364,739,2025-11-29,64.1
12365,739,2026-05-24,86.72
12366,739,2026-03-03,29.25
12367,739,2025-12-01,17.04
12368,739,2026-05-07,89.05
12369,739,2026-07-31,44.79
12370,739,2025-11-29,35.62
12371,739,2026-06-01,45.97
12372,739,2026-06-24,38.11
12373,739,2026-01-13,170.45
12374,739,2026-03-06,35.44
12375,739,2026-08-28,52.14
12376,739,2025-10-25,80.49
12377,739,2026-03-11,80.32
12378,739,2026-06-06,73.69
12379,739,2026-08-09,37.16
12380,739,2026-01-13,42.02
12381,739,2025-12-17,16.91
12382,739,2025-12-22,43.52
12383,740,2026-07-27,36.36
12384,740,2026-01-15,55.54
12385,740,2026-06-26,31.72
12386,740,2026-06-27,58.33
12387,740,2026-01-23,50.39
12388,740,2026-04-04,33.88
12389,740,2026-03-05,46.94
12390,740,2026-01-22,34.84
12391,740,2025-11-10,37.96
12392,740,2026-05-12,52.79
12393,740,2025-12-28,50.78
12394,740,2025-11-06,18.96
12395,740,2025-10-22,53.16
12396,740,2025-10-03,39.26
12397,740,2026-07-26,37.35
12398,740,2026-07-04,27.1
12399,740,2025-11-05,44.09
12400,740,2026-05-26,35.56
12401,740,2026-04-30,79.82
12402,740,2026-03-05,20.48
12403,740,2026-01-08,29.16
12404,740,2026-07-16,28.29
12405,740,2026-01-11,50.55
12406,740,2026-06-29,76.29
12407,740,2026-04-06,56.43
12408,740,2025-10-26,27.5
12409,740,2026-06-19,37.1
12410,740,2026-07-14,31.27
12411,740,2026-03-04,56.55
12412,740,2026-05-13,36.76
12413,741,2026-09-02,222.54
12414,741,2025-11-28,180.51
12415,741,2026-04-15,318.23
12416,741,2026-08-31,306.01
12417,741,2026-04-01,345.02
12418,741,2026-08-16,230.42
12419,741,2026-03-23,142.72
12420,741,2026-01-13,131.7
12421,741,2026-07-31,165.39
12422,741,2026-08-12,515.19
12423,741,2026-04-25,187.72
12424,741,2026-03-21,225.78
12425,741,2026-08-12,415.91
12426,741,2026-05-14,235.49
12427,741,2025-12-11,149.94
12428,741,2026-02-19,291.69
12429,741,2026-03-08,173.17
12430,741,2026-07-29,239.18
12431,741,2025-12-03,264.43
12432,741,2026-02-12,168.12
12433,741,2026-04-09,228.37
12434,741,2026-02-04,431.44
12435,741,2026-07-12,158.41
12436,741,2026-01-14,379.82
12437,741,2026-05-23,161.0
12438,741,2026-08-19,472.5
12439,741,2026-06-15,142.9
12440,741,2026-05-01,175.89
12441,741,2026-04-05,413.98
12442,741,2026-06-16,422.26
12443,741,2025-12-07,303.51
12444,741,2026-06-04,129.06
12445,741,2026-07-25,217.93
12446,741,2026-06-18,210.12
12447,741,2026-04-19,142.88
12448,741,2026-08-18,287.35
12449,742,2026-09-24,133.39
12450,742,2026-08-22,127.79
12451,742,2026-01-27,148.24
12452,742,2026-07-21,124.12
12453,742,2026-07-26,294.42
12454,742,2026-08-16,133.85
12455,742,2026-04-02,197.82
12456,742,2026-04-27,132.13
12457,742,2025-11-28,123.79
12458,742,2026-05-25,345.52
12459,742,2026-02-25,431.97
12460,742,2025-10-08,371.73
12461,742,2026-02-12,108.31
12462,742,2025-11-17,115.29
12463,742,2026-03-23,511.52
12464,742,2026-07-20,187.29
12465,742,2026-04-14,113.12
12466,742,2025-12-24,341.76
12467,742,2026-08-13,216.47
12468,742,2026-04-03,271.34
12469,742,2026-03-20,76.71
12470,742,2025-10-22,181.32
12471,742,2025-10-04,321.84
12472,742,2026-02-15,157.42
12473,742,2026-07-09,366.08
12474,742,2026-07-12,116.11
12475,743,2026-08-06,59.76
12476,743,2026-05-03,47.71
12477,743,2026-06-22,68.84
12478,743,2026-03-20,60.22
12479,743,2026-05-02,80.13
12480,743,2025-11-22,51.45
12481,743,2025-12-08,110.1
12482,743,2025-11-01,167.55
12483,743,2026-03-29,94.39
12484,743,2026-02-20,46.99
12485,743,2025-11-09,59.67
12486,743,2025-12-25,99.42
12487,743,2025-10-12,37.14
12488,744,2026-09-15,618.41
12489,744,2026-05-29,338.14
12490,744,2026-08-08,300.76
12491,744,2025-10-02,315.97
12492,744,2025-12-01,371.46
12493,744,2025-11-30,622.42
12494,744,2025-10-26,98.36
12495,744,2026-02-10,275.04
12496,744,2025-10-01,65.73
12497,744,2025-10-01,322.21
12498,744,2026-06-19,269.1
12499,744,2026-04-12,164.19
12500,744,2026-08-13,63.16
12501,744,2026-01-09,208.64
12502,744,2026-08-07,232.15
12503,744,2025-12-19,204.12
12504,744,2025-12-04,158.77
12505,744,2026-04-23,140.27
12506,744,2026-02-03,205.16
12507,744,2025-10-14,146.39
12508,744,2025-12-21,302.26
12509,744,2026-04-12,202.69
12510,744,2025-10-29,96.64
12511,744,2026-09-01,227.38
12512,744,2026-06-27,253.03
12513,744,2026-05-22,434.94
12514,744,2026-05-09,318.87
12515,744,2026-01-20,140.15
12516,744,2025-12-08,398.91
12517,744,2026-08-28,112.55
12518,744,2026-06-15,212.68
12519,744,2025-11-29,294.84
12520,744,2026-03-20,404.85
12521,744,2026-05-28,491.33
12522,744,2026-04-11,372.68
12523,745,2026-09-03,42.7
12524,745,2026-01-20,64.51
12525,745,2026-01-29,64.3
12526,745,2026-06-09,24.1
12527,745,2026-05-14,63.16
12528,745,2026-01-15,72.94
12529,745,2026-07-15,51.42
12530,745,2026-04-19,19.66
12531,745,2025-12-23,39.73
12532,745,2025-11-19,54.8
12533,745,2026-02-13,30.48
12534,745,2026-01-17,68.03
12535,745,2025-11-24,62.49
12536,745,2026-06-16,47.81
12537,745,2026-01-14,45.35
12538,745,2025-12-25,49.08
12539,745,2025-11-27,44.92
12540,746,2026-09-05,18.89
12541,746,2026-03-23,44.68
12542,746,2026-04-03,35.09
12543,746,2026-05-10,61.05
12544,746,2026-08-10,98.42
12545,746,2026-06-12,38.54
12546,746,2026-02-14,38.54
12547,746,2026-08-12,139.73
12548,746,2026-07-13,32.67
12549,746,2026-02-21,24.59
12550,746,2025-09-27,83.64
12551,746,2026-07-10,43.99
12552,746,2026-08-09,51.12
12553,746,2026-05-08,122.83
12554,746,2026-08-10,23.93
12555,746,2025-10-31,41.21
12556,746,2025-12-08,25.8
12557,746,2026-07-27,52.33
12558,746,2026-08-02,35.09
12559,746,2026-03-03,26.54
12560,746,2026-04-19,62.56
12561,746,2026-01-09,45.21
12562,746,2025-10-21,25.62
12563,746,2026-05-13,26.34
12564,747,2026-06-20,65.78
12565,747,2025-11-21,139.02
12566,747,2026-01-28,43.12
12567,747,2026-06-11,61.58
12568,747,2026-04-25,65.0
12569,748,2026-08-24,43.73
12570,748,2026-01-20,36.57
12571,748,2026-03-11,112.38
12572,748,2026-08-24,61.71
12573,748,2026-05-05,37.3
12574,748,2026-07-13,69.23
12575,748,2025-12-10,44.08
12576,748,2026-04-29,37.04
12577,748,2026-06-04,34.26
12578,748,2026-03-17,51.61
12579,748,2026-03-18,34.14
12580,748,2025-10-18,48.26
12581,748,2026-06-26,67.08
12582,748,2025-11-24,47.29
12583,748,2026-06-14,109.52
12584,748,2025-12-01,45.27
12585,748,2026-02-26,82.58
12586,748,2026-02-26,69.83
12587,748,2026-01-02,89.39
12588,748,2026-07-25,109.3
12589,748,2025-12-02,20.37
12590,748,2025-12-19,50.7
12591,748,2026-06-19,42.79
12592,748,2026-07-27,47.31
12593,748,2025-12-27,37.63
12594,748,2026-07-25,35.24
12595,749,2026-07-24,152.93
12596,749,2025-12-29,52.95
12597,749,2026-02-16,159.17
12598,749,2026-04-03,73.87
12599,749,2026-07-06,123.95
12600,749,2025-12-12,81.59
12601,749,2026-04-23,110.64
12602,749,2026-03-09,185.65
12603,749,2026-07-16,85.21
12604,749,2025-12-12,140.93
12605,749,2025-10-23,101.84
12606,749,2025-11-01,63.19
12607,749,2026-04-22,84.29
12608,749,2026-06-28,81.95
12609,749,2026-06-26,47.68
12610,749,2026-04-01,110.65
12611,750,2026-07-02,70.88
12612,750,2026-07-02,116.99
12613,750,2026-02-15,37.41
12614,750,2025-10-16,31.4
12615,750,2025-10-04,122.96
12616,750,2026-03-10,70.79
12617,750,2026-04-03,111.12
12618,750,2026-04-09,182.97
12619,750,2025-10-14,57.05
12620,750,2026-05-20,42.46
12621,750,2026-07-02,79.47
12622,750,2026-02-12,66.13
12623,750,2025-10-09,88.98
12624,751,2026-05-21,52.38
12625,751,2026-03-05,169.47
12626,751,2025-12-26,106.05
12627,752,2026-06-10,71.16
12628,752,2025-11-15,102.02
12629,752,2026-01-25,55.69
12630,753,2026-04-01,144.14
12631,753,2026-01-21,79.61
12632,753,2025-12-06,84.36
12633,753,2026-02-25,108.96
12634,753,2025-09-29,46.02
12635,754,2026-09-12,27.07
12636,754,2026-05-27,42.99
12637,754,2026-05-05,22.03
12638,754,2025-11-11,32.82
12639,754,2026-04-02,40.08
12640,754,2025-12-18,56.07
12641,754,2026-06-19,17.45
12642,754,2026-02-12,81.52
12643,754,2026-02-27,41.68
12644,754,2026-06-29,80.57
12645,754,2026-01-16,61.63
12646,754,2026-04-03,66.04
12647,754,2026-01-25,111.7
12648,754,2026-08-31,31.66
12649,754,2026-07-31,47.83
12650,754,2026-01-06,28.81
12651,755,2026-05-16,37.33
12652,755,2026-02-01,43.67
12653,755,2026-01-13,25.78
12654,755,2026-02-05,47.24
12655,756,2026-06-24,86.94
12656,756,2026-05-08,119.09
12657,756,2026-04-27,126.56
12658,756,2025-11-03,103.64
12659,757,2026-07-19,77.15
12660,757,2026-07-18,154.24
12661,757,2025-10-25,106.98
12662,757,2026-07-10,196.41
12663,757,2026-05-12,133.25
12664,757,2026-02-04,158.29
12665,758,2026-08-19,103.94
12666,758,2026-06-17,70.56
12667,758,2025-11-18,268.22
12668,758,2026-06-03,103.05
12669,758,2026-05-20,69.0
12670,758,2026-03-10,133.45
12671,758,2026-01-15,157.26
12672,758,2026-01-10,63.52
12673,758,2025-12-06,47.53
12674,758,2026-02-21,51.97
12675,758,2025-11-22,66.58
12676,758,2026-08-07,87.83
12677,758,2026-06-09,43.24
12678,759,2026-09-13,340.57
12679,759,2026-03-16,132.22
12680,759,2026-04-28,166.33
12681,759,2025-10-22,208.96
12682,759,2026-02-04,152.84
12683,759,2026-05-21,188.22
12684,759,2026-06-12,240.49
12685,759,2025-11-10,198.69
12686,759,2026-03-28,210.03
12687,759,2026-04-26,137.4
12688,759,2026-02-18,263.75
12689,759,2026-08-19,255.21
12690,759,2026-07-11,149.01
12691,759,2026-04-05,117.35
12692,759,2026-06-03,365.3
12693,759,2026-03-02,461.18
12694,759,2026-05-14,233.39
12695,759,2026-04-14,178.46
12696,759,2025-12-12,336.28
12697,759,2025-12-10,259.5
12698,759,2026-06-02,191.0
12699,759,2026-05-12,324.65
12700,759,2026-01-31,145.88
12701,759,2025-10-23,153.89
12702,759,2026-03-05,247.33
12703,759,2026-08-18,221.08
12704,760,2026-09-21,46.07
12705,760,2026-09-12,27.49
12706,760,2026-02-17,46.59
12707,760,2026-04-19,31.19
12708,760,2026-08-28,19.38
12709,760,2026-05-25,61.15
12710,760,2025-10-06,47.93
12711,760,2026-05-19,58.73
12712,760,2026-01-07,35.38
12713,760,2026-07-11,59.66
12714,760,2025-11-07,71.28
12715,760,2025-12-02,99.08
12716,760,2026-07-26,64.9
12717,760,2026-01-15,53.51
12718,760,2025-10-20,24.18
12719,760,2025-10-30,42.89
12720,760,2026-01-04,23.72
12721,760,2026-01-01,31.13
12722,760,2026-03-25,108.47
12723,760,2026-07-30,28.4
12724,761,2026-07-17,17.72
12725,761,2026-07-11,24.77
12726,762,2026-09-17,161.62
12727,762,2026-08-25,248.31
12728,762,2026-06-04,612.02
12729,762,2026-06-13,145.9
12730,762,2026-01-31,218.8
12731,762,2026-04-03,210.55
12732,762,2026-08-04,183.38
12733,762,2026-01-28,205.54
12734,762,2025-10-10,170.37
12735,762,2025-11-15,721.58
12736,762,2025-09-28,294.26
12737,762,2026-03-30,171.03
12738,762,2026-05-12,357.71
12739,762,2026-08-29,235.71
12740,762,2026-01-17,215.55
12741,762,2026-04-13,193.49
12742,762,2026-02-03,187.65
12743,762,2026-06-02,121.28
12744,762,2026-07-20,98.89
12745,762,2026-01-14,248.13
12746,762,2026-05-02,192.61
12747,762,2026-03-13,311.67
12748,762,2025-10-02,140.7
12749,762,2026-06-09,128.13
12750,762,2026-08-03,297.79
12751,762,2026-01-06,183.87
12752,762,2026-02-24,308.64
12753,762,2026-04-28,213.19
12754,762,2026-02-16,488.82
12755,762,2025-10-23,295.06
12756,762,2026-07-20,252.52
12757,763,2026-09-24,182.43
12758,763,2026-06-19,168.83
12759,763,2026-08-20,122.14
12760,763,2026-03-06,378.98
12761,763,2025-11-14,183.48
12762,763,2026-06-04,70.63
12763,763,2026-01-10,268.01
12764,763,2026-04-15,172.74
12765,763,2025-10-12,183.59
12766,763,2026-02-15,189.01
12767,763,2026-03-26,180.49
12768,763,2026-07-04,716.66
12769,763,2025-11-05,443.78
12770,763,2026-09-08,287.65
12771,763,2026-03-12,234.09
12772,763,2026-06-20,348.99
12773,763,2026-03-22,234.34
12774,763,2025-10-02,303.16
12775,763,2026-08-21,269.97
12776,763,2026-09-05,222.49
12777,763,2025-12-02,320.62
12778,763,2026-01-13,173.82
12779,763,2026-04-27,215.6
12780,763,2026-07-06,135.15
12781,764,2026-09-12,253.51
12782,764,2026-02-13,98.34
12783,764,2026-08-09,166.83
12784,764,2026-01-06,225.71
12785,764,2025-10-17,395.73
12786,764,2025-11-22,143.57
12787,764,2025-11-15,261.81
12788,764,2025-10-31,163.11
12789,764,2025-12-22,171.83
12790,764,2025-11-08,141.49
12791,764,2025-12-06,131.26
12792,764,2026-01-15,169.6
12793,764,2026-07-04,336.54
12794,764,2025-10-25,149.51
12795,764,2026-08-12,139.39
12796,764,2026-06-08,230.72
12797,764,2026-01-01,210.49
12798,764,2025-12-31,203.65
12799,764,2025-11-06,235.43
12800,764,2026-08-17,133.33
12801,764,2025-12-09,140.13
12802,764,2026-07-30,327.31
12803,764,2026-02-10,196.65
12804,764,2026-06-25,274.65
12805,765,2026-09-17,85.36
12806,765,2026-03-26,36.93
12807,765,2026-05-07,69.74
12808,765,2025-12-08,79.12
12809,765,2026-06-06,84.89
12810,765,2026-09-14,170.48
12811,765,2026-09-06,116.76
12812,765,2025-11-20,48.68
12813,765,2026-01-10,46.04
12814,765,2026-07-15,79.82
12815,765,2026-07-03,95.26
12816,765,2025-11-23,140.67
12817,765,2026-02-01,196.03
12818,765,2026-03-29,200.88
12819,765,2026-05-10,73.76
12820,765,2026-05-04,137.05
12821,765,2025-12-10,109.0
12822,766,2026-09-14,180.22
12823,766,2025-11-09,257.75
12824,766,2026-01-13,192.76
12825,766,2026-07-28,214.51
12826,766,2026-07-11,264.14
12827,766,2025-12-25,223.51
12828,766,2026-04-26,241.28
12829,766,2026-04-25,147.11
12830,766,2026-08-14,385.47
12831,766,2026-04-05,127.63
12832,766,2026-09-13,255.89
12833,766,2026-07-26,168.76
12834,766,2025-10-24,341.78
12835,766,2025-12-21,312.56
12836,766,2025-10-05,209.81
12837,766,2025-10-27,422.73
12838,766,2025-10-24,193.02
12839,766,2026-04-23,312.27
12840,766,2026-06-17,151.46
12841,766,2026-01-15,251.98
12842,766,2026-02-07,138.03
12843,766,2026-04-14,211.85
12844,766,2026-03-22,205.2
12845,766,2026-07-05,311.83
12846,766,2026-03-23,155.29
12847,766,2025-10-08,837.24
12848,766,2026-04-16,112.75
12849,766,2026-03-15,233.21
12850,766,2025-10-16,239.04
12851,766,2025-11-16,267.53
12852,766,2025-12-09,166.53
12853,766,2026-09-13,234.14
12854,766,2025-11-19,162.9
12855,766,2026-08-18,487.86
12856,766,2026-09-02,157.8
12857,766,2026-05-13,196.47
12858,766,2026-04-22,155.81
12859,766,2026-08-03,146.49
12860,766,2026-02-15,111.79
12861,766,2025-10-24,284.16
12862,766,2026-01-24,155.14
12863,766,2025-10-09,146.7
12864,766,2025-11-02,136.14
12865,767,2026-08-15,108.37
12866,767,2025-11-05,98.6
12867,768,2026-09-10,77.09
12868,768,2025-12-05,240.83
12869,768,2025-12-24,535.7
12870,768,2026-06-05,184.19
12871,768,2026-02-24,67.51
12872,768,2026-08-08,145.68
12873,768,2025-09-26,92.81
12874,768,2026-08-09,157.85
12875,768,2025-10-11,121.06
12876,768,2025-10-28,319.26
12877,768,2026-07-20,298.1
12878,768,2026-01-10,245.05
12879,768,2026-05-13,364.64
12880,768,2026-05-25,162.83
12881,768,2026-05-19,217.07
12882,768,2026-06-19,563.74
12883,768,2025-10-09,273.28
12884,768,2026-08-26,272.97
12885,768,2026-05-10,148.67
12886,768,2026-05-08,174.1
12887,768,2026-04-17,133.72
12888,768,2026-05-28,447.43
12889,768,2026-01-21,104.16
12890,768,2025-10-25,316.86
12891,768,2026-01-20,272.77
12892,768,2026-06-25,102.06
12893,768,2025-09-27,351.14
12894,768,2026-04-22,186.92
12895,768,2026-05-25,115.9
12896,769,2026-09-17,131.61
12897,769,2026-01-17,413.89
12898,769,2025-12-05,192.15
12899,769,2026-03-28,239.8
12900,769,2026-02-22,156.31
12901,769,2025-11-19,241.6
12902,769,2026-07-15,534.72
12903,769,2026-05-24,134.55
12904,769,2025-11-02,127.11
12905,769,2026-07-22,142.32
12906,769,2026-06-19,180.76
12907,769,2026-06-12,166.08
12908,769,2025-11-27,131.47
12909,769,2026-07-28,205.36
12910,769,2026-05-07,423.95
12911,769,2026-04-26,196.31
12912,769,2026-08-19,201.08
12913,769,2026-08-07,245.04
12914,769,2026-05-06,281.06
12915,769,2026-08-17,389.58
12916,769,2025-10-03,233.95
12917,769,2026-04-09,209.75
12918,769,2026-09-15,134.41
12919,769,2026-02-15,292.98
12920,769,2025-12-22,143.61
12921,769,2026-02-13,141.62
12922,769,2026-02-26,229.07
12923,769,2026-08-16,420.23
12924,769,2025-12-31,291.2
12925,769,2025-10-06,206.48
12926,769,2026-05-10,135.02
12927,769,2026-08-05,416.57
12928,769,2026-07-03,204.72
12929,769,2026-01-25,184.29
12930,769,2026-01-31,269.6
12931,769,2025-11-04,171.65
12932,769,2026-04-26,149.64
12933,769,2025-11-06,156.24
12934,769,2026-06-11,156.06
12935,769,2026-03-19,126.44
12936,769,2026-01-25,120.25
12937,770,2026-06-21,69.45
12938,770,2026-04-08,30.2
12939,770,2025-11-06,47.02
12940,770,2025-10-21,27.27
12941,771,2026-04-13,211.96
12942,771,2026-04-01,206.29
12943,771,2025-10-20,77.45
12944,771,2025-10-30,53.07
12945,772,2026-09-02,44.61
12946,772,2026-06-21,30.68
12947,772,2025-10-19,77.86
12948,772,2026-04-01,41.11
12949,772,2026-06-15,62.98
12950,772,2026-07-10,36.22
12951,772,2026-03-03,33.2
12952,772,2026-01-16,59.08
12953,772,2026-02-13,50.99
12954,772,2026-01-23,52.02
12955,772,2026-08-25,43.14
12956,772,2026-08-17,64.19
12957,772,2026-06-05,60.15
12958,772,2025-10-30,16.9
12959,772,2026-03-14,40.08
12960,772,2026-05-11,71.04
12961,772,2026-01-18,28.44
12962,772,2026-04-09,21.01
12963,772,2026-07-15,42.28
12964,772,2026-03-11,56.88
12965,772,2026-01-07,36.58
12966,772,2025-10-26,80.52
12967,772,2026-04-30,103.16
12968,772,2026-07-06,18.92
12969,772,2025-11-10,37.86
12970,773,2026-08-21,47.87
12971,773,2026-04-22,26.28
12972,773,2026-07-30,16.9
12973,773,2026-06-02,43.66
12974,773,2025-11-22,103.63
12975,774,2026-07-11,127.83
12976,774,2026-05-16,85.85
12977,774,2025-10-18,95.22
12978,774,2026-03-12,113.84
12979,774,2026-05-19,87.86
12980,774,2025-09-27,67.24
12981,774,2025-11-24,62.45
12982,774,2026-03-04,113.17
12983,774,2025-09-28,38.25
12984,774,2026-06-08,191.52
12985,774,2026-02-09,95.5
12986,774,2026-05-20,77.32
12987,774,2026-05-19,101.45
12988,775,2026-09-22,154.85
12989,775,2026-05-20,73.67
12990,775,2026-02-15,176.42
12991,775,2026-08-07,154.47
12992,775,2026-08-18,125.55
12993,775,2025-12-13,403.83
12994,775,2026-01-02,326.8
12995,775,2026-01-01,92.17
12996,775,2026-05-25,225.04
12997,775,2026-01-22,145.38
12998,775,2026-06-16,247.69
12999,775,2026-02-04,146.54
13000,775,2026-05-27,164.77
13001,775,2026-08-08,323.91
13002,775,2025-11-25,303.63
13003,775,2025-12-02,414.21
13004,775,2025-12-13,190.46
13005,775,2026-02-05,109.08
13006,775,2026-02-03,317.89
13007,775,2025-12-17,318.71
13008,775,2026-03-03,278.61
13009,775,2025-11-09,150.27
13010,775,2025-12-19,129.7
13011,775,2026-03-10,267.28
13012,775,2026-02-22,140.94
13013,775,2025-10-11,182.82
13014,775,2026-03-24,776.69
13015,775,2026-08-14,547.38
13016,775,2025-11-21,300.01
13017,775,2026-09-21,155.88
13018,775,2026-06-25,151.72
13019,775,2026-05-26,289.81
13020,775,2026-09-13,411.89
13021,775,2026-07-06,166.81
13022,775,2026-07-21,170.98
13023,775,2026-03-06,218.45
13024,775,2025-11-08,112.4
13025,775,2026-06-13,113.96
13026,775,2026-05-04,123.71
13027,775,2026-01-16,268.5
13028,775,2026-01-21,237.34
13029,775,2025-10-15,350.28
13030,775,2026-03-17,96.1
13031,775,2025-12-18,106.11
13032,776,2026-09-09,48.88
13033,776,2026-03-20,104.46
13034,776,2026-04-19,82.62
13035,776,2026-05-26,86.09
13036,776,2025-11-25,63.09
13037,776,2026-05-31,126.46
13038,776,2025-11-02,123.57
13039,776,2026-09-06,280.09
13040,776,2026-03-12,49.67
13041,776,2025-10-13,40.99
13042,776,2026-06-02,226.88
13043,776,2026-01-24,87.92
13044,776,2025-12-28,73.28
13045,776,2026-05-13,97.96
13046,776,2026-01-30,48.04
13047,776,2026-01-25,106.59
13048,776,2026-03-29,86.81
13049,776,2026-05-01,145.91
13050,777,2026-07-19,20.62
13051,777,2026-02-28,17.07
13052,777,2026-04-28,18.36
13053,777,2025-10-15,29.68
13054,777,2026-06-12,42.3
13055,777,2026-05-30,22.13
13056,778,2026-09-04,420.12
13057,778,2026-06-25,257.74
13058,778,2026-02-05,227.91
13059,778,2026-04-29,231.02
13060,778,2026-06-01,202.25
13061,778,2026-07-17,165.87
13062,778,2026-04-25,144.31
13063,778,2026-08-12,330.88
13064,778,2026-06-11,233.69
13065,778,2026-03-29,288.67
13066,778,2026-01-30,268.57
13067,778,2026-03-30,395.85
13068,778,2026-07-31,257.67
13069,778,2025-12-31,304.21
13070,778,2026-04-12,226.42
13071,778,2026-02-01,137.11
13072,778,2025-10-03,189.73
13073,778,2026-08-19,273.85
13074,778,2025-09-29,284.88
13075,778,2025-10-12,403.46
13076,778,2026-03-10,170.74
13077,778,2026-08-26,232.48
13078,778,2026-06-11,198.14
13079,778,2026-06-19,436.18
13080,778,2026-02-16,248.77
13081,778,2026-01-10,250.92
13082,778,2026-03-20,206.66
13083,778,2026-05-05,189.77
13084,778,2026-08-21,109.42
13085,779,2026-08-22,62.32
13086,779,2026-01-31,145.33
13087,779,2026-02-22,171.97
13088,779,2025-11-13,48.73
13089,779,2026-05-31,107.79
13090,779,2026-06-30,85.73
13091,779,2026-04-05,102.27
13092,779,2026-02-01,110.31
13093,779,2026-05-20,32.92
13094,779,2025-09-26,126.67
13095,779,2026-03-05,148.47
13096,779,2025-11-27,156.17
13097,779,2026-02-23,58.83
13098,779,2026-04-14,88.75
13099,779,2025-11-15,70.62
13100,779,2026-07-01,38.01
13101,779,2026-05-31,68.07
13102,779,2025-12-12,55.26
13103,779,2025-10-27,104.62
13104,780,2026-09-04,101.78
13105,780,2026-05-12,85.07
13106,780,2026-05-01,42.17
13107,780,2025-11-06,136.18
13108,780,2026-02-28,63.88
13109,780,2026-06-20,96.44
13110,780,2026-06-30,83.85
13111,780,2026-08-26,44.13
13112,780,2025-11-17,81.13
13113,780,2026-06-21,52.21
13114,780,2026-07-31,67.11
13115,780,2026-05-28,109.35
13116,780,2026-03-21,123.46
13117,780,2025-10-09,89.26
13118,780,2025-11-13,60.46
13119,781,2026-06-21,92.26
13120,781,2026-06-16,228.11
13121,781,2025-11-24,100.24
13122,781,2025-10-28,111.58
13123,781,2025-10-23,118.02
13124,781,2025-11-08,90.82
13125,781,2026-05-18,75.94
13126,781,2026-05-08,129.13
13127,781,2025-11-06,129.61
13128,781,2026-06-17,268.04
13129,781,2025-11-30,146.65
13130,782,2026-09-07,53.69
13131,782,2026-05-27,100.85
13132,782,2026-02-18,160.96
13133,782,2026-05-24,61.57
13134,782,2026-05-22,41.79
13135,782,2026-01-15,91.54
13136,782,2026-01-06,127.35
13137,782,2026-03-19,23.71
13138,782,2026-06-01,139.72
13139,782,2026-07-08,48.65
13140,782,2026-06-08,124.71
13141,782,2026-05-16,36.65
13142,782,2025-10-14,46.35
13143,782,2026-05-19,118.89
13144,783,2026-07-06,52.37
13145,783,2025-10-21,59.1
13146,783,2026-04-25,44.85
13147,783,2026-01-15,40.91
13148,783,2025-11-10,17.78
13149,783,2026-02-10,46.72
13150,783,2026-03-04,58.83
13151,783,2026-01-21,43.84
13152,783,2026-07-03,31.65
13153,783,2025-12-30,21.14
13154,783,2025-11-20,55.18
13155,783,2026-03-09,45.68
13156,783,2026-01-04,84.11
13157,783,2026-04-13,23.44
13158,783,2025-10-14,36.42
13159,783,2026-05-15,24.83
13160,783,2026-05-28,71.38
13161,783,2025-10-13,78.59
13162,783,2026-02-12,106.89
13163,784,2026-05-21,50.2
13164,784,2026-02-15,47.99
13165,784,2026-05-02,79.51
13166,784,2025-11-14,29.68
13167,784,2026-02-27,34.16
13168,784,2026-04-19,33.53
13169,784,2025-12-05,32.82
13170,785,2026-08-10,53.92
13171,785,2026-05-05,137.8
13172,785,2026-06-20,174.26
13173,785,2026-05-01,109.43
13174,785,2026-03-02,129.28
13175,785,2025-09-27,102.71
13176,785,2026-06-12,116.25
13177,785,2025-11-19,34.71
13178,785,2026-03-03,103.69
13179,785,2026-02-15,74.32
13180,785,2026-05-07,88.39
13181,785,2025-10-13,99.62
13182,785,2026-07-21,65.22
13183,786,2026-09-21,91.4
13184,786,2026-07-07,29.01
13185,786,2026-04-22,71.7
13186,786,2026-05-31,37.43
13187,786,2025-11-02,44.63
13188,786,2025-10-08,32.11
13189,786,2026-07-05,33.05
13190,786,2026-04-20,36.98
13191,786,2026-04-18,19.13
13192,786,2026-07-03,52.6
13193,786,2026-09-18,47.39
13194,786,2025-09-28,22.94
13195,786,2026-01-29,60.56
13196,786,2026-04-26,86.69
13197,786,2026-07-17,33.37
13198,786,2026-04-02,31.61
13199,786,2026-06-15,74.27
13200,786,2026-07-03,53.95
13201,786,2025-10-11,42.33
13202,786,2026-01-28,64.92
13203,786,2026-06-02,50.91
13204,786,2026-07-09,85.58
13205,786,2025-12-18,44.66
13206,786,2026-02-13,54.52
13207,786,2025-11-17,73.76
13208,786,2025-12-22,14.96
13209,786,2026-04-29,74.97
13210,787,2026-06-20,77.47
13211,787,2025-12-28,91.39
13212,787,2026-06-20,137.65
13213,787,2026-05-12,54.81
13214,787,2026-04-29,85.94
13215,787,2025-10-28,135.35
13216,787,2026-01-25,81.77
13217,787,2026-04-19,72.42
13218,787,2025-11-16,148.66
13219,787,2026-01-09,169.07
13220,787,2026-03-28,181.61
13221,787,2026-04-13,66.42
13222,787,2026-04-22,69.35
13223,788,2026-03-27,210.54
13224,788,2025-11-17,385.11
13225,788,2026-03-19,99.96
13226,788,2026-01-08,183.77
13227,788,2025-12-24,49.55
13228,788,2025-10-25,48.58
13229,788,2025-10-07,73.36
13230,788,2025-11-10,152.03
13231,788,2025-10-02,105.08
13232,788,2026-03-05,96.55
13233,789,2026-09-06,137.03
13234,789,2026-08-20,46.89
13235,789,2025-09-27,92.74
13236,789,2026-08-07,50.02
13237,789,2026-07-20,93.62
13238,789,2026-07-21,80.1
13239,789,2026-06-27,89.0
13240,789,2026-07-05,131.84
13241,789,2026-02-02,130.08
13242,789,2026-07-30,146.76
13243,789,2026-01-07,75.3
13244,789,2026-04-19,123.5
13245,789,2026-04-23,113.05
13246,789,2026-03-14,76.15
13247,789,2026-08-26,94.87
13248,789,2026-03-17,84.8
13249,789,2026-03-10,168.6
13250,789,2025-12-21,129.59
13251,790,2025-12-01,24.73
13252,790,2025-11-22,64.44
13253,790,2025-11-09,24.63
13254,790,2025-11-14,30.84
13255,790,2025-10-26,71.06
13256,791,2026-08-31,116.89
13257,791,2026-04-10,157.12
13258,791,2026-08-07,36.9
13259,792,2026-09-07,37.47
13260,792,2026-02-02,40.52
13261,792,2025-11-15,76.59
13262,792,2026-04-15,22.56
13263,792,2026-09-06,33.62
13264,792,2025-11-22,72.4
13265,792,2026-02-07,65.08
13266,792,2026-03-09,82.37
13267,792,2026-04-25,43.82
13268,792,2026-01-09,24.86
13269,792,2026-05-30,27.33
13270,792,2026-05-06,39.34
13271,792,2025-12-15,63.37
13272,792,2026-05-01,40.13
13273,792,2025-10-14,38.76
13274,792,2026-04-09,53.8
13275,792,2026-02-24,45.56
13276,792,2026-01-30,36.91
13277,792,2026-01-08,28.67
13278,792,2026-03-16,68.91
13279,792,2026-05-05,72.11
13280,792,2025-12-02,27.96
13281,793,2026-07-27,53.41
13282,793,2025-10-05,97.51
13283,793,2025-10-06,190.85
13284,793,2026-05-12,85.04
13285,793,2026-03-02,126.23
13286,793,2025-12-24,49.29
13287,794,2026-09-19,330.29
13288,794,2026-06-26,271.62
13289,794,2026-01-12,158.78
13290,794,2026-08-14,335.47
13291,794,2026-03-13,283.33
13292,794,2026-04-17,152.85
13293,794,2026-05-18,166.63
13294,794,2026-04-12,329.42
13295,794,2026-01-19,298.12
13296,794,2025-09-26,106.8
13297,794,2026-07-02,133.57
13298,794,2026-09-02,287.16
13299,794,2026-05-17,123.8
13300,794,2026-05-30,301.67
13301,794,2026-08-26,501.81
13302,794,2026-03-25,248.41
13303,794,2026-03-17,138.62
13304,794,2025-11-19,227.36
13305,794,2026-01-12,334.52
13306,794,2026-04-07,219.56
13307,794,2026-01-26,261.08
13308,794,2026-06-07,146.55
13309,794,2026-07-25,151.63
13310,794,2026-03-11,315.71
13311,794,2026-03-25,152.43
13312,794,2026-06-05,65.58
13313,794,2025-11-01,182.96
13314,794,2026-03-07,241.89
13315,794,2026-02-28,338.13
13316,794,2026-01-15,440.41
13317,794,2026-06-07,218.16
13318,794,2026-03-13,282.45
13319,795,2026-09-17,182.37
13320,795,2026-06-25,358.05
13321,795,2026-04-24,100.64
13322,795,2026-09-02,159.37
13323,795,2026-08-05,268.48
13324,795,2026-05-29,494.41
13325,795,2026-08-15,211.35
13326,795,2026-06-11,131.87
13327,795,2026-01-29,489.38
13328,795,2026-05-04,198.41
13329,795,2026-07-27,283.23
13330,795,2026-02-07,180.66
13331,795,2025-11-16,223.88
13332,795,2026-02-19,163.07
13333,795,2026-05-29,580.01
13334,795,2025-12-04,358.94
13335,795,2026-05-18,465.34
13336,795,2026-09-12,147.27
13337,795,2026-01-25,92.37
13338,795,2026-01-04,184.06
13339,795,2026-07-01,651.66
13340,795,2026-05-06,181.68
13341,795,2026-09-15,337.11
13342,795,2026-04-03,132.41
13343,795,2026-04-11,144.61
13344,795,2026-06-17,202.59
13345,795,2026-03-13,542.65
13346,795,2026-01-18,344.54
13347,795,2026-04-11,83.36
13348,795,2025-12-07,283.48
13349,796,2026-06-16,51.67
13350,796,2026-02-16,238.95
13351,796,2026-03-31,75.4
13352,796,2025-10-06,118.07
13353,797,2026-09-11,145.74
13354,797,2026-06-18,200.37
13355,797,2026-06-06,137.03
13356,797,2025-12-25,179.34
13357,797,2025-12-18,179.97
13358,797,2026-06-12,252.81
13359,797,2025-10-07,313.49
13360,797,2026-01-15,362.99
13361,797,2025-09-30,156.6
13362,797,2026-03-27,246.92
13363,797,2026-02-13,128.12
13364,797,2026-01-26,199.8
13365,797,2026-07-17,214.08
13366,797,2026-06-05,138.65
13367,797,2025-10-08,270.08
13368,797,2026-01-18,195.79
13369,797,2026-03-05,225.11
13370,797,2026-09-11,364.36
13371,797,2026-08-29,173.24
13372,797,2026-02-28,307.88
13373,797,2026-08-14,401.98
13374,797,2026-07-24,391.05
13375,797,2026-02-21,192.95
13376,797,2025-10-09,135.56
13377,797,2025-11-22,152.57
13378,797,2026-04-01,102.83
13379,797,2025-10-16,285.95
13380,797,2026-02-11,294.05
13381,797,2025-10-15,221.39
13382,797,2026-06-20,113.05
13383,797,2026-02-20,178.17
13384,798,2026-09-08,219.51
13385,798,2026-08-07,222.07
13386,798,2026-04-16,252.92
13387,798,2026-03-12,284.69
13388,798,2025-12-25,285.43
13389,798,2026-07-18,422.24
13390,798,2026-03-02,117.75
13391,798,2026-01-21,243.01
13392,798,2026-01-30,200.54
13393,798,2025-11-23,183.41
13394,798,2025-12-20,295.33
13395,798,2026-03-31,376.36
13396,798,2026-06-05,160.91
13397,798,2025-11-06,448.64
13398,798,2025-11-06,110.26
13399,798,2026-07-25,273.89
13400,798,2026-04-04,140.65
13401,798,2025-12-21,157.32
13402,798,2026-01-21,215.75
13403,798,2025-11-08,175.5
13404,798,2026-06-25,57.9
13405,798,2025-10-16,276.52
13406,798,2026-06-19,298.27
13407,798,2026-08-06,195.32
13408,798,2025-12-27,188.53
13409,798,2025-10-21,177.56
13410,798,2026-05-10,97.22
13411,798,2026-07-15,92.7
13412,798,2025-11-08,301.49
13413,798,2026-08-06,339.08
13414,798,2026-01-20,274.7
13415,798,2026-07-26,249.08
13416,798,2026-01-20,298.67
13417,798,2026-07-31,289.85
13418,798,2026-04-29,147.49
13419,798,2026-03-31,232.11
13420,798,2025-10-29,183.8
13421,798,2026-01-04,184.9
13422,798,2025-10-15,350.79
13423,799,2025-12-25,20.0
13424,799,2025-12-02,43.41
13425,799,2025-11-22,46.27
13426,800,2026-03-29,27.86
13427,800,2026-02-10,21.02
13428,800,2026-02-27,32.94
13429,800,2026-03-09,39.92
13430,801,2026-08-04,37.88
13431,801,2026-07-09,19.71
13432,801,2026-07-12,24.32
13433,801,2026-03-29,36.44
13434,802,2026-06-12,78.51
13435,802,2026-05-19,53.03
13436,802,2026-05-24,272.68
13437,802,2026-03-19,52.36
13438,802,2026-05-17,73.06
13439,802,2026-01-15,79.8
13440,802,2025-09-27,85.53
13441,803,2026-07-21,139.67
13442,803,2026-04-02,74.5
13443,803,2025-11-13,119.68
13444,803,2026-03-03,103.75
13445,803,2026-01-01,70.05
13446,803,2025-11-09,51.94
13447,803,2026-04-07,90.99
13448,803,2025-11-28,117.21
13449,803,2026-01-07,90.66
13450,803,2026-02-23,82.91
13451,803,2025-11-16,91.11
13452,803,2026-03-12,79.1
13453,803,2025-12-09,180.73
13454,803,2026-06-29,101.64
13455,803,2025-11-06,72.31
13456,803,2025-10-06,39.89
13457,803,2025-09-30,82.36
13458,803,2025-11-11,69.42
13459,804,2026-07-03,32.97
13460,804,2025-12-22,31.13
13461,804,2025-11-21,69.59
13462,804,2026-05-28,33.18
13463,804,2025-12-24,33.53
13464,804,2025-10-21,21.8
13465,805,2026-09-21,213.72
13466,805,2026-05-07,276.85
13467,805,2026-09-07,207.33
13468,805,2026-04-18,535.1
13469,805,2026-08-11,253.79
13470,805,2026-04-04,298.41
13471,805,2026-01-22,206.55
13472,805,2026-05-22,331.1
13473,805,2026-08-25,191.47
13474,805,2025-11-04,157.15
13475,805,2026-03-10,315.61
13476,805,2026-09-13,204.66
13477,805,2026-02-26,234.5
13478,805,2025-10-23,326.67
13479,805,2026-09-15,223.55
13480,805,2025-12-12,196.36
13481,805,2026-05-08,165.04
13482,805,2026-01-09,338.62
13483,805,2026-09-11,180.07
13484,805,2025-10-29,205.23
13485,805,2025-10-07,238.94
13486,805,2026-03-07,238.5
13487,805,2026-07-06,331.38
13488,805,2026-07-29,203.5
13489,805,2026-01-16,390.13
13490,805,2025-12-09,187.76
13491,805,2026-01-21,248.13
13492,805,2026-03-27,193.33
13493,805,2025-12-17,538.63
13494,805,2025-12-29,179.35
13495,805,2026-05-23,186.8
13496,805,2025-12-15,221.13
13497,805,2026-07-17,186.24
13498,805,2025-11-29,241.92
13499,805,2026-03-14,365.11
13500,805,2025-12-26,224.39
13501,806,2026-09-19,555.23
13502,806,2026-01-13,130.68
13503,806,2025-12-15,237.42
13504,806,2026-02-07,151.21
13505,806,2026-09-06,336.54
13506,806,2025-11-13,177.03
13507,806,2026-02-27,149.71
13508,806,2025-10-24,274.49
13509,806,2026-07-02,118.48
13510,806,2026-01-14,174.36
13511,806,2026-09-09,286.49
13512,806,2026-07-25,413.72
13513,806,2025-11-07,136.19
13514,806,2025-11-04,159.48
13515,806,2025-10-12,246.06
13516,806,2026-07-08,85.48
13517,806,2025-11-03,386.85
13518,806,2026-08-31,133.93
13519,806,2026-04-29,172.48
13520,806,2026-04-16,236.15
13521,806,2025-12-09,214.9
13522,806,2026-01-17,136.11
13523,806,2026-05-14,455.67
13524,806,2026-07-28,65.91
13525,806,2026-05-11,126.75
13526,806,2026-06-04,157.68
13527,806,2026-01-22,136.97
13528,806,2026-08-22,363.55
13529,807,2026-09-14,33.37
13530,807,2026-01-21,24.49
13531,807,2026-03-03,46.12
13532,808,2026-09-18,333.36
13533,808,2026-06-10,222.66
13534,808,2026-08-20,441.83
13535,808,2026-02-28,322.11
13536,808,2025-12-27,563.42
13537,808,2026-07-17,103.97
13538,808,2026-07-31,228.88
13539,808,2026-02-16,96.67
13540,808,2026-05-03,166.28
13541,808,2025-10-19,577.93
13542,808,2026-05-14,259.25
13543,808,2026-05-01,327.06
13544,808,2026-02-27,264.64
13545,808,2025-10-03,257.19
13546,808,2026-01-15,166.01
13547,808,2026-01-23,152.66
13548,808,2025-12-06,164.02
13549,808,2025-11-30,61.46
13550,808,2026-03-14,202.39
13551,808,2026-06-08,233.93
13552,808,2026-07-25,158.93
13553,808,2026-02-27,198.01
13554,808,2026-01-12,265.97
13555,808,2026-05-10,312.71
13556,808,2026-03-31,122.5
13557,808,2026-04-12,146.86
13558,808,2026-02-20,294.69
13559,808,2025-11-29,273.74
13560,808,2026-04-13,384.56
13561,808,2026-03-17,377.44
13562,808,2026-04-22,622.54
13563,809,2026-09-17,56.01
13564,809,2025-11-16,37.67
13565,809,2026-01-21,23.85
13566,809,2026-06-21,39.89
13567,809,2026-03-11,55.27
13568,809,2026-03-07,23.94
13569,809,2025-12-28,58.47
13570,809,2026-04-18,76.55
13571,809,2026-02-18,87.59
13572,809,2026-04-22,52.38
13573,809,2026-08-14,19.98
13574,809,2026-01-07,60.23
13575,809,2026-06-18,69.54
13576,809,2026-06-10,32.89
13577,809,2026-05-22,43.55
13578,809,2026-02-27,55.94
13579,809,2026-01-08,100.58
13580,809,2025-12-01,40.11
13581,809,2026-02-16,67.2
13582,809,2026-04-28,51.88
13583,809,2025-10-14,49.23
13584,809,2026-04-01,81.89
13585,809,2026-07-28,30.95
13586,809,2025-12-05,49.92
13587,809,2025-10-17,45.55
13588,809,2026-06-06,22.84
13589,809,2026-07-01,78.36
13590,809,2026-05-15,65.35
13591,809,2026-05-18,45.69
13592,809,2026-07-11,40.01
13593,810,2026-08-22,58.58
13594,810,2026-08-11,378.69
13595,810,2026-03-02,215.45
13596,810,2026-06-23,96.02
13597,810,2025-12-24,132.0
13598,810,2026-08-22,142.48
13599,810,2026-04-23,87.0
13600,810,2025-10-02,102.21
13601,810,2025-12-23,79.98
13602,810,2026-03-04,158.36
13603,810,2026-08-21,159.34
13604,811,2026-08-19,225.15
13605,811,2025-11-29,325.27
13606,811,2026-01-20,305.69
13607,811,2025-10-02,186.14
13608,811,2026-08-01,264.09
13609,811,2025-10-23,284.66
13610,811,2025-11-17,196.48
13611,811,2026-06-12,127.22
13612,811,2025-11-24,158.55
13613,811,2025-11-16,177.05
13614,811,2026-07-13,212.48
13615,811,2026-08-13,429.95
13616,811,2026-01-15,315.92
13617,811,2026-02-07,145.46
13618,811,2025-11-09,479.88
13619,811,2025-10-18,202.68
13620,811,2026-07-16,284.19
13621,811,2025-10-09,137.63
13622,811,2025-11-13,171.33
13623,811,2026-02-03,335.02
13624,811,2026-04-23,141.4
13625,811,2026-01-25,215.28
13626,811,2026-02-15,259.57
13627,811,2026-04-14,132.53
13628,811,2026-07-25,94.37
13629,811,2025-12-25,315.9
13630,811,2026-05-11,761.76
13631,811,2026-05-31,258.16
13632,811,2026-04-18,281.45
13633,811,2026-08-08,141.07
13634,811,2026-04-13,406.86
13635,811,2025-11-19,177.25
13636,811,2025-12-23,354.53
13637,812,2026-09-20,368.53
13638,812,2026-08-30,214.59
13639,812,2025-12-04,337.33
13640,812,2026-06-28,195.99
13641,812,2026-05-18,351.07
13642,812,2026-02-02,101.14
13643,812,2026-06-22,212.33
13644,812,2026-09-02,267.71
13645,812,2026-03-15,186.11
13646,812,2026-08-17,246.88
13647,812,2026-05-04,245.0
13648,812,2026-01-26,336.66
13649,812,2025-12-28,277.77
13650,812,2025-10-13,250.62
13651,812,2025-11-11,311.96
13652,812,2026-09-08,114.23
13653,812,2026-03-29,149.68
13654,812,2026-09-12,112.59
13655,812,2025-12-06,268.8
13656,812,2026-08-25,252.98
13657,812,2025-12-15,391.7
13658,812,2026-09-20,246.01
13659,812,2026-08-12,158.04
13660,812,2025-10-21,223.05
13661,812,2026-07-15,90.3
13662,812,2026-04-03,174.76
13663,812,2026-03-17,73.03
13664,812,2026-01-14,243.46
13665,812,2025-10-19,185.2
13666,812,2026-04-24,197.86
13667,812,2026-02-15,138.09
13668,812,2025-09-26,155.42
13669,812,2026-08-13,286.8
13670,812,2026-04-01,110.04
13671,812,2026-06-03,263.66
13672,812,2025-10-17,145.77
13673,812,2026-02-11,98.56
13674,812,2026-01-30,364.66
13675,812,2026-07-15,381.93
13676,812,2025-10-14,164.74
13677,813,2026-09-09,155.43
13678,813,2026-03-07,84.26
13679,813,2025-12-11,148.94
13680,813,2026-06-16,94.16
13681,813,2026-08-16,147.49
13682,813,2026-04-19,154.4
13683,813,2025-10-09,124.24
13684,813,2026-02-17,64.46
13685,813,2025-11-15,74.48
13686,813,2025-11-19,126.26
13687,813,2025-10-31,134.54
13688,813,2026-04-02,96.65
13689,813,2026-06-30,78.2
13690,813,2025-10-30,98.09
13691,813,2026-03-19,79.4
13692,813,2026-05-21,79.6
13693,813,2026-04-09,217.42
13694,813,2025-12-10,72.66
13695,813,2026-05-07,113.1
13696,813,2025-11-23,96.41
13697,813,2026-06-22,51.82
13698,813,2026-05-22,51.03
13699,813,2026-07-23,86.77
13700,814,2026-06-06,46.39
13701,814,2025-12-15,20.36
13702,814,2026-01-19,38.04
13703,814,2025-12-23,10.11
13704,815,2026-09-16,183.64
13705,815,2026-07-31,721.64
13706,815,2026-02-15,239.37
13707,815,2026-06-05,118.75
13708,815,2026-05-15,169.39
13709,815,2026-08-10,149.38
13710,815,2025-12-07,249.21
13711,815,2026-08-07,241.19
13712,815,2025-10-27,157.7
13713,815,2026-07-19,484.18
13714,815,2025-09-29,218.2
13715,815,2026-01-02,171.06
13716,815,2025-11-27,121.22
13717,815,2025-12-04,140.4
13718,815,2026-04-11,119.87
13719,815,2026-07-14,192.74
13720,815,2026-01-19,141.02
13721,815,2026-01-26,298.84
13722,815,2025-12-03,161.44
13723,815,2026-06-25,306.49
13724,815,2025-11-29,261.98
13725,815,2025-11-07,280.78
13726,815,2025-12-30,314.39
13727,815,2026-06-13,514.97
13728,815,2026-06-21,143.32
13729,815,2026-08-01,307.29
13730,815,2025-11-25,251.2
13731,815,2026-04-13,338.86
13732,815,2026-05-30,220.74
13733,815,2026-07-24,356.49
13734,815,2026-03-25,117.44
13735,815,2026-07-08,133.64
13736,815,2025-11-23,162.55
13737,815,2026-05-19,203.05
13738,816,2026-09-20,114.54
13739,816,2026-06-22,81.49
13740,816,2026-08-06,94.13
13741,816,2026-08-11,213.69
13742,816,2026-01-26,87.21
13743,816,2026-05-14,49.43
13744,816,2025-12-20,123.15
13745,816,2026-05-30,133.44
13746,816,2026-02-08,96.48
13747,816,2026-06-15,38.65
13748,816,2026-03-05,160.58
13749,816,2026-01-12,99.81
13750,816,2026-05-20,78.27
13751,816,2025-11-05,153.61
13752,816,2026-02-02,36.19
13753,817,2026-09-10,242.58
13754,817,2026-08-06,40.41
13755,817,2026-08-01,110.02
13756,817,2026-09-01,242.48
13757,817,2026-04-25,69.55
13758,817,2026-08-21,67.63
13759,817,2026-08-13,100.08
13760,817,2026-06-26,130.68
13761,817,2026-02-26,120.99
13762,817,2026-06-25,76.58
13763,817,2026-04-21,62.72
13764,817,2026-04-13,162.73
13765,818,2026-09-21,23.86
13766,818,2026-02-18,44.5
13767,818,2026-06-02,31.42
13768,818,2026-02-18,150.83
13769,818,2026-04-26,29.78
13770,818,2026-08-12,107.25
13771,818,2026-02-24,26.94
13772,818,2026-02-18,50.65
13773,818,2025-12-01,56.36
13774,818,2026-08-15,47.96
13775,818,2026-04-09,46.66
13776,818,2025-10-31,66.31
13777,818,2026-06-18,54.3
13778,818,2025-12-27,41.63
13779,818,2026-05-20,33.22
13780,818,2026-07-18,41.77
13781,818,2026-01-08,41.53
13782,818,2025-12-12,41.17
13783,818,2025-10-26,46.57
13784,818,2026-01-02,23.87
13785,818,2026-06-03,28.34
13786,818,2026-01-02,65.43
13787,818,2026-09-10,16.35
13788,818,2026-05-23,77.12
13789,818,2026-07-07,34.99
13790,818,2026-03-17,95.39
13791,819,2026-06-13,53.21
13792,820,2026-07-18,54.87
13793,820,2026-06-28,113.96
13794,820,2025-10-01,208.22
13795,820,2026-05-18,161.64
13796,820,2025-12-20,83.14
13797,820,2026-01-15,84.04
13798,820,2026-03-25,68.26
13799,821,2026-09-23,180.59
13800,821,2026-08-04,234.68
13801,821,2025-12-11,236.36
13802,821,2026-04-30,267.43
13803,821,2026-04-17,493.12
13804,821,2026-04-09,141.94
13805,821,2025-10-30,138.47
13806,821,2026-03-26,234.73
13807,821,2026-06-26,403.77
13808,821,2026-09-21,108.75
13809,821,2026-07-01,243.77
13810,821,2026-07-28,191.81
13811,821,2026-08-08,308.44
13812,821,2025-09-28,278.6
13813,821,2026-04-16,214.64
13814,821,2025-09-26,261.52
13815,821,2026-03-21,156.16
13816,821,2026-07-06,301.03
13817,821,2026-08-02,391.91
13818,821,2025-12-22,219.68
13819,821,2026-08-13,174.78
13820,821,2026-09-05,196.72
13821,821,2026-05-05,299.61
13822,821,2026-06-01,206.08
13823,821,2026-07-01,122.4
13824,821,2026-03-21,322.32
13825,821,2026-02-27,134.94
13826,821,2026-04-19,254.2
13827,821,2026-03-17,90.67
13828,822,2026-08-11,18.74
13829,822,2025-12-31,19.43
13830,822,2026-03-29,46.68
13831,822,2025-10-24,43.7
13832,823,2026-07-17,49.25
13833,823,2025-12-15,71.29
13834,823,2026-06-29,115.26
13835,823,2026-05-14,56.96
13836,823,2025-11-12,183.21
13837,823,2026-04-28,132.89
13838,823,2025-11-13,69.89
13839,823,2025-11-20,53.89
13840,823,2025-12-23,75.97
13841,823,2026-04-29,70.05
13842,824,2026-02-27,25.89
13843,824,2025-12-25,39.52
13844,825,2026-08-20,46.45
13845,825,2025-10-27,71.05
13846,825,2026-06-21,62.78
13847,825,2025-12-06,62.17
13848,825,2026-03-16,90.63
13849,825,2026-05-11,100.3
13850,826,2026-09-11,472.3
13851,826,2025-10-22,520.75
13852,826,2026-07-21,150.92
13853,826,2026-03-31,272.57
13854,826,2026-09-01,241.23
13855,826,2026-03-16,185.07
13856,826,2026-05-20,100.99
13857,826,2025-12-26,593.16
13858,826,2026-03-16,92.75
13859,826,2026-02-04,231.03
13860,826,2025-10-30,156.91
13861,826,2025-10-13,330.54
13862,826,2026-06-28,307.29
13863,826,2026-03-19,135.18
13864,826,2025-12-11,147.16
13865,826,2026-07-29,104.54
13866,826,2026-03-27,229.24
13867,826,2026-02-28,289.17
13868,826,2025-11-11,172.15
13869,826,2026-08-12,188.09
13870,826,2025-11-13,495.54
13871,826,2026-06-20,320.03
13872,826,2025-11-14,385.14
13873,826,2026-01-25,76.57
13874,826,2026-04-24,268.63
13875,826,2026-07-27,235.15
13876,826,2026-05-13,119.55
13877,826,2025-12-26,131.28
13878,826,2026-07-01,190.34
13879,826,2026-01-19,114.8
13880,826,2026-06-23,146.6
13881,826,2026-08-14,170.61
13882,827,2026-09-05,36.19
13883,827,2026-02-05,23.94
13884,827,2026-03-30,18.58
13885,828,2026-04-03,78.34
13886,828,2026-01-10,90.91
13887,828,2025-12-03,133.23
13888,828,2026-03-31,116.27
13889,828,2025-11-20,77.54
13890,828,2026-02-05,52.59
13891,829,2026-08-22,108.88
13892,829,2026-08-11,230.97
13893,829,2025-12-26,95.91
13894,829,2026-02-24,66.49
13895,829,2026-01-18,83.51
13896,829,2025-10-25,116.23
13897,829,2026-04-18,141.37
13898,829,2025-10-26,164.59
13899,829,2025-10-18,56.95
13900,830,2026-08-01,108.75
13901,830,2026-05-21,166.83
13902,830,2025-11-08,144.1
13903,830,2026-07-21,45.29
13904,830,2026-03-05,79.71
13905,830,2026-05-03,89.05
13906,830,2026-01-20,57.7
13907,830,2026-03-08,164.46
13908,830,2025-11-11,200.63
13909,830,2026-07-09,104.5
13910,830,2026-02-26,120.1
13911,831,2026-05-14,13.55
13912,832,2026-09-15,30.08
13913,832,2026-05-22,55.04
13914,832,2025-12-24,43.01
13915,832,2025-12-04,59.69
13916,832,2026-02-13,68.19
13917,832,2025-12-29,23.05
13918,832,2026-09-10,71.63
13919,832,2025-11-28,40.13
13920,832,2026-02-17,65.24
13921,832,2026-07-22,56.2
13922,832,2026-03-28,103.65
13923,832,2026-02-05,45.13
13924,832,2025-12-07,37.53
13925,832,2026-03-16,35.72
13926,832,2026-06-16,28.22
13927,832,2026-06-17,64.74
13928,832,2026-01-03,27.41
13929,832,2025-11-13,64.48
13930,833,2026-08-06,41.68
13931,833,2026-01-19,100.07
13932,833,2026-07-17,53.99
13933,833,2026-08-05,30.23
13934,833,2026-05-03,36.12
13935,833,2025-12-05,26.34
13936,833,2026-04-20,36.72
13937,833,2026-04-15,92.78
13938,833,2025-10-26,41.75
13939,833,2026-05-12,24.66
13940,833,2025-12-08,54.63
13941,833,2025-11-17,37.71
13942,833,2026-01-14,57.93
13943,833,2025-10-06,40.35
13944,833,2025-10-01,86.23
13945,833,2026-07-18,29.87
13946,833,2026-06-14,26.64
13947,833,2026-04-06,68.62
13948,833,2026-01-09,18.27
13949,833,2026-05-10,41.65
13950,834,2026-07-04,18.61
13951,834,2026-06-30,51.12
13952,834,2025-11-30,45.53
13953,834,2026-04-14,24.54
13954,834,2026-04-27,22.91
13955,834,2026-04-01,19.62
13956,834,2026-03-07,26.34
13957,834,2026-05-29,47.47
13958,834,2026-01-29,30.57
13959,835,2026-02-21,12.24
13960,835,2025-10-14,26.6
13961,835,2025-10-17,47.52
13962,835,2025-11-19,36.71
13963,836,2026-08-31,23.62
13964,836,2026-08-26,38.62
13965,836,2026-03-05,21.37
13966,836,2025-10-09,57.96
13967,836,2026-01-14,33.0
13968,836,2026-04-28,75.78
13969,836,2026-02-01,35.28
13970,836,2026-01-02,33.87
13971,836,2025-12-09,21.75
13972,836,2026-05-30,53.66
13973,836,2025-10-24,56.15
13974,836,2025-09-26,68.69
13975,836,2026-06-19,60.43
13976,836,2026-06-22,53.91
13977,836,2026-04-23,58.84
13978,836,2026-05-20,61.57
13979,836,2026-06-29,67.7
13980,836,2026-07-05,22.63
13981,836,2026-01-02,36.56
13982,836,2025-10-11,21.68
13983,836,2026-07-30,52.25
13984,836,2026-02-18,93.7
13985,836,2026-05-28,67.36
13986,836,2026-06-09,34.24
13987,836,2026-02-18,56.49
13988,836,2026-07-17,52.65
13989,836,2026-08-03,49.98
13990,836,2025-11-07,25.03
13991,837,2026-05-12,31.03
13992,837,2026-01-23,20.05
13993,837,2026-02-14,14.93
13994,837,2025-12-15,47.01
13995,837,2025-10-15,47.99
13996,838,2026-09-11,91.81
13997,838,2026-04-28,88.66
13998,838,2026-03-07,56.89
13999,838,2026-06-24,135.7
14000,838,2025-11-17,303.65
14001,838,2026-02-13,153.74
14002,838,2026-03-15,85.63
14003,838,2026-07-25,85.17
14004,838,2026-08-18,71.43
14005,838,2026-07-15,70.77
14006,838,2026-09-01,138.52
14007,838,2026-03-08,141.26
14008,838,2025-11-13,53.17
14009,838,2025-12-19,106.13
14010,839,2026-09-09,30.99
14011,839,2026-06-23,47.13
14012,839,2026-04-09,46.62
14013,839,2025-10-28,80.02
14014,839,2026-03-10,66.02
14015,839,2026-08-15,32.26
14016,839,2026-02-18,56.47
14017,839,2025-10-25,32.15
14018,839,2025-11-06,13.89
14019,839,2026-07-08,97.84
14020,839,2026-06-08,38.01
14021,839,2026-01-15,71.84
14022,839,2026-04-10,33.42
14023,839,2025-11-26,31.29
14024,839,2026-03-12,35.19
14025,839,2026-06-17,50.42
14026,839,2026-05-17,48.71
14027,839,2026-08-01,56.3
14028,839,2026-06-02,35.99
14029,839,2025-12-20,45.83
14030,839,2026-06-24,30.79
14031,839,2026-04-08,87.17
14032,840,2026-08-24,86.15
14033,840,2026-04-11,36.79
14034,840,2026-01-03,25.79
14035,840,2025-11-20,35.86
14036,840,2026-08-06,36.52
14037,840,2025-10-05,31.38
14038,840,2025-10-21,63.85
14039,840,2026-02-15,69.76
14040,840,2026-04-22,18.63
14041,840,2026-06-30,35.7
14042,840,2026-06-07,36.87
14043,840,2026-01-03,41.65
14044,840,2026-07-12,96.98
14045,840,2025-10-07,31.2
14046,840,2026-07-07,90.9
14047,840,2025-12-16,42.13
14048,841,2026-09-18,278.29
14049,841,2025-11-18,522.62
14050,841,2026-01-12,262.53
14051,841,2026-01-05,141.4
14052,841,2026-06-24,264.69
14053,841,2026-07-20,374.38
14054,841,2025-10-13,170.36
14055,841,2026-08-01,308.18
14056,841,2026-03-20,72.78
14057,841,2026-06-08,407.85
14058,841,2025-12-31,301.05
14059,841,2026-05-25,66.83
14060,841,2026-08-14,249.46
14061,841,2026-05-28,85.9
14062,841,2026-08-13,159.51
14063,841,2026-07-19,285.03
14064,841,2026-04-02,197.53
14065,841,2025-10-06,369.66
14066,841,2026-07-08,216.11
14067,841,2025-12-07,206.49
14068,841,2026-03-16,344.27
14069,841,2025-10-03,180.4
14070,841,2026-03-16,207.64
14071,841,2026-08-12,220.33
14072,841,2026-04-25,203.72
14073,841,2026-08-22,353.97
14074,841,2026-07-01,155.56
14075,841,2026-03-11,144.53
14076,841,2025-10-31,130.24
14077,841,2026-02-11,80.1
14078,841,2026-05-11,409.44
14079,841,2026-02-03,140.02
14080,841,2026-06-23,188.62
14081,841,2026-08-16,423.35
14082,841,2025-12-30,197.01
14083,841,2025-11-20,264.7
14084,841,2026-02-11,110.81
14085,841,2026-03-27,394.01
14086,841,2026-04-08,198.82
14087,841,2026-05-10,132.8
14088,841,2025-10-06,132.76
14089,841,2026-03-22,449.26
14090,841,2025-11-10,161.31
14091,841,2026-09-04,134.11
14092,841,2026-05-15,172.82
14093,841,2026-07-04,214.33
14094,841,2026-08-08,224.85
14095,842,2026-09-07,42.5
14096,842,2025-09-26,103.19
14097,842,2026-02-27,151.82
14098,842,2026-02-25,53.62
14099,842,2025-12-28,60.64
14100,842,2025-12-11,107.08
14101,842,2026-05-19,89.9
14102,842,2025-09-30,69.15
14103,842,2026-04-07,50.61
14104,842,2026-04-10,103.43
14105,842,2026-07-07,120.74
14106,842,2025-09-29,112.29
14107,842,2026-04-24,91.08
14108,842,2026-07-10,55.97
14109,842,2025-11-18,103.69
14110,842,2025-10-10,100.26
14111,843,2026-08-31,63.25
14112,843,2025-11-24,78.7
14113,843,2025-12-31,84.15
14114,843,2026-03-26,57.31
14115,843,2026-07-08,44.98
14116,843,2026-07-08,87.72
14117,843,2025-10-19,38.49
14118,843,2026-06-12,46.12
14119,843,2025-11-12,40.33
14120,843,2026-01-18,17.25
14121,843,2026-02-01,79.75
14122,843,2025-11-20,60.99
14123,843,2025-11-02,15.49
14124,843,2026-06-01,70.63
14125,843,2025-09-30,39.26
14126,843,2026-07-19,70.21
14127,843,2025-12-11,46.56
14128,843,2026-04-22,24.43
14129,844,2026-09-19,23.94
14130,844,2026-02-07,68.6
14131,844,2026-04-19,38.13
14132,844,2026-04-27,59.43
14133,844,2026-03-22,56.0
14134,844,2026-03-30,73.53
14135,844,2026-08-05,40.47
14136,844,2026-07-25,38.48
14137,844,2025-12-29,27.33
14138,844,2026-01-13,35.25
14139,844,2026-05-01,52.47
14140,844,2026-04-12,31.16
14141,844,2026-05-05,51.87
14142,844,2025-11-16,87.09
14143,844,2026-08-26,36.83
14144,844,2026-01-28,24.91
14145,844,2026-06-01,37.36
14146,844,2026-07-20,23.72
14147,844,2026-07-25,82.03
14148,844,2026-04-25,46.75
14149,844,2026-07-29,32.42
14150,845,2026-09-05,309.83
14151,845,2026-01-15,278.64
14152,845,2026-03-10,313.27
14153,845,2026-08-12,133.02
14154,845,2026-02-17,288.68
14155,845,2026-04-01,244.37
14156,845,2025-12-29,122.96
14157,845,2026-04-22,190.86
14158,845,2026-06-15,589.65
14159,845,2026-06-18,176.05
14160,845,2026-03-07,177.98
14161,845,2025-09-27,257.22
14162,845,2026-04-03,164.63
14163,845,2026-07-21,223.7
14164,845,2025-11-26,171.59
14165,845,2026-05-20,251.69
14166,845,2026-04-12,204.23
14167,845,2025-11-17,505.48
14168,845,2026-07-29,214.39
14169,845,2026-07-22,189.98
14170,845,2026-06-28,333.74
14171,845,2026-04-29,112.29
14172,845,2025-11-14,449.61
14173,845,2026-01-30,134.6
14174,845,2025-12-12,359.14
14175,845,2026-05-12,404.47
14176,845,2026-04-16,165.75
14177,845,2026-04-17,173.08
14178,846,2026-09-12,94.59
14179,846,2026-02-15,63.82
14180,846,2026-06-08,93.27
14181,846,2026-04-08,67.27
14182,846,2025-11-12,162.07
14183,846,2026-01-10,85.92
14184,846,2025-10-06,147.48
14185,846,2026-04-26,42.02
14186,846,2026-04-23,104.07
14187,847,2026-09-13,36.99
14188,847,2025-11-03,26.89
14189,847,2026-01-06,19.23
14190,847,2026-04-26,26.67
14191,847,2025-11-20,47.5
14192,847,2026-08-19,79.83
14193,847,2025-11-24,70.44
14194,847,2026-04-20,26.76
14195,847,2026-06-24,31.43
14196,847,2025-11-24,29.5
14197,847,2026-01-24,14.08
14198,847,2026-08-18,41.73
14199,847,2026-06-11,64.59
14200,847,2026-04-07,40.17
14201,847,2026-02-04,25.44
14202,847,2025-12-03,30.76
14203,847,2026-05-07,38.81
14204,847,2025-12-02,63.64
14205,847,2025-12-09,41.45
14206,847,2026-05-03,59.88
14207,848,2026-07-18,39.33
14208,848,2025-10-14,26.32
14209,849,2026-09-06,128.9
14210,849,2026-03-12,103.33
14211,849,2025-10-30,212.72
14212,849,2026-02-06,187.75
14213,849,2026-03-09,358.04
14214,849,2026-06-30,328.19
14215,849,2026-02-07,213.71
14216,849,2026-05-17,202.47
14217,849,2026-02-05,125.04
14218,849,2026-07-23,338.51
14219,849,2026-03-10,204.71
14220,849,2026-03-18,275.75
14221,849,2025-12-14,356.62
14222,849,2025-10-27,162.81
14223,849,2025-10-28,144.68
14224,849,2026-05-11,637.8
14225,849,2026-01-28,274.41
14226,849,2026-01-23,185.26
14227,849,2025-11-19,366.89
14228,849,2025-12-01,182.8
14229,849,2026-09-03,243.13
14230,849,2025-12-03,162.62
14231,849,2026-03-24,208.4
14232,849,2025-10-13,185.63
14233,849,2026-02-09,149.72
14234,849,2026-04-26,234.25
14235,849,2026-06-29,157.55
14236,849,2025-10-13,272.14
14237,849,2026-07-13,183.11
14238,849,2026-08-06,96.84
14239,849,2026-07-21,277.69
14240,849,2026-02-28,279.79
14241,849,2026-05-31,578.94
14242,849,2026-02-18,211.68
14243,849,2025-11-26,228.06
14244,849,2026-05-29,260.47
14245,849,2026-08-28,332.28
14246,849,2026-05-05,323.06
14247,849,2026-02-10,242.39
14248,850,2026-08-25,118.9
14249,850,2026-06-03,102.1
14250,850,2026-04-29,67.53
14251,850,2026-01-27,57.09
14252,850,2026-04-11,75.09
14253,850,2025-12-12,61.58
14254,850,2026-03-09,81.11
14255,850,2026-01-06,95.92
14256,850,2026-01-31,71.83
14257,850,2025-11-26,173.18
14258,850,2026-07-08,151.64
14259,850,2025-09-29,81.17
14260,850,2025-12-17,58.32
14261,850,2026-06-20,88.8
14262,851,2026-09-18,97.0
14263,851,2026-09-09,228.95
14264,851,2026-02-06,101.88
14265,851,2025-11-08,201.97
14266,851,2026-08-24,146.54
14267,851,2026-01-28,75.25
14268,851,2025-12-14,408.85
14269,851,2026-07-23,119.34
14270,851,2026-06-17,178.93
14271,851,2026-03-21,198.16
14272,851,2026-02-12,169.93
14273,851,2026-03-22,258.83
14274,851,2026-07-15,150.46
14275,851,2025-11-08,249.38
14276,851,2026-04-21,242.36
14277,851,2026-03-12,112.97
14278,851,2026-03-11,233.51
14279,851,2026-03-05,130.69
14280,851,2026-06-07,124.28
14281,851,2026-05-27,239.33
14282,851,2026-07-31,174.75
14283,851,2026-01-01,248.37
14284,851,2026-05-29,249.36
14285,851,2026-08-31,110.44
14286,851,2026-09-02,293.06
14287,851,2025-10-07,238.74
14288,851,2026-04-18,161.28
14289,851,2026-02-13,197.54
14290,851,2026-03-11,296.85
14291,851,2025-11-20,181.87
14292,851,2025-11-05,544.01
14293,851,2025-12-13,410.72
14294,851,2025-10-02,221.33
14295,851,2026-07-02,189.52
14296,851,2026-04-11,193.25
14297,851,2026-06-07,160.26
14298,851,2025-11-24,222.17
14299,852,2026-07-12,125.82
14300,852,2026-04-23,78.18
14301,852,2025-12-17,63.89
14302,852,2025-11-03,116.9
14303,852,2026-03-01,102.2
14304,852,2025-10-22,59.98
14305,852,2026-06-26,100.9
14306,852,2025-11-02,98.08
14307,852,2025-12-27,102.09
14308,853,2026-07-07,102.75
14309,853,2025-12-28,140.64
14310,853,2026-07-02,92.09
14311,853,2025-12-05,130.23
14312,853,2026-05-20,49.98
14313,853,2026-01-10,32.35
14314,853,2026-04-12,50.83
14315,853,2026-02-19,62.61
14316,853,2026-03-16,67.37
14317,853,2026-04-13,110.11
14318,853,2026-02-21,80.16
14319,853,2025-11-25,88.85
14320,853,2026-02-14,52.81
14321,853,2025-11-24,50.79
14322,853,2025-10-21,91.68
14323,853,2026-02-18,70.52
14324,853,2025-11-21,90.19
14325,853,2026-06-02,114.98
14326,853,2026-01-27,188.21
14327,854,2026-08-12,103.09
14328,854,2026-03-16,95.54
14329,854,2025-12-20,150.6
14330,854,2026-04-15,107.41
14331,854,2026-07-05,48.23
14332,854,2025-12-29,230.69
14333,854,2025-11-14,131.04
14334,854,2025-11-18,70.25
14335,854,2026-03-10,53.95
14336,854,2026-05-06,137.96
14337,854,2026-06-02,56.9
14338,855,2026-06-23,153.23
14339,855,2026-03-08,67.32
14340,855,2026-01-03,153.19
14341,855,2025-11-07,53.78
14342,855,2025-10-10,212.61
14343,856,2026-08-25,71.79
14344,856,2025-12-02,40.24
14345,856,2026-05-28,67.64
14346,856,2026-02-21,37.63
14347,856,2026-08-02,123.51
14348,856,2026-06-24,16.78
14349,856,2026-03-17,53.32
14350,856,2026-08-20,44.79
14351,856,2026-02-10,44.06
14352,856,2026-02-22,51.17
14353,856,2026-07-26,46.2
14354,856,2026-02-08,49.66
14355,856,2026-03-26,54.07
14356,856,2026-07-23,98.86
14357,856,2026-06-13,12.96
14358,856,2026-02-24,103.32
14359,856,2025-11-28,142.39
14360,856,2026-04-03,20.46
14361,856,2026-01-26,45.98
14362,856,2026-04-01,83.41
14363,856,2025-11-11,68.03
14364,856,2025-10-04,95.67
14365,856,2026-04-06,53.2
14366,856,2026-05-19,18.03
14367,856,2026-02-14,80.94
14368,856,2025-11-03,59.9
14369,856,2026-02-06,87.05
14370,857,2025-10-30,40.65
14371,857,2025-10-18,24.48
14372,857,2025-10-17,37.15
14373,857,2025-10-04,20.31
14374,857,2025-10-02,20.58
14375,858,2026-08-30,93.32
14376,858,2026-08-11,97.53
14377,858,2025-12-08,37.81
14378,858,2025-12-21,69.18
14379,858,2025-11-23,47.59
14380,858,2026-05-21,89.17
14381,858,2025-10-17,95.61
14382,858,2025-11-07,95.58
14383,858,2026-05-04,66.67
14384,858,2026-06-06,61.31
14385,858,2025-11-02,82.51
14386,858,2025-09-26,105.69
14387,858,2026-03-26,69.35
14388,858,2026-07-22,59.03
14389,858,2026-02-06,60.17
14390,859,2026-09-18,58.28
14391,859,2025-11-24,55.34
14392,859,2026-01-12,34.71
14393,859,2025-10-01,45.53
14394,859,2026-07-04,57.46
14395,859,2026-09-11,33.41
14396,859,2026-03-14,86.29
14397,859,2026-05-23,44.59
14398,859,2026-02-02,92.39
14399,859,2026-05-12,24.05
14400,859,2025-11-11,60.42
14401,859,2026-08-10,30.14
14402,859,2025-10-08,33.82
14403,859,2026-07-01,67.62
14404,859,2026-05-25,40.6
14405,859,2026-09-10,144.82
14406,859,2026-01-19,56.81
14407,859,2026-01-12,32.9
14408,859,2025-10-21,56.86
14409,859,2026-08-11,40.44
14410,859,2026-03-30,65.44
14411,859,2025-11-05,39.38
14412,859,2026-09-08,54.04
14413,859,2026-02-21,49.2
14414,859,2026-06-28,46.62
14415,859,2026-05-14,71.91
14416,859,2025-12-22,19.99
14417,859,2025-12-03,47.02
14418,859,2026-09-16,32.82
14419,859,2026-01-29,24.53
14420,859,2026-04-30,30.87
14421,859,2025-12-23,34.05
14422,859,2025-11-21,40.48
14423,860,2026-09-12,51.84
14424,860,2025-11-08,58.03
14425,860,2026-03-05,34.93
14426,860,2026-01-23,42.59
14427,860,2025-10-31,45.41
14428,860,2026-01-01,69.53
14429,860,2026-01-05,81.85
14430,860,2025-10-07,92.48
14431,860,2026-09-07,80.86
14432,860,2026-09-11,101.77
14433,860,2026-07-08,70.99
14434,860,2026-06-21,34.52
14435,860,2026-03-21,89.72
14436,860,2025-11-24,24.22
14437,860,2026-04-27,130.41
14438,860,2025-11-03,29.01
14439,860,2026-01-30,67.09
14440,860,2026-04-02,86.19
14441,860,2025-12-07,55.33
14442,860,2026-03-26,17.89
14443,860,2026-08-28,29.37
14444,860,2025-11-16,52.84
14445,860,2026-07-28,59.9
14446,860,2026-04-04,41.52
14447,860,2026-07-20,46.53
14448,860,2025-12-09,23.23
14449,860,2026-01-31,100.0
14450,860,2025-10-14,37.96
14451,860,2025-11-12,64.17
14452,860,2026-06-12,84.63
14453,861,2026-06-16,30.75
14454,861,2026-04-19,25.39
14455,862,2026-02-26,19.84
14456,862,2025-11-30,31.31
14457,863,2026-09-09,52.52
14458,863,2026-05-30,105.43
14459,863,2025-11-20,155.37
14460,863,2026-03-04,163.79
14461,863,2026-08-26,80.06
14462,863,2025-11-07,134.57
14463,863,2026-06-14,66.24
14464,864,2026-08-28,28.02
14465,864,2026-01-03,48.76
14466,864,2026-02-16,58.51
14467,864,2025-12-04,52.48
14468,864,2026-02-13,27.25
14469,864,2026-07-17,19.39
14470,864,2026-04-13,44.83
14471,864,2025-09-30,19.14
14472,864,2025-11-24,68.83
14473,864,2026-05-02,27.66
14474,864,2025-10-19,122.98
14475,864,2026-08-26,29.19
14476,864,2026-03-02,55.42
14477,864,2025-12-11,32.3
14478,864,2026-01-13,41.72
14479,864,2026-06-29,48.88
14480,864,2026-07-10,66.27
14481,864,2025-12-21,71.2
14482,864,2025-09-26,62.42
14483,864,2025-12-14,71.78
14484,864,2025-11-12,34.1
14485,864,2025-10-26,60.26
14486,864,2025-10-13,38.6
14487,864,2025-12-05,70.14
14488,864,2025-12-09,47.4
14489,864,2025-12-05,59.49
14490,865,2026-09-21,191.58
14491,865,2026-05-28,303.69
14492,865,2025-11-23,201.26
14493,865,2026-02-21,88.26
14494,865,2025-11-19,122.72
14495,865,2026-02-18,319.39
14496,865,2026-09-04,154.25
14497,865,2026-03-30,201.8
14498,865,2026-01-28,499.35
14499,865,2025-10-02,279.06
14500,865,2025-11-25,79.87
14501,865,2026-03-22,402.35
14502,865,2025-12-05,224.63
14503,865,2025-10-19,247.97
14504,865,2025-11-09,240.8
14505,865,2025-09-30,316.75
14506,865,2026-05-15,202.6
14507,865,2026-04-14,107.81
14508,865,2026-09-16,242.91
14509,865,2026-08-04,112.76
14510,865,2025-12-01,475.6
14511,865,2026-05-27,178.42
14512,865,2026-04-16,205.17
14513,865,2026-05-15,154.92
14514,865,2025-10-22,244.63
14515,865,2025-11-05,257.64
14516,865,2025-12-29,154.73
14517,865,2025-10-09,257.49
14518,865,2026-03-08,216.5
14519,865,2026-07-22,201.13
14520,865,2026-02-04,149.74
14521,865,2026-09-14,595.01
14522,865,2026-04-23,357.58
14523,865,2025-11-26,291.45
14524,865,2026-07-18,348.63
14525,865,2026-03-04,240.34
14526,865,2025-12-15,179.45
14527,865,2025-12-24,63.93
14528,865,2026-02-20,121.34
14529,865,2026-05-25,556.33
14530,865,2026-06-26,353.96
14531,866,2026-08-04,57.4
14532,866,2026-06-16,142.61
14533,866,2026-07-09,51.05
14534,866,2025-10-09,52.73
14535,866,2026-02-15,101.44
14536,866,2025-10-04,230.07
14537,866,2026-06-13,61.43
14538,866,2025-10-13,76.2
14539,866,2026-04-30,94.62
14540,866,2025-11-29,72.75
14541,866,2026-07-01,40.64
14542,866,2025-12-15,129.11
14543,866,2026-03-09,97.87
14544,866,2025-10-10,106.15
14545,867,2026-06-28,59.21
14546,867,2025-10-10,40.31
14547,867,2026-02-13,137.42
14548,867,2025-11-17,141.13
14549,867,2025-12-05,25.41
14550,867,2026-04-18,30.24
14551,867,2025-11-06,95.72
14552,867,2026-02-16,101.45
14553,867,2026-06-26,72.6
14554,867,2025-12-13,88.68
14555,867,2025-10-29,80.52
14556,867,2026-04-22,91.08
14557,867,2026-04-16,60.0
14558,867,2025-12-08,89.51
14559,867,2025-10-04,66.44
14560,867,2026-04-18,64.0
14561,867,2026-03-02,38.85
14562,867,2025-12-23,83.16
14563,867,2025-11-05,129.17
14564,867,2026-06-19,77.73
14565,867,2026-05-04,76.76
14566,867,2025-10-25,158.36
14567,867,2026-02-04,142.74
14568,868,2026-08-22,84.25
14569,868,2026-06-22,83.69
14570,868,2026-01-19,106.84
14571,868,2025-09-26,224.61
14572,868,2026-05-13,111.45
14573,868,2026-07-24,74.17
14574,868,2026-07-26,68.86
14575,868,2026-05-24,82.59
14576,868,2025-10-11,60.8
14577,868,2025-12-07,95.84
14578,868,2025-12-05,30.41
14579,868,2026-05-04,81.84
14580,869,2026-09-18,198.73
14581,869,2025-10-13,514.72
14582,869,2026-07-08,159.59
14583,869,2026-03-25,317.16
14584,869,2026-04-19,201.99
14585,869,2026-03-25,271.29
14586,869,2026-05-10,435.33
14587,869,2026-08-15,85.2
14588,869,2025-12-14,203.91
14589,869,2026-03-06,140.44
14590,869,2026-07-14,256.64
14591,869,2026-08-23,286.63
14592,869,2025-10-17,169.93
14593,869,2025-10-23,166.03
14594,869,2026-07-13,230.17
14595,869,2026-04-21,118.41
14596,869,2026-02-22,243.97
14597,869,2026-04-14,145.35
14598,869,2025-11-23,292.14
14599,869,2026-02-24,116.05
14600,869,2026-06-15,162.69
14601,869,2025-12-13,149.77
14602,869,2025-11-09,183.63
14603,869,2026-08-25,390.12
14604,869,2025-11-18,307.29
14605,869,2026-01-10,169.23
14606,869,2025-10-25,169.16
14607,869,2025-10-28,312.78
14608,869,2026-09-01,124.38
14609,869,2026-04-14,212.13
14610,870,2026-04-05,76.04
14611,870,2025-10-27,141.42
14612,870,2026-01-07,52.05
14613,870,2026-01-04,95.39
14614,870,2026-02-18,64.59
14615,870,2025-11-02,54.89
14616,870,2026-03-13,180.63
14617,871,2025-12-07,21.36
14618,871,2025-10-14,21.91
14619,871,2025-10-28,22.27
14620,871,2025-11-23,28.8
14621,872,2026-09-24,139.93
14622,872,2026-05-27,218.84
14623,872,2026-06-03,105.31
14624,872,2026-07-07,206.75
14625,872,2026-01-08,218.53
14626,872,2026-07-05,171.54
14627,872,2026-09-13,131.34
14628,872,2026-02-17,332.08
14629,872,2026-08-31,115.28
14630,872,2026-06-04,226.97
14631,872,2026-08-24,291.37
14632,872,2026-03-08,225.62
14633,872,2026-07-07,365.45
14634,872,2026-06-21,125.99
14635,872,2026-05-02,147.11
14636,872,2026-03-31,170.64
14637,872,2026-01-06,923.27
14638,872,2025-10-20,263.91
14639,872,2026-02-17,287.11
14640,872,2026-04-01,281.78
14641,872,2026-02-24,217.58
14642,872,2026-03-26,336.75
14643,872,2026-09-22,90.51
14644,872,2026-03-29,237.88
14645,872,2025-12-28,254.63
14646,872,2025-11-17,332.12
14647,872,2026-08-22,124.84
14648,872,2026-01-19,129.05
14649,872,2026-08-15,132.77
14650,872,2026-09-13,265.64
14651,872,2026-09-08,267.35
14652,873,2026-08-15,64.51
14653,873,2026-07-08,115.45
14654,873,2026-07-13,74.23
14655,873,2025-10-30,159.46
14656,873,2026-01-02,75.39
14657,873,2025-12-20,146.45
14658,873,2026-01-17,61.93
14659,873,2026-02-28,153.27
14660,873,2026-02-14,166.66
14661,873,2026-07-08,69.8
14662,873,2025-10-22,112.18
14663,873,2025-11-28,101.52
14664,873,2025-10-25,113.56
14665,873,2025-12-27,160.42
14666,874,2026-08-26,53.43
14667,874,2026-01-30,54.65
14668,874,2025-11-05,64.21
14669,874,2025-11-21,33.51
14670,874,2026-06-13,63.92
14671,874,2026-05-26,88.64
14672,874,2025-11-06,16.18
14673,874,2025-11-28,46.06
14674,874,2025-10-03,19.96
14675,874,2025-10-24,30.56
14676,874,2026-01-29,31.7
14677,874,2025-10-08,43.67
14678,874,2025-12-23,53.33
14679,874,2025-11-02,67.62
14680,874,2026-03-18,50.68
14681,874,2025-10-07,60.93
14682,874,2026-08-01,27.7
14683,874,2025-10-26,72.4
14684,874,2025-10-09,10.21
14685,874,2025-12-05,89.45
14686,874,2025-10-14,82.51
14687,874,2026-04-08,63.07
14688,875,2026-04-28,35.08
14689,875,2026-02-18,22.0
14690,875,2025-10-21,29.09
14691,876,2026-07-23,67.37
14692,876,2026-07-14,104.86
14693,876,2026-03-21,146.77
14694,876,2025-11-19,48.38
14695,876,2025-11-29,48.25
14696,876,2025-12-27,47.06
14697,876,2026-03-26,40.3
14698,876,2026-06-26,56.09
14699,877,2026-09-12,55.52
14700,877,2026-01-24,34.14
14701,877,2026-09-02,90.48
14702,877,2026-04-24,41.98
14703,877,2025-11-23,43.01
14704,877,2026-06-18,64.11
14705,877,2025-11-18,21.2
14706,877,2026-07-14,52.38
14707,877,2026-01-04,38.17
14708,877,2026-06-05,71.43
14709,877,2026-05-10,33.64
14710,877,2026-03-13,48.73
14711,877,2026-01-07,38.29
14712,877,2026-03-11,54.19
14713,877,2026-02-22,40.19
14714,878,2026-04-15,91.04
14715,878,2026-03-29,123.16
14716,878,2026-03-11,109.73
14717,878,2026-04-14,200.42
14718,878,2025-10-25,145.73
14719,878,2026-02-25,126.05
14720,878,2026-03-06,151.7
14721,878,2025-12-14,148.1
14722,878,2026-02-25,106.96
14723,878,2025-09-30,89.5
14724,879,2026-06-07,24.18
14725,879,2025-10-29,7.46
14726,879,2025-12-03,50.4
14727,879,2026-03-09,30.62
14728,879,2025-12-10,30.67
14729,879,2026-03-18,46.29
14730,880,2026-04-10,56.82
14731,880,2026-03-31,32.99
14732,880,2025-11-06,27.07
14733,880,2026-01-26,19.41
14734,880,2025-11-01,39.78
14735,881,2026-09-22,28.96
14736,881,2025-10-01,51.96
14737,881,2026-01-21,54.65
14738,881,2025-10-30,20.7
14739,881,2026-09-16,75.52
14740,881,2025-11-15,26.39
14741,881,2026-03-17,53.6
14742,881,2026-05-11,26.45
14743,881,2026-05-13,36.6
14744,881,2026-05-19,25.31
14745,881,2025-12-04,35.47
14746,881,2026-04-09,41.11
14747,881,2026-08-12,26.83
14748,881,2025-10-31,51.84
14749,881,2026-02-16,54.99
14750,881,2026-05-04,152.08
14751,881,2026-01-08,68.35
14752,881,2026-05-18,76.41
14753,881,2026-02-19,20.3
14754,881,2026-09-20,18.64
14755,881,2026-06-15,39.37
14756,881,2026-05-22,100.56
14757,881,2025-12-09,137.02
14758,881,2025-12-23,33.03
14759,881,2025-12-09,34.57
14760,882,2025-10-30,42.28
14761,882,2025-10-22,35.98
14762,882,2025-09-28,56.84
14763,882,2025-10-19,61.93
14764,882,2025-09-28,20.51
14765,882,2025-10-15,37.15
14766,882,2025-10-14,36.95
14767,882,2025-10-22,28.74
14768,882,2025-10-07,45.83
14769,883,2026-08-27,111.39
14770,883,2026-04-15,169.3
14771,883,2026-03-18,92.07
14772,883,2026-06-13,137.79
14773,883,2026-07-17,96.52
14774,883,2025-10-29,56.82
14775,883,2025-09-29,222.07
14776,883,2026-04-13,30.26
14777,883,2025-12-15,90.42
14778,883,2026-07-11,63.69
14779,883,2026-06-27,183.38
14780,884,2026-09-06,87.12
14781,884,2025-11-24,20.16
14782,884,2025-09-27,36.45
14783,884,2026-07-24,48.37
14784,884,2026-02-24,44.99
14785,884,2025-11-26,44.96
14786,884,2025-10-08,35.62
14787,884,2026-08-04,57.4
14788,884,2026-01-20,26.04
14789,884,2026-08-10,42.18
14790,884,2026-08-08,54.65
14791,884,2025-11-22,38.75
14792,884,2025-10-21,45.1
14793,884,2026-07-04,49.58
14794,884,2025-11-20,20.37
14795,884,2025-10-26,21.25
14796,884,2026-03-05,47.8
14797,884,2026-07-09,34.22
14798,884,2025-12-23,35.17
14799,884,2026-03-01,58.13
14800,884,2026-05-08,28.84
14801,884,2025-11-11,15.19
14802,884,2026-02-05,94.85
14803,884,2026-06-07,77.56
14804,884,2026-04-17,77.12
14805,884,2026-05-23,27.18
14806,884,2026-03-08,43.46
14807,884,2026-06-05,25.43
14808,884,2026-01-29,43.8
14809,884,2026-04-04,38.48
14810,885,2026-07-03,269.62
14811,885,2026-06-18,89.34
14812,885,2025-11-05,116.98
14813,886,2026-09-23,45.16
14814,886,2026-08-14,57.42
14815,886,2026-08-30,39.81
14816,886,2026-05-23,72.19
14817,886,2026-02-05,47.16
14818,886,2026-06-24,43.31
14819,886,2026-04-27,77.48
14820,886,2026-04-12,20.73
14821,886,2025-10-19,39.67
14822,886,2026-08-13,34.16
14823,886,2026-02-05,53.25
14824,886,2025-10-08,51.87
14825,886,2025-10-30,44.76
14826,886,2026-03-08,32.63
14827,886,2026-05-06,44.52
14828,886,2026-08-02,52.05
14829,886,2026-06-20,41.53
14830,886,2025-12-09,74.07
14831,886,2026-09-14,59.27
14832,886,2026-01-05,45.39
14833,886,2025-10-21,15.66
14834,886,2026-04-20,40.79
14835,886,2025-12-04,59.75
14836,887,2026-09-09,31.06
14837,887,2025-10-01,33.63
14838,887,2025-11-14,32.8
14839,887,2025-10-01,25.31
14840,887,2025-12-06,21.02
14841,887,2026-07-07,40.74
14842,887,2026-08-27,48.03
14843,887,2025-09-26,32.59
14844,887,2026-06-19,36.32
14845,887,2026-06-21,86.26
14846,887,2026-03-11,69.68
14847,887,2026-07-13,40.06
14848,887,2026-01-20,54.6
14849,887,2025-11-14,21.55
14850,887,2026-05-12,50.8
14851,887,2026-03-30,43.75
14852,887,2025-10-30,38.03
14853,887,2025-11-02,45.67
14854,887,2026-08-08,42.47
14855,887,2025-12-22,24.92
14856,887,2026-09-03,95.83
14857,887,2026-07-17,69.03
14858,887,2026-02-03,37.79
14859,888,2026-08-22,195.93
14860,888,2026-07-13,251.13
14861,888,2025-12-28,413.08
14862,888,2025-10-22,169.47
14863,888,2026-08-20,213.44
14864,888,2026-01-03,90.63
14865,888,2025-10-29,244.15
14866,888,2025-10-30,139.48
14867,888,2025-12-22,182.8
14868,888,2025-10-19,260.15
14869,888,2026-02-04,265.09
14870,888,2026-08-16,109.17
14871,888,2025-10-01,301.26
14872,888,2025-11-04,206.36
14873,888,2026-06-21,371.42
14874,888,2025-10-09,405.39
14875,888,2026-01-19,432.62
14876,888,2026-03-26,110.62
14877,888,2025-11-25,251.67
14878,888,2026-01-24,103.26
14879,888,2025-12-04,377.19
14880,888,2026-04-30,402.14
14881,888,2026-04-15,326.11
14882,888,2026-07-21,173.48
14883,889,2026-09-15,148.41
14884,889,2026-02-05,250.03
14885,889,2026-05-09,1471.77
14886,889,2025-11-06,279.12
14887,889,2026-04-15,216.61
14888,889,2026-02-02,312.27
14889,889,2026-08-07,297.87
14890,889,2025-10-21,155.88
14891,889,2026-03-20,96.13
14892,889,2026-04-02,274.34
14893,889,2026-06-12,293.49
14894,889,2026-02-12,183.69
14895,889,2026-09-15,440.3
14896,889,2026-04-08,402.32
14897,889,2025-12-13,297.57
14898,889,2025-12-13,185.25
14899,889,2026-02-05,81.96
14900,889,2026-05-06,194.15
14901,889,2026-03-12,91.91
14902,889,2026-07-18,72.71
14903,889,2026-02-07,280.99
14904,889,2026-07-01,355.9
14905,889,2026-05-24,87.3
14906,889,2025-12-29,187.1
14907,889,2026-08-03,208.35
14908,889,2026-05-21,184.11
14909,889,2026-05-12,112.93
14910,889,2025-10-15,382.25
14911,889,2025-12-09,114.34
14912,889,2026-05-06,87.35
14913,889,2026-02-12,113.14
14914,890,2026-06-04,34.82
14915,890,2026-03-12,30.66
14916,890,2026-04-13,26.54
14917,890,2026-05-17,31.23
14918,890,2026-01-02,60.78
14919,890,2026-03-30,43.15
14920,890,2025-11-21,29.01
14921,891,2026-08-17,80.16
14922,891,2026-04-25,72.36
14923,891,2025-11-06,83.76
14924,891,2026-04-27,74.45
14925,891,2026-04-05,106.62
14926,891,2025-10-23,156.58
14927,891,2026-07-13,123.5
14928,892,2026-08-14,58.75
14929,892,2026-03-01,67.32
14930,892,2026-02-06,91.98
14931,892,2026-01-23,59.06
14932,892,2025-11-27,101.35
14933,892,2026-03-14,76.61
14934,892,2026-05-10,121.01
14935,892,2026-05-25,92.59
14936,892,2026-06-17,198.0
14937,892,2026-02-01,95.04
14938,892,2025-12-20,52.02
14939,892,2026-05-04,81.78
14940,892,2026-02-21,90.86
14941,892,2026-04-16,59.79
14942,892,2025-10-28,178.13
14943,892,2025-10-26,78.28
14944,892,2025-10-07,67.34
14945,893,2026-08-04,132.2
14946,893,2026-06-05,162.1
14947,893,2026-07-07,132.06
14948,893,2026-01-21,170.94
14949,893,2026-02-15,106.28
14950,893,2025-11-23,207.68
14951,893,2026-05-22,60.33
14952,893,2026-03-30,101.85
14953,894,2026-09-12,127.42
14954,894,2026-07-07,156.39
14955,894,2026-02-16,222.0
14956,894,2026-03-21,152.8
14957,894,2026-08-12,85.91
14958,894,2026-03-11,221.22
14959,894,2025-11-09,179.34
14960,894,2026-03-07,137.67
14961,894,2026-01-08,182.84
14962,894,2025-10-02,179.57
14963,894,2026-05-29,214.2
14964,894,2026-08-30,187.83
14965,894,2026-01-13,226.23
14966,894,2025-12-10,205.46
14967,894,2026-07-24,303.68
14968,894,2026-05-12,428.48
14969,894,2026-05-09,208.57
14970,894,2025-12-21,158.76
14971,894,2025-11-08,110.01
14972,894,2025-12-28,280.89
14973,894,2026-05-31,139.91
14974,894,2026-02-06,603.96
14975,894,2026-06-10,733.43
14976,894,2026-02-02,190.8
14977,894,2025-10-08,99.27
14978,894,2026-01-22,281.83
14979,894,2025-12-10,540.0
14980,894,2025-12-23,116.35
14981,894,2026-03-29,493.36
14982,894,2026-07-28,91.38
14983,894,2025-10-04,109.15
14984,895,2026-01-11,18.33
14985,895,2025-12-04,33.53
14986,895,2025-12-08,31.55
14987,895,2025-11-11,31.65
14988,895,2025-11-12,42.64
14989,895,2025-12-07,18.96
14990,895,2025-10-20,40.68
14991,896,2026-09-01,70.5
14992,896,2026-07-09,99.26
14993,896,2025-12-28,87.83
14994,896,2026-02-21,101.49
14995,896,2026-06-10,39.8
14996,896,2026-04-27,208.76
14997,896,2026-03-21,186.45
14998,896,2025-12-03,53.64
14999,896,2026-08-30,116.7
15000,896,2025-12-17,46.09
15001,896,2026-08-06,93.46
15002,896,2025-11-11,33.51
15003,896,2026-07-23,78.91
15004,896,2026-06-09,72.26
15005,896,2026-04-29,151.46
15006,896,2025-09-26,190.69
15007,897,2026-08-04,225.05
15008,897,2026-01-14,91.24
15009,897,2026-01-28,108.18
15010,897,2026-07-27,97.04
15011,897,2026-07-30,144.25
15012,897,2026-03-01,41.65
15013,897,2026-02-23,95.82
15014,897,2026-03-24,107.6
15015,897,2025-10-16,67.01
15016,897,2026-04-23,122.56
15017,897,2025-09-30,149.58
15018,897,2026-05-14,128.68
15019,897,2026-04-25,233.84
15020,897,2026-05-03,86.4
15021,898,2026-05-14,146.18
15022,898,2025-11-15,170.63
15023,898,2025-12-13,97.73
15024,898,2026-01-23,95.24
15025,898,2025-12-14,41.79
15026,899,2026-07-22,160.33
15027,899,2025-12-04,92.38
15028,899,2025-10-01,174.28
15029,899,2026-06-07,56.68
15030,899,2026-03-05,94.02
15031,899,2026-06-25,146.48
15032,899,2026-02-01,79.19
15033,899,2025-12-11,158.19
15034,899,2026-03-04,120.38
15035,900,2026-08-31,112.8
15036,900,2025-11-15,39.7
15037,900,2026-07-24,106.82
15038,900,2026-04-19,41.64
15039,900,2025-10-18,43.93
15040,900,2026-04-11,91.07
15041,900,2026-07-08,29.78
15042,900,2025-10-08,46.02
15043,900,2026-07-16,57.37
15044,900,2026-06-08,53.97
15045,900,2026-03-26,45.88
15046,900,2026-04-22,43.13
15047,900,2026-04-12,65.86
15048,900,2025-12-13,48.73
15049,900,2026-02-23,69.51
15050,900,2026-03-21,53.68
15051,900,2026-01-04,60.3
15052,900,2026-02-07,74.95
15053,900,2026-01-30,39.14
15054,900,2026-03-22,74.04
15055,900,2026-02-24,41.93
15056,900,2026-05-27,23.96
15057,900,2026-04-13,38.8
15058,901,2026-09-02,30.17
15059,901,2026-07-09,117.08
15060,901,2026-02-09,21.56
15061,901,2026-07-19,103.4
15062,901,2026-01-10,44.33
15063,901,2026-02-17,40.52
15064,901,2026-04-06,44.84
15065,901,2026-03-27,31.4
15066,901,2025-10-08,88.44
15067,901,2026-04-22,32.96
15068,901,2025-11-16,34.91
15069,901,2025-11-30,24.19
15070,901,2025-09-27,32.39
15071,901,2025-11-01,32.84
15072,901,2026-02-02,31.86
15073,901,2025-09-28,41.58
15074,901,2026-01-06,27.25
15075,901,2026-07-22,92.22
15076,902,2026-06-29,102.86
15077,902,2026-02-07,174.08
15078,902,2026-01-30,176.72
15079,902,2025-12-23,83.7
15080,902,2026-03-18,128.09
15081,902,2026-06-12,107.04
15082,902,2025-10-26,42.15
15083,902,2026-03-03,96.52
15084,903,2026-09-09,159.82
15085,903,2025-10-24,214.76
15086,903,2026-01-09,363.23
15087,903,2025-11-28,334.3
15088,903,2026-03-10,386.81
15089,903,2026-01-27,248.54
15090,903,2025-11-29,296.9
15091,903,2026-03-26,395.86
15092,903,2026-07-20,179.94
15093,903,2025-10-05,256.05
15094,903,2026-05-18,79.93
15095,903,2026-04-28,103.15
15096,903,2026-02-08,262.99
15097,903,2026-07-09,281.69
15098,903,2026-05-12,176.41
15099,903,2026-02-20,159.85
15100,903,2025-12-28,178.95
15101,903,2026-07-23,228.94
15102,903,2025-11-24,74.14
15103,903,2026-06-05,258.95
15104,903,2025-10-26,213.09
15105,903,2025-10-28,234.73
15106,903,2026-01-04,198.63
15107,903,2025-11-02,112.7
15108,903,2026-07-16,128.11
15109,903,2026-03-31,416.83
15110,903,2026-07-22,157.26
15111,903,2026-03-27,302.06
15112,903,2026-02-18,129.03
15113,904,2026-09-10,50.56
15114,904,2026-02-24,71.46
15115,904,2026-03-18,33.38
15116,904,2026-06-18,36.56
15117,904,2025-11-06,42.64
15118,904,2025-11-21,31.32
15119,904,2025-10-12,54.31
15120,904,2026-04-25,55.07
15121,904,2026-06-03,13.22
15122,904,2026-03-10,60.0
15123,904,2026-08-01,47.65
15124,904,2025-12-31,50.56
15125,904,2025-11-10,76.51
15126,904,2026-07-13,20.14
15127,904,2026-07-03,25.58
15128,904,2026-05-28,43.6
15129,904,2025-12-04,15.83
15130,904,2026-05-20,40.91
15131,904,2025-12-29,65.85
15132,904,2025-10-25,53.79
15133,904,2026-04-10,46.63
15134,904,2026-07-24,40.53
15135,904,2025-10-25,37.12
15136,904,2026-05-04,36.17
15137,904,2026-02-13,49.88
15138,904,2025-10-10,22.39
15139,904,2025-10-31,86.93
15140,904,2025-11-22,32.29
15141,904,2026-05-10,57.84
15142,905,2026-09-16,97.61
15143,905,2026-01-21,128.67
15144,905,2026-07-21,42.1
15145,905,2026-05-09,67.84
15146,905,2026-03-08,95.69
15147,905,2026-03-17,110.35
15148,905,2026-02-18,67.25
15149,905,2026-06-21,71.83
15150,905,2025-12-07,75.46
15151,906,2026-04-21,17.02
15152,907,2026-08-15,90.01
15153,907,2026-07-22,30.46
15154,907,2025-10-08,24.77
15155,907,2026-01-22,37.37
15156,907,2026-02-19,59.19
15157,907,2025-10-21,12.78
15158,907,2026-05-30,66.73
15159,907,2026-05-27,40.97
15160,907,2026-07-09,26.92
15161,907,2026-06-11,38.13
15162,907,2026-07-21,32.24
15163,907,2026-06-15,25.93
15164,907,2026-01-15,18.81
15165,907,2026-01-02,62.51
15166,907,2026-01-18,34.98
15167,907,2025-10-26,37.73
15168,907,2025-11-11,65.81
15169,907,2026-05-02,46.15
15170,907,2026-06-15,22.31
15171,907,2026-04-01,60.91
15172,907,2025-10-19,87.74
15173,907,2025-10-06,56.43
15174,907,2026-06-10,30.49
15175,907,2026-06-29,23.19
15176,907,2025-12-20,30.0
15177,908,2026-09-20,510.25
15178,908,2025-11-08,128.18
15179,908,2026-06-12,365.55
15180,908,2026-07-17,254.91
15181,908,2025-12-23,230.66
15182,908,2025-10-17,391.32
15183,908,2026-06-19,157.7
15184,908,2026-06-25,373.16
15185,908,2025-12-14,191.21
15186,908,2026-03-22,157.3
15187,908,2025-12-09,115.6
15188,908,2025-12-26,428.6
15189,908,2025-12-08,350.96
15190,908,2026-07-25,169.35
15191,908,2026-03-12,268.42
15192,908,2026-04-16,222.31
15193,908,2025-11-12,179.16
15194,908,2026-01-28,324.16
15195,908,2025-12-26,158.49
15196,908,2025-11-07,78.33
15197,908,2026-01-15,236.05
15198,908,2026-01-28,216.41
15199,908,2026-03-14,160.8
15200,908,2026-08-23,140.54
15201,908,2026-01-04,104.1
15202,908,2026-05-28,178.37
15203,908,2026-08-07,141.63
15204,908,2026-05-17,324.11
15205,908,2026-05-19,264.95
15206,908,2026-05-04,168.86
15207,908,2026-06-12,265.69
15208,908,2025-10-17,200.09
15209,908,2025-11-06,186.02
15210,908,2026-09-08,204.88
15211,908,2026-03-26,466.01
15212,908,2026-06-04,280.6
15213,908,2025-11-19,183.61
15214,908,2026-03-27,313.99
15215,908,2026-02-04,308.93
15216,908,2026-08-20,236.04
15217,909,2026-05-25,104.12
15218,909,2025-11-14,175.22
15219,909,2025-10-10,125.01
15220,909,2026-05-17,114.56
15221,909,2026-04-22,118.28
15222,910,2026-05-27,283.33
15223,910,2026-05-04,37.75
15224,910,2025-10-31,113.16
15225,910,2026-05-26,66.63
15226,911,2026-08-18,216.13
15227,911,2026-01-17,74.09
15228,911,2026-06-24,152.71
15229,911,2026-01-22,84.73
15230,911,2026-04-03,68.63
15231,911,2026-03-08,75.79
15232,911,2026-05-07,93.54
15233,911,2026-04-01,65.05
15234,911,2025-12-08,118.23
15235,911,2026-03-31,71.25
15236,911,2026-04-12,55.53
15237,911,2026-08-05,89.2
15238,911,2026-04-17,65.86
15239,911,2025-12-16,77.67
15240,911,2026-07-05,87.83
15241,911,2026-04-25,49.25
15242,911,2026-05-17,173.52
15243,911,2026-03-16,129.74
15244,912,2026-08-04,53.22
15245,912,2026-05-30,88.09
15246,912,2025-12-21,158.95
15247,912,2025-12-10,63.83
15248,912,2026-04-01,88.33
15249,912,2025-12-03,39.07
15250,912,2026-06-07,72.88
15251,912,2026-04-21,140.97
15252,912,2026-07-16,63.23
15253,912,2026-01-16,50.78
15254,912,2025-12-24,63.47
15255,912,2025-12-09,68.41
15256,912,2026-04-12,126.97
15257,912,2025-11-15,106.77
15258,913,2026-09-06,44.91
15259,913,2026-01-26,136.33
15260,913,2025-11-10,88.54
15261,913,2026-04-20,78.27
15262,913,2025-12-02,102.14
15263,913,2026-03-24,46.99
15264,913,2025-10-13,109.25
15265,913,2026-05-06,68.83
15266,913,2026-08-01,83.89
15267,913,2026-03-26,150.28
15268,913,2026-08-26,120.16
15269,913,2025-12-03,83.13
15270,913,2025-10-24,86.0
15271,913,2026-06-24,28.43
15272,913,2026-08-19,62.18
15273,913,2025-12-18,97.03
15274,913,2026-01-11,63.81
15275,913,2025-12-06,49.55
15276,913,2026-02-21,111.71
15277,913,2026-02-17,162.02
15278,913,2026-06-05,65.05
15279,913,2026-05-20,133.43
15280,913,2026-01-31,124.71
15281,913,2025-10-17,57.99
15282,914,2026-09-13,72.93
15283,914,2026-07-23,94.13
15284,914,2025-12-25,125.81
15285,914,2026-03-23,59.97
15286,914,2026-07-05,246.65
15287,914,2026-05-28,143.56
15288,914,2025-10-03,76.63
15289,914,2026-02-21,80.97
15290,914,2026-01-14,212.74
15291,914,2025-11-15,76.72
15292,914,2026-04-25,72.77
15293,914,2026-05-14,150.74
15294,914,2025-09-26,47.92
15295,915,2026-08-21,48.15
15296,915,2026-01-13,66.91
15297,915,2025-12-21,68.37
15298,915,2025-12-09,103.45
15299,915,2026-05-05,78.51
15300,915,2026-04-28,54.19
15301,915,2025-11-22,117.32
15302,915,2026-03-22,141.16
15303,915,2026-01-14,85.93
15304,915,2026-03-04,98.9
15305,915,2026-08-11,58.23
15306,915,2026-03-19,71.14
15307,915,2026-06-26,72.46
15308,915,2026-07-24,115.72
15309,915,2026-05-27,100.99
15310,915,2026-05-17,77.59
15311,915,2025-12-19,76.22
15312,915,2026-05-30,37.13
15313,915,2025-12-01,185.39
15314,916,2026-08-22,112.82
15315,916,2026-07-30,88.56
15316,916,2026-01-27,136.95
15317,916,2026-07-23,144.03
15318,916,2026-01-16,103.42
15319,916,2026-07-19,122.36
15320,916,2025-11-26,223.86
15321,916,2026-05-26,47.65
15322,916,2026-07-19,146.07
15323,916,2026-05-02,180.37
15324,916,2025-10-25,109.39
15325,916,2026-02-21,212.01
15326,916,2025-09-28,199.94
15327,916,2026-05-29,77.33
15328,916,2026-01-12,80.05
15329,916,2026-06-22,114.27
15330,916,2026-04-02,67.96
15331,916,2026-04-20,304.86
15332,917,2026-09-23,300.47
15333,917,2026-02-05,187.76
15334,917,2026-09-09,254.49
15335,917,2026-01-04,116.55
15336,917,2026-01-27,235.86
15337,917,2026-08-27,149.29
15338,917,2026-06-20,380.29
15339,917,2025-11-18,217.26
15340,917,2026-04-16,282.99
15341,917,2026-08-20,236.31
15342,917,2026-02-02,473.4
15343,917,2025-12-12,104.06
15344,917,2026-04-19,199.52
15345,917,2026-08-14,136.33
15346,917,2026-08-07,83.49
15347,917,2026-05-10,132.4
15348,917,2026-04-01,355.86
15349,917,2025-12-25,207.17
15350,917,2026-01-19,190.23
15351,917,2026-06-23,297.43
15352,917,2026-01-16,221.2
15353,917,2026-08-13,276.75
15354,917,2026-07-19,242.84
15355,918,2026-09-05,503.53
15356,918,2025-12-08,299.57
15357,918,2025-11-09,272.15
15358,918,2026-06-03,205.76
15359,918,2026-02-18,253.06
15360,918,2026-08-12,151.68
15361,918,2026-08-15,269.57
15362,918,2026-02-14,192.5
15363,918,2025-10-06,145.05
15364,918,2026-06-19,303.04
15365,918,2025-12-07,76.93
15366,918,2026-08-09,164.35
15367,918,2026-08-14,276.75
15368,918,2026-02-07,364.37
15369,918,2026-06-01,259.66
15370,918,2026-08-02,155.19
15371,918,2025-10-25,205.24
15372,918,2025-11-03,239.41
15373,918,2026-09-01,423.84
15374,918,2025-10-06,317.79
15375,918,2026-08-30,318.84
15376,918,2025-12-25,216.27
15377,918,2025-12-09,129.69
15378,918,2026-05-29,111.54
15379,918,2026-07-21,183.38
15380,918,2026-02-23,287.68
15381,918,2025-11-04,167.55
15382,918,2026-08-26,271.67
15383,918,2025-11-16,146.86
15384,918,2026-02-03,157.42
15385,918,2025-09-30,395.72
15386,918,2026-06-06,296.55
15387,918,2026-01-26,182.95
15388,918,2026-04-02,144.51
15389,918,2026-01-30,321.86
15390,919,2026-02-10,75.24
15391,919,2026-01-17,52.16
15392,919,2025-11-14,68.36
15393,919,2025-12-02,115.33
15394,919,2026-02-02,51.57
15395,919,2025-12-26,56.28
15396,919,2026-01-23,135.05
15397,920,2026-09-11,29.6
15398,920,2025-10-29,56.75
15399,920,2026-01-20,29.27
15400,920,2025-11-10,61.98
15401,920,2026-04-20,78.01
15402,920,2026-07-25,62.31
15403,920,2026-03-31,41.55
15404,920,2026-06-01,58.07
15405,920,2025-10-24,22.57
15406,920,2026-01-10,20.39
15407,920,2025-10-29,55.52
15408,920,2026-05-25,81.06
15409,920,2026-04-08,25.86
15410,920,2026-08-14,45.31
15411,920,2026-07-26,54.83
15412,920,2026-05-03,34.13
15413,920,2026-04-25,38.63
15414,920,2026-01-17,59.3
15415,920,2026-06-28,47.24
15416,920,2025-10-01,47.34
15417,920,2025-12-12,28.92
15418,920,2025-11-02,44.37
15419,920,2026-05-27,37.62
15420,920,2026-02-26,38.54
15421,920,2026-03-14,35.27
15422,920,2025-12-13,44.45
15423,920,2025-11-18,30.45
15424,920,2026-02-23,45.25
15425,920,2025-10-04,38.18
15426,920,2026-03-22,29.58
15427,921,2026-09-09,329.21
15428,921,2026-04-24,184.51
15429,921,2026-07-12,78.03
15430,921,2025-11-07,151.21
15431,921,2026-03-29,172.35
15432,921,2026-08-22,182.45
15433,921,2026-08-08,296.29
15434,921,2026-05-31,138.24
15435,921,2025-10-16,319.93
15436,921,2026-08-06,238.75
15437,921,2026-04-22,117.7
15438,921,2026-04-24,181.88
15439,921,2026-02-06,262.36
15440,921,2026-02-12,213.77
15441,921,2026-03-23,249.05
15442,921,2025-12-02,161.22
15443,921,2026-08-31,269.55
15444,921,2026-04-25,175.53
15445,921,2026-08-19,660.42
15446,921,2026-05-27,115.97
15447,921,2026-06-09,707.11
15448,921,2025-11-05,136.88
15449,921,2026-01-17,372.1
15450,921,2026-06-18,304.74
15451,921,2026-01-29,139.46
15452,921,2025-11-23,275.03
15453,921,2026-07-06,168.0
15454,921,2026-02-24,237.65
15455,921,2026-03-23,224.45
15456,921,2025-10-25,179.45
15457,921,2026-05-04,172.87
15458,921,2026-01-16,244.81
15459,921,2026-02-23,139.82
15460,922,2026-08-11,68.24
15461,922,2026-07-19,44.58
15462,922,2026-03-25,137.92
15463,922,2026-06-13,86.19
15464,922,2025-12-28,75.24
15465,922,2026-04-05,99.7
15466,922,2026-02-16,70.05
15467,922,2025-10-08,75.12
15468,922,2025-10-21,101.85
15469,922,2026-03-27,68.39
15470,922,2026-04-15,72.88
15471,922,2026-05-08,83.88
15472,922,2026-01-03,93.78
15473,922,2025-09-27,117.98
15474,922,2026-02-01,117.01
15475,922,2026-02-12,45.83
15476,923,2025-10-30,26.92
15477,923,2025-09-26,38.27
15478,923,2025-10-24,33.23
15479,923,2025-10-11,71.14
15480,923,2025-10-04,57.26
15481,924,2026-09-06,41.17
15482,924,2026-06-18,69.4
15483,924,2026-05-28,35.03
15484,924,2026-04-24,25.99
15485,924,2026-07-30,86.35
15486,924,2026-07-20,32.33
15487,924,2025-12-22,27.09
15488,924,2025-11-27,49.85
15489,924,2025-12-24,44.0
15490,924,2025-10-11,35.93
15491,924,2025-12-27,45.01
15492,924,2026-07-27,29.67
15493,924,2025-12-25,35.75
15494,924,2026-06-19,44.27
15495,924,2025-12-12,18.0
15496,924,2026-01-31,69.16
15497,924,2025-11-17,24.26
15498,924,2025-10-13,29.49
15499,924,2026-01-11,70.58
15500,924,2025-10-18,58.14
15501,924,2026-03-04,46.8
15502,924,2025-10-19,20.86
15503,924,2026-08-07,34.26
15504,924,2026-04-07,40.83
15505,924,2025-12-17,42.19
15506,925,2026-09-10,198.33
15507,925,2025-09-30,143.03
15508,925,2026-08-09,330.82
15509,925,2026-02-20,226.66
15510,925,2026-03-11,432.36
15511,925,2025-12-09,171.14
15512,925,2026-05-07,551.19
15513,925,2026-05-04,210.24
15514,925,2025-12-02,165.55
15515,925,2025-11-15,620.82
15516,925,2025-11-26,92.23
15517,925,2025-11-11,163.76
15518,925,2026-08-06,99.27
15519,925,2026-01-24,91.82
15520,925,2026-01-13,82.84
15521,925,2026-06-10,277.17
15522,925,2026-04-05,115.47
15523,925,2025-09-28,187.25
15524,925,2026-07-24,313.71
15525,925,2025-11-28,258.69
15526,925,2026-05-22,253.0
15527,926,2026-03-06,98.61
15528,926,2025-10-20,141.36
15529,926,2025-11-28,100.39
15530,926,2026-01-05,86.48
15531,926,2026-01-18,97.86
15532,926,2026-01-25,153.74
15533,926,2026-01-06,62.45
15534,926,2026-01-14,145.73
15535,927,2026-09-23,77.56
15536,927,2025-10-01,146.48
15537,927,2025-10-19,161.94
15538,927,2026-05-17,109.97
15539,927,2026-09-04,132.6
15540,927,2026-05-16,223.38
15541,927,2025-11-08,168.53
15542,927,2025-11-01,174.59
15543,927,2026-01-12,112.92
15544,927,2026-01-21,190.76
15545,927,2026-05-15,106.73
15546,927,2026-04-16,404.91
15547,927,2025-11-08,460.17
15548,927,2026-07-07,169.73
15549,927,2026-04-29,126.72
15550,927,2025-11-09,308.49
15551,927,2026-01-13,274.15
15552,927,2026-08-15,488.21
15553,927,2025-12-12,550.37
15554,927,2026-08-30,84.36
15555,927,2026-06-12,353.72
15556,927,2025-10-25,189.99
15557,927,2026-08-28,268.86
15558,927,2026-07-17,298.01
15559,927,2025-11-12,292.44
15560,927,2026-01-23,329.4
15561,927,2026-07-02,163.2
15562,927,2026-05-22,136.77
15563,927,2025-10-20,358.25
15564,927,2026-02-16,141.86
15565,927,2026-06-01,485.29
15566,927,2026-08-02,148.88
15567,927,2026-04-26,176.93
15568,927,2026-05-31,192.76
15569,927,2026-04-20,104.97
15570,928,2026-09-20,67.73
15571,928,2026-04-30,178.85
15572,928,2026-02-06,97.74
15573,928,2025-10-20,107.72
15574,928,2026-02-19,63.16
15575,928,2025-12-24,49.61
15576,928,2026-04-01,80.75
15577,928,2026-06-19,29.78
15578,928,2026-05-12,54.94
15579,928,2026-05-17,51.22
15580,928,2026-03-07,35.96
15581,928,2026-07-28,120.54
15582,928,2025-12-19,84.87
15583,928,2026-07-28,68.1
15584,929,2025-10-30,23.09
15585,929,2025-10-06,23.33
15586,929,2025-10-18,33.23
15587,930,2026-05-09,35.32
15588,930,2025-12-25,28.23
15589,930,2026-05-03,31.9
15590,930,2026-01-05,40.32
15591,930,2026-02-20,54.03
15592,931,2026-06-07,111.23
15593,931,2025-10-16,84.5
15594,931,2026-05-12,248.35
15595,931,2026-04-07,59.74
15596,931,2025-11-09,76.52
15597,932,2026-09-14,40.06
15598,932,2026-09-10,31.15
15599,932,2025-10-25,31.54
15600,932,2026-04-07,39.41
15601,932,2026-05-06,80.84
15602,932,2025-11-05,54.24
15603,932,2025-10-21,56.81
15604,932,2026-07-04,64.83
15605,932,2026-06-09,28.77
15606,932,2026-05-27,32.71
15607,932,2026-07-20,56.87
15608,932,2025-11-16,31.69
15609,932,2025-10-05,22.64
15610,932,2026-03-15,27.65
15611,932,2026-01-06,72.32
15612,932,2026-04-19,38.03
15613,932,2025-09-27,49.81
15614,932,2025-10-12,28.28
15615,932,2025-12-23,53.38
15616,932,2025-11-04,39.86
15617,932,2026-07-29,55.01
15618,932,2025-11-04,36.29
15619,932,2026-04-16,56.46
15620,932,2026-07-01,35.5
15621,932,2025-10-20,43.4
15622,932,2025-11-20,39.82
15623,933,2026-09-03,39.31
15624,933,2026-04-20,20.27
15625,933,2025-12-17,69.64
15626,933,2025-10-30,48.95
15627,933,2025-10-03,61.06
15628,933,2026-06-03,28.32
15629,933,2026-06-05,54.15
15630,933,2025-10-21,33.43
15631,933,2026-02-16,41.27
15632,933,2026-05-14,52.74
15633,933,2026-05-10,43.6
15634,933,2026-07-05,64.74
15635,933,2026-08-06,47.91
15636,933,2026-05-08,36.53
15637,933,2025-12-05,65.76
15638,933,2026-01-20,72.3
15639,933,2026-08-30,46.81
15640,933,2026-08-19,82.1
15641,933,2025-11-09,40.48
15642,933,2025-12-05,42.48
15643,933,2025-12-05,45.09
15644,933,2025-11-12,42.45
15645,933,2026-01-28,39.13
15646,933,2026-05-11,32.62
15647,933,2026-02-13,28.77
15648,933,2026-01-26,47.3
15649,933,2025-11-17,77.16
15650,934,2026-07-10,24.37
15651,934,2025-11-01,86.37
15652,934,2025-11-19,85.93
15653,934,2025-12-12,200.16
15654,934,2026-02-06,174.88
15655,934,2026-03-07,136.92
15656,934,2026-01-08,58.44
15657,934,2025-10-29,56.94
15658,934,2026-02-08,54.96
15659,934,2025-12-21,178.89
15660,934,2026-01-28,59.75
15661,934,2026-01-05,75.66
15662,934,2025-12-24,60.03
15663,934,2026-06-26,51.09
15664,934,2026-06-06,104.53
15665,934,2026-06-29,96.43
15666,934,2025-12-01,33.07
15667,935,2026-08-25,67.2
15668,935,2025-12-25,103.59
15669,935,2026-02-27,53.73
15670,935,2025-12-09,62.12
15671,935,2026-03-15,40.36
15672,935,2026-08-23,35.66
15673,935,2025-10-25,72.65
15674,935,2025-11-05,110.2
15675,936,2026-08-27,92.78
15676,936,2025-10-25,144.05
15677,936,2025-12-17,136.34
15678,936,2026-03-15,93.8
15679,937,2026-08-30,77.93
15680,937,2026-04-04,50.98
15681,937,2026-08-09,130.3
15682,937,2025-11-04,86.0
15683,937,2025-11-19,62.88
15684,937,2026-02-20,131.23
15685,937,2025-11-23,75.31
15686,937,2026-01-16,43.34
15687,937,2025-12-02,135.18
15688,938,2026-08-27,130.01
15689,938,2026-05-02,199.74
15690,938,2025-10-24,279.39
15691,938,2026-04-29,477.72
15692,938,2026-05-21,523.64
15693,938,2026-05-20,91.6
15694,938,2025-10-13,327.83
15695,938,2026-05-01,131.71
15696,938,2026-04-26,134.7
15697,938,2026-04-27,160.89
15698,938,2025-11-07,156.34
15699,938,2026-01-01,126.74
15700,938,2026-02-07,72.03
15701,938,2026-06-17,393.38
15702,938,2026-07-20,307.41
15703,938,2026-07-29,203.69
15704,938,2026-05-20,132.77
15705,938,2025-12-05,357.77
15706,938,2025-12-15,199.44
15707,938,2025-12-08,158.43
15708,938,2026-01-15,97.93
15709,938,2026-03-07,261.48
15710,938,2026-04-30,176.56
15711,938,2025-12-26,230.83
15712,938,2026-06-23,221.42
15713,938,2026-08-04,273.21
15714,938,2025-11-22,226.35
15715,938,2026-03-21,178.95
15716,938,2026-01-30,263.48
15717,938,2025-10-10,314.91
15718,938,2026-01-10,411.7
15719,938,2025-12-14,123.99
15720,938,2026-03-20,338.64
15721,939,2026-07-01,130.85
15722,939,2026-04-03,91.76
15723,939,2026-07-01,63.12
15724,939,2026-03-18,53.39
15725,939,2026-04-20,63.21
15726,939,2025-10-14,98.42
15727,939,2026-02-05,39.26
15728,939,2026-03-01,108.94
15729,939,2026-01-15,92.99
15730,939,2026-05-24,160.63
15731,939,2026-05-25,123.39
15732,939,2026-05-19,65.0
15733,939,2025-11-01,42.05
15734,939,2025-12-06,62.19
15735,939,2025-10-07,167.56
15736,939,2025-11-17,102.75
15737,939,2026-05-29,117.76
15738,939,2026-05-16,67.81
15739,940,2026-09-06,300.62
15740,940,2025-11-25,269.16
15741,940,2025-10-27,278.41
15742,940,2026-06-20,203.45
15743,940,2026-03-06,122.18
15744,940,2025-11-11,110.85
15745,940,2026-09-02,379.46
15746,940,2026-09-04,206.91
15747,940,2026-02-06,260.29
15748,940,2026-07-19,230.89
15749,940,2025-09-28,236.22
15750,940,2026-07-27,245.26
15751,940,2025-12-25,287.42
15752,940,2026-05-20,148.67
15753,940,2025-10-22,357.52
15754,940,2025-11-11,150.68
15755,940,2025-12-04,233.89
15756,940,2026-01-28,123.32
15757,940,2026-06-24,194.83
15758,940,2026-07-31,156.05
15759,940,2026-06-08,212.3
15760,940,2026-08-10,292.38
15761,940,2025-12-09,217.31
15762,940,2026-05-30,507.5
15763,940,2026-04-07,300.45
15764,940,2026-02-04,189.48
15765,940,2026-01-07,202.02
15766,940,2026-02-13,248.91
15767,940,2025-12-26,288.31
15768,940,2026-07-29,120.52
15769,940,2026-06-02,279.67
15770,940,2025-12-17,121.93
15771,940,2026-01-01,267.75
15772,940,2026-01-31,344.52
15773,940,2025-10-16,240.32
15774,940,2025-10-01,73.74
15775,940,2026-08-08,94.16
15776,940,2026-02-27,270.52
15777,940,2025-10-30,69.61
15778,940,2026-05-16,276.32
15779,940,2026-08-17,327.1
15780,940,2026-07-27,350.0
15781,941,2026-09-07,143.19
15782,941,2025-11-20,83.74
15783,942,2026-07-14,115.71
15784,942,2026-01-21,111.65
15785,942,2026-01-13,135.1
15786,942,2026-01-21,180.15
15787,942,2025-12-22,60.35
15788,942,2026-05-31,177.44
15789,942,2026-01-10,129.87
15790,942,2026-06-17,82.73
15791,942,2026-06-24,59.79
15792,942,2026-02-27,98.31
15793,942,2026-06-10,102.35
15794,942,2025-12-19,104.94
15795,942,2026-02-24,67.88
15796,942,2026-05-06,118.39
15797,942,2026-04-26,74.99
15798,942,2026-02-19,155.6
15799,943,2026-09-07,205.37
15800,943,2026-01-14,420.41
15801,943,2026-05-30,329.22
15802,943,2025-12-04,429.53
15803,943,2025-11-27,212.95
15804,943,2026-05-19,400.15
15805,943,2026-08-17,371.44
15806,943,2026-04-05,287.34
15807,943,2026-01-22,297.9
15808,943,2025-12-11,160.7
15809,943,2026-06-29,478.11
15810,943,2026-03-25,188.07
15811,943,2025-12-16,270.15
15812,943,2026-03-09,284.75
15813,943,2025-12-07,113.3
15814,943,2026-01-17,205.23
15815,943,2026-07-09,230.13
15816,943,2026-06-26,199.55
15817,943,2025-12-06,206.32
15818,943,2026-01-06,411.09
15819,943,2025-11-21,144.73
15820,943,2026-05-28,118.65
15821,943,2026-08-20,161.29
15822,943,2026-06-17,293.54
15823,943,2026-04-11,306.7
15824,943,2026-07-27,275.84
15825,943,2026-07-03,316.53
15826,943,2026-07-19,235.64
15827,943,2026-07-26,166.33
15828,943,2026-04-28,137.25
15829,943,2025-12-03,119.0
15830,943,2026-04-29,189.59
15831,943,2026-05-29,299.42
15832,943,2026-03-01,233.63
15833,943,2026-01-27,212.18
15834,944,2026-08-12,49.97
15835,944,2026-06-18,52.61
15836,944,2025-12-08,53.54
15837,944,2025-11-02,130.38
15838,944,2026-06-14,36.89
15839,944,2026-01-11,91.02
15840,944,2025-12-09,37.61
15841,944,2026-02-27,32.79
15842,944,2026-05-09,43.42
15843,944,2025-10-01,43.32
15844,944,2026-05-06,57.95
15845,944,2026-05-25,15.81
15846,944,2026-07-04,48.1
15847,944,2025-10-26,34.37
15848,944,2026-06-01,32.49
15849,944,2026-07-01,25.12
15850,944,2026-07-31,38.19
15851,944,2026-05-11,35.67
15852,944,2026-01-09,37.14
15853,944,2026-01-05,21.53
15854,944,2025-11-12,47.03
15855,944,2026-01-10,31.51
15856,944,2026-07-28,21.56
15857,944,2025-11-15,35.16
15858,944,2026-05-23,31.76
15859,944,2025-10-09,45.84
15860,945,2026-09-17,47.12
15861,945,2026-05-17,52.98
15862,945,2026-02-10,44.96
15863,945,2025-10-07,38.47
15864,945,2026-04-01,82.69
15865,945,2026-04-03,42.75
15866,945,2026-01-15,41.67
15867,945,2025-11-16,40.81
15868,945,2025-12-02,42.77
15869,945,2026-08-27,24.38
15870,945,2026-06-04,28.65
15871,945,2025-11-20,135.28
15872,945,2025-10-05,21.41
15873,945,2026-01-27,50.85
15874,945,2026-09-16,52.5
15875,945,2026-01-18,70.98
15876,945,2025-10-15,53.08
15877,945,2025-12-04,105.38
15878,945,2026-01-02,50.12
15879,945,2026-03-14,82.53
15880,946,2026-05-01,113.55
15881,946,2026-04-25,101.38
15882,946,2025-10-05,178.32
15883,946,2025-12-18,82.6
15884,946,2026-03-19,88.55
15885,946,2025-10-28,191.96
15886,946,2025-11-02,66.85
15887,946,2025-09-29,83.92
15888,947,2026-07-19,41.99
15889,947,2025-10-19,33.0
15890,948,2026-09-09,67.27
15891,948,2025-11-04,128.29
15892,948,2025-12-11,82.36
15893,948,2026-08-23,110.65
15894,948,2026-06-14,44.45
15895,948,2026-03-25,110.48
15896,948,2026-03-11,99.27
15897,948,2026-05-01,80.23
15898,948,2026-07-04,51.68
15899,948,2026-01-20,99.22
15900,948,2025-12-27,124.67
15901,948,2026-01-29,70.87
15902,949,2026-06-18,148.97
15903,949,2025-10-07,91.62
15904,949,2025-11-28,67.92
15905,949,2026-05-10,65.15
15906,949,2025-12-28,88.72
15907,949,2026-04-04,51.64
15908,949,2026-03-02,59.8
15909,949,2026-01-03,179.39
15910,949,2025-12-31,56.46
15911,949,2026-03-16,62.75
15912,949,2025-11-10,102.61
15913,950,2026-05-13,249.36
15914,950,2026-01-16,55.86
15915,950,2026-03-17,136.97
15916,951,2026-09-15,34.45
15917,951,2025-12-18,13.82
15918,951,2026-04-10,58.57
15919,951,2026-03-24,64.4
15920,951,2025-10-13,50.19
15921,951,2026-02-04,67.77
15922,951,2026-04-12,35.16
15923,951,2026-05-17,56.83
15924,951,2026-02-14,87.28
15925,951,2026-04-18,60.72
15926,951,2026-06-27,82.34
15927,951,2026-05-09,82.58
15928,951,2026-06-06,25.97
15929,951,2025-12-27,62.2
15930,951,2026-03-21,33.86
15931,951,2026-07-06,27.34
15932,951,2026-07-24,39.57
15933,951,2025-10-20,99.09
15934,952,2026-09-05,140.61
15935,952,2025-12-17,158.49
15936,952,2025-10-26,73.79
15937,952,2025-11-03,99.43
15938,952,2026-07-10,80.14
15939,953,2026-06-03,80.25
15940,953,2026-02-12,70.99
15941,953,2025-11-15,51.42
15942,953,2025-10-22,179.34
15943,954,2026-09-03,168.47
15944,954,2026-01-30,206.69
15945,954,2025-10-03,253.72
15946,954,2026-06-23,161.23
15947,954,2026-08-07,312.23
15948,954,2025-10-29,272.93
15949,954,2026-07-06,193.66
15950,954,2025-11-24,144.78
15951,954,2026-04-10,201.6
15952,954,2025-12-08,542.89
15953,954,2026-01-02,149.35
15954,954,2025-12-01,418.2
15955,954,2025-12-17,95.32
15956,954,2026-03-07,142.56
15957,954,2026-06-12,164.5
15958,954,2025-10-12,321.89
15959,954,2026-07-01,215.3
15960,954,2026-05-01,378.66
15961,954,2026-05-30,180.8
15962,954,2026-04-12,204.97
15963,954,2026-06-10,181.13
15964,954,2025-11-28,522.69
15965,954,2026-04-07,126.85
15966,954,2025-11-09,167.07
15967,954,2026-08-24,135.24
15968,954,2026-04-02,271.81
15969,954,2026-02-15,125.67
15970,954,2025-11-17,476.79
15971,954,2025-12-27,217.76
15972,954,2026-01-29,252.82
15973,954,2025-11-18,258.66
15974,955,2026-08-21,72.67
15975,955,2026-04-15,179.16
15976,955,2025-11-25,83.73
15977,955,2025-11-29,70.87
15978,955,2025-12-20,45.93
15979,955,2026-06-13,69.71
15980,955,2025-12-19,53.31
15981,955,2026-03-16,109.17
15982,955,2026-05-21,92.02
15983,955,2026-04-20,76.42
15984,955,2026-04-07,63.87
15985,956,2026-09-07,222.34
15986,956,2025-12-25,97.4
15987,956,2026-07-16,36.11
15988,956,2025-11-06,109.42
15989,956,2026-03-12,101.48
15990,956,2026-07-31,126.57
15991,956,2026-06-21,64.99
15992,956,2025-12-23,104.31
15993,956,2026-03-28,79.69
15994,956,2025-10-12,66.53
15995,956,2026-08-21,105.01
15996,956,2026-08-12,96.41
15997,956,2026-01-11,144.36
15998,956,2026-05-15,91.1
15999,956,2025-11-08,118.1
16000,956,2025-12-14,52.27
16001,956,2026-08-31,168.57
16002,957,2026-08-16,30.05
16003,957,2025-10-17,78.03
16004,957,2026-01-04,87.6
16005,957,2026-07-22,148.27
16006,957,2025-12-16,91.98
16007,957,2026-07-15,50.67
16008,957,2026-03-05,138.85
16009,957,2025-11-23,116.23
16010,957,2025-11-04,65.71
16011,957,2025-10-05,124.43
16012,957,2026-03-29,70.37
16013,957,2026-03-11,78.7
16014,957,2025-10-28,70.91
16015,958,2026-09-04,50.99
16016,958,2026-07-22,75.43
16017,958,2026-04-02,55.79
16018,958,2025-11-07,55.43
16019,958,2025-12-16,29.17
16020,958,2026-08-21,27.07
16021,958,2026-03-16,35.73
16022,958,2025-10-05,66.92
16023,958,2025-12-29,65.51
16024,958,2025-11-26,81.99
16025,958,2025-12-31,44.78
16026,958,2026-02-07,57.32
16027,958,2026-05-12,57.43
16028,958,2026-08-13,42.88
16029,958,2026-05-24,38.94
16030,958,2026-06-14,23.07
16031,958,2025-12-29,42.01
16032,958,2026-05-08,42.94
16033,958,2026-05-06,74.97
16034,958,2025-11-14,78.38
16035,958,2026-06-29,48.05
16036,958,2025-12-17,113.88
16037,958,2026-05-06,49.02
16038,958,2025-10-16,71.63
16039,958,2025-10-11,43.02
16040,958,2026-04-12,26.94
16041,958,2025-12-10,37.16
16042,958,2025-10-24,87.36
16043,958,2026-02-09,39.96
16044,958,2025-10-31,36.48
16045,958,2026-01-12,44.92
16046,958,2026-08-29,37.77
16047,958,2026-02-07,77.0
16048,958,2026-06-14,105.12
16049,958,2026-02-13,45.12
16050,958,2025-12-03,57.39
16051,958,2026-06-28,69.69
16052,958,2026-01-19,47.25
16053,958,2026-03-02,30.31
16054,959,2026-08-31,20.81
16055,959,2026-06-17,56.19
16056,959,2026-02-06,74.04
16057,959,2026-02-27,78.46
16058,959,2026-03-07,19.93
16059,959,2026-08-07,58.73
16060,959,2026-04-14,38.1
16061,959,2025-11-29,25.56
16062,959,2026-01-08,38.97
16063,959,2026-08-13,62.52
16064,959,2026-07-15,86.62
16065,959,2025-11-20,24.57
16066,959,2025-12-25,59.44
16067,959,2026-04-16,108.98
16068,959,2025-10-15,102.57
16069,959,2026-08-11,9.51
16070,959,2025-12-16,119.96
16071,959,2025-10-03,69.35
16072,959,2026-04-05,15.93
16073,959,2026-03-16,31.88
16074,960,2026-09-14,66.49
16075,960,2026-05-18,31.23
16076,960,2025-11-10,33.56
16077,960,2026-03-04,41.36
16078,960,2026-02-27,29.86
16079,960,2025-10-20,70.06
16080,960,2026-09-08,30.17
16081,960,2026-05-14,35.52
16082,960,2026-05-16,31.92
16083,960,2025-12-29,70.81
16084,960,2026-05-15,40.56
16085,960,2025-11-07,110.34
16086,960,2026-01-02,52.77
16087,960,2025-10-28,75.79
16088,960,2025-12-01,38.89
16089,960,2025-12-24,29.44
16090,960,2026-05-12,44.33
16091,960,2025-12-31,33.15
16092,960,2026-04-18,18.31
16093,960,2026-05-16,71.0
16094,960,2026-06-27,45.67
16095,960,2025-11-01,32.84
16096,960,2025-12-31,53.3
16097,960,2026-08-28,45.96
16098,960,2026-05-14,84.87
16099,961,2026-08-25,30.81
16100,961,2025-11-27,79.22
16101,961,2026-03-06,57.68
16102,961,2026-01-04,50.68
16103,961,2025-10-17,77.75
16104,961,2026-03-05,70.47
16105,961,2026-01-08,47.23
16106,961,2025-10-01,37.22
16107,961,2026-07-18,47.56
16108,961,2025-12-21,42.97
16109,961,2025-12-31,52.77
16110,961,2026-06-23,71.23
16111,961,2026-08-20,55.56
16112,961,2026-01-26,48.9
16113,961,2026-04-24,33.53
16114,961,2026-05-13,52.08
16115,961,2026-06-07,20.98
16116,961,2026-02-25,31.43
16117,961,2026-06-02,59.11
16118,961,2026-08-01,67.02
16119,961,2026-08-12,44.58
16120,961,2026-05-31,49.26
16121,961,2026-01-31,53.16
16122,961,2026-03-02,61.15
16123,961,2025-12-21,41.1
16124,961,2026-02-06,28.91
16125,961,2026-05-20,53.56
16126,961,2025-10-23,108.62
16127,961,2026-02-10,29.71
16128,961,2026-01-31,42.5
16129,961,2026-03-12,37.82
16130,961,2026-04-06,133.3
16131,961,2025-09-28,29.2
16132,962,2026-09-20,86.69
16133,962,2026-03-31,64.57
16134,962,2026-01-25,46.15
16135,962,2026-03-07,43.41
16136,962,2026-09-05,73.87
16137,962,2026-04-11,105.06
16138,962,2026-05-23,59.97
16139,962,2026-08-05,36.09
16140,962,2025-09-30,50.57
16141,962,2026-03-10,58.43
16142,962,2025-10-08,35.05
16143,962,2025-10-26,66.44
16144,962,2025-10-01,50.68
16145,962,2026-06-27,76.0
16146,962,2025-11-28,29.0
16147,962,2026-09-06,20.55
16148,962,2026-03-24,37.71
16149,962,2025-11-12,45.48
16150,962,2026-02-27,20.01
16151,962,2026-07-10,34.22
16152,962,2026-08-25,80.18
16153,962,2026-04-08,57.2
16154,963,2026-09-02,478.34
16155,963,2025-12-05,328.18
16156,963,2026-07-19,197.71
16157,963,2025-12-18,173.58
16158,963,2026-04-08,276.96
16159,963,2026-08-15,503.27
16160,963,2026-02-10,300.53
16161,963,2026-04-18,96.84
16162,963,2026-03-03,309.68
16163,963,2025-11-13,335.38
16164,963,2026-06-29,564.97
16165,963,2026-01-17,187.8
16166,963,2026-07-24,223.51
16167,963,2025-12-11,257.16
16168,963,2026-04-30,148.91
16169,963,2025-12-15,142.96
16170,963,2026-08-19,251.34
16171,963,2026-01-19,104.87
16172,963,2026-06-09,116.1
16173,963,2026-04-22,303.13
16174,963,2026-06-15,262.73
16175,963,2026-04-19,368.52
16176,963,2025-12-06,258.67
16177,963,2026-08-16,210.99
16178,963,2026-02-09,375.1
16179,963,2026-06-28,173.61
16180,963,2026-04-20,180.75
16181,963,2026-02-24,203.99
16182,963,2026-07-31,257.19
16183,963,2025-10-31,203.8
16184,963,2026-01-13,107.64
16185,963,2026-02-05,186.26
16186,963,2025-10-19,207.04
16187,963,2026-04-23,221.14
16188,964,2026-09-24,250.15
16189,964,2026-06-07,255.48
16190,964,2026-02-24,324.24
16191,964,2025-12-11,262.12
16192,964,2026-07-26,293.4
16193,964,2026-07-11,332.18
16194,964,2026-02-06,181.0
16195,964,2025-09-28,552.93
16196,964,2026-05-01,246.14
16197,964,2025-10-28,207.37
16198,964,2026-09-18,143.83
16199,964,2025-12-30,191.32
16200,964,2025-10-06,251.63
16201,964,2025-12-27,219.2
16202,964,2026-08-14,477.93
16203,964,2026-09-20,176.2
16204,964,2026-04-27,285.09
16205,964,2026-03-05,126.55
16206,964,2026-01-28,560.9
16207,964,2025-10-22,122.73
16208,964,2026-02-23,534.07
16209,964,2026-06-19,197.55
16210,964,2026-09-23,76.83
16211,964,2025-10-20,385.88
16212,964,2026-02-15,217.93
16213,964,2026-01-20,171.24
16214,964,2026-01-03,280.3
16215,964,2025-12-07,283.18
16216,964,2025-11-19,253.07
16217,965,2026-08-03,79.5
16218,965,2026-04-25,136.63
16219,965,2025-11-18,46.8
16220,965,2026-04-14,147.22
16221,965,2025-12-03,68.0
16222,965,2026-07-18,29.68
16223,965,2026-01-04,52.27
16224,965,2025-10-24,78.37
16225,965,2026-05-07,109.92
16226,966,2026-09-16,54.61
16227,966,2026-09-03,74.08
16228,966,2026-09-10,89.69
16229,966,2026-02-24,26.84
16230,966,2026-02-04,28.0
16231,966,2026-03-26,51.02
16232,966,2026-06-03,53.21
16233,966,2025-12-12,55.92
16234,966,2026-08-11,103.15
16235,966,2026-02-01,29.06
16236,966,2026-04-15,45.81
16237,966,2026-05-09,62.25
16238,966,2026-08-10,61.95
16239,966,2026-01-21,33.62
16240,966,2026-07-13,34.22
16241,966,2026-03-08,36.6
16242,966,2025-11-02,96.86
16243,966,2025-12-26,28.97
16244,966,2026-08-25,38.89
16245,966,2025-10-02,63.79
16246,967,2026-09-21,68.2
16247,967,2026-02-08,97.61
16248,967,2026-03-30,83.4
16249,967,2026-03-24,83.25
16250,967,2025-12-03,319.83
16251,967,2026-08-01,71.45
16252,967,2025-11-18,168.29
16253,967,2025-11-30,84.23
16254,967,2026-04-04,33.77
16255,967,2026-01-29,98.09
16256,967,2026-06-18,148.93
16257,967,2025-12-17,119.68
16258,967,2026-08-10,101.0
16259,967,2025-12-31,90.97
16260,967,2026-01-20,72.04
16261,967,2026-06-25,134.71
16262,967,2025-12-01,74.03
16263,967,2026-06-10,67.47
16264,967,2026-03-10,108.27
16265,967,2025-11-16,78.63
16266,967,2026-08-31,160.16
16267,968,2026-09-22,125.4
16268,968,2026-04-28,141.75
16269,968,2025-10-27,232.44
16270,968,2026-08-16,121.3
16271,968,2026-06-18,235.05
16272,968,2025-10-30,182.23
16273,968,2025-11-05,163.04
16274,968,2026-08-18,312.74
16275,968,2025-11-17,136.39
16276,968,2026-01-07,400.68
16277,968,2026-08-15,305.21
16278,968,2026-03-06,134.5
16279,968,2026-06-19,360.72
16280,968,2026-03-18,127.54
16281,968,2026-07-18,375.78
16282,968,2026-08-18,243.94
16283,968,2026-01-30,103.18
16284,968,2026-01-02,117.24
16285,968,2026-07-15,175.01
16286,968,2026-02-17,310.32
16287,968,2026-03-28,194.47
16288,968,2025-10-21,192.3
16289,968,2026-03-02,213.83
16290,968,2026-04-01,85.57
16291,968,2026-09-19,304.3
16292,968,2025-10-27,383.74
16293,968,2026-01-26,299.56
16294,968,2026-07-18,173.56
16295,968,2026-09-20,141.01
16296,968,2026-07-11,129.05
16297,968,2026-03-24,126.11
16298,969,2026-08-21,42.57
16299,969,2025-10-12,54.2
16300,969,2026-03-04,52.15
16301,969,2026-07-09,65.78
16302,969,2025-12-24,59.22
16303,969,2026-03-17,112.54
16304,969,2026-04-19,62.54
16305,969,2026-06-14,42.69
16306,969,2026-03-28,35.09
16307,969,2025-10-07,34.68
16308,969,2026-06-10,80.53
16309,969,2026-02-16,99.14
16310,969,2026-08-11,70.7
16311,969,2026-01-02,10.83
16312,969,2025-10-31,16.37
16313,969,2025-10-03,44.85
16314,969,2025-11-27,41.75
16315,969,2026-01-11,45.4
16316,969,2026-02-10,79.04
16317,969,2025-11-07,77.29
16318,969,2026-08-18,48.69
16319,969,2026-06-03,22.67
16320,969,2026-08-07,25.88
16321,969,2026-06-07,46.39
16322,969,2026-06-09,54.28
16323,969,2026-03-29,26.02
16324,970,2026-04-29,51.06
16325,970,2026-04-03,64.04
16326,970,2025-10-31,70.29
16327,970,2026-02-20,50.1
16328,970,2026-02-18,52.43
16329,970,2025-12-08,34.89
16330,970,2025-11-15,73.83
16331,970,2025-10-25,142.28
16332,970,2025-12-15,91.06
16333,970,2026-03-03,91.25
16334,970,2026-02-27,148.27
16335,971,2026-07-14,198.08
16336,971,2026-02-19,160.27
16337,971,2026-01-14,84.08
16338,971,2026-04-01,73.57
16339,971,2025-09-30,218.12
16340,971,2026-03-11,64.49
16341,971,2026-01-22,106.88
16342,972,2026-09-15,371.91
16343,972,2025-10-19,201.56
16344,972,2025-12-26,175.14
16345,972,2026-05-27,250.95
16346,972,2026-08-05,199.44
16347,972,2026-01-11,367.34
16348,972,2026-03-11,314.1
16349,972,2026-01-04,218.97
16350,972,2026-04-26,320.42
16351,972,2026-07-23,233.45
16352,972,2025-10-30,124.93
16353,972,2025-10-09,313.42
16354,972,2025-12-19,89.29
16355,972,2026-09-07,43.14
16356,972,2025-12-05,287.5
16357,972,2025-09-27,256.39
16358,972,2026-04-22,248.8
16359,972,2026-03-21,392.45
16360,972,2026-09-07,207.68
16361,972,2026-02-14,177.13
16362,972,2025-12-20,300.54
16363,972,2026-07-06,152.31
16364,972,2026-02-03,188.66
16365,972,2026-06-15,235.28
16366,972,2026-07-27,243.9
16367,972,2026-09-08,180.77
16368,972,2025-12-21,168.41
16369,972,2026-07-02,126.87
16370,972,2026-07-24,147.36
16371,972,2025-10-09,476.13
16372,973,2026-09-23,121.8
16373,973,2025-12-29,131.05
16374,973,2025-10-18,336.73
16375,973,2026-07-01,225.16
16376,973,2026-07-18,221.98
16377,973,2025-11-23,266.26
16378,973,2026-04-07,195.08
16379,973,2026-05-09,204.45
16380,973,2026-05-07,257.83
16381,973,2026-04-26,302.22
16382,973,2026-03-31,262.76
16383,973,2025-12-09,405.16
16384,973,2026-01-16,212.34
16385,973,2026-08-23,114.53
16386,973,2026-08-06,342.69
16387,973,2026-02-17,188.07
16388,973,2025-11-23,148.59
16389,973,2025-10-09,289.36
16390,973,2025-11-03,248.13
16391,973,2026-01-30,118.12
16392,973,2026-06-29,283.98
16393,973,2026-08-25,488.11
16394,973,2025-12-30,242.92
16395,973,2025-10-29,187.13
16396,973,2026-04-29,99.08
16397,973,2026-08-08,528.56
16398,974,2026-08-26,48.76
16399,974,2026-01-14,108.77
16400,974,2025-11-24,99.44
16401,974,2026-07-25,88.0
16402,974,2026-08-14,80.44
16403,974,2025-11-05,95.6
16404,974,2026-03-24,69.63
16405,974,2026-03-10,307.07
16406,975,2026-08-21,94.42
16407,975,2026-06-01,62.89
16408,975,2026-04-02,105.8
16409,975,2026-07-01,166.03
16410,975,2026-04-19,84.7
16411,975,2026-03-27,140.39
16412,975,2026-01-27,102.67
16413,975,2026-03-28,170.63
16414,975,2026-06-18,85.25
16415,976,2026-07-12,25.81
16416,976,2026-01-26,20.86
16417,976,2025-10-28,15.49
16418,976,2026-05-18,33.89
16419,976,2026-01-05,56.25
16420,976,2026-05-24,29.01
16421,976,2025-12-16,30.36
16422,977,2026-08-18,64.6
16423,977,2026-01-01,37.37
16424,977,2026-05-21,26.76
16425,977,2026-08-09,55.39
16426,977,2026-01-06,56.64
16427,977,2026-06-19,30.56
16428,977,2026-03-05,59.58
16429,977,2026-01-11,59.85
16430,977,2026-02-12,109.44
16431,977,2025-12-14,40.48
16432,977,2026-08-13,43.91
16433,977,2026-05-23,34.25
16434,977,2026-04-08,56.19
16435,977,2025-12-20,44.91
16436,977,2026-02-22,70.19
16437,977,2025-12-11,37.02
16438,977,2025-12-19,55.65
16439,977,2025-11-29,40.43
16440,977,2026-02-01,19.64
16441,977,2025-12-15,59.7
16442,977,2026-01-08,20.49
16443,977,2026-08-08,41.88
16444,977,2026-05-19,42.18
16445,977,2025-10-31,44.83
16446,977,2026-07-20,45.97
16447,978,2026-09-11,39.1
16448,978,2026-02-26,70.38
16449,978,2026-02-01,16.47
16450,978,2026-01-03,32.33
16451,978,2026-08-06,55.17
16452,978,2026-05-06,54.86
16453,978,2026-04-02,56.79
16454,978,2026-03-26,49.4
16455,978,2025-11-08,26.89
16456,978,2026-05-16,31.69
16457,978,2025-11-11,127.62
16458,978,2025-11-17,25.53
16459,978,2026-01-29,23.8
16460,978,2026-05-26,61.11
16461,978,2026-08-08,27.94
16462,978,2026-06-20,100.8
16463,978,2026-02-11,154.03
16464,978,2026-06-28,40.38
16465,978,2025-10-30,51.72
16466,978,2026-04-24,19.8
16467,978,2026-06-04,71.58
16468,978,2026-02-05,16.43
16469,978,2026-07-19,24.63
16470,978,2025-11-24,47.47
16471,978,2026-03-03,57.58
16472,979,2026-09-22,37.19
16473,979,2025-10-23,38.8
16474,979,2026-05-01,72.78
16475,979,2026-08-25,69.76
16476,979,2026-08-15,39.37
16477,979,2026-01-19,66.65
16478,979,2026-04-12,25.32
16479,979,2026-04-16,39.47
16480,979,2026-06-16,32.08
16481,979,2026-07-31,44.96
16482,979,2025-11-09,62.63
16483,979,2025-12-10,57.78
16484,979,2026-04-08,54.35
16485,979,2026-09-16,47.87
16486,979,2025-11-01,41.89
16487,979,2026-04-20,77.26
16488,979,2026-07-16,22.44
16489,979,2026-08-07,33.34
16490,979,2025-09-27,54.15
16491,979,2026-09-12,89.5
16492,979,2026-05-11,38.51
16493,980,2026-05-17,92.02
16494,980,2026-01-09,73.29
16495,981,2026-07-11,90.11
16496,981,2026-06-22,109.15
16497,981,2025-11-30,131.03
16498,981,2026-01-23,201.99
16499,981,2026-03-05,54.8
16500,981,2026-04-18,39.34
16501,981,2026-05-17,44.87
16502,981,2025-10-20,39.8
16503,981,2026-07-05,52.45
16504,982,2026-07-27,79.02
16505,982,2026-01-10,221.68
16506,982,2025-10-09,82.63
16507,982,2026-01-10,96.25
16508,982,2026-02-15,42.86
16509,982,2026-05-27,67.59
16510,982,2025-11-04,70.24
16511,982,2026-05-10,112.02
16512,982,2026-06-01,63.49
16513,982,2025-12-06,91.98
16514,982,2025-10-29,68.51
16515,982,2025-10-03,54.85
16516,983,2026-07-27,18.77
16517,983,2025-12-08,31.14
16518,983,2026-04-26,67.75
16519,984,2026-08-06,40.43
16520,984,2026-07-25,54.11
16521,984,2026-04-02,31.67
16522,984,2025-11-07,47.84
16523,984,2026-01-27,42.52
16524,984,2025-11-02,15.95
16525,984,2026-08-01,57.51
16526,984,2026-03-17,36.73
16527,984,2025-11-15,25.48
16528,984,2026-06-10,32.46
16529,984,2026-05-29,49.3
16530,984,2025-12-27,45.95
16531,984,2026-08-01,60.14
16532,984,2025-10-11,54.77
16533,984,2025-10-14,26.56
16534,984,2025-10-09,11.91
16535,984,2025-12-04,47.52
16536,984,2025-09-27,59.78
16537,984,2025-10-04,41.08
16538,984,2026-05-19,60.58
16539,984,2026-06-19,28.67
16540,984,2025-11-16,38.51
16541,984,2026-03-16,29.74
16542,985,2026-08-21,126.75
16543,985,2026-08-04,146.96
16544,985,2025-11-13,195.39
16545,985,2026-06-29,106.34
16546,985,2026-03-06,141.11
16547,985,2025-12-02,298.05
16548,985,2026-03-04,314.45
16549,985,2025-10-03,67.15
16550,985,2025-11-13,161.27
16551,985,2026-07-20,372.7
16552,985,2026-02-28,249.84
16553,985,2025-12-23,252.25
16554,985,2025-12-18,270.69
16555,985,2026-03-04,136.4
16556,985,2026-04-11,231.23
16557,985,2026-05-11,259.66
16558,985,2026-04-26,220.37
16559,985,2026-08-17,175.91
16560,985,2025-11-11,205.5
16561,985,2025-12-26,125.72
16562,985,2026-05-19,276.85
16563,985,2026-07-09,110.08
16564,985,2026-03-02,145.44
16565,985,2025-11-14,285.41
16566,985,2025-09-27,239.3
16567,985,2026-05-26,168.89
16568,985,2026-03-30,97.17
16569,985,2026-02-07,205.69
16570,985,2026-02-06,158.15
16571,985,2026-05-20,260.68
16572,985,2025-11-25,166.44
16573,986,2026-09-14,108.24
16574,986,2026-01-09,71.94
16575,986,2026-06-09,74.49
16576,986,2026-02-14,42.95
16577,986,2026-03-09,87.89
16578,986,2026-02-07,86.67
16579,986,2026-06-26,48.42
16580,986,2025-10-29,260.78
16581,986,2025-11-05,115.6
16582,986,2025-10-21,61.66
16583,986,2026-03-23,226.83
16584,986,2026-07-14,71.99
16585,986,2026-03-02,130.77
16586,986,2026-08-17,93.62
16587,986,2026-01-08,73.11
16588,986,2026-06-10,77.34
16589,986,2026-07-06,171.8
16590,986,2025-12-02,133.5
16591,986,2026-01-24,85.18
16592,986,2026-08-11,35.77
16593,987,2026-07-13,227.66
16594,987,2026-05-31,53.15
16595,987,2025-12-25,131.54
16596,987,2026-04-22,98.45
16597,987,2025-10-24,95.08
16598,987,2026-02-20,52.82
16599,987,2025-12-29,47.65
16600,987,2026-02-10,122.36
16601,987,2025-10-31,59.31
16602,988,2026-09-20,144.22
16603,988,2026-02-07,266.24
16604,988,2026-09-11,199.45
16605,988,2025-11-14,173.52
16606,988,2026-08-20,214.14
16607,988,2025-11-28,361.18
16608,988,2026-04-23,79.8
16609,988,2026-03-02,376.87
16610,988,2026-04-29,159.11
16611,988,2026-05-11,147.91
16612,988,2026-02-07,175.24
16613,988,2026-05-29,140.91
16614,988,2026-08-29,131.49
16615,988,2026-09-16,307.41
16616,988,2026-06-10,225.65
16617,988,2026-07-04,88.6
16618,988,2026-09-12,284.42
16619,988,2026-08-16,266.38
16620,988,2025-11-11,107.67
16621,988,2026-03-26,227.74
16622,988,2026-04-30,277.64
16623,988,2025-10-25,102.02
16624,988,2026-02-22,238.77
16625,988,2026-08-06,154.98
16626,988,2026-01-08,268.03
16627,988,2026-01-08,137.96
16628,988,2026-06-16,335.67
16629,988,2026-01-22,188.2
16630,988,2026-08-03,159.24
16631,989,2026-07-05,307.67
16632,989,2026-01-14,105.03
16633,989,2025-10-31,134.72
16634,989,2026-04-13,79.93
16635,989,2026-01-29,245.15
16636,989,2026-06-13,70.32
16637,989,2025-10-12,240.23
16638,989,2026-01-16,226.76
16639,990,2026-08-10,125.77
16640,990,2025-12-21,40.99
16641,990,2025-11-05,75.63
16642,990,2026-03-19,78.98
16643,990,2026-02-15,121.03
16644,990,2026-03-13,199.67
16645,990,2026-07-08,99.26
16646,990,2025-12-30,76.49
16647,990,2025-11-22,65.73
16648,990,2025-12-04,131.05
16649,990,2026-04-18,82.45
16650,990,2025-11-19,71.76
16651,990,2026-06-02,138.09
16652,990,2026-03-19,152.32
16653,990,2026-05-23,58.45
16654,991,2026-08-13,18.78
16655,992,2026-07-09,46.77
16656,992,2026-03-04,25.42
16657,992,2026-03-07,43.95
16658,992,2025-11-23,53.16
16659,992,2025-11-19,58.76
16660,993,2026-09-16,62.37
16661,993,2025-12-16,113.66
16662,993,2026-02-26,42.09
16663,993,2026-04-24,174.09
16664,993,2025-11-08,119.27
16665,993,2026-02-02,96.59
16666,993,2025-10-04,144.84
16667,993,2026-04-14,88.09
16668,993,2026-04-25,133.84
16669,993,2026-02-18,38.69
16670,993,2026-06-23,130.02
16671,993,2025-12-06,97.75
16672,993,2026-06-01,98.44
16673,993,2026-08-04,61.61
16674,994,2026-07-31,114.1
16675,994,2025-10-02,63.12
16676,994,2026-03-05,171.47
16677,994,2026-01-28,108.9
16678,994,2026-07-26,137.16
16679,994,2025-12-18,181.37
16680,995,2026-08-27,76.24
16681,995,2026-03-11,136.33
16682,995,2026-04-18,175.79
16683,995,2025-11-14,216.84
16684,995,2026-07-21,114.08
16685,995,2026-03-15,100.78
16686,995,2026-04-22,110.15
16687,995,2025-12-23,214.36
16688,995,2025-10-01,113.76
16689,995,2025-10-27,93.6
16690,995,2026-05-01,79.51
16691,995,2026-04-17,83.76
16692,995,2026-07-17,107.09
16693,995,2025-11-02,64.18
16694,995,2026-05-18,67.89
16695,996,2026-08-27,67.82
16696,996,2026-05-09,39.93
16697,996,2026-06-18,34.5
16698,996,2026-07-26,45.19
16699,996,2026-04-06,44.12
16700,996,2025-10-29,59.67
16701,996,2026-02-19,15.69
16702,996,2025-11-03,32.34
16703,996,2026-05-02,28.53
16704,996,2026-01-30,14.49
16705,996,2025-11-08,36.02
16706,996,2026-04-16,22.92
16707,996,2025-10-01,37.8
16708,996,2025-11-02,36.13
16709,996,2026-02-08,55.18
16710,996,2026-03-17,40.21
16711,996,2026-07-02,21.02
16712,996,2026-06-24,52.59
16713,996,2025-11-05,133.7
16714,996,2026-05-03,73.0
16715,996,2025-10-21,61.09
16716,997,2026-07-17,45.05
16717,997,2026-04-01,26.23
16718,997,2025-11-22,37.97
16719,997,2026-04-28,25.11
16720,997,2025-10-27,32.59
16721,997,2026-05-08,30.48
16722,997,2026-03-07,22.43
16723,998,2026-09-12,417.17
16724,998,2026-06-03,134.75
16725,998,2025-11-18,126.49
16726,998,2026-02-19,204.79
16727,998,2025-12-15,150.12
16728,998,2026-02-19,581.12
16729,998,2025-12-15,185.69
16730,998,2026-08-21,256.58
16731,998,2025-11-26,147.81
16732,998,2026-04-15,99.4
16733,998,2026-03-29,151.29
16734,998,2026-05-27,152.02
16735,998,2026-04-24,151.54
16736,998,2026-03-29,102.22
16737,998,2026-05-05,223.26
16738,998,2025-10-13,180.47
16739,998,2026-03-16,104.92
16740,998,2025-12-10,220.29
16741,998,2025-10-11,295.93
16742,998,2026-02-10,359.99
16743,998,2026-05-17,70.67
16744,998,2026-01-07,151.14
16745,998,2026-09-09,113.32
16746,998,2025-12-29,156.58
16747,998,2026-09-09,392.27
16748,998,2026-04-05,151.39
16749,999,2026-09-05,63.88
16750,999,2026-01-08,129.5
16751,999,2026-05-03,113.53
16752,999,2026-02-11,215.88
16753,999,2026-02-24,94.57
16754,999,2025-12-09,117.33
16755,999,2026-06-20,76.58
16756,999,2025-10-06,194.43
16757,999,2026-04-19,90.42
16758,999,2025-12-31,85.94
16759,999,2026-01-31,114.79
16760,999,2026-02-22,67.33
16761,999,2026-02-27,71.88
16762,999,2026-02-06,114.75
16763,999,2025-11-12,125.13
16764,999,2026-06-02,117.74
16765,1000,2026-07-08,146.51
16766,1000,2026-04-24,73.83
16767,1000,2025-09-29,74.72
16768,1001,2026-09-21,267.72
16769,1001,2026-08-08,121.38
16770,1001,2026-06-09,328.92
16771,1001,2026-04-05,153.36
16772,1001,2026-05-06,249.99
16773,1001,2026-07-20,277.85
16774,1001,2025-09-30,188.09
16775,1001,2026-04-21,316.25
16776,1001,2026-07-03,196.81
16777,1001,2026-05-02,244.58
16778,1001,2025-12-27,185.63
16779,1001,2025-10-09,90.6
16780,1001,2026-04-14,198.64
16781,1001,2026-03-10,141.73
16782,1001,2026-06-05,392.93
16783,1001,2026-01-13,113.66
16784,1001,2026-01-17,364.44
16785,1001,2026-07-20,193.77
16786,1001,2026-03-07,252.12
16787,1001,2025-09-26,112.86
16788,1001,2026-06-29,182.76
16789,1001,2026-03-26,155.72
16790,1001,2026-01-22,541.08
16791,1001,2026-08-25,153.99
16792,1001,2026-03-17,352.88
16793,1001,2026-02-14,355.11
16794,1001,2026-03-09,350.65
16795,1002,2026-07-20,33.36
16796,1002,2026-04-17,38.62
16797,1002,2026-07-14,59.84
16798,1002,2025-11-30,32.75
16799,1002,2025-10-26,28.23
16800,1002,2025-10-13,63.28
16801,1002,2025-10-02,37.21
16802,1002,2026-06-03,30.85
16803,1002,2025-12-24,64.86
16804,1002,2026-05-06,55.32
16805,1002,2026-05-30,40.99
16806,1002,2026-02-13,38.42
16807,1002,2025-12-31,53.38
16808,1002,2025-12-12,57.35
16809,1002,2026-02-24,49.44
16810,1002,2026-06-13,47.51
16811,1002,2026-06-30,34.25
16812,1002,2026-07-05,35.19
16813,1002,2025-12-04,41.65
16814,1002,2026-02-02,29.2
16815,1002,2026-04-10,27.7
16816,1002,2025-11-25,43.22
16817,1002,2026-04-05,70.24
16818,1002,2026-04-23,17.71
16819,1002,2025-11-22,37.73
16820,1003,2026-09-08,204.93
16821,1003,2026-02-18,510.64
16822,1003,2025-10-06,293.18
16823,1003,2026-04-19,422.27
16824,1003,2026-06-24,176.59
16825,1003,2026-02-25,112.34
16826,1003,2026-06-01,171.56
16827,1003,2026-05-27,198.54
16828,1003,2026-09-08,211.04
16829,1003,2026-02-07,190.72
16830,1003,2026-07-15,273.95
16831,1003,2025-12-18,152.44
16832,1003,2026-06-28,138.36
16833,1003,2025-11-02,122.12
16834,1003,2026-01-13,230.3
16835,1003,2026-03-20,220.24
16836,1003,2026-04-15,343.18
16837,1003,2026-05-27,421.26
16838,1003,2026-08-15,121.97
16839,1003,2026-08-13,212.23
16840,1003,2026-02-23,191.46
16841,1003,2025-11-15,105.17
16842,1003,2026-01-10,165.58
16843,1003,2025-11-15,425.0
16844,1003,2025-12-25,157.97
16845,1003,2026-05-09,146.58
16846,1003,2025-10-18,205.14
16847,1003,2026-06-28,316.51
16848,1003,2026-06-05,183.09
16849,1004,2026-09-10,320.3
16850,1004,2026-01-18,198.79
16851,1004,2025-11-20,324.77
16852,1004,2026-05-29,204.9
16853,1004,2026-07-08,221.61
16854,1004,2026-01-08,217.83
16855,1004,2026-08-14,282.02
16856,1004,2026-03-14,267.97
16857,1004,2025-11-28,127.26
16858,1004,2026-04-11,231.54
16859,1004,2026-07-17,267.84
16860,1004,2025-12-06,405.4
16861,1004,2025-12-30,133.38
16862,1004,2026-04-30,267.58
16863,1004,2026-07-20,179.57
16864,1004,2026-03-04,228.94
16865,1004,2025-12-12,129.55
16866,1004,2026-08-30,208.74
16867,1004,2026-03-24,242.41
16868,1004,2026-05-15,135.71
16869,1004,2026-05-07,403.05
16870,1004,2026-06-20,104.82
16871,1004,2026-01-26,267.47
16872,1004,2025-11-04,70.41
16873,1004,2026-08-09,187.24
16874,1005,2026-06-14,46.02
16875,1005,2026-06-09,55.81
16876,1006,2026-09-15,55.56
16877,1006,2025-10-05,41.01
16878,1006,2026-08-27,55.15
16879,1006,2026-06-28,68.22
16880,1006,2026-03-14,74.51
16881,1006,2026-01-15,48.63
16882,1006,2026-03-15,26.98
16883,1006,2025-10-18,25.7
16884,1006,2026-07-08,26.8
16885,1006,2025-09-26,27.74
16886,1006,2026-06-20,47.06
16887,1006,2025-12-30,105.22
16888,1006,2026-05-25,49.5
16889,1006,2026-01-16,43.33
16890,1007,2026-07-19,84.37
16891,1007,2026-07-17,74.1
16892,1007,2026-05-13,84.86
16893,1007,2026-02-19,85.97
16894,1007,2026-02-18,77.95
16895,1007,2026-04-03,81.74
16896,1007,2026-05-11,52.62
16897,1007,2026-01-22,69.7
16898,1007,2026-03-22,43.86
16899,1007,2025-10-31,108.45
16900,1008,2026-04-19,86.75
16901,1008,2025-10-09,76.24
16902,1008,2026-03-29,46.81
16903,1008,2026-02-17,64.06
16904,1008,2026-01-10,90.72
16905,1009,2026-07-20,13.31
16906,1009,2026-03-09,48.9
16907,1009,2026-05-12,35.61
16908,1010,2026-09-15,75.32
16909,1010,2025-10-26,50.75
16910,1010,2026-08-16,24.99
16911,1010,2026-03-23,42.06
16912,1010,2026-07-18,47.41
16913,1010,2025-10-04,30.88
16914,1010,2026-03-21,28.17
16915,1010,2026-05-23,27.75
16916,1010,2025-10-21,35.24
16917,1010,2026-01-30,30.5
16918,1010,2026-07-08,78.28
16919,1010,2026-01-06,14.93
16920,1010,2025-12-30,47.31
16921,1010,2026-03-19,57.08
16922,1011,2026-07-12,23.66
16923,1011,2026-06-30,33.17
16924,1011,2025-10-10,24.67
16925,1011,2026-01-10,34.44
16926,1011,2025-12-12,92.94
16927,1012,2026-04-03,33.71
16928,1012,2025-10-10,30.35
16929,1012,2026-02-12,31.0
16930,1012,2026-01-10,20.64
16931,1012,2025-10-23,19.49
16932,1012,2026-02-22,14.32
16933,1012,2025-09-28,21.57
16934,1012,2026-02-10,78.56
16935,1012,2026-01-02,15.32
16936,1013,2026-09-14,64.44
16937,1013,2026-02-20,33.82
16938,1013,2026-04-15,45.55
16939,1013,2026-05-07,60.99
16940,1013,2025-10-01,29.62
16941,1013,2026-07-03,59.22
16942,1013,2026-02-21,58.01
16943,1013,2026-06-16,42.35
16944,1013,2026-07-30,91.56
16945,1013,2026-07-28,56.75
16946,1013,2026-09-07,21.19
16947,1013,2025-11-17,70.22
16948,1013,2025-11-23,33.47
16949,1013,2026-09-14,64.43
16950,1013,2026-06-12,51.4
16951,1013,2026-04-17,13.71
16952,1013,2026-07-22,59.08
16953,1013,2026-05-09,40.73
16954,1013,2025-10-22,36.59
16955,1013,2026-04-30,37.21
16956,1013,2026-03-18,64.18
16957,1013,2025-11-20,29.73
16958,1013,2026-09-14,74.26
16959,1013,2025-11-28,22.71
16960,1013,2026-04-06,51.4
16961,1013,2026-01-23,63.7
16962,1014,2026-09-15,56.4
16963,1014,2025-09-29,54.6
16964,1014,2026-07-18,136.33
16965,1014,2025-11-05,117.28
16966,1014,2026-05-22,81.06
16967,1014,2025-12-01,304.33
16968,1014,2026-08-20,89.33
16969,1014,2026-03-02,92.46
16970,1014,2026-08-07,66.11
16971,1014,2025-10-14,62.66
16972,1014,2026-03-25,70.8
16973,1014,2025-11-16,132.04
16974,1014,2025-12-27,116.37
16975,1014,2026-03-28,160.87
16976,1015,2026-08-25,79.5
16977,1015,2026-06-23,138.11
16978,1015,2026-05-03,180.13
16979,1015,2026-03-26,89.22
16980,1016,2026-09-16,153.91
16981,1016,2026-01-10,124.55
16982,1016,2025-11-02,764.15
16983,1016,2026-01-25,87.23
16984,1016,2025-11-27,135.06
16985,1016,2025-11-18,274.6
16986,1016,2026-05-31,154.54
16987,1016,2025-12-30,179.26
16988,1016,2026-06-25,250.87
16989,1016,2026-06-29,334.18
16990,1016,2025-09-28,185.69
16991,1016,2026-05-23,317.99
16992,1016,2025-11-29,97.83
16993,1016,2026-05-17,159.88
16994,1016,2025-10-22,262.38
16995,1016,2026-06-09,510.32
16996,1016,2026-09-10,136.0
16997,1016,2026-04-05,125.64
16998,1016,2026-02-15,244.87
16999,1016,2026-05-03,215.09
17000,1016,2026-06-14,151.99
17001,1016,2025-11-26,121.46
17002,1016,2026-05-06,166.64
17003,1016,2026-01-10,265.51
17004,1016,2026-08-15,180.76
17005,1016,2025-11-09,355.72
17006,1016,2025-12-24,197.53
17007,1016,2026-07-19,275.28
17008,1016,2026-03-13,238.04
17009,1017,2026-06-28,20.79
17010,1017,2025-10-24,19.51
17011,1017,2025-11-14,31.08
17012,1018,2026-08-29,54.15
17013,1018,2025-11-14,80.12
17014,1018,2025-09-26,174.83
17015,1018,2025-10-25,234.76
17016,1018,2026-04-19,81.82
17017,1018,2026-01-26,109.3
17018,1018,2026-07-10,107.38
17019,1018,2026-08-14,41.49
17020,1018,2026-02-22,53.64
17021,1018,2025-12-20,31.75
17022,1018,2026-08-25,110.16
17023,1019,2026-09-15,88.23
17024,1019,2026-06-26,504.76
17025,1019,2025-10-25,174.73
17026,1019,2026-05-08,460.44
17027,1019,2026-06-24,294.19
17028,1019,2025-12-29,189.21
17029,1019,2026-01-30,526.66
17030,1019,2026-02-02,271.08
17031,1019,2025-11-05,189.49
17032,1019,2025-10-29,176.11
17033,1019,2026-05-11,334.12
17034,1019,2025-10-09,164.96
17035,1019,2026-03-03,177.11
17036,1019,2025-11-04,160.53
17037,1019,2026-01-13,149.47
17038,1019,2026-08-18,153.64
17039,1019,2025-10-21,466.25
17040,1019,2026-02-22,330.47
17041,1019,2026-04-09,233.46
17042,1019,2026-05-17,164.14
17043,1019,2026-02-13,163.86
17044,1019,2025-10-23,178.06
17045,1019,2026-07-27,469.72
17046,1019,2026-06-28,239.37
17047,1019,2026-08-23,293.98
17048,1019,2026-07-08,229.76
17049,1019,2026-09-08,140.97
17050,1019,2026-07-03,219.92
17051,1019,2026-03-30,129.41
17052,1019,2025-11-26,359.61
17053,1019,2026-03-06,149.94
17054,1019,2026-06-28,162.35
17055,1019,2026-08-16,302.79
17056,1019,2025-11-05,153.37
17057,1019,2026-07-13,190.29
17058,1019,2025-12-17,64.08
17059,1019,2026-06-13,181.62
17060,1019,2026-02-04,274.39
17061,1020,2026-09-15,48.97
17062,1020,2025-11-03,44.04
17063,1020,2025-12-27,76.34
17064,1020,2025-12-27,35.7
17065,1020,2026-07-15,57.04
17066,1020,2026-02-03,76.44
17067,1020,2026-02-03,39.74
17068,1020,2026-05-27,33.55
17069,1020,2026-06-15,68.55
17070,1020,2026-07-08,56.24
17071,1020,2026-08-08,43.75
17072,1020,2026-03-06,59.25
17073,1020,2026-05-27,69.33
17074,1020,2026-01-24,43.94
17075,1020,2026-02-18,51.63
17076,1020,2026-02-24,56.93
17077,1020,2025-10-08,36.56
17078,1020,2026-08-01,76.8
17079,1020,2026-09-02,28.3
17080,1020,2026-05-12,42.42
17081,1020,2026-09-07,63.56
17082,1021,2026-08-18,93.5
17083,1021,2025-12-18,84.58
17084,1021,2026-08-14,82.42
17085,1021,2026-03-16,97.98
17086,1021,2026-05-23,54.02
17087,1021,2025-09-30,75.76
17088,1021,2026-07-02,57.07
17089,1021,2026-07-29,60.53
17090,1021,2026-01-01,129.24
17091,1021,2026-05-22,91.07
17092,1021,2026-06-08,64.46
17093,1021,2026-03-02,84.11
17094,1021,2025-10-19,80.57
17095,1021,2026-07-05,92.16
17096,1021,2026-02-23,45.68
17097,1021,2026-04-24,55.08
17098,1022,2026-02-14,22.81
17099,1022,2025-09-30,54.45
17100,1022,2026-02-13,74.03
17101,1022,2025-12-20,15.48
17102,1022,2026-01-09,57.36
17103,1023,2026-08-15,204.6
17104,1023,2026-08-07,56.42
17105,1023,2026-01-17,70.78
17106,1023,2026-02-28,77.53
17107,1023,2026-01-15,71.74
17108,1023,2026-03-19,64.91
17109,1023,2026-02-02,110.88
17110,1023,2026-04-24,111.41
17111,1023,2026-03-19,118.96
17112,1023,2026-06-22,115.65
17113,1023,2026-01-05,74.61
17114,1023,2026-02-05,74.56
17115,1023,2026-05-03,148.93
17116,1023,2026-02-11,71.18
17117,1023,2026-05-31,70.54
17118,1023,2025-12-21,136.74
17119,1024,2026-09-13,37.21
17120,1024,2026-02-15,58.34
17121,1024,2026-06-02,24.25
17122,1024,2026-03-24,57.62
17123,1024,2025-12-28,17.5
17124,1024,2026-03-13,68.24
17125,1024,2026-08-11,44.32
17126,1024,2026-06-19,54.88
17127,1024,2026-08-29,50.07
17128,1024,2026-04-30,20.89
17129,1024,2026-03-19,83.24
17130,1024,2026-06-13,52.31
17131,1024,2026-08-29,63.24
17132,1024,2026-08-09,31.41
17133,1024,2026-01-13,50.15
17134,1024,2026-04-14,24.96
17135,1024,2025-10-06,48.13
17136,1024,2026-02-27,29.48
17137,1024,2026-05-29,428.34
17138,1024,2026-08-13,59.09
17139,1024,2025-12-27,81.9
17140,1024,2026-05-10,40.22
17141,1024,2026-02-15,53.85
17142,1024,2026-04-03,67.63
17143,1024,2026-08-16,27.77
17144,1024,2025-10-19,33.25
17145,1024,2026-08-03,69.71
17146,1024,2026-02-10,40.79
17147,1024,2026-07-25,32.14
17148,1025,2026-05-19,29.45
17149,1025,2025-10-09,16.86
17150,1025,2026-03-16,29.62
17151,1026,2026-05-15,269.33
17152,1026,2025-09-30,102.8
17153,1026,2026-01-28,133.52
17154,1026,2026-03-22,29.76
17155,1027,2026-09-18,85.12
17156,1027,2026-08-27,80.44
17157,1027,2025-09-27,81.18
17158,1027,2025-10-27,79.9
17159,1027,2026-09-07,39.97
17160,1027,2026-06-15,129.33
17161,1027,2026-07-23,119.35
17162,1027,2025-11-09,113.85
17163,1027,2025-11-13,109.2
17164,1027,2026-05-19,79.2
17165,1027,2026-03-11,68.49
17166,1027,2026-01-29,56.93
17167,1027,2025-09-27,180.21
17168,1027,2025-11-28,89.17
17169,1027,2026-01-17,42.63
17170,1027,2026-04-09,88.82
17171,1027,2026-01-03,35.23
17172,1027,2026-01-31,100.63
17173,1028,2026-09-17,29.88
17174,1028,2026-02-23,36.96
17175,1028,2025-10-12,77.79
17176,1028,2026-02-02,80.59
17177,1028,2026-03-26,48.49
17178,1028,2026-03-25,60.29
17179,1028,2025-12-11,40.95
17180,1028,2026-05-24,30.38
17181,1028,2026-04-08,22.91
17182,1028,2026-05-21,52.04
17183,1028,2026-06-17,67.48
17184,1028,2026-05-24,35.76
17185,1028,2026-08-13,76.79
17186,1028,2025-11-14,37.84
17187,1028,2025-11-11,46.73
17188,1028,2026-01-17,40.74
17189,1028,2025-12-22,78.5
17190,1028,2026-04-25,56.17
17191,1028,2026-03-13,43.83
17192,1029,2026-03-26,7.96
17193,1029,2025-09-27,38.03
17194,1029,2025-11-15,32.99
17195,1029,2025-10-12,43.27
17196,1030,2026-09-13,43.44
17197,1030,2026-09-06,84.03
17198,1030,2025-12-17,42.52
17199,1030,2025-12-16,30.92
17200,1030,2026-08-27,77.16
17201,1030,2026-05-20,39.51
17202,1030,2026-06-09,40.74
17203,1030,2026-03-12,18.46
17204,1030,2026-06-04,42.49
17205,1030,2025-12-25,61.19
17206,1030,2026-02-25,37.07
17207,1030,2025-11-11,25.28
17208,1030,2025-11-23,36.25
17209,1030,2026-05-31,34.12
17210,1030,2026-03-02,40.15
17211,1030,2026-02-08,35.65
17212,1030,2026-04-05,95.18
17213,1030,2025-10-09,51.56
17214,1030,2026-08-21,20.56
17215,1030,2025-10-25,46.47
17216,1030,2025-10-06,44.2
17217,1030,2026-05-07,77.03
17218,1030,2026-06-01,41.95
17219,1031,2026-09-18,101.36
17220,1031,2026-05-24,27.87
17221,1031,2026-06-19,14.46
17222,1031,2026-01-09,19.91
17223,1031,2025-10-25,35.44
17224,1031,2026-04-07,47.44
17225,1031,2025-11-28,84.18
17226,1031,2026-03-20,65.77
17227,1031,2025-10-05,14.21
17228,1031,2026-05-03,158.69
17229,1031,2025-12-26,37.41
17230,1031,2025-11-20,78.19
17231,1031,2025-10-26,57.53
17232,1031,2026-04-30,45.11
17233,1031,2026-05-14,40.45
17234,1031,2026-09-13,27.28
17235,1031,2026-02-09,25.21
17236,1031,2026-03-02,41.76
17237,1031,2026-05-01,24.09
17238,1031,2026-07-03,94.46
17239,1031,2025-11-13,47.01
17240,1031,2025-09-26,115.4
17241,1031,2025-09-27,36.99
17242,1031,2026-04-10,34.5
17243,1031,2025-12-26,58.71
17244,1031,2025-11-25,40.04
17245,1031,2025-12-13,69.72
17246,1031,2026-05-14,85.96
17247,1032,2026-03-04,28.79
17248,1032,2025-10-15,49.47
17249,1032,2025-10-19,31.62
17250,1032,2026-02-07,29.92
17251,1033,2026-09-19,48.24
17252,1033,2026-04-28,79.83
17253,1033,2026-03-30,32.4
17254,1033,2026-06-20,42.95
17255,1033,2026-08-02,37.06
17256,1033,2026-01-22,47.74
17257,1033,2026-06-11,43.63
17258,1033,2026-03-13,68.09
17259,1033,2026-03-04,34.03
17260,1033,2025-09-26,79.84
17261,1033,2025-11-24,92.64
17262,1033,2026-07-15,50.51
17263,1033,2026-08-29,31.53
17264,1033,2025-10-07,44.18
17265,1033,2026-08-18,42.54
17266,1033,2026-01-06,99.91
17267,1033,2025-12-07,42.96
17268,1034,2026-08-22,144.25
17269,1034,2026-05-31,133.08
17270,1034,2026-07-04,67.6
17271,1034,2025-10-09,85.29
17272,1034,2025-12-04,85.24
17273,1034,2026-04-01,230.58
17274,1034,2025-10-12,89.59
17275,1034,2026-07-25,82.87
17276,1034,2025-10-20,53.69
17277,1034,2025-11-05,58.12
17278,1034,2026-03-21,66.15
17279,1034,2025-12-30,105.89
17280,1034,2026-05-20,47.42
17281,1034,2025-10-07,66.7
17282,1035,2026-09-18,50.16
17283,1035,2026-03-29,65.61
17284,1035,2026-09-18,49.08
17285,1035,2026-05-28,111.11
17286,1035,2026-07-18,35.53
17287,1035,2026-06-20,18.4
17288,1035,2026-06-24,51.0
17289,1035,2026-03-07,35.22
17290,1035,2025-12-16,27.61
17291,1035,2026-03-10,39.36
17292,1035,2025-12-21,31.63
17293,1035,2026-03-10,33.07
17294,1035,2026-01-15,89.28
17295,1035,2026-06-05,47.59
17296,1035,2026-05-24,39.93
17297,1035,2026-07-25,92.35
17298,1035,2026-03-16,39.4
17299,1035,2026-07-15,25.87
17300,1035,2026-02-07,24.77
17301,1035,2026-01-04,43.41
17302,1035,2025-11-06,21.49
17303,1035,2026-04-04,26.55
17304,1035,2025-09-28,37.91
17305,1035,2026-04-03,74.89
17306,1035,2026-01-06,80.48
17307,1035,2025-10-04,60.55
17308,1035,2026-03-13,44.92
17309,1035,2025-10-25,34.81
17310,1035,2026-02-24,53.59
17311,1035,2026-08-26,100.34
17312,1036,2026-03-21,29.02
17313,1036,2026-02-25,22.23
17314,1036,2025-12-13,52.49
17315,1036,2025-12-30,32.63
17316,1036,2025-11-25,14.48
17317,1036,2025-11-10,16.49
17318,1037,2025-12-19,42.31
17319,1037,2025-09-27,106.11
17320,1037,2025-11-23,136.57
17321,1037,2025-11-25,233.17
17322,1037,2025-11-11,171.54
17323,1037,2025-12-07,250.24
17324,1037,2025-11-14,223.68
17325,1038,2026-09-01,99.58
17326,1038,2026-01-30,45.86
17327,1038,2026-02-21,55.34
17328,1038,2026-01-27,24.72
17329,1038,2026-02-15,65.04
17330,1038,2025-10-17,37.43
17331,1038,2026-01-02,79.37
17332,1038,2026-08-19,33.06
17333,1038,2026-06-23,81.94
17334,1038,2026-03-16,68.72
17335,1038,2026-03-30,36.49
17336,1038,2026-06-27,85.17
17337,1038,2026-03-05,75.46
17338,1038,2026-03-04,56.09
17339,1038,2026-03-31,28.78
17340,1038,2025-11-13,64.5
17341,1038,2026-04-25,46.36
17342,1038,2025-12-07,46.01
17343,1038,2026-01-06,46.52
17344,1038,2025-10-05,44.39
17345,1038,2026-01-28,30.48
17346,1038,2026-03-20,22.75
17347,1038,2026-09-01,20.74
17348,1038,2026-01-18,51.49
17349,1038,2026-03-06,15.12
17350,1038,2025-10-30,62.39
17351,1038,2026-02-10,56.51
17352,1038,2026-01-07,39.27
17353,1038,2025-10-26,71.42
17354,1039,2026-08-30,63.77
17355,1039,2025-10-08,32.68
17356,1039,2025-10-21,60.31
17357,1039,2026-07-21,28.35
17358,1039,2026-03-28,34.62
17359,1039,2026-08-06,50.18
17360,1039,2026-05-07,33.33
17361,1039,2025-11-27,35.97
17362,1039,2026-04-29,13.91
17363,1039,2026-03-25,65.65
17364,1039,2025-10-24,42.66
17365,1039,2026-04-17,29.41
17366,1039,2026-02-08,102.65
17367,1039,2026-03-07,31.55
17368,1039,2025-12-30,35.68
17369,1039,2026-02-12,29.19
17370,1039,2025-11-22,73.95
17371,1039,2025-11-05,85.79
17372,1039,2025-09-30,82.02
17373,1039,2026-05-06,81.66
17374,1039,2026-07-01,34.39
17375,1039,2026-06-28,95.51
17376,1039,2025-12-06,41.21
17377,1039,2025-11-09,22.48
17378,1039,2026-06-10,37.14
17379,1040,2026-09-14,212.72
17380,1040,2026-03-28,268.52
17381,1040,2026-08-22,127.89
17382,1040,2026-07-17,141.05
17383,1040,2025-12-03,348.12
17384,1040,2026-07-23,189.81
17385,1040,2026-05-18,247.59
17386,1040,2025-12-17,167.91
17387,1040,2026-07-23,257.74
17388,1040,2026-04-16,68.52
17389,1040,2026-01-15,352.57
17390,1040,2026-03-22,171.1
17391,1040,2025-11-08,119.71
17392,1040,2026-07-13,130.19
17393,1040,2026-02-24,186.51
17394,1040,2026-05-09,199.82
17395,1040,2026-02-28,223.78
17396,1040,2026-07-30,122.78
17397,1040,2026-01-14,310.8
17398,1040,2026-07-04,165.87
17399,1040,2025-12-02,162.17
17400,1040,2025-11-04,189.67
17401,1040,2026-05-17,282.98
17402,1040,2026-01-04,206.82
17403,1040,2026-03-05,164.52
17404,1040,2025-11-17,181.53
17405,1040,2025-10-22,363.48
17406,1040,2025-11-09,337.66
17407,1040,2026-06-15,247.58
17408,1040,2026-02-18,224.52
17409,1040,2026-08-13,594.8
17410,1040,2026-05-30,258.71
17411,1040,2026-05-09,227.78
17412,1040,2026-03-24,191.75
17413,1040,2025-11-24,246.58
17414,1040,2026-09-08,53.34
17415,1040,2026-03-24,333.48
17416,1040,2025-11-29,118.49
17417,1040,2026-06-25,152.01
17418,1040,2025-12-04,111.84
17419,1040,2026-08-18,150.76
17420,1040,2026-03-19,180.18
17421,1041,2026-08-23,219.54
17422,1041,2026-06-04,150.43
17423,1041,2026-07-02,562.04
17424,1041,2026-07-22,186.35
17425,1041,2025-10-26,139.64
17426,1041,2025-11-08,89.91
17427,1041,2025-12-21,218.72
17428,1041,2025-10-20,286.56
17429,1041,2025-11-23,125.73
17430,1041,2026-07-12,278.2
17431,1041,2025-11-27,218.05
17432,1041,2025-11-28,94.55
17433,1041,2026-08-23,278.29
17434,1041,2025-11-05,186.39
17435,1041,2025-12-18,126.51
17436,1041,2025-09-28,323.02
17437,1041,2026-03-16,320.26
17438,1041,2025-12-20,125.29
17439,1041,2025-12-09,239.65
17440,1041,2026-01-14,230.12
17441,1041,2025-10-09,203.68
17442,1041,2026-07-07,166.51
17443,1041,2026-04-27,196.43
17444,1041,2026-07-23,320.36
17445,1041,2026-02-04,252.45
17446,1041,2026-08-15,88.2
17447,1041,2026-05-14,80.04
17448,1041,2025-12-21,91.05
17449,1041,2025-10-31,113.97
17450,1041,2026-06-11,149.5
17451,1041,2026-05-31,171.3
17452,1041,2026-08-15,203.9
17453,1041,2026-04-29,206.83
17454,1042,2026-08-18,10.11
17455,1042,2026-06-29,46.29
17456,1042,2026-08-09,33.22
17457,1042,2026-05-18,35.97
17458,1043,2026-01-27,21.26
17459,1043,2025-11-26,45.43
17460,1043,2025-10-12,19.65
17461,1043,2026-01-16,16.52
17462,1043,2026-01-01,25.96
17463,1044,2026-04-18,19.56
17464,1044,2026-01-13,15.72
17465,1044,2025-10-08,25.31
17466,1044,2025-11-07,34.58
17467,1045,2026-09-11,196.95
17468,1045,2026-01-29,359.44
17469,1045,2025-12-09,143.79
17470,1045,2026-08-27,94.36
17471,1045,2026-01-01,137.24
17472,1045,2025-12-03,176.58
17473,1045,2026-02-24,486.96
17474,1045,2026-03-12,250.1
17475,1045,2025-12-01,149.63
17476,1045,2026-01-22,197.07
17477,1045,2026-09-02,425.83
17478,1045,2026-07-09,188.47
17479,1045,2026-02-16,189.49
17480,1045,2026-02-11,174.98
17481,1045,2026-06-12,287.25
17482,1045,2026-07-25,165.78
17483,1045,2026-01-30,310.95
17484,1045,2026-05-26,338.78
17485,1045,2026-01-18,276.77
17486,1045,2026-01-23,189.85
17487,1045,2026-06-28,111.92
17488,1045,2025-12-16,189.87
17489,1045,2026-07-19,155.44
17490,1045,2026-04-24,147.9
17491,1045,2026-02-17,188.56
17492,1045,2025-11-04,260.54
17493,1045,2025-10-16,158.67
17494,1046,2026-08-01,158.88
17495,1046,2025-11-22,90.5
17496,1046,2025-11-30,220.7
17497,1046,2026-03-26,190.73
17498,1046,2026-04-01,106.89
17499,1046,2026-01-06,67.98
17500,1046,2026-08-01,164.76
17501,1046,2025-12-02,40.89
17502,1046,2026-02-28,146.58
17503,1046,2025-11-04,72.47
17504,1046,2026-02-13,184.8
17505,1047,2026-04-25,56.71
17506,1047,2026-01-20,117.7
17507,1047,2026-02-24,151.36
17508,1047,2025-11-07,112.4
17509,1047,2026-02-16,69.25
17510,1048,2026-07-26,120.59
17511,1048,2026-07-06,91.41
17512,1048,2026-01-06,94.1
17513,1048,2026-07-21,192.0
17514,1048,2025-10-10,64.43
17515,1048,2025-11-22,58.21
17516,1048,2026-02-15,131.94
17517,1048,2026-03-29,110.83
17518,1048,2025-10-22,57.13
17519,1048,2026-05-13,146.89
17520,1048,2025-12-05,102.77
17521,1048,2026-03-23,60.08
17522,1048,2025-11-18,112.22
17523,1048,2025-12-11,104.91
17524,1048,2025-09-28,86.5
17525,1049,2026-07-25,70.49
17526,1049,2026-05-25,104.36
17527,1049,2026-05-29,209.31
17528,1049,2026-01-20,120.77
17529,1049,2026-05-07,186.64
17530,1049,2025-11-16,86.67
17531,1049,2025-12-16,72.64
17532,1049,2025-12-04,151.7
17533,1049,2025-12-22,39.53
17534,1049,2026-06-10,97.6
17535,1049,2026-01-06,143.12
17536,1049,2026-06-03,115.92
17537,1049,2026-07-24,34.94
17538,1049,2025-10-03,49.11
17539,1049,2026-05-11,85.48
17540,1049,2025-12-26,111.44
17541,1049,2026-04-12,113.43
17542,1049,2025-12-25,89.75
17543,1049,2026-03-26,125.01
17544,1049,2026-03-14,109.55
17545,1049,2026-07-03,84.94
17546,1050,2026-06-06,66.35
17547,1050,2026-04-17,161.31
17548,1050,2026-03-22,171.21
17549,1050,2025-12-01,95.65
17550,1051,2025-11-06,20.8
17551,1051,2025-10-27,58.83
17552,1051,2025-09-28,27.06
17553,1052,2026-09-09,470.88
17554,1052,2026-03-16,96.88
17555,1052,2026-04-28,211.58
17556,1052,2026-05-04,262.91
17557,1052,2026-05-30,311.06
17558,1052,2026-06-21,79.29
17559,1052,2026-01-05,244.46
17560,1052,2025-10-07,190.31
17561,1052,2026-02-13,184.87
17562,1052,2026-07-18,532.82
17563,1052,2026-01-19,190.59
17564,1052,2026-02-24,257.12
17565,1052,2026-04-23,198.93
17566,1052,2026-09-01,234.08
17567,1052,2025-12-13,269.29
17568,1052,2026-02-12,313.91
17569,1052,2026-06-20,148.04
17570,1052,2026-04-26,224.93
17571,1052,2026-03-09,228.54
17572,1052,2026-02-24,100.03
17573,1052,2026-01-23,136.72
17574,1052,2026-08-12,313.57
17575,1052,2026-03-07,170.61
17576,1052,2026-08-09,680.28
17577,1052,2026-07-14,323.92
17578,1052,2026-08-08,257.35
17579,1053,2026-08-26,83.98
17580,1053,2026-07-04,274.38
17581,1053,2025-11-05,88.83
17582,1053,2025-11-10,93.87
17583,1053,2026-02-08,129.18
17584,1053,2026-03-26,92.15
17585,1053,2026-08-25,149.03
17586,1054,2026-09-20,144.45
17587,1054,2026-03-22,342.4
17588,1054,2026-04-05,182.55
17589,1054,2025-10-03,147.26
17590,1054,2026-03-06,313.84
17591,1054,2025-11-27,403.13
17592,1054,2025-11-05,228.05
17593,1054,2025-10-02,133.64
17594,1054,2026-01-25,418.95
17595,1054,2025-10-15,248.8
17596,1054,2026-02-19,231.83
17597,1054,2026-05-11,175.09
17598,1054,2025-12-03,349.16
17599,1054,2025-11-07,127.52
17600,1054,2026-06-03,122.17
17601,1054,2025-10-09,492.57
17602,1054,2026-04-14,142.45
17603,1054,2026-06-30,323.42
17604,1054,2026-01-16,390.49
17605,1054,2026-06-25,230.83
17606,1054,2026-04-28,141.27
17607,1054,2026-03-12,278.8
17608,1054,2026-04-01,392.84
17609,1054,2026-08-10,244.99
17610,1054,2026-07-25,150.09
17611,1054,2026-08-23,241.01
17612,1054,2026-02-13,112.62
17613,1054,2025-09-28,135.5
17614,1054,2026-02-02,186.93
17615,1055,2026-03-27,129.02
17616,1055,2025-10-23,105.74
17617,1055,2026-02-09,88.8
17618,1055,2026-01-19,136.14
17619,1055,2026-02-10,115.33
17620,1056,2026-03-03,20.57
17621,1056,2026-01-04,24.77
17622,1056,2025-09-28,43.13
17623,1056,2025-10-16,43.65
17624,1056,2025-10-22,49.15
17625,1056,2025-11-10,47.36
17626,1056,2025-11-26,15.05
17627,1057,2026-08-25,88.05
17628,1057,2025-10-14,116.19
17629,1057,2025-12-15,79.16
17630,1057,2026-08-19,191.31
17631,1057,2026-08-18,156.53
17632,1057,2025-11-30,71.79
17633,1057,2026-07-07,98.38
17634,1057,2025-10-03,155.34
17635,1057,2026-04-26,67.46
17636,1057,2026-06-28,64.29
17637,1057,2026-01-09,161.5
17638,1057,2026-01-08,122.85
17639,1057,2026-01-26,145.91
17640,1058,2026-05-11,211.15
17641,1058,2025-10-23,81.88
17642,1058,2025-10-03,165.3
17643,1058,2026-04-22,85.78
17644,1058,2025-12-09,126.86
17645,1058,2025-11-08,100.0
17646,1059,2026-08-20,49.28
17647,1059,2026-01-08,9.52
17648,1059,2025-12-01,29.12
17649,1059,2025-10-14,61.07
17650,1059,2025-12-22,28.86
17651,1059,2026-04-26,56.71
17652,1059,2026-06-05,67.01
17653,1059,2026-05-20,42.78
17654,1059,2026-05-09,20.34
17655,1059,2026-06-11,32.3
17656,1059,2026-01-10,61.24
17657,1059,2025-10-03,79.23
17658,1059,2026-05-28,17.64
17659,1059,2026-04-01,46.67
17660,1059,2025-10-15,23.25
17661,1059,2025-10-22,46.87
17662,1059,2026-08-12,41.93
17663,1059,2026-04-29,130.17
17664,1059,2026-04-28,35.31
17665,1060,2026-05-12,21.47
17666,1060,2026-03-08,20.65
17667,1061,2026-09-03,57.84
17668,1061,2026-02-23,73.63
17669,1061,2025-12-13,82.94
17670,1061,2026-05-09,150.67
17671,1061,2026-04-23,122.98
17672,1061,2026-01-14,89.87
17673,1061,2026-01-25,211.69
17674,1061,2026-02-26,88.6
17675,1061,2026-04-10,170.04
17676,1061,2026-08-19,155.93
17677,1061,2026-07-10,151.05
17678,1061,2026-03-20,103.99
17679,1061,2026-01-06,94.86
17680,1061,2026-06-26,90.21
17681,1061,2026-04-13,131.94
17682,1062,2026-03-14,24.7
17683,1062,2025-11-26,34.86
17684,1063,2026-02-23,301.9
17685,1063,2026-01-08,191.73
17686,1063,2025-12-24,104.71
17687,1063,2025-12-10,212.08
17688,1063,2025-10-31,177.66
17689,1063,2025-12-06,44.67
17690,1064,2026-05-14,28.42
17691,1064,2026-03-29,25.85
17692,1065,2026-04-03,100.26
17693,1065,2025-10-08,57.88
17694,1065,2026-01-11,94.16
17695,1065,2026-01-04,108.39
17696,1065,2026-01-11,120.42
17697,1066,2026-08-21,128.14
17698,1066,2026-06-09,61.3
17699,1066,2026-03-26,101.35
17700,1066,2025-10-03,106.55
17701,1066,2026-04-15,30.96
17702,1066,2026-01-05,96.13
17703,1066,2025-11-14,118.6
17704,1066,2026-02-12,47.63
17705,1066,2025-11-01,118.0
17706,1066,2026-03-10,94.13
17707,1066,2026-06-08,167.57
17708,1067,2026-09-01,66.42
17709,1067,2026-03-18,46.14
17710,1067,2026-01-17,19.63
17711,1067,2026-04-10,46.06
17712,1067,2026-03-18,46.31
17713,1067,2026-07-18,67.49
17714,1067,2026-06-28,38.56
17715,1067,2025-09-26,28.98
17716,1067,2026-07-03,29.02
17717,1067,2026-08-08,86.13
17718,1067,2025-12-03,51.26
17719,1067,2026-07-18,84.17
17720,1067,2026-03-28,89.84
17721,1067,2026-04-27,32.2
17722,1067,2026-04-12,31.11
17723,1067,2026-04-19,42.49
17724,1067,2026-08-20,59.33
17725,1067,2026-06-02,23.95
17726,1067,2026-01-26,55.22
17727,1067,2026-08-06,53.98
17728,1067,2026-06-03,27.12
17729,1067,2025-10-30,27.55
17730,1067,2026-01-21,54.96
17731,1068,2026-07-12,22.64
17732,1068,2026-02-14,26.7
17733,1069,2026-09-23,138.76
17734,1069,2026-06-02,217.44
17735,1069,2026-04-02,253.12
17736,1069,2026-03-20,216.87
17737,1069,2025-12-31,245.47
17738,1069,2026-05-12,428.54
17739,1069,2026-06-19,190.34
17740,1069,2026-08-06,301.97
17741,1069,2026-04-17,265.12
17742,1069,2026-04-02,219.2
17743,1069,2026-02-09,295.77
17744,1069,2025-11-25,148.64
17745,1069,2026-07-08,135.78
17746,1069,2026-07-05,255.16
17747,1069,2026-06-11,100.48
17748,1069,2026-07-26,264.36
17749,1069,2026-08-03,126.4
17750,1069,2025-12-07,415.79
17751,1069,2026-01-08,175.7
17752,1069,2025-11-26,403.86
17753,1069,2026-02-24,190.99
17754,1069,2025-12-01,187.36
17755,1069,2026-04-15,310.06
17756,1069,2025-11-08,239.59
17757,1069,2026-03-02,203.79
17758,1069,2026-09-11,175.08
17759,1069,2026-07-24,175.84
17760,1070,2026-09-19,30.26
17761,1070,2025-12-08,31.48
17762,1070,2025-12-29,80.66
17763,1070,2026-04-08,39.69
17764,1070,2026-07-08,59.33
17765,1070,2026-01-31,44.8
17766,1070,2025-10-08,20.43
17767,1070,2026-06-16,62.98
17768,1070,2026-01-18,72.96
17769,1070,2025-11-15,103.11
17770,1070,2026-04-09,19.13
17771,1070,2026-08-22,10.86
17772,1070,2025-10-26,59.99
17773,1070,2026-08-12,34.36
17774,1070,2025-12-20,23.65
17775,1070,2026-04-01,47.23
17776,1070,2026-01-01,36.76
17777,1070,2026-01-09,25.34
17778,1070,2026-07-09,43.35
17779,1070,2026-08-15,58.07
17780,1070,2026-08-05,48.69
17781,1071,2026-08-17,54.08
17782,1071,2025-12-24,101.92
17783,1071,2025-12-29,67.37
17784,1071,2026-01-11,97.72
17785,1071,2026-05-08,52.17
17786,1071,2026-01-08,43.14
17787,1071,2026-01-18,362.87
17788,1071,2026-07-22,92.85
17789,1071,2025-10-22,235.2
17790,1071,2025-12-14,177.48
17791,1071,2026-06-07,43.11
17792,1071,2026-05-16,105.91
17793,1071,2026-01-08,50.26
17794,1071,2026-05-30,78.77
17795,1071,2025-11-26,38.54
17796,1071,2026-03-17,44.32
17797,1071,2026-07-17,61.26
17798,1071,2026-01-04,70.4
17799,1071,2025-10-17,91.59
17800,1071,2026-05-01,56.46
17801,1071,2025-10-09,96.25
17802,1071,2025-12-26,150.04
17803,1071,2025-12-22,101.81
17804,1071,2026-04-22,87.31
17805,1072,2026-08-15,42.44
17806,1072,2026-03-01,38.54
17807,1073,2026-09-16,33.82
17808,1073,2026-01-19,25.38
17809,1073,2026-08-13,74.68
17810,1073,2026-07-23,28.31
17811,1073,2026-01-25,19.16
17812,1073,2026-08-18,81.1
17813,1073,2025-11-24,20.53
17814,1073,2026-06-11,37.76
17815,1073,2025-11-22,27.48
17816,1073,2025-12-27,32.49
17817,1073,2026-05-24,122.42
17818,1073,2025-12-06,42.99
17819,1073,2026-07-06,52.91
17820,1073,2026-03-29,64.22
17821,1073,2025-10-10,33.64
17822,1073,2025-11-04,73.0
17823,1073,2025-10-27,53.3
17824,1073,2026-07-25,63.17
17825,1073,2026-05-28,32.48
17826,1073,2026-08-21,54.95
17827,1073,2025-11-02,44.82
17828,1073,2025-12-11,74.82
17829,1073,2025-11-07,35.29
17830,1073,2026-08-07,112.3
17831,1073,2026-05-19,52.41
17832,1073,2026-01-05,42.53
17833,1073,2026-05-10,40.35
17834,1074,2026-08-03,103.61
17835,1074,2026-05-30,54.17
17836,1074,2025-11-23,295.67
17837,1074,2026-03-27,59.21
17838,1074,2025-11-26,91.37
17839,1074,2025-11-21,192.02
17840,1074,2026-07-31,76.02
17841,1074,2026-07-20,96.01
17842,1074,2026-02-18,77.07
17843,1074,2025-11-15,87.87
17844,1074,2026-04-09,146.42
17845,1074,2026-01-25,74.45
17846,1074,2026-01-26,27.26
17847,1074,2025-12-09,88.68
17848,1075,2026-08-28,56.52
17849,1075,2025-11-04,78.94
17850,1075,2025-10-28,57.37
17851,1075,2025-12-14,161.09
17852,1075,2025-10-09,44.69
17853,1075,2026-06-12,106.42
17854,1075,2026-02-02,104.91
17855,1075,2025-12-17,101.9
17856,1075,2025-11-01,31.33
17857,1076,2026-09-15,67.5
17858,1076,2026-07-08,126.07
17859,1076,2026-07-16,115.97
17860,1076,2026-01-15,135.09
17861,1076,2026-09-09,95.39
17862,1076,2026-03-21,200.86
17863,1076,2026-06-13,142.93
17864,1077,2026-09-05,38.89
17865,1077,2026-05-01,40.26
17866,1077,2026-01-13,31.68
17867,1077,2026-08-16,37.11
17868,1077,2026-07-06,52.77
17869,1077,2026-01-12,90.0
17870,1077,2026-08-08,42.07
17871,1077,2025-12-19,31.29
17872,1077,2026-08-27,69.6
17873,1077,2026-05-21,18.28
17874,1077,2026-06-09,71.96
17875,1077,2026-07-12,23.62
17876,1077,2026-03-06,60.48
17877,1077,2026-06-22,36.32
17878,1077,2026-07-16,51.99
17879,1077,2026-04-23,114.9
17880,1077,2026-03-18,30.87
17881,1077,2026-01-31,28.69
17882,1078,2026-09-04,52.54
17883,1078,2026-06-07,71.76
17884,1078,2026-01-27,49.95
17885,1078,2026-01-13,136.28
17886,1078,2025-11-24,33.19
17887,1078,2026-02-27,62.79
17888,1078,2025-12-15,27.32
17889,1078,2026-06-15,92.91
17890,1078,2026-07-16,82.96
17891,1078,2026-05-12,61.98
17892,1078,2025-11-18,20.6
17893,1078,2025-11-04,61.72
17894,1078,2026-08-08,31.13
17895,1078,2026-06-29,55.19
17896,1078,2026-08-13,23.38
17897,1078,2025-12-16,50.81
17898,1078,2025-11-26,38.38
17899,1078,2025-10-21,31.7
17900,1078,2026-07-04,58.75
17901,1078,2026-03-10,43.97
17902,1078,2026-04-04,41.04
17903,1078,2025-10-04,62.7
17904,1078,2025-10-17,106.0
17905,1078,2025-11-21,50.94
17906,1078,2026-06-25,19.96
17907,1079,2026-01-15,37.77
17908,1080,2026-06-20,104.17
17909,1080,2026-06-20,83.39
17910,1080,2026-06-19,85.27
17911,1080,2025-12-29,128.61
17912,1080,2025-10-27,95.82
17913,1080,2026-05-22,47.79
17914,1080,2025-11-10,174.05
17915,1080,2025-11-30,151.55
17916,1080,2025-12-08,175.91
17917,1081,2026-07-28,76.21
17918,1081,2025-12-04,86.49
17919,1081,2025-10-14,129.71
17920,1081,2026-03-10,101.82
17921,1082,2026-08-20,76.07
17922,1082,2026-06-20,63.0
17923,1082,2026-02-07,85.82
17924,1082,2025-11-05,94.34
17925,1082,2026-03-24,154.19
17926,1082,2026-06-09,75.86
17927,1082,2026-07-15,66.05
17928,1082,2026-02-19,59.76
17929,1082,2025-10-31,77.08
17930,1082,2026-04-07,285.28
17931,1082,2025-12-24,106.9
17932,1082,2026-02-26,117.81
17933,1082,2025-11-28,89.99
17934,1082,2025-12-07,95.74
17935,1082,2026-01-03,128.22
17936,1082,2026-04-26,115.93
17937,1082,2026-04-07,105.31
17938,1082,2026-03-16,90.66
17939,1082,2025-11-23,76.81
17940,1082,2026-02-01,108.94
17941,1082,2026-06-25,93.45
17942,1082,2026-05-23,234.99
17943,1082,2026-05-10,144.4
17944,1083,2026-09-01,82.0
17945,1083,2026-02-07,59.97
17946,1083,2026-06-03,155.48
17947,1083,2026-03-30,107.89
17948,1083,2026-05-06,70.44
17949,1083,2025-11-19,60.4
17950,1083,2025-11-17,46.5
17951,1083,2026-07-10,45.0
17952,1083,2026-05-14,144.19
17953,1083,2026-04-16,137.47
17954,1083,2025-11-14,69.19
17955,1083,2026-06-02,166.43
17956,1084,2026-07-27,62.02
17957,1084,2025-11-25,39.13
17958,1084,2026-06-17,135.18
17959,1084,2026-03-24,100.65
17960,1084,2025-10-16,103.23
17961,1084,2025-12-07,83.84
17962,1084,2026-06-13,135.59
17963,1084,2026-02-18,179.14
17964,1084,2025-09-29,71.18
17965,1084,2026-03-13,119.65
17966,1084,2026-01-26,148.88
17967,1084,2026-04-02,69.4
17968,1084,2026-02-25,177.53
17969,1085,2026-06-24,131.41
17970,1085,2025-11-13,74.98
17971,1085,2025-11-21,67.12
17972,1085,2026-06-13,46.3
17973,1085,2026-06-11,68.88
17974,1085,2026-05-05,85.33
17975,1085,2026-03-17,54.12
17976,1085,2025-12-06,41.05
17977,1085,2025-11-05,139.88
17978,1085,2025-12-11,57.38
17979,1085,2025-11-05,49.93
17980,1085,2026-03-15,182.38
17981,1085,2026-01-02,131.86
17982,1085,2026-05-19,142.78
17983,1085,2026-05-26,112.97
17984,1085,2025-11-12,162.38
17985,1085,2026-03-07,133.93
17986,1085,2025-12-09,77.08
17987,1086,2025-11-14,23.36
17988,1086,2025-09-27,45.59
17989,1086,2025-10-25,20.48
17990,1086,2025-11-08,26.65
17991,1086,2025-10-23,31.97
17992,1087,2026-07-10,125.61
17993,1087,2026-01-22,224.12
17994,1087,2026-01-20,79.43
17995,1087,2026-03-10,89.35
17996,1087,2025-12-08,74.1
17997,1087,2026-03-15,69.14
17998,1088,2026-09-08,159.05
17999,1088,2026-04-18,96.98
18000,1088,2025-09-28,132.4
18001,1088,2026-01-28,109.95
18002,1088,2025-11-13,63.62
18003,1088,2026-05-19,141.75
18004,1088,2025-12-28,137.73
18005,1088,2025-12-27,57.63
18006,1088,2026-07-05,129.41
18007,1088,2026-06-24,84.22
18008,1088,2026-04-12,80.03
18009,1088,2026-01-30,107.3
18010,1088,2026-01-04,105.81
18011,1088,2025-10-04,134.25
18012,1088,2026-08-04,61.41
18013,1088,2026-01-29,116.09
18014,1088,2025-10-10,53.4
18015,1089,2026-08-19,50.13
18016,1089,2026-04-25,27.62
18017,1089,2026-06-26,31.07
18018,1089,2026-08-13,21.91
18019,1089,2026-04-28,35.77
18020,1089,2026-06-29,29.42
18021,1089,2026-02-27,118.1
18022,1089,2026-03-31,88.54
18023,1089,2026-01-16,82.31
18024,1089,2026-05-21,25.13
18025,1089,2026-07-26,41.55
18026,1089,2026-07-13,26.19
18027,1089,2026-07-19,103.12
18028,1089,2026-05-24,65.41
18029,1089,2025-12-27,28.02
18030,1089,2026-02-21,53.14
18031,1089,2026-04-21,23.09
18032,1089,2026-06-03,42.32
18033,1089,2026-06-26,41.58
18034,1090,2026-09-06,76.38
18035,1090,2025-09-28,37.32
18036,1090,2025-12-26,57.47
18037,1090,2026-03-27,54.21
18038,1090,2026-08-16,43.19
18039,1090,2026-06-27,52.05
18040,1090,2026-01-21,30.36
18041,1090,2025-11-05,39.34
18042,1090,2025-12-18,25.22
18043,1090,2026-02-08,36.89
18044,1090,2025-11-12,75.1
18045,1090,2026-05-23,54.37
18046,1090,2026-05-16,51.69
18047,1090,2026-08-07,21.91
18048,1090,2026-01-31,51.97
18049,1090,2026-07-05,43.75
18050,1090,2026-06-03,57.31
18051,1090,2026-08-05,83.86
18052,1090,2025-11-17,37.44
18053,1090,2026-06-27,39.04
18054,1091,2026-04-26,49.71
18055,1091,2025-10-22,74.52
18056,1091,2026-02-20,90.52
18057,1091,2026-04-26,110.32
18058,1091,2026-02-07,235.66
18059,1091,2026-02-18,143.09
18060,1091,2026-01-21,63.61
18061,1091,2026-03-16,598.47
18062,1091,2026-01-02,104.22
18063,1091,2026-01-05,49.29
18064,1092,2026-02-16,18.35
18065,1092,2025-11-04,20.54
18066,1092,2025-12-13,38.42
18067,1093,2026-08-19,69.21
18068,1093,2026-04-11,134.57
18069,1093,2026-04-02,92.83
18070,1093,2026-08-14,164.62
18071,1093,2026-03-13,189.98
18072,1093,2026-05-08,225.93
18073,1093,2025-11-30,107.8
18074,1094,2026-07-09,80.31
18075,1094,2026-04-05,38.11
18076,1094,2026-05-08,177.16
18077,1094,2025-11-14,54.19
18078,1094,2026-05-01,51.04
18079,1094,2026-07-02,160.84
18080,1095,2026-01-08,39.21
18081,1095,2026-01-07,17.95
18082,1096,2026-08-08,36.1
18083,1096,2025-11-04,36.68
18084,1096,2026-03-30,40.11
18085,1096,2026-07-14,50.81
18086,1096,2025-12-29,48.81
18087,1096,2026-03-27,32.55
18088,1096,2026-07-02,82.25
18089,1096,2026-06-02,45.1
18090,1096,2025-11-01,86.95
18091,1096,2026-03-16,86.03
18092,1096,2026-05-21,27.94
18093,1096,2026-02-18,36.09
18094,1096,2026-06-29,37.3
18095,1096,2026-04-06,51.81
18096,1096,2026-01-31,62.4
18097,1096,2025-10-09,48.08
18098,1096,2026-05-13,35.12
18099,1096,2025-11-19,94.62
18100,1096,2026-04-01,36.94
18101,1096,2025-10-30,62.83
18102,1096,2026-07-20,44.25
18103,1096,2026-06-26,43.7
18104,1096,2026-03-14,60.94
18105,1097,2026-06-27,105.09
18106,1097,2026-03-11,176.14
18107,1097,2026-04-12,128.11
18108,1097,2026-04-15,127.92
18109,1098,2026-09-05,148.12
18110,1098,2025-12-28,155.82
18111,1098,2026-08-02,46.81
18112,1098,2026-05-18,105.43
18113,1098,2026-08-07,59.0
18114,1098,2026-03-14,127.36
18115,1098,2025-11-13,104.02
18116,1098,2025-11-06,113.67
18117,1098,2026-09-02,65.19
18118,1098,2025-10-04,56.37
18119,1098,2026-06-26,67.46
18120,1098,2026-05-04,103.37
18121,1099,2026-09-12,187.56
18122,1099,2026-07-25,105.69
18123,1099,2026-05-04,97.47
18124,1099,2026-09-06,122.6
18125,1099,2025-12-14,137.43
18126,1099,2026-08-29,51.38
18127,1099,2026-08-02,92.31
18128,1099,2026-05-29,246.08
18129,1099,2026-01-29,189.56
18130,1099,2026-04-09,85.79
18131,1099,2026-08-30,124.89
18132,1099,2026-05-17,77.7
18133,1099,2026-08-28,105.53
18134,1099,2026-04-15,73.23
18135,1100,2026-08-27,349.86
18136,1100,2026-05-28,206.65
18137,1100,2025-10-10,112.66
18138,1100,2025-11-08,165.4
18139,1100,2026-01-20,128.29
18140,1100,2026-06-27,217.81
18141,1100,2025-11-28,146.94
18142,1100,2025-10-03,139.83
18143,1100,2026-03-14,239.51
18144,1100,2026-01-17,214.19
18145,1100,2026-04-21,361.85
18146,1100,2026-02-09,354.71
18147,1100,2026-08-20,215.88
18148,1100,2025-12-28,262.95
18149,1100,2026-03-06,111.47
18150,1100,2025-12-16,287.24
18151,1100,2026-04-24,252.63
18152,1100,2026-04-10,322.61
18153,1100,2026-07-09,182.97
18154,1100,2026-02-12,183.69
18155,1100,2025-10-22,184.2
18156,1100,2026-02-12,400.48
18157,1100,2025-10-30,238.51
18158,1100,2026-08-25,107.12
18159,1100,2025-12-23,280.64
18160,1100,2026-08-24,170.48
18161,1100,2026-04-05,342.12
18162,1100,2026-03-22,267.61
18163,1100,2026-03-23,366.98
18164,1100,2026-02-21,335.16
18165,1101,2026-09-04,403.31
18166,1101,2026-06-27,214.67
18167,1101,2026-04-16,171.64
18168,1101,2026-07-08,134.2
18169,1101,2026-01-12,229.62
18170,1101,2026-05-02,163.24
18171,1101,2025-12-24,177.92
18172,1101,2026-06-24,143.15
18173,1101,2026-08-21,229.46
18174,1101,2026-05-16,116.82
18175,1101,2025-12-22,252.72
18176,1101,2025-10-01,164.22
18177,1101,2025-11-06,289.92
18178,1101,2026-09-02,261.25
18179,1101,2025-10-25,220.06
18180,1101,2026-04-20,307.31
18181,1101,2026-08-16,423.15
18182,1101,2026-06-15,371.64
18183,1101,2025-11-05,116.42
18184,1101,2026-02-10,159.92
18185,1101,2026-07-10,168.98
18186,1101,2025-12-04,279.91
18187,1101,2026-05-11,166.02
18188,1101,2026-07-25,163.11
18189,1101,2026-04-26,150.92
18190,1101,2025-12-15,240.23
18191,1101,2026-05-25,279.42
18192,1101,2026-07-11,121.74
18193,1101,2026-05-26,166.62
18194,1101,2025-12-05,89.51
18195,1101,2026-07-08,71.58
18196,1101,2026-03-30,261.18
18197,1101,2026-01-21,242.03
18198,1101,2026-08-14,226.94
18199,1102,2026-08-09,166.72
18200,1102,2026-02-06,124.07
18201,1102,2026-05-02,87.54
18202,1102,2026-07-31,82.87
18203,1103,2026-08-17,137.03
18204,1103,2026-02-22,94.43
18205,1103,2026-06-18,60.04
18206,1103,2026-03-31,151.73
18207,1103,2026-01-17,145.67
18208,1103,2026-05-15,97.84
18209,1103,2026-02-19,115.58
18210,1103,2026-05-20,112.76
18211,1103,2025-11-19,72.9
18212,1103,2026-03-26,80.06
18213,1103,2025-11-29,59.77
18214,1103,2026-04-29,79.93
18215,1103,2026-04-22,143.12
18216,1103,2025-12-13,131.41
18217,1103,2026-05-13,115.71
18218,1104,2026-09-14,111.67
18219,1104,2026-02-02,230.97
18220,1104,2026-05-02,57.98
18221,1104,2025-12-16,65.39
18222,1104,2026-04-20,74.39
18223,1104,2026-01-06,64.35
18224,1104,2026-01-04,60.35
18225,1104,2026-06-28,91.88
18226,1104,2026-08-22,140.11
18227,1104,2025-11-08,94.97
18228,1104,2025-11-22,61.13
18229,1104,2025-10-12,82.39
18230,1104,2026-08-25,56.4
18231,1104,2026-01-10,140.07
18232,1104,2026-07-30,174.48
18233,1105,2026-09-16,204.26
18234,1105,2026-05-18,276.85
18235,1105,2026-01-03,453.75
18236,1105,2025-10-12,254.63
18237,1105,2026-06-16,134.86
18238,1105,2026-08-22,283.45
18239,1105,2026-07-20,394.41
18240,1105,2026-01-22,126.85
18241,1105,2026-06-08,130.06
18242,1105,2026-01-05,110.79
18243,1105,2026-03-30,162.89
18244,1105,2025-11-14,248.4
18245,1105,2026-01-27,409.34
18246,1105,2026-02-18,313.68
18247,1105,2026-07-02,249.78
18248,1105,2026-05-24,214.37
18249,1105,2026-06-26,250.46
18250,1105,2026-08-26,257.19
18251,1105,2026-06-01,377.49
18252,1105,2025-10-13,208.04
18253,1105,2025-12-03,236.25
18254,1105,2026-06-25,174.74
18255,1105,2026-05-09,220.99
18256,1105,2026-01-02,187.12
18257,1105,2026-08-20,122.95
18258,1105,2026-01-03,311.09
18259,1106,2026-08-14,52.45
18260,1106,2026-02-19,148.15
18261,1106,2025-10-26,64.67
18262,1106,2026-01-07,64.17
18263,1106,2026-06-04,70.84
18264,1106,2026-08-11,41.07
18265,1106,2025-10-23,81.6
18266,1106,2026-04-11,118.93
18267,1106,2025-11-09,74.05
18268,1106,2026-06-17,164.35
18269,1106,2026-03-19,159.83
18270,1106,2026-06-17,134.29
18271,1106,2026-07-07,37.68
18272,1106,2026-02-18,171.57
18273,1106,2026-03-25,80.89
18274,1106,2026-05-27,191.54
18275,1106,2026-04-28,68.58
18276,1106,2026-04-15,84.51
18277,1107,2026-09-24,185.49
18278,1107,2026-04-08,140.39
18279,1107,2026-03-25,146.51
18280,1107,2025-11-25,128.3
18281,1107,2026-06-29,415.05
18282,1107,2026-01-29,175.71
18283,1107,2025-11-12,75.79
18284,1107,2025-11-09,235.93
18285,1107,2025-11-11,146.27
18286,1107,2026-07-09,205.84
18287,1107,2026-01-28,186.01
18288,1107,2026-02-28,410.63
18289,1107,2026-08-28,176.7
18290,1107,2026-03-13,303.18
18291,1107,2026-07-02,289.12
18292,1107,2026-03-20,113.54
18293,1107,2026-02-11,228.51
18294,1107,2026-01-14,149.29
18295,1107,2025-12-14,121.9
18296,1107,2026-02-24,122.12
18297,1107,2026-04-05,303.9
18298,1107,2025-10-05,689.85
18299,1107,2026-06-06,146.16
18300,1107,2026-06-09,231.41
18301,1107,2025-11-07,241.48
18302,1107,2025-10-08,165.44
18303,1107,2026-05-09,395.65
18304,1107,2025-11-15,564.38
18305,1108,2026-09-13,44.97
18306,1108,2025-10-25,30.64
18307,1108,2025-11-07,28.6
18308,1108,2026-06-14,53.44
18309,1108,2026-06-18,60.7
18310,1108,2025-11-20,47.34
18311,1108,2025-10-02,72.47
18312,1108,2025-11-03,27.39
18313,1108,2026-09-05,37.74
18314,1108,2025-10-21,26.46
18315,1108,2026-04-18,47.91
18316,1108,2026-07-25,56.05
18317,1108,2026-07-22,82.31
18318,1108,2026-01-14,26.49
18319,1108,2025-12-02,53.21
18320,1108,2026-04-24,85.88
18321,1108,2026-02-13,28.67
18322,1108,2025-12-28,25.8
18323,1108,2026-04-18,23.18
18324,1108,2025-11-26,59.6
18325,1108,2026-06-03,32.47
18326,1109,2026-06-13,82.4
18327,1109,2026-04-06,71.1
18328,1109,2026-02-12,66.05
18329,1109,2025-12-15,196.25
18330,1109,2026-04-17,78.81
18331,1109,2026-04-06,359.99
18332,1109,2026-03-31,96.36
18333,1109,2026-04-12,61.37
18334,1109,2025-11-10,44.1
18335,1109,2026-01-09,156.74
18336,1109,2025-11-16,82.49
18337,1109,2026-05-23,130.32
18338,1109,2025-12-11,255.91
18339,1109,2025-12-21,121.61
18340,1109,2025-11-20,104.75
18341,1109,2026-02-19,156.28
18342,1110,2026-05-29,132.52
18343,1110,2026-04-17,122.08
18344,1110,2025-10-03,105.72
18345,1110,2025-12-06,190.4
18346,1110,2026-04-24,117.03
18347,1110,2025-12-28,114.55
18348,1110,2025-11-26,121.35
18349,1110,2025-11-11,80.78
18350,1110,2025-12-25,164.04
18351,1110,2026-01-05,69.52
18352,1111,2026-09-22,130.24
18353,1111,2025-11-18,168.87
18354,1111,2026-09-16,200.29
18355,1111,2025-10-13,287.74
18356,1111,2026-06-12,213.15
18357,1111,2026-01-03,198.32
18358,1111,2026-03-17,104.57
18359,1111,2026-07-22,126.12
18360,1111,2025-12-02,229.02
18361,1111,2026-02-18,166.65
18362,1111,2025-12-24,180.04
18363,1111,2025-12-14,204.23
18364,1111,2025-11-30,602.37
18365,1111,2026-02-18,167.88
18366,1111,2026-07-26,391.99
18367,1111,2026-04-13,379.3
18368,1111,2025-12-31,301.51
18369,1111,2025-11-24,143.42
18370,1111,2026-03-17,223.37
18371,1111,2026-09-04,176.16
18372,1111,2025-09-29,519.88
18373,1111,2026-02-05,252.62
18374,1111,2026-03-04,190.79
18375,1111,2026-04-04,468.87
18376,1111,2026-04-19,179.2
18377,1111,2026-01-31,269.17
18378,1111,2026-02-08,288.07
18379,1111,2026-06-09,245.53
18380,1111,2026-05-04,200.18
18381,1111,2026-07-26,306.12
18382,1111,2026-05-31,158.16
18383,1112,2026-08-10,51.04
18384,1112,2025-10-04,61.86
18385,1112,2025-10-21,90.35
18386,1112,2025-10-07,58.6
18387,1112,2025-12-25,17.61
18388,1112,2026-02-27,49.19
18389,1112,2026-03-20,77.77
18390,1112,2026-02-03,47.32
18391,1112,2025-12-15,49.31
18392,1112,2025-09-26,36.03
18393,1112,2026-01-11,68.98
18394,1112,2025-12-25,38.39
18395,1112,2026-08-02,58.76
18396,1112,2026-04-18,54.57
18397,1112,2026-05-13,46.11
18398,1112,2025-11-19,55.95
18399,1112,2026-05-21,49.27
18400,1112,2026-05-08,79.95
18401,1113,2026-05-17,21.39
18402,1113,2025-11-19,42.63
18403,1113,2026-01-11,22.62
18404,1114,2026-08-29,103.71
18405,1114,2026-05-26,73.5
18406,1114,2026-08-25,95.38
18407,1114,2025-12-29,84.83
18408,1114,2026-06-04,95.18
18409,1114,2025-11-29,137.17
18410,1114,2026-05-08,85.73
18411,1114,2025-10-03,39.37
18412,1114,2025-11-12,128.97
18413,1114,2026-08-06,107.61
18414,1114,2025-12-20,96.28
18415,1114,2025-12-30,53.06
18416,1114,2026-05-17,61.88
18417,1115,2026-05-23,100.61
18418,1115,2026-03-10,82.91
18419,1115,2026-01-16,79.73
18420,1115,2025-11-30,83.54
18421,1115,2026-05-23,86.6
18422,1115,2026-01-10,98.95
18423,1115,2026-03-27,99.21
18424,1115,2026-02-17,171.91
18425,1115,2026-01-27,62.6
18426,1115,2026-04-06,139.06
18427,1115,2026-03-11,55.48
18428,1116,2026-09-10,495.26
18429,1116,2026-07-10,182.82
18430,1116,2026-04-04,101.45
18431,1116,2026-02-01,257.94
18432,1116,2026-05-02,249.41
18433,1116,2025-12-15,194.19
18434,1116,2026-01-17,604.98
18435,1116,2026-06-11,230.82
18436,1116,2026-08-17,331.54
18437,1116,2026-06-07,242.86
18438,1116,2025-10-22,371.99
18439,1116,2026-06-22,180.95
18440,1116,2025-12-27,130.13
18441,1116,2026-01-14,296.39
18442,1116,2025-10-06,240.27
18443,1116,2025-10-22,300.35
18444,1116,2025-11-12,159.11
18445,1116,2026-05-25,260.65
18446,1116,2026-04-13,102.48
18447,1116,2026-03-23,169.22
18448,1116,2026-01-22,152.93
18449,1116,2026-07-22,262.51
18450,1116,2025-11-19,168.88
18451,1116,2026-01-28,113.22
18452,1116,2026-07-01,162.62
18453,1116,2026-08-24,274.91
18454,1116,2026-09-07,222.76
18455,1116,2026-05-07,150.18
18456,1116,2026-05-26,306.36
18457,1116,2026-07-20,424.77
18458,1116,2026-04-10,316.11
18459,1116,2026-09-02,74.35
18460,1116,2026-02-04,233.65
18461,1116,2026-04-09,197.02
18462,1116,2026-06-10,84.02
18463,1116,2026-04-03,117.5
18464,1116,2026-04-09,300.87
18465,1116,2025-11-20,228.3
18466,1116,2026-01-26,217.76
18467,1116,2026-06-21,156.74
18468,1116,2025-11-26,341.77
18469,1117,2026-09-18,154.08
18470,1117,2026-08-28,170.1
18471,1117,2025-11-28,278.1
18472,1117,2025-10-30,245.83
18473,1117,2026-08-27,207.93
18474,1117,2026-05-06,278.84
18475,1117,2026-08-16,210.05
18476,1117,2025-10-31,115.17
18477,1117,2025-11-23,127.42
18478,1117,2025-12-01,275.3
18479,1117,2026-05-26,113.16
18480,1117,2026-01-06,176.91
18481,1117,2026-07-17,199.48
18482,1117,2026-07-28,131.91
18483,1117,2026-02-20,99.15
18484,1117,2025-10-07,123.77
18485,1117,2026-06-19,93.01
18486,1117,2026-04-04,276.54
18487,1117,2025-09-30,251.13
18488,1117,2026-04-19,149.2
18489,1117,2025-11-29,113.5
18490,1117,2026-01-16,354.94
18491,1117,2025-11-04,256.02
18492,1117,2026-05-22,158.8
18493,1117,2025-11-24,358.28
18494,1117,2025-11-28,223.41
18495,1117,2025-11-05,242.31
18496,1117,2025-10-29,131.4
18497,1117,2026-05-21,106.14
18498,1118,2026-09-09,65.21
18499,1118,2026-02-14,111.7
18500,1118,2026-05-27,56.37
18501,1118,2025-11-11,73.82
18502,1118,2026-07-27,31.92
18503,1118,2026-03-17,38.92
18504,1118,2026-06-08,50.18
18505,1118,2026-04-02,132.16
18506,1118,2026-08-26,79.61
18507,1118,2026-01-11,123.18
18508,1118,2025-12-22,107.02
18509,1119,2025-11-24,99.31
18510,1119,2025-10-31,76.55
18511,1119,2025-11-04,155.28
18512,1120,2026-09-07,109.95
18513,1120,2026-05-29,141.68
18514,1120,2025-10-26,109.74
18515,1120,2026-06-21,80.27
18516,1120,2026-07-29,95.6
18517,1120,2026-06-10,85.42
18518,1120,2026-05-23,104.94
18519,1120,2026-06-10,93.28
18520,1120,2026-08-18,78.12
18521,1120,2025-09-30,82.94
18522,1120,2026-05-18,89.85
18523,1120,2025-10-10,40.38
18524,1120,2026-01-09,142.71
18525,1120,2025-12-04,105.25
18526,1120,2026-05-20,68.35
18527,1121,2026-06-24,42.44
18528,1121,2026-03-02,74.22
18529,1121,2025-12-28,16.32
18530,1121,2026-01-30,88.62
18531,1121,2026-01-13,45.72
18532,1121,2026-04-16,97.75
18533,1122,2026-09-14,316.74
18534,1122,2025-10-29,254.14
18535,1122,2026-05-05,170.32
18536,1122,2026-07-01,158.18
18537,1122,2026-06-02,180.9
18538,1122,2026-05-20,204.48
18539,1122,2026-07-13,96.61
18540,1122,2026-04-25,134.92
18541,1122,2026-09-02,368.71
18542,1122,2025-12-14,230.55
18543,1122,2026-01-12,364.76
18544,1122,2026-07-17,331.68
18545,1122,2026-07-19,182.45
18546,1122,2026-08-20,183.7
18547,1122,2026-07-11,324.43
18548,1122,2026-02-18,295.45
18549,1122,2026-08-19,327.49
18550,1122,2026-09-12,208.73
18551,1122,2026-02-24,223.92
18552,1122,2025-10-20,187.19
18553,1122,2026-04-02,205.01
18554,1122,2026-06-16,154.25
18555,1122,2025-11-24,203.05
18556,1122,2025-11-23,195.41
18557,1122,2025-11-23,170.83
18558,1122,2026-05-03,299.8
18559,1122,2026-08-31,111.33
18560,1122,2025-09-26,244.44
18561,1122,2025-11-02,138.7
18562,1122,2026-03-21,143.39
18563,1122,2025-12-11,149.03
18564,1122,2025-10-09,259.56
18565,1122,2026-08-25,76.03
18566,1122,2026-04-02,226.56
18567,1122,2025-11-13,214.34
18568,1122,2026-01-05,135.71
18569,1122,2026-08-07,227.94
18570,1122,2026-08-23,121.65
18571,1123,2026-05-29,104.99
18572,1123,2025-11-16,83.38
18573,1123,2026-01-11,105.0
18574,1123,2026-03-24,67.54
18575,1123,2025-11-09,55.77
18576,1123,2026-02-08,206.72
18577,1123,2025-12-21,108.53
18578,1123,2026-05-26,202.87
18579,1123,2026-04-24,79.53
18580,1123,2026-04-10,266.3
18581,1123,2026-04-25,93.28
18582,1123,2026-02-14,150.73
18583,1123,2026-02-16,91.34
18584,1123,2026-05-10,96.93
18585,1123,2025-12-18,85.45
18586,1124,2026-09-16,141.11
18587,1124,2026-01-24,219.65
18588,1124,2026-06-20,301.88
18589,1124,2026-07-03,84.11
18590,1124,2025-12-29,466.19
18591,1124,2026-03-22,337.22
18592,1124,2026-05-30,302.43
18593,1124,2025-11-19,360.7
18594,1124,2025-09-28,83.8
18595,1124,2025-11-19,190.33
18596,1124,2026-06-10,369.95
18597,1124,2025-10-04,209.34
18598,1124,2026-05-11,293.33
18599,1124,2026-08-19,402.94
18600,1124,2026-03-09,288.22
18601,1124,2025-10-11,187.01
18602,1124,2026-09-15,272.1
18603,1124,2026-09-14,99.0
18604,1124,2026-09-15,261.85
18605,1124,2025-11-21,294.25
18606,1124,2026-06-25,224.76
18607,1124,2026-03-24,354.18
18608,1124,2026-08-18,238.05
18609,1124,2025-10-15,224.36
18610,1124,2025-12-20,478.98
18611,1124,2026-02-26,136.47
18612,1124,2025-11-10,392.9
18613,1124,2026-07-06,379.15
18614,1124,2026-04-22,307.2
18615,1124,2025-10-06,175.05
18616,1124,2026-03-17,245.02
18617,1124,2026-05-31,146.23
18618,1124,2026-02-10,163.07
18619,1124,2025-10-18,222.8
18620,1124,2026-08-14,141.1
18621,1124,2025-09-27,189.07
18622,1124,2026-04-02,127.89
18623,1124,2026-08-16,281.72
18624,1124,2025-10-10,438.25
18625,1124,2026-02-26,564.38
18626,1124,2026-07-04,131.9
18627,1125,2026-08-22,63.91
18628,1125,2026-01-10,51.04
18629,1125,2026-08-17,31.58
18630,1125,2026-08-01,30.87
18631,1125,2026-01-02,62.55
18632,1125,2026-02-27,75.72
18633,1125,2026-02-24,46.2
18634,1125,2025-11-15,26.15
18635,1125,2026-06-10,47.52
18636,1125,2026-05-30,93.53
18637,1125,2026-01-23,30.08
18638,1125,2025-12-07,41.0
18639,1125,2025-09-30,48.55
18640,1125,2025-10-19,77.19
18641,1125,2026-04-30,37.27
18642,1125,2026-06-25,58.81
18643,1125,2026-01-23,88.45
18644,1125,2026-06-21,24.28
18645,1125,2026-03-30,26.22
18646,1125,2026-05-15,45.34
18647,1125,2026-04-15,73.52
18648,1125,2025-11-02,54.94
18649,1125,2026-05-13,76.54
18650,1125,2025-11-13,21.99
18651,1125,2026-06-08,55.26
18652,1125,2026-05-16,13.14
18653,1125,2026-06-06,85.93
18654,1125,2025-12-18,80.75
18655,1126,2026-08-28,29.42
18656,1126,2025-12-11,61.91
18657,1126,2025-10-14,37.55
18658,1126,2025-12-10,66.58
18659,1126,2026-04-09,92.46
18660,1126,2026-03-18,41.0
18661,1126,2026-05-21,85.35
18662,1126,2026-06-19,51.32
18663,1126,2026-05-15,61.62
18664,1126,2025-11-12,25.99
18665,1126,2026-06-04,34.59
18666,1126,2026-04-04,34.42
18667,1126,2026-01-10,86.33
18668,1126,2025-12-03,40.23
18669,1126,2026-05-18,62.5
18670,1126,2025-11-28,45.52
18671,1126,2026-07-01,40.12
18672,1126,2025-12-30,24.29
18673,1126,2026-07-23,19.95
18674,1126,2025-10-05,40.45
18675,1126,2026-07-26,41.52
18676,1126,2025-10-30,31.72
18677,1126,2025-12-15,50.28
18678,1127,2026-09-05,29.59
18679,1127,2026-07-24,81.69
18680,1127,2025-10-24,47.85
18681,1127,2026-01-10,46.0
18682,1127,2026-07-22,55.18
18683,1127,2026-04-20,31.16
18684,1127,2025-12-13,76.16
18685,1127,2025-11-25,62.81
18686,1127,2026-01-21,35.88
18687,1127,2026-08-28,28.55
18688,1127,2026-04-29,38.04
18689,1127,2026-04-14,42.87
18690,1127,2026-07-05,27.62
18691,1127,2026-04-13,36.64
18692,1127,2026-05-02,34.48
18693,1127,2026-02-15,41.09
18694,1127,2026-05-21,41.23
18695,1127,2026-05-05,56.05
18696,1127,2025-11-10,45.64
18697,1127,2026-04-20,53.92
18698,1127,2026-07-02,50.33
18699,1127,2025-12-26,41.22
18700,1127,2026-06-07,61.21
18701,1127,2026-07-08,13.09
18702,1128,2026-03-23,16.86
18703,1128,2025-10-02,37.23
18704,1128,2025-12-02,24.32
18705,1128,2025-10-15,20.89
18706,1129,2026-01-24,28.21
18707,1129,2025-12-08,40.75
18708,1129,2025-12-09,28.21
18709,1129,2025-11-16,34.73
18710,1130,2026-09-06,48.68
18711,1130,2025-11-06,67.0
18712,1130,2026-04-15,118.95
18713,1130,2025-11-15,86.88
18714,1130,2026-04-16,69.2
18715,1130,2025-12-24,83.24
18716,1130,2025-11-18,35.68
18717,1130,2026-01-13,116.41
18718,1130,2025-11-12,32.73
18719,1130,2026-08-15,65.47
18720,1130,2025-12-12,86.86
18721,1130,2026-01-01,109.98
18722,1130,2025-11-27,100.22
18723,1130,2026-01-30,88.02
18724,1131,2026-08-23,83.38
18725,1131,2026-06-12,175.86
18726,1131,2026-06-17,107.42
18727,1131,2026-01-24,108.42
18728,1131,2026-05-02,43.79
18729,1131,2026-07-31,123.44
18730,1131,2025-09-26,141.73
18731,1131,2025-10-31,98.47
18732,1131,2026-03-31,67.01
18733,1131,2026-06-03,109.85
18734,1131,2026-03-29,56.42
18735,1132,2026-08-16,41.94
18736,1132,2026-05-31,35.53
18737,1132,2026-03-29,66.61
18738,1132,2025-10-16,34.4
18739,1132,2026-03-25,62.08
18740,1132,2025-12-01,55.97
18741,1132,2026-07-11,42.87
18742,1132,2025-10-29,63.25
18743,1132,2026-08-08,22.52
18744,1132,2026-02-13,43.77
18745,1132,2025-12-16,31.76
18746,1132,2026-04-29,42.89
18747,1132,2025-10-10,36.43
18748,1132,2026-01-11,46.23
18749,1132,2025-10-27,45.19
18750,1132,2026-02-17,47.9
18751,1132,2025-12-30,48.76
18752,1132,2026-07-29,58.25
18753,1132,2026-07-26,25.54
18754,1132,2026-02-10,56.59
18755,1132,2026-04-18,22.78
18756,1132,2026-04-03,12.8
18757,1132,2026-01-29,109.32
18758,1132,2026-04-18,29.49
18759,1132,2025-09-27,36.78
18760,1132,2025-12-24,19.45
18761,1133,2026-09-13,103.85
18762,1133,2026-07-17,212.56
18763,1133,2025-10-30,190.41
18764,1133,2025-12-24,335.05
18765,1133,2026-06-05,157.91
18766,1133,2026-06-10,358.71
18767,1133,2026-05-01,249.93
18768,1133,2026-03-07,206.86
18769,1133,2026-01-16,372.51
18770,1133,2026-04-08,498.82
18771,1133,2025-12-03,191.02
18772,1133,2025-12-16,150.52
18773,1133,2026-06-14,254.72
18774,1133,2026-04-27,110.69
18775,1133,2025-11-26,116.94
18776,1133,2025-12-31,378.12
18777,1133,2025-10-05,271.63
18778,1133,2026-08-10,142.73
18779,1133,2026-08-13,860.81
18780,1133,2026-03-19,112.75
18781,1133,2026-06-26,277.54
18782,1133,2025-12-26,146.74
18783,1133,2025-12-31,468.06
18784,1133,2026-04-10,165.37
18785,1133,2026-09-01,184.76
18786,1133,2026-05-13,93.05
18787,1133,2026-06-05,536.09
18788,1133,2026-04-27,159.02
18789,1133,2025-11-19,260.65
18790,1133,2025-12-27,210.45
18791,1133,2026-01-16,163.85
18792,1133,2026-09-08,77.06
18793,1133,2026-01-30,189.5
18794,1134,2026-06-20,29.33
18795,1134,2026-05-09,24.02
18796,1134,2025-11-22,14.1
18797,1134,2026-01-03,53.06
18798,1135,2026-09-13,94.77
18799,1135,2026-02-09,93.56
18800,1135,2026-07-04,107.02
18801,1135,2026-07-15,61.64
18802,1135,2026-03-29,134.88
18803,1135,2026-08-25,52.92
18804,1135,2026-04-22,91.74
18805,1135,2026-07-25,52.33
18806,1135,2026-06-14,85.24
18807,1135,2026-07-11,134.38
18808,1135,2025-11-12,115.56
18809,1135,2026-04-17,144.92
18810,1135,2026-09-13,78.52
18811,1136,2026-08-06,122.19
18812,1136,2025-10-24,71.48
18813,1136,2025-12-14,88.31
18814,1136,2026-08-01,100.67
18815,1137,2026-09-20,75.25
18816,1137,2026-04-11,29.02
18817,1137,2026-07-15,15.76
18818,1137,2026-03-19,45.22
18819,1137,2025-12-12,56.54
18820,1137,2025-11-19,22.75
18821,1137,2025-10-06,18.44
18822,1137,2026-06-18,36.02
18823,1137,2026-06-15,33.91
18824,1137,2025-12-18,83.35
18825,1137,2025-12-15,45.25
18826,1137,2026-05-25,62.63
18827,1137,2026-05-20,49.45
18828,1137,2026-07-12,91.16
18829,1137,2025-12-12,30.13
18830,1137,2026-08-11,43.25
18831,1137,2026-02-27,22.21
18832,1137,2026-05-05,64.83
18833,1137,2026-03-08,74.29
18834,1137,2025-10-23,66.65
18835,1137,2025-12-03,42.54
18836,1137,2025-10-30,23.02
18837,1137,2026-01-13,43.28
18838,1137,2026-04-19,33.17
18839,1137,2025-10-06,68.16
18840,1137,2026-03-03,37.14
18841,1137,2026-05-13,36.78
18842,1138,2026-09-18,68.27
18843,1138,2026-08-04,38.18
18844,1138,2025-10-05,39.8
18845,1138,2025-10-03,45.38
18846,1138,2025-10-15,52.07
18847,1138,2026-05-26,83.59
18848,1138,2026-04-14,33.25
18849,1138,2025-12-21,42.29
18850,1138,2025-12-05,31.49
18851,1138,2026-07-06,18.56
18852,1138,2026-03-28,68.08
18853,1138,2026-05-04,98.79
18854,1138,2026-01-14,63.51
18855,1138,2025-12-16,49.91
18856,1138,2026-04-17,103.62
18857,1138,2025-11-03,55.32
18858,1138,2026-06-02,64.58
18859,1138,2025-12-22,47.95
18860,1138,2026-04-13,51.36
18861,1138,2026-08-12,42.39
18862,1138,2026-06-01,65.45
18863,1138,2025-11-23,27.54
18864,1138,2026-04-20,54.34
18865,1138,2025-12-10,30.65
18866,1139,2026-09-09,173.26
18867,1139,2026-01-16,139.75
18868,1139,2026-01-12,209.11
18869,1139,2026-04-04,176.87
18870,1139,2025-12-07,162.36
18871,1139,2026-05-08,193.62
18872,1139,2026-06-21,147.04
18873,1139,2026-01-30,144.04
18874,1139,2026-06-16,126.75
18875,1139,2026-03-08,253.29
18876,1139,2026-01-30,133.96
18877,1139,2026-07-31,120.08
18878,1139,2026-06-22,129.53
18879,1139,2026-08-24,230.36
18880,1139,2026-06-28,283.82
18881,1139,2025-11-03,294.44
18882,1139,2026-09-05,231.26
18883,1139,2025-12-24,267.23
18884,1139,2026-07-10,204.89
18885,1139,2026-04-01,257.78
18886,1139,2026-09-07,256.01
18887,1139,2026-03-20,151.23
18888,1139,2025-10-19,129.42
18889,1139,2026-08-01,385.9
18890,1139,2026-05-24,222.19
18891,1139,2026-06-10,337.11
18892,1139,2026-01-07,128.01
18893,1139,2025-11-26,174.97
18894,1139,2026-06-07,113.03
18895,1139,2026-07-27,280.89
18896,1139,2025-11-03,159.27
18897,1140,2026-01-24,19.78
18898,1140,2026-01-12,24.6
18899,1140,2026-01-16,18.66
18900,1140,2025-12-04,17.36
18901,1140,2026-01-16,33.65
18902,1141,2026-09-15,130.99
18903,1141,2026-03-06,72.36
18904,1141,2026-07-09,116.61
18905,1141,2026-05-03,67.27
18906,1141,2026-08-05,60.19
18907,1141,2025-10-10,138.51
18908,1141,2025-12-01,178.08
18909,1141,2026-04-29,61.64
18910,1142,2026-09-23,182.3
18911,1142,2025-12-15,62.35
18912,1142,2026-09-03,94.08
18913,1142,2026-09-07,110.33
18914,1142,2025-10-21,124.02
18915,1142,2026-03-02,144.44
18916,1142,2026-05-20,74.03
18917,1142,2026-02-01,120.66
18918,1142,2025-12-23,59.33
18919,1142,2025-11-07,86.91
18920,1142,2025-10-29,112.77
18921,1142,2026-05-18,139.59
18922,1143,2026-08-25,94.98
18923,1143,2026-08-22,105.59
18924,1143,2025-11-01,81.67
18925,1143,2026-04-24,68.81
18926,1143,2026-08-24,58.07
18927,1143,2026-08-05,118.51
18928,1143,2026-05-04,86.95
18929,1143,2026-08-14,55.43
18930,1143,2025-11-02,99.51
18931,1143,2025-11-23,420.02
18932,1143,2025-10-27,82.2
18933,1143,2025-11-14,189.46
18934,1143,2026-08-09,28.12
18935,1143,2026-01-21,79.69
18936,1143,2025-11-13,138.31
18937,1143,2025-11-12,90.63
18938,1143,2026-03-25,67.4
18939,1143,2025-10-17,88.94
18940,1143,2026-06-30,140.21
18941,1144,2026-09-04,108.77
18942,1144,2026-01-11,67.45
18943,1144,2025-12-20,96.19
18944,1144,2025-12-11,58.31
18945,1144,2026-01-16,70.2
18946,1144,2026-07-03,122.64
18947,1144,2026-06-23,111.25
18948,1144,2025-10-27,71.44
18949,1144,2025-10-30,103.54
18950,1144,2026-04-20,87.04
18951,1144,2026-02-27,57.46
18952,1144,2026-08-16,83.48
18953,1144,2026-01-22,109.31
18954,1144,2026-08-01,103.29
18955,1145,2026-09-06,42.56
18956,1145,2026-07-21,8.1
18957,1145,2026-07-12,31.24
18958,1145,2025-12-21,49.04
18959,1145,2026-03-03,72.72
18960,1145,2026-06-21,52.24
18961,1145,2026-05-10,72.2
18962,1145,2025-11-06,30.1
18963,1145,2026-05-15,62.43
18964,1145,2026-05-05,62.91
18965,1145,2025-11-23,21.6
18966,1145,2026-06-28,73.81
18967,1145,2026-04-02,52.14
18968,1145,2026-05-22,39.65
18969,1145,2026-03-20,39.34
18970,1145,2026-06-07,28.21
18971,1145,2025-10-31,59.77
18972,1145,2026-07-21,51.55
18973,1145,2026-02-25,58.5
18974,1145,2026-01-30,46.63
18975,1145,2025-12-03,49.37
18976,1145,2026-08-04,39.39
18977,1145,2025-11-12,73.06
18978,1145,2026-06-12,59.12
18979,1145,2026-01-09,48.64
18980,1146,2026-08-23,82.45
18981,1146,2026-06-11,79.21
18982,1146,2025-10-01,116.82
18983,1146,2025-11-28,125.16
18984,1146,2026-01-08,45.28
18985,1146,2026-03-13,74.58
18986,1147,2026-04-06,43.44
18987,1148,2026-05-29,42.76
18988,1148,2025-10-13,107.55
18989,1148,2025-10-26,116.03
18990,1148,2026-03-27,43.73
18991,1148,2026-04-21,96.85
18992,1148,2025-11-20,81.65
18993,1148,2026-02-16,175.01
18994,1148,2025-10-11,162.27
18995,1148,2025-12-06,131.44
18996,1148,2026-04-16,155.18
18997,1148,2025-11-22,76.36
18998,1148,2026-05-28,101.17
18999,1149,2026-09-05,52.86
19000,1149,2025-12-09,26.96
19001,1149,2026-03-02,42.41
19002,1149,2025-10-30,51.16
19003,1149,2026-06-10,27.82
19004,1149,2026-01-12,31.9
19005,1149,2025-12-20,42.13
19006,1149,2026-05-04,76.63
19007,1149,2026-02-22,49.8
19008,1149,2025-12-26,34.78
19009,1149,2026-04-17,41.1
19010,1149,2026-01-21,33.34
19011,1149,2025-12-23,37.38
19012,1149,2026-06-15,62.28
19013,1149,2025-12-27,18.97
19014,1149,2026-02-13,81.32
19015,1149,2026-06-25,120.52
19016,1150,2026-07-14,102.28
19017,1150,2025-12-14,110.41
19018,1150,2025-10-06,77.45
19019,1150,2026-06-22,132.23
19020,1150,2025-12-14,82.01
19021,1150,2026-01-13,205.8
19022,1150,2025-10-16,67.09
19023,1150,2026-04-17,107.51
19024,1150,2026-01-10,241.06
19025,1150,2025-11-11,143.84
19026,1150,2026-02-19,125.87
19027,1151,2026-09-17,144.01
19028,1151,2026-03-26,254.95
19029,1151,2026-08-24,130.41
19030,1151,2026-07-20,794.13
19031,1151,2025-10-20,343.43
19032,1151,2025-10-09,199.83
19033,1151,2026-05-24,232.55
19034,1151,2026-01-07,177.09
19035,1151,2026-05-26,245.5
19036,1151,2025-10-08,150.72
19037,1151,2026-07-30,288.92
19038,1151,2026-08-16,227.92
19039,1151,2026-05-15,134.54
19040,1151,2026-07-16,254.51
19041,1151,2026-01-14,247.53
19042,1151,2025-10-25,152.08
19043,1151,2025-10-11,173.23
19044,1151,2025-10-02,264.47
19045,1151,2026-07-11,343.07
19046,1151,2026-08-30,196.98
19047,1151,2026-07-16,319.23
19048,1151,2025-12-21,355.06
19049,1151,2026-07-30,377.5
19050,1151,2026-01-16,253.34
19051,1151,2026-02-25,139.95
19052,1151,2025-12-09,313.62
19053,1151,2026-08-07,192.67
19054,1151,2026-04-14,263.76
19055,1151,2026-08-17,158.23
19056,1151,2026-09-10,160.3
19057,1152,2026-09-05,65.91
19058,1152,2025-12-23,48.32
19059,1152,2026-04-21,49.87
19060,1152,2025-12-21,61.1
19061,1152,2026-06-01,66.97
19062,1152,2026-02-05,253.89
19063,1152,2026-06-09,139.05
19064,1152,2025-12-11,78.1
19065,1152,2026-04-14,207.18
19066,1152,2025-12-02,68.32
19067,1152,2026-02-17,74.79
19068,1152,2026-08-22,72.8
19069,1152,2026-02-05,142.86
19070,1152,2026-09-05,87.21
19071,1152,2025-12-27,177.35
19072,1152,2026-06-20,109.41
19073,1152,2025-10-02,135.48
19074,1152,2026-06-20,39.75
19075,1153,2026-09-18,570.07
19076,1153,2026-06-19,219.33
19077,1153,2026-07-05,166.27
19078,1153,2026-03-16,161.85
19079,1153,2026-09-13,280.74
19080,1153,2025-12-28,145.14
19081,1153,2026-01-17,264.38
19082,1153,2025-10-08,344.71
19083,1153,2026-07-28,201.82
19084,1153,2025-12-07,327.55
19085,1153,2026-08-13,203.59
19086,1153,2025-12-17,154.12
19087,1153,2026-06-29,99.29
19088,1153,2025-11-28,237.68
19089,1153,2026-07-31,239.93
19090,1153,2025-12-02,326.59
19091,1153,2026-02-08,312.73
19092,1153,2026-09-02,532.41
19093,1153,2026-06-15,161.68
19094,1153,2026-04-01,246.48
19095,1153,2026-01-21,154.11
19096,1153,2025-12-29,319.14
19097,1153,2026-03-07,138.38
19098,1153,2026-01-14,316.8
19099,1153,2026-05-15,150.76
19100,1153,2026-05-24,296.5
19101,1153,2026-07-11,361.41
19102,1153,2026-01-23,104.35
19103,1153,2026-01-21,114.53
19104,1153,2025-10-26,233.41
19105,1154,2026-09-13,210.99
19106,1154,2026-03-12,387.45
19107,1154,2026-02-09,80.49
19108,1154,2025-12-11,333.27
19109,1154,2025-10-17,359.48
19110,1154,2025-12-03,181.76
19111,1154,2026-02-18,203.34
19112,1154,2026-03-10,223.3
19113,1154,2026-04-24,292.13
19114,1154,2026-02-12,151.22
19115,1154,2025-10-10,208.63
19116,1154,2026-08-11,200.77
19117,1154,2026-03-29,285.03
19118,1154,2026-04-08,699.98
19119,1154,2026-05-29,150.94
19120,1154,2025-11-21,217.58
19121,1154,2026-03-04,149.12
19122,1154,2026-08-13,168.53
19123,1154,2026-01-11,129.4
19124,1154,2025-09-29,105.47
19125,1154,2026-07-09,357.59
19126,1154,2026-03-26,246.5
19127,1154,2026-06-21,218.96
19128,1154,2026-09-09,141.72
19129,1154,2026-04-14,203.03
19130,1154,2026-05-17,124.8
19131,1155,2026-09-13,66.79
19132,1155,2026-07-15,40.71
19133,1155,2026-07-18,33.67
19134,1155,2026-03-17,69.72
19135,1155,2025-10-15,68.12
19136,1155,2026-02-14,79.87
19137,1155,2026-04-27,54.25
19138,1155,2025-11-25,21.43
19139,1155,2026-03-27,48.45
19140,1155,2026-06-29,45.69
19141,1155,2025-11-25,78.25
19142,1155,2025-10-27,72.45
19143,1155,2026-06-04,59.29
19144,1155,2025-10-02,17.7
19145,1155,2026-03-11,31.05
19146,1155,2026-06-20,38.2
19147,1155,2025-11-12,38.59
19148,1155,2026-07-26,48.51
19149,1155,2026-06-15,87.6
19150,1155,2026-05-07,63.9
19151,1155,2025-11-02,29.76
19152,1155,2025-10-13,30.99
19153,1155,2026-07-08,29.76
19154,1156,2026-09-06,213.41
19155,1156,2026-02-03,263.31
19156,1156,2026-04-29,143.39
19157,1156,2026-08-31,105.18
19158,1156,2026-02-08,151.16
19159,1156,2026-08-12,457.11
19160,1156,2026-02-08,162.11
19161,1156,2026-01-19,222.72
19162,1156,2026-05-10,115.64
19163,1156,2026-02-08,384.17
19164,1156,2026-08-24,183.39
19165,1156,2025-11-09,171.12
19166,1156,2025-10-24,197.76
19167,1156,2026-07-10,650.65
19168,1156,2026-03-17,256.16
19169,1156,2026-04-16,195.69
19170,1156,2025-12-12,57.39
19171,1156,2026-06-24,386.05
19172,1156,2026-04-22,153.61
19173,1156,2026-04-30,143.08
19174,1156,2025-11-23,148.96
19175,1156,2026-03-11,406.01
19176,1156,2025-12-09,206.05
19177,1156,2026-08-11,105.87
19178,1156,2026-08-05,191.57
19179,1156,2025-10-14,144.45
19180,1156,2026-08-20,246.88
19181,1156,2026-01-18,176.48
19182,1156,2026-07-17,103.64
19183,1156,2026-03-12,202.35
19184,1156,2025-11-26,204.7
19185,1156,2026-03-26,119.47
19186,1157,2026-09-18,138.54
19187,1157,2026-06-14,218.79
19188,1157,2025-11-11,129.72
19189,1157,2025-12-10,224.1
19190,1157,2026-03-14,175.37
19191,1157,2026-03-01,173.57
19192,1157,2026-03-10,206.1
19193,1157,2026-05-05,330.04
19194,1157,2026-03-23,164.48
19195,1157,2026-01-24,228.14
19196,1157,2026-01-30,256.48
19197,1157,2026-05-03,121.84
19198,1157,2025-11-26,265.7
19199,1157,2026-05-14,303.09
19200,1157,2025-12-28,324.37
19201,1157,2026-04-19,127.51
19202,1157,2025-10-16,131.58
19203,1157,2026-01-07,204.93
19204,1157,2026-01-05,199.75
19205,1157,2026-02-10,211.83
19206,1157,2026-07-17,178.87
19207,1157,2025-10-25,228.32
19208,1157,2026-01-09,66.54
19209,1157,2026-09-18,282.38
19210,1157,2026-06-03,407.26
19211,1157,2026-07-23,163.73
19212,1157,2026-08-01,230.02
19213,1157,2026-03-26,447.38
19214,1157,2025-12-08,213.19
19215,1157,2026-01-22,240.94
19216,1157,2025-10-19,481.0
19217,1157,2026-08-17,525.05
19218,1157,2026-02-07,130.29
19219,1157,2026-06-05,174.5
19220,1157,2026-09-13,313.95
19221,1157,2025-09-30,262.65
19222,1158,2026-09-24,299.56
19223,1158,2026-05-04,267.01
19224,1158,2026-07-19,185.84
19225,1158,2026-05-03,432.65
19226,1158,2026-09-10,81.45
19227,1158,2026-04-10,155.7
19228,1158,2026-03-27,256.88
19229,1158,2026-01-12,205.13
19230,1158,2026-09-12,287.7
19231,1158,2026-02-06,112.11
19232,1158,2025-12-11,187.28
19233,1158,2025-12-04,352.4
19234,1158,2025-10-04,107.23
19235,1158,2026-01-21,188.46
19236,1158,2025-10-14,165.38
19237,1158,2026-05-23,247.3
19238,1158,2026-08-01,250.64
19239,1158,2026-09-24,219.38
19240,1158,2025-10-20,184.32
19241,1158,2026-08-12,216.06
19242,1158,2026-08-15,195.0
19243,1158,2025-12-31,206.95
19244,1158,2026-05-18,404.54
19245,1158,2026-03-21,122.25
19246,1158,2026-08-25,244.9
19247,1158,2026-04-23,137.44
19248,1158,2025-11-29,506.16
19249,1158,2026-02-27,218.59
19250,1158,2026-07-05,118.7
19251,1158,2026-07-31,189.19
19252,1158,2026-01-25,108.92
19253,1158,2026-01-12,157.93
19254,1158,2025-12-21,277.05
19255,1158,2026-08-11,387.48
19256,1158,2026-05-09,341.52
19257,1159,2026-08-23,41.6
19258,1159,2026-06-07,27.6
19259,1159,2026-06-11,67.62
19260,1159,2026-08-22,85.27
19261,1159,2026-02-10,41.6
19262,1159,2026-01-17,32.79
19263,1159,2026-04-27,21.75
19264,1159,2026-05-21,108.16
19265,1159,2026-02-19,81.47
19266,1159,2026-07-04,18.47
19267,1159,2025-12-07,60.44
19268,1159,2026-06-07,27.28
19269,1159,2026-01-03,35.8
19270,1159,2026-01-12,25.66
19271,1159,2025-12-12,18.29
19272,1159,2026-02-27,44.09
19273,1159,2026-07-01,105.59
19274,1159,2026-08-09,29.66
19275,1159,2026-08-13,67.21
19276,1159,2026-07-08,72.12
19277,1159,2025-11-07,62.27
19278,1159,2026-07-19,110.51
19279,1159,2026-03-27,69.17
19280,1160,2026-07-31,90.13
19281,1160,2026-01-16,68.57
19282,1160,2026-04-26,84.94
19283,1160,2026-02-19,87.36
19284,1160,2026-04-11,67.71
19285,1160,2026-01-07,130.24
19286,1160,2026-07-11,167.49
19287,1160,2026-06-02,53.67
19288,1160,2026-03-12,99.25
19289,1160,2026-01-04,47.3
19290,1160,2025-12-01,40.9
19291,1160,2026-06-03,143.49
19292,1161,2026-08-25,237.67
19293,1161,2026-01-20,201.36
19294,1161,2026-08-23,316.61
19295,1161,2025-10-16,167.09
19296,1161,2026-04-15,119.57
19297,1161,2025-12-27,205.04
19298,1161,2026-06-02,213.36
19299,1161,2025-10-20,190.01
19300,1161,2026-03-02,358.73
19301,1161,2026-01-08,263.05
19302,1161,2026-06-11,199.4
19303,1161,2026-03-03,209.48
19304,1161,2025-12-14,217.76
19305,1161,2026-02-13,266.09
19306,1161,2026-06-28,215.02
19307,1161,2025-10-28,195.9
19308,1161,2026-06-06,115.21
19309,1161,2026-07-22,152.58
19310,1161,2026-01-26,237.88
19311,1161,2026-02-18,228.54
19312,1161,2026-03-24,107.63
19313,1161,2026-04-16,163.08
19314,1161,2026-08-21,138.2
19315,1161,2026-01-16,388.07
19316,1161,2026-06-14,235.13
19317,1161,2026-02-05,254.87
19318,1161,2025-10-29,203.79
19319,1161,2026-04-14,158.42
19320,1161,2026-02-17,171.86
19321,1161,2026-01-07,262.13
19322,1161,2026-02-12,186.8
19323,1161,2026-02-27,263.35
19324,1161,2026-03-27,223.96
19325,1161,2026-06-24,239.87
19326,1162,2026-02-02,8.55
19327,1162,2026-01-22,21.33
19328,1163,2026-08-13,49.89
19329,1163,2026-07-26,76.92
19330,1163,2026-06-18,132.35
19331,1163,2026-07-24,41.22
19332,1163,2026-03-27,86.63
19333,1163,2026-04-08,102.32
19334,1163,2025-10-01,221.73
19335,1163,2025-12-30,68.67
19336,1163,2026-03-30,85.2
19337,1163,2026-02-11,192.33
19338,1163,2026-02-27,69.07
19339,1163,2026-01-08,145.97
19340,1163,2026-02-07,107.39
19341,1163,2026-07-07,81.48
19342,1163,2026-02-26,110.28
19343,1163,2025-12-12,84.22
19344,1164,2026-09-18,251.64
19345,1164,2026-09-01,169.34
19346,1164,2026-04-29,415.29
19347,1164,2026-02-12,267.04
19348,1164,2026-06-24,185.4
19349,1164,2026-07-18,139.45
19350,1164,2026-03-15,199.79
19351,1164,2026-07-15,265.37
19352,1164,2026-04-25,205.71
19353,1164,2026-08-19,197.15
19354,1164,2026-09-12,132.67
19355,1164,2025-12-29,576.24
19356,1164,2026-07-14,191.83
19357,1164,2026-09-08,113.13
19358,1164,2026-09-12,129.46
19359,1164,2026-02-27,179.87
19360,1164,2026-03-16,503.84
19361,1164,2026-02-22,194.5
19362,1164,2026-02-01,177.41
19363,1164,2026-01-27,307.11
19364,1164,2026-01-04,317.37
19365,1164,2025-11-17,282.51
19366,1164,2026-07-06,229.76
19367,1164,2026-08-17,127.76
19368,1164,2025-12-04,149.78
19369,1164,2026-08-25,102.64
19370,1164,2026-04-24,189.87
19371,1164,2026-02-11,173.47
19372,1164,2026-09-01,165.56
19373,1165,2026-09-16,170.26
19374,1165,2025-11-27,145.26
19375,1165,2026-08-16,209.55
19376,1165,2026-03-20,255.46
19377,1165,2025-10-20,242.56
19378,1165,2025-11-30,267.63
19379,1165,2026-06-07,163.72
19380,1165,2025-12-31,350.05
19381,1165,2026-04-27,99.7
19382,1165,2025-12-08,147.78
19383,1165,2026-02-02,213.66
19384,1165,2026-03-29,153.45
19385,1165,2026-09-10,182.68
19386,1165,2025-12-20,135.01
19387,1165,2026-03-08,191.22
19388,1165,2026-03-11,258.65
19389,1165,2026-01-05,165.03
19390,1165,2025-10-27,141.4
19391,1165,2026-07-05,170.66
19392,1165,2025-10-31,345.1
19393,1165,2026-07-24,343.82
19394,1165,2026-01-31,169.35
19395,1165,2026-03-27,263.97
19396,1165,2025-12-21,208.27
19397,1165,2026-03-09,374.25
19398,1165,2026-02-21,228.91
19399,1165,2026-04-13,191.79
19400,1165,2026-01-25,431.41
19401,1165,2026-06-03,138.57
19402,1165,2026-06-05,242.44
19403,1165,2026-04-24,388.32
19404,1165,2026-07-07,283.41
19405,1165,2026-05-28,148.98
19406,1165,2026-08-19,145.42
19407,1165,2026-06-20,111.42
19408,1165,2026-04-23,409.29
19409,1165,2026-04-01,126.13
19410,1166,2026-04-26,115.99
19411,1166,2026-02-24,79.28
19412,1166,2026-03-28,107.18
19413,1166,2026-03-25,146.37
19414,1166,2026-01-25,74.22
19415,1166,2025-10-19,176.52
19416,1167,2026-09-09,110.56
19417,1167,2025-10-15,84.79
19418,1167,2026-05-29,76.36
19419,1167,2025-11-03,80.83
19420,1167,2026-03-04,200.6
19421,1167,2025-10-02,81.01
19422,1167,2026-04-23,132.38
19423,1167,2026-02-17,77.6
19424,1167,2026-09-08,191.89
19425,1167,2025-10-29,52.0
19426,1167,2025-11-23,129.41
19427,1167,2025-11-29,63.95
19428,1167,2025-12-20,243.66
19429,1167,2026-05-22,123.18
19430,1167,2026-08-28,41.81
19431,1167,2026-05-17,59.18
19432,1167,2026-01-17,122.5
19433,1168,2026-09-04,36.6
19434,1168,2026-01-15,32.32
19435,1168,2026-07-09,57.63
19436,1168,2026-07-08,23.16
19437,1168,2026-08-31,54.63
19438,1168,2026-07-08,33.83
19439,1168,2026-04-05,45.62
19440,1168,2025-12-18,41.75
19441,1168,2026-08-10,35.95
19442,1168,2026-07-12,77.68
19443,1168,2026-04-28,38.08
19444,1168,2026-03-17,61.76
19445,1169,2026-09-15,95.84
19446,1169,2025-12-16,112.8
19447,1169,2026-05-12,50.01
19448,1169,2026-01-20,63.98
19449,1169,2026-07-05,73.25
19450,1169,2025-11-11,132.64
19451,1169,2026-09-13,73.91
19452,1169,2026-02-10,47.16
19453,1169,2026-08-16,45.16
19454,1169,2025-11-26,63.73
19455,1169,2026-06-23,46.03
19456,1169,2026-09-08,127.19
19457,1170,2026-09-17,128.39
19458,1170,2026-05-09,282.68
19459,1170,2026-01-20,152.5
19460,1170,2025-11-27,251.61
19461,1170,2026-02-23,600.46
19462,1170,2026-08-16,299.86
19463,1170,2026-08-03,224.85
19464,1170,2026-07-07,136.88
19465,1170,2026-07-15,194.06
19466,1170,2026-03-05,162.83
19467,1170,2026-04-06,109.33
19468,1170,2026-05-24,80.57
19469,1170,2026-02-26,144.52
19470,1170,2025-11-20,207.04
19471,1170,2026-05-07,347.51
19472,1170,2026-04-07,150.64
19473,1170,2025-11-06,228.91
19474,1170,2026-04-17,97.67
19475,1170,2026-08-19,146.49
19476,1170,2026-07-14,69.81
19477,1170,2026-06-13,573.9
19478,1170,2026-03-01,229.57
19479,1170,2026-04-27,226.33
19480,1170,2026-05-17,267.19
19481,1170,2025-11-25,656.33
19482,1170,2026-04-10,172.64
19483,1170,2026-03-31,135.07
19484,1170,2026-06-13,516.56
19485,1170,2026-04-05,120.69
19486,1170,2026-02-12,376.63
19487,1170,2025-10-24,203.14
19488,1170,2025-11-22,255.22
19489,1170,2026-09-16,110.01
19490,1170,2026-09-10,674.67
19491,1170,2025-11-23,176.81
19492,1170,2026-06-27,153.16
19493,1171,2026-08-30,15.66
19494,1171,2026-06-19,29.71
19495,1171,2025-11-01,40.55
19496,1171,2026-06-02,53.41
19497,1171,2025-12-29,77.91
19498,1171,2026-03-29,20.97
19499,1171,2026-03-26,85.08
19500,1171,2026-05-08,56.88
19501,1171,2026-08-04,40.38
19502,1171,2026-08-01,23.23
19503,1171,2026-06-30,34.78
19504,1171,2026-05-25,71.38
19505,1171,2026-07-06,45.54
19506,1171,2026-05-28,41.48
19507,1171,2025-12-15,29.06
19508,1171,2026-08-27,62.63
19509,1171,2026-02-01,42.07
19510,1171,2026-03-07,40.45
19511,1171,2026-06-18,43.11
19512,1171,2026-05-25,33.66
19513,1171,2026-04-28,31.18
19514,1171,2026-05-30,22.71
19515,1171,2026-05-18,34.05
19516,1171,2026-04-10,20.02
19517,1171,2026-01-21,55.99
19518,1171,2026-01-25,33.32
19519,1171,2026-05-10,37.72
19520,1171,2026-05-24,44.25
19521,1171,2025-12-13,31.36
19522,1171,2025-12-14,26.52
19523,1171,2026-01-07,49.72
19524,1172,2025-11-09,17.81
19525,1172,2025-10-07,39.89
19526,1172,2025-11-09,25.97
19527,1172,2025-11-06,28.55
19528,1172,2025-10-02,39.54
19529,1173,2026-07-07,59.52
19530,1173,2026-02-20,110.3
19531,1173,2026-04-29,155.08
19532,1173,2026-06-07,86.95
19533,1173,2026-01-13,38.95
19534,1173,2026-02-28,99.55
19535,1173,2026-04-11,118.78
19536,1174,2026-02-06,15.27
19537,1174,2025-11-30,33.16
19538,1175,2026-09-04,19.58
19539,1175,2025-10-12,70.96
19540,1175,2025-09-26,95.97
19541,1175,2026-08-28,20.05
19542,1175,2025-10-18,36.47
19543,1175,2026-08-10,30.7
19544,1175,2026-08-30,69.75
19545,1175,2026-09-02,37.34
19546,1175,2025-12-13,36.68
19547,1175,2026-07-04,54.39
19548,1175,2026-07-29,90.78
19549,1175,2025-11-25,43.77
19550,1175,2026-01-27,36.41
19551,1175,2026-05-07,39.6
19552,1175,2025-12-15,60.51
19553,1175,2025-10-29,24.72
19554,1175,2026-03-04,44.67
19555,1175,2025-11-04,29.51
19556,1175,2026-05-09,26.19
19557,1175,2025-11-11,18.76
19558,1175,2026-01-27,35.69
19559,1175,2026-06-24,73.12
19560,1175,2026-01-31,18.43
19561,1175,2026-05-10,57.45
19562,1176,2025-11-30,29.07
19563,1176,2025-10-22,35.78
19564,1177,2026-08-15,53.07
19565,1177,2026-05-21,34.34
19566,1177,2025-12-03,112.07
19567,1177,2026-01-29,44.45
19568,1177,2026-05-06,47.13
19569,1177,2025-12-22,82.37
19570,1177,2026-07-12,30.35
19571,1177,2026-04-16,35.6
19572,1177,2025-11-13,51.17
19573,1177,2026-01-17,23.16
19574,1177,2026-04-22,40.44
19575,1177,2026-04-02,113.25
19576,1177,2026-04-06,102.48
19577,1177,2026-03-29,67.38
19578,1177,2026-06-02,76.62
19579,1177,2025-12-03,56.19
19580,1177,2026-07-17,37.06
19581,1177,2025-12-02,94.28
19582,1177,2026-02-18,29.36
19583,1178,2026-09-12,35.08
19584,1178,2026-04-25,58.59
19585,1178,2026-05-04,31.2
19586,1178,2026-02-16,30.48
19587,1178,2026-08-25,53.77
19588,1178,2026-02-07,51.2
19589,1178,2026-08-06,96.8
19590,1178,2026-08-31,68.53
19591,1178,2025-10-11,28.36
19592,1178,2026-07-29,33.28
19593,1178,2025-12-24,62.96
19594,1178,2026-03-06,30.2
19595,1178,2026-06-19,38.89
19596,1178,2026-05-05,20.84
19597,1178,2026-07-25,25.0
19598,1178,2026-02-10,79.31
19599,1178,2025-11-23,48.52
19600,1178,2026-04-30,33.91
19601,1178,2025-10-19,36.12
19602,1178,2026-07-13,97.37
19603,1178,2025-10-16,33.48
19604,1178,2025-12-06,55.68
19605,1178,2026-08-20,66.61
19606,1178,2025-11-19,86.22
19607,1178,2026-08-21,30.68
19608,1178,2025-10-07,23.97
19609,1178,2026-01-17,27.39
19610,1178,2026-07-04,62.53
19611,1179,2026-08-08,136.67
19612,1179,2026-07-20,68.33
19613,1179,2026-03-11,69.33
19614,1179,2026-07-22,143.96
19615,1179,2025-11-25,75.76
19616,1179,2026-04-28,85.64
19617,1180,2026-02-12,129.74
19618,1180,2026-01-30,139.25
19619,1180,2025-12-28,71.88
19620,1180,2026-02-09,184.88
19621,1181,2025-10-30,29.13
19622,1181,2025-10-23,43.98
19623,1181,2025-10-07,26.98
19624,1181,2025-10-18,47.28
19625,1181,2025-10-18,20.67
19626,1181,2025-09-29,28.92
19627,1182,2026-09-08,170.14
19628,1182,2026-08-30,194.32
19629,1182,2026-07-03,212.04
19630,1182,2026-02-27,324.1
19631,1182,2025-11-04,111.18
19632,1182,2026-06-23,132.69
19633,1182,2026-03-09,121.02
19634,1182,2026-01-05,308.28
19635,1182,2025-11-07,200.68
19636,1182,2026-02-25,139.04
19637,1182,2026-04-16,190.08
19638,1182,2026-07-02,158.03
19639,1182,2026-03-01,110.12
19640,1182,2026-03-16,370.28
19641,1182,2025-11-04,196.35
19642,1182,2026-03-12,374.15
19643,1182,2025-12-14,109.42
19644,1182,2026-04-15,263.49
19645,1182,2026-03-19,109.73
19646,1182,2026-08-25,631.14
19647,1182,2026-03-20,96.43
19648,1182,2026-06-29,471.21
19649,1182,2026-05-19,208.13
19650,1182,2025-10-06,193.42
19651,1182,2026-01-16,273.78
19652,1182,2026-07-05,137.69
19653,1182,2026-02-27,298.99
19654,1182,2026-04-02,309.01
19655,1182,2025-12-20,211.13
19656,1182,2026-05-29,235.01
19657,1182,2026-01-28,500.42
19658,1182,2025-12-19,281.5
19659,1182,2026-01-01,147.69
19660,1182,2026-02-19,294.37
19661,1183,2026-09-11,245.24
19662,1183,2026-03-06,123.29
19663,1183,2026-05-02,326.82
19664,1183,2025-11-18,133.9
19665,1183,2026-01-23,99.86
19666,1183,2026-08-23,210.06
19667,1183,2025-12-27,295.73
19668,1183,2026-06-18,411.07
19669,1183,2026-03-06,101.68
19670,1183,2026-07-14,398.52
19671,1183,2026-03-30,228.27
19672,1183,2026-07-23,158.8
19673,1183,2026-06-25,285.28
19674,1183,2025-11-11,386.46
19675,1183,2026-08-13,98.64
19676,1183,2026-05-27,172.98
19677,1183,2026-08-28,164.35
19678,1183,2026-07-07,278.33
19679,1183,2026-01-04,405.09
19680,1183,2026-03-02,217.05
19681,1183,2026-05-12,184.13
19682,1183,2026-08-11,256.6
19683,1183,2026-01-06,188.97
19684,1183,2026-06-14,79.11
19685,1183,2026-03-17,265.01
19686,1183,2026-07-29,327.23
19687,1183,2026-04-08,340.45
19688,1183,2025-11-09,124.82
19689,1183,2026-02-03,275.98
19690,1183,2026-03-29,418.57
19691,1183,2026-07-09,655.82
19692,1183,2026-06-11,260.51
19693,1183,2025-10-03,326.96
19694,1183,2025-10-18,134.35
19695,1183,2026-05-19,126.67
19696,1183,2026-01-29,327.47
19697,1183,2025-12-16,84.01
19698,1183,2026-04-20,225.21
19699,1183,2026-06-16,399.77
19700,1184,2026-09-16,192.18
19701,1184,2026-02-03,300.84
19702,1184,2026-04-05,205.54
19703,1184,2025-12-31,406.25
19704,1184,2025-09-29,303.89
19705,1184,2026-05-30,142.19
19706,1184,2026-07-03,233.78
19707,1184,2026-03-03,253.53
19708,1184,2026-03-22,259.24
19709,1184,2026-04-18,242.39
19710,1184,2026-07-23,270.76
19711,1184,2026-08-07,253.58
19712,1184,2026-03-25,151.8
19713,1184,2026-01-02,171.01
19714,1184,2026-03-06,187.3
19715,1184,2025-12-13,219.22
19716,1184,2026-07-30,187.58
19717,1184,2025-10-15,344.95
19718,1184,2026-01-11,136.33
19719,1184,2026-01-23,96.21
19720,1184,2025-11-26,508.87
19721,1184,2025-10-16,145.36
19722,1184,2025-11-30,344.56
19723,1184,2026-03-29,276.16
19724,1184,2025-12-31,147.69
19725,1184,2026-04-20,197.8
19726,1184,2026-07-28,184.98
19727,1184,2025-10-01,246.53
19728,1184,2026-02-07,148.68
19729,1184,2025-12-10,193.96
19730,1184,2026-01-11,206.51
19731,1185,2026-09-21,117.84
19732,1185,2026-04-21,555.42
19733,1185,2026-01-23,136.37
19734,1185,2026-04-10,97.51
19735,1185,2026-08-08,463.11
19736,1185,2025-10-10,131.46
19737,1185,2026-04-08,416.89
19738,1185,2026-08-12,155.7
19739,1185,2026-09-21,184.05
19740,1185,2026-07-10,116.72
19741,1185,2026-01-21,373.14
19742,1185,2026-05-26,350.77
19743,1185,2026-03-16,156.0
19744,1185,2026-07-24,203.04
19745,1185,2025-10-30,282.89
19746,1185,2025-10-06,169.86
19747,1185,2025-10-15,388.0
19748,1185,2026-02-09,200.23
19749,1185,2026-08-17,166.22
19750,1185,2026-08-09,103.01
19751,1185,2026-08-20,117.32
19752,1185,2026-03-26,273.68
19753,1185,2025-11-01,233.47
19754,1185,2025-12-08,303.13
19755,1185,2026-03-21,163.01
19756,1185,2025-12-25,100.34
19757,1185,2026-04-05,167.97
19758,1185,2026-02-09,525.41
19759,1185,2026-02-27,136.04
19760,1185,2026-02-15,206.59
19761,1185,2026-04-06,70.88
19762,1185,2025-12-27,166.2
19763,1185,2026-02-12,174.31
19764,1186,2026-09-18,61.37
19765,1186,2026-02-21,141.48
19766,1186,2026-07-29,67.94
19767,1186,2025-10-30,109.7
19768,1186,2026-03-26,83.11
19769,1187,2026-09-02,77.19
19770,1187,2026-04-17,48.72
19771,1187,2026-05-03,48.92
19772,1187,2025-11-28,28.77
19773,1187,2026-08-31,77.38
19774,1187,2025-10-13,31.86
19775,1187,2026-05-04,39.59
19776,1187,2026-04-24,81.12
19777,1187,2026-05-20,67.06
19778,1187,2026-08-26,30.7
19779,1187,2026-01-09,27.69
19780,1187,2025-12-23,41.06
19781,1187,2026-05-25,34.72
19782,1187,2026-07-22,23.25
19783,1187,2025-11-25,32.06
19784,1187,2026-01-09,13.07
19785,1187,2026-05-26,67.59
19786,1187,2026-01-16,65.7
19787,1187,2026-06-18,84.86
19788,1187,2026-01-28,52.75
19789,1187,2026-03-17,36.78
19790,1187,2026-06-29,71.32
19791,1187,2026-01-21,32.82
19792,1187,2026-07-02,24.77
19793,1187,2025-11-03,42.12
19794,1187,2026-07-30,54.14
19795,1187,2025-11-28,31.23
19796,1187,2026-05-27,28.09
19797,1187,2026-03-07,37.3
19798,1187,2025-11-15,54.16
19799,1187,2025-10-03,42.15
19800,1187,2026-03-16,147.39
19801,1188,2026-09-17,97.28
19802,1188,2026-06-04,94.94
19803,1188,2026-07-18,93.18
19804,1188,2026-01-30,50.47
19805,1188,2026-04-07,224.0
19806,1188,2025-11-09,173.96
19807,1188,2025-12-10,95.44
19808,1188,2026-01-02,45.39
19809,1188,2025-10-06,183.61
19810,1188,2026-04-21,150.11
19811,1188,2026-01-26,94.26
19812,1188,2026-08-07,154.36
19813,1188,2026-08-14,72.05
19814,1189,2026-09-23,245.47
19815,1189,2026-06-28,181.85
19816,1189,2026-08-27,157.98
19817,1189,2025-10-27,262.84
19818,1189,2026-07-02,251.73
19819,1189,2025-11-23,130.74
19820,1189,2026-05-09,93.52
19821,1189,2026-02-13,168.32
19822,1189,2026-05-25,155.1
19823,1189,2025-11-21,275.43
19824,1189,2026-01-03,138.56
19825,1189,2026-05-28,193.87
19826,1189,2026-08-06,97.42
19827,1189,2025-10-13,104.47
19828,1189,2025-10-05,148.54
19829,1189,2026-07-23,187.61
19830,1189,2026-05-31,145.21
19831,1189,2026-07-02,223.93
19832,1189,2026-07-03,97.66
19833,1189,2026-07-28,190.63
19834,1189,2026-01-02,191.63
19835,1189,2025-12-15,109.46
19836,1189,2026-02-15,232.73
19837,1189,2026-04-19,79.13
19838,1189,2025-10-03,154.28
19839,1189,2025-12-30,299.31
19840,1189,2026-09-02,77.16
19841,1189,2026-03-22,284.03
19842,1189,2026-07-24,124.27
19843,1189,2026-04-30,161.0
19844,1189,2026-05-03,395.46
19845,1189,2025-11-02,158.38
19846,1189,2025-11-30,434.11
19847,1189,2026-04-20,183.05
19848,1189,2025-12-18,202.15
19849,1189,2026-02-11,306.78
19850,1189,2026-03-06,268.25
19851,1189,2025-11-16,225.08
19852,1189,2026-02-09,170.48
19853,1189,2026-07-08,104.5
19854,1189,2026-05-03,106.82
19855,1189,2026-04-30,379.19
19856,1190,2026-09-06,20.73
19857,1191,2026-08-29,30.14
19858,1191,2025-12-04,29.35
19859,1191,2025-10-07,31.1
19860,1191,2025-12-28,39.49
19861,1191,2026-02-27,51.35
19862,1191,2025-10-13,36.65
19863,1191,2025-12-11,70.77
19864,1191,2025-12-07,44.93
19865,1191,2025-10-11,43.09
19866,1191,2026-02-27,24.73
19867,1191,2025-11-29,102.12
19868,1191,2025-10-29,44.05
19869,1191,2026-03-24,94.01
19870,1191,2025-12-26,34.01
19871,1191,2026-01-22,65.39
19872,1191,2025-09-29,34.93
19873,1191,2026-01-28,102.03
19874,1191,2025-12-28,74.52
19875,1191,2025-10-21,65.95
19876,1191,2026-08-26,32.48
19877,1191,2026-07-13,106.13
19878,1191,2026-05-11,112.59
19879,1192,2026-08-20,24.26
19880,1192,2026-01-04,35.07
19881,1192,2026-05-20,73.14
19882,1192,2026-05-07,34.94
19883,1192,2026-01-07,65.06
19884,1192,2026-05-01,37.42
19885,1192,2026-06-11,62.25
19886,1192,2025-12-02,54.59
19887,1192,2026-03-07,40.24
19888,1192,2026-02-02,61.47
19889,1192,2026-05-01,17.03
19890,1192,2026-04-12,27.61
19891,1192,2026-02-11,36.53
19892,1192,2026-05-05,76.28
19893,1192,2025-10-11,23.47
19894,1192,2025-11-13,44.3
19895,1192,2025-10-07,51.91
19896,1192,2025-12-05,50.3
19897,1192,2026-07-23,43.05
19898,1192,2025-11-26,34.04
19899,1192,2026-06-01,40.27
19900,1192,2026-04-12,69.78
19901,1192,2026-04-05,33.01
19902,1192,2026-03-16,17.03
19903,1192,2025-11-30,55.5
19904,1193,2026-07-05,148.02
19905,1193,2026-01-24,131.9
19906,1193,2025-11-13,44.9
19907,1193,2025-10-11,47.53
19908,1193,2026-04-16,118.66
19909,1193,2025-10-16,71.37
19910,1193,2025-10-21,83.19
19911,1193,2025-11-16,115.1
19912,1193,2026-05-31,132.44
19913,1193,2026-05-23,51.67
19914,1193,2026-06-26,33.12
19915,1194,2026-08-21,67.71
19916,1194,2025-10-30,255.68
19917,1194,2026-03-19,45.36
19918,1194,2026-05-01,46.8
19919,1194,2025-12-03,43.82
19920,1194,2025-11-11,90.16
19921,1194,2026-04-27,111.35
19922,1194,2026-05-30,77.56
19923,1194,2026-04-11,111.2
19924,1194,2025-10-13,110.53
19925,1194,2025-12-10,76.51
19926,1194,2026-05-28,109.09
19927,1194,2026-01-29,82.39
19928,1195,2026-08-17,109.3
19929,1195,2025-11-23,62.43
19930,1195,2026-06-16,59.39
19931,1195,2026-06-11,140.2
19932,1195,2026-05-15,78.15
19933,1195,2026-04-03,51.72
19934,1195,2026-06-19,142.03
19935,1195,2026-02-28,103.39
19936,1195,2026-04-21,52.59
19937,1196,2026-05-12,207.65
19938,1196,2025-12-21,46.57
19939,1196,2026-03-05,120.82
19940,1196,2025-10-13,102.74
19941,1196,2025-12-27,79.24
19942,1196,2026-04-01,67.7
19943,1196,2026-01-14,134.47
19944,1196,2026-03-05,150.59
19945,1196,2025-10-07,100.24
19946,1197,2026-05-07,91.36
19947,1197,2025-10-10,98.99
19948,1197,2025-12-01,92.8
19949,1197,2025-12-29,100.41
19950,1198,2026-03-07,29.97
19951,1198,2025-11-12,63.76
19952,1198,2025-11-22,25.41
19953,1199,2026-09-12,155.29
19954,1199,2026-04-22,80.42
19955,1199,2026-01-05,73.28
19956,1200,2026-01-23,29.78
19957,1200,2025-11-20,16.91
19958,1201,2026-09-09,94.89
19959,1201,2026-05-12,36.43
19960,1201,2026-08-21,62.44
19961,1201,2025-10-15,115.32
19962,1201,2026-03-16,26.69
19963,1201,2026-09-09,69.95
19964,1201,2026-02-11,20.56
19965,1201,2026-03-14,45.6
19966,1201,2025-09-29,42.25
19967,1201,2025-12-15,20.87
19968,1201,2026-06-06,73.47
19969,1201,2026-08-27,48.09
19970,1201,2026-04-09,29.65
19971,1201,2025-11-26,52.17
19972,1201,2025-12-30,67.59
19973,1201,2025-11-19,20.3
19974,1201,2025-11-24,10.91
19975,1201,2026-03-11,44.16
19976,1201,2025-12-02,31.85
19977,1201,2025-11-24,82.19
19978,1201,2026-08-04,38.09
19979,1201,2026-07-22,51.72
19980,1201,2026-06-19,41.37
19981,1201,2025-10-15,22.44
19982,1201,2025-11-14,45.62
19983,1201,2026-08-23,24.78
19984,1201,2025-10-21,24.24
19985,1201,2026-08-27,27.46
19986,1201,2025-12-15,26.4
19987,1201,2026-03-11,40.93
19988,1201,2026-01-28,37.72
19989,1201,2025-12-27,51.14
19990,1202,2026-09-13,43.22
19991,1202,2026-01-10,20.44
19992,1202,2025-10-28,31.2
19993,1202,2025-11-17,39.76
19994,1202,2026-06-15,77.28
19995,1202,2026-07-08,19.21
19996,1202,2025-09-26,28.13
19997,1202,2025-10-17,19.15
19998,1202,2026-02-18,52.1
19999,1202,2026-01-10,76.74
20000,1202,2026-06-17,52.93
20001,1202,2026-02-08,58.35
20002,1202,2026-01-13,28.28
20003,1202,2026-05-31,53.14
20004,1202,2025-12-28,31.79
20005,1202,2026-05-03,46.23
20006,1202,2026-03-10,56.42
20007,1202,2026-08-28,39.46
20008,1202,2026-07-29,65.09
20009,1202,2026-02-03,41.81
20010,1202,2025-11-30,50.9
20011,1202,2026-02-25,105.38
20012,1202,2025-12-01,56.29
20013,1202,2025-12-04,32.12
20014,1202,2025-12-17,36.25
20015,1202,2025-11-26,66.66
20016,1203,2026-09-18,30.65
20017,1203,2025-12-22,89.79
20018,1203,2026-08-06,126.57
20019,1203,2026-09-12,47.69
20020,1203,2025-11-27,71.89
20021,1203,2026-07-01,115.8
20022,1203,2026-06-06,71.14
20023,1203,2026-05-30,76.41
20024,1203,2025-11-14,99.4
20025,1203,2026-02-11,53.16
20026,1203,2026-08-12,55.68
20027,1203,2025-11-21,111.12
20028,1203,2025-10-01,137.94
20029,1203,2026-01-06,107.68
20030,1204,2026-07-14,68.09
20031,1204,2026-06-18,25.88
20032,1204,2025-10-16,24.83
20033,1204,2026-02-23,11.42
20034,1204,2026-05-31,19.18
20035,1204,2026-04-19,20.84
20036,1205,2026-09-20,138.64
20037,1205,2026-03-28,249.01
20038,1205,2025-12-05,195.5
20039,1205,2025-11-30,324.01
20040,1205,2026-02-03,489.49
20041,1205,2026-08-26,237.18
20042,1205,2026-09-18,166.82
20043,1205,2026-09-15,247.86
20044,1205,2026-01-11,140.34
20045,1205,2026-03-08,204.07
20046,1205,2026-05-11,635.95
20047,1205,2026-03-14,191.66
20048,1205,2026-04-11,240.64
20049,1205,2026-05-30,195.28
20050,1205,2025-12-20,174.65
20051,1205,2026-04-08,260.74
20052,1205,2026-03-08,118.53
20053,1205,2025-10-24,194.87
20054,1205,2025-10-28,114.01
20055,1205,2026-01-20,420.78
20056,1205,2025-10-30,327.46
20057,1205,2026-05-20,148.63
20058,1205,2026-05-10,91.1
20059,1205,2025-10-19,261.85
20060,1205,2025-11-05,205.91
20061,1205,2026-07-24,576.4
20062,1205,2026-09-18,394.61
20063,1205,2026-07-19,279.48
20064,1205,2025-12-22,165.57
20065,1205,2026-06-29,186.68
20066,1205,2025-09-30,240.58
20067,1205,2026-06-29,246.38
20068,1206,2026-08-23,284.17
20069,1206,2026-04-03,379.06
20070,1206,2026-05-21,397.55
20071,1206,2026-04-02,287.96
20072,1206,2026-08-08,228.48
20073,1206,2026-02-25,245.1
20074,1206,2026-02-24,162.17
20075,1206,2026-06-02,300.9
20076,1206,2026-02-16,380.99
20077,1206,2026-02-24,335.57
20078,1206,2026-01-24,269.74
20079,1206,2026-06-07,188.45
20080,1206,2026-07-08,178.92
20081,1206,2026-05-08,195.43
20082,1206,2026-08-18,151.19
20083,1206,2026-01-04,237.63
20084,1206,2026-05-27,59.66
20085,1206,2026-05-10,164.79
20086,1206,2026-08-06,216.54
20087,1206,2026-03-02,647.33
20088,1206,2026-08-12,210.42
20089,1206,2026-03-19,213.94
20090,1206,2026-05-28,144.32
20091,1206,2026-01-27,455.27
20092,1206,2025-09-26,145.63
20093,1206,2026-02-17,524.2
20094,1206,2025-11-30,150.53
20095,1206,2026-06-19,320.81
20096,1206,2026-04-25,204.71
20097,1206,2025-11-26,163.05
20098,1206,2026-04-21,330.77
20099,1206,2025-10-21,381.81
20100,1206,2025-10-19,193.18
20101,1207,2026-06-28,18.33
20102,1208,2026-09-09,47.39
20103,1208,2026-05-21,50.18
20104,1208,2026-06-04,34.57
20105,1208,2026-06-01,31.46
20106,1208,2026-07-15,34.23
20107,1208,2025-11-07,42.17
20108,1208,2025-10-02,44.02
20109,1208,2025-11-25,27.46
20110,1208,2026-08-25,50.27
20111,1208,2025-10-15,50.07
20112,1208,2025-11-29,42.83
20113,1208,2026-08-17,32.97
20114,1208,2026-09-02,60.88
20115,1208,2026-06-14,81.64
20116,1208,2026-03-24,36.78
20117,1208,2026-05-10,33.91
20118,1208,2026-01-29,55.5
20119,1208,2026-01-10,26.57
20120,1208,2026-03-27,25.34
20121,1208,2026-04-30,33.61
20122,1208,2026-02-24,51.72
20123,1209,2026-03-05,95.62
20124,1209,2025-10-02,110.14
20125,1209,2025-12-12,94.0
20126,1210,2026-09-18,40.38
20127,1210,2026-02-04,53.92
20128,1210,2025-11-16,18.34
20129,1210,2026-04-08,52.08
20130,1210,2026-08-01,37.23
20131,1210,2026-03-02,64.58
20132,1210,2026-09-12,35.64
20133,1210,2026-01-24,66.5
20134,1210,2026-05-06,22.8
20135,1210,2026-01-30,45.36
20136,1210,2026-08-03,29.06
20137,1210,2026-03-24,36.13
20138,1210,2026-07-16,153.04
20139,1210,2026-03-04,29.35
20140,1210,2026-09-01,38.05
20141,1210,2026-03-16,26.9
20142,1210,2026-04-17,39.19
20143,1210,2026-08-04,42.06
20144,1210,2025-12-29,32.33
20145,1210,2025-11-23,91.47
20146,1210,2026-03-03,75.68
20147,1210,2026-03-16,29.39
20148,1210,2026-05-14,64.99
20149,1210,2026-06-12,36.26
20150,1210,2026-09-14,25.88
20151,1211,2026-06-28,23.91
20152,1211,2025-12-19,44.05
20153,1211,2026-03-21,39.04
20154,1211,2026-03-03,19.23
20155,1211,2026-01-07,30.07
20156,1212,2026-08-14,59.13
20157,1212,2025-10-28,83.95
20158,1212,2026-03-26,148.45
20159,1212,2026-03-08,210.93
20160,1212,2026-02-11,52.01
20161,1212,2025-10-19,188.02
20162,1212,2026-03-30,76.3
20163,1212,2026-05-26,90.83
20164,1212,2026-05-04,193.4
20165,1212,2026-02-19,74.85
20166,1212,2025-12-12,79.55
20167,1212,2025-11-10,67.39
20168,1212,2026-02-23,91.55
20169,1212,2026-03-13,103.55
20170,1212,2025-10-17,66.06
20171,1212,2026-01-10,172.86
20172,1212,2026-08-12,64.3
20173,1212,2026-01-15,112.63
20174,1212,2025-12-09,91.08
20175,1212,2025-12-08,157.51
20176,1212,2026-06-25,62.68
20177,1212,2026-03-03,116.45
20178,1212,2025-12-12,267.55
20179,1213,2026-09-05,33.8
20180,1213,2025-11-25,13.56
20181,1213,2026-05-14,44.25
20182,1213,2026-05-23,63.05
20183,1213,2026-04-01,39.69
20184,1213,2026-02-17,25.52
20185,1213,2026-01-07,62.92
20186,1213,2025-10-05,24.26
20187,1213,2026-04-03,38.94
20188,1213,2026-02-07,44.56
20189,1213,2026-04-30,73.13
20190,1213,2026-02-15,58.36
20191,1213,2026-06-12,50.1
20192,1213,2026-06-15,68.4
20193,1213,2025-12-14,26.72
20194,1213,2026-01-18,91.62
20195,1213,2025-12-08,11.33
20196,1213,2025-12-30,85.55
20197,1213,2026-05-03,30.82
20198,1213,2025-12-10,53.4
20199,1213,2026-06-22,86.36
20200,1213,2026-09-03,57.92
20201,1213,2026-06-22,53.21
20202,1213,2026-01-12,66.45
20203,1213,2026-01-20,23.12
20204,1213,2025-12-26,24.73
20205,1213,2025-12-13,50.84
20206,1214,2026-08-12,44.69
20207,1214,2026-06-28,74.29
20208,1214,2026-05-02,57.52
20209,1214,2026-03-05,28.2
20210,1214,2026-02-16,67.49
20211,1214,2026-03-22,30.53
20212,1214,2026-07-08,54.15
20213,1214,2026-05-21,36.06
20214,1214,2026-07-06,81.65
20215,1214,2026-02-28,62.53
20216,1214,2026-07-21,32.95
20217,1214,2025-12-07,37.82
20218,1214,2026-03-04,195.95
20219,1214,2026-05-13,25.51
20220,1214,2026-05-13,32.55
20221,1214,2026-07-31,33.27
20222,1214,2026-07-31,26.71
20223,1215,2026-08-30,156.03
20224,1215,2026-05-15,184.38
20225,1215,2026-05-19,116.85
20226,1215,2025-10-20,68.76
20227,1215,2026-06-27,92.67
20228,1216,2026-08-25,87.0
20229,1216,2026-01-20,32.51
20230,1216,2026-07-15,38.6
20231,1216,2026-05-04,23.74
20232,1216,2026-05-12,38.52
20233,1216,2025-10-21,30.54
20234,1216,2026-05-16,89.9
20235,1216,2026-07-19,82.28
20236,1216,2025-09-30,46.3
20237,1216,2026-08-04,55.52
20238,1216,2025-10-04,34.29
20239,1216,2026-05-10,14.37
20240,1216,2026-01-06,31.93
20241,1216,2026-02-25,63.01
20242,1216,2026-06-08,54.81
20243,1216,2026-02-24,37.72
20244,1216,2026-06-27,62.77
20245,1216,2026-03-10,36.41
20246,1216,2026-08-05,26.92
20247,1216,2026-06-08,62.77
20248,1216,2026-08-05,34.17
20249,1216,2026-01-29,71.42
20250,1216,2025-10-15,18.31
20251,1217,2026-08-07,76.89
20252,1217,2025-10-27,107.22
20253,1217,2026-05-23,388.37
20254,1217,2026-07-22,157.69
20255,1217,2026-03-25,74.73
20256,1217,2026-07-04,93.72
20257,1217,2026-03-18,89.21
20258,1217,2026-07-27,111.02
20259,1217,2025-11-09,52.89
20260,1217,2026-01-17,121.47
20261,1218,2026-08-07,37.16
20262,1218,2026-07-29,119.65
20263,1218,2026-02-05,50.1
20264,1218,2025-11-10,112.35
20265,1218,2026-02-09,29.15
20266,1218,2026-06-06,44.1
20267,1218,2025-10-16,72.88
20268,1218,2026-04-18,47.97
20269,1218,2026-08-07,56.81
20270,1218,2026-06-30,28.98
20271,1218,2026-03-15,37.49
20272,1218,2026-03-04,30.35
20273,1218,2026-01-23,43.3
20274,1218,2026-06-15,41.34
20275,1218,2026-07-07,35.47
20276,1218,2026-05-19,59.81
20277,1218,2026-07-21,27.86
20278,1218,2026-07-20,17.11
20279,1218,2026-01-18,34.79
20280,1218,2026-05-03,118.54
20281,1218,2026-06-19,56.61
20282,1218,2026-06-17,30.75
20283,1218,2025-11-28,54.98
20284,1218,2026-01-03,42.36
20285,1218,2026-07-24,53.58
20286,1218,2026-01-18,66.89
20287,1218,2026-01-25,49.09
20288,1219,2026-08-17,38.7
20289,1219,2026-01-13,20.13
20290,1219,2026-06-22,22.94
20291,1219,2025-10-15,16.85
20292,1219,2026-02-15,26.81
20293,1220,2026-09-16,446.83
20294,1220,2025-12-06,257.81
20295,1220,2026-09-03,241.58
20296,1220,2025-11-30,285.57
20297,1220,2026-04-19,131.93
20298,1220,2026-06-27,179.12
20299,1220,2026-05-20,277.28
20300,1220,2026-04-16,146.66
20301,1220,2025-09-27,179.2
20302,1220,2026-05-17,275.22
20303,1220,2026-07-31,241.42
20304,1220,2026-07-17,211.99
20305,1220,2025-10-24,216.0
20306,1220,2025-12-06,194.11
20307,1220,2026-09-15,308.23
20308,1220,2026-04-01,537.88
20309,1220,2026-06-13,239.56
20310,1220,2026-03-13,373.91
20311,1220,2026-02-15,172.53
20312,1220,2026-03-22,154.53
20313,1220,2026-03-27,147.29
20314,1220,2026-01-14,138.91
20315,1220,2026-01-06,184.01
20316,1220,2026-07-16,312.89
20317,1220,2026-01-15,329.78
20318,1220,2026-03-22,166.96
20319,1220,2026-04-24,181.52
20320,1220,2026-06-16,209.81
20321,1220,2026-03-04,233.33
20322,1220,2025-10-06,273.45
20323,1220,2026-04-03,175.47
20324,1220,2026-08-26,191.89
20325,1220,2026-06-22,386.34
20326,1220,2025-10-21,185.26
20327,1220,2025-12-05,162.15
20328,1221,2026-09-19,195.32
20329,1221,2026-08-29,323.92
20330,1221,2025-12-27,309.51
20331,1221,2026-09-11,130.21
20332,1221,2026-05-01,601.68
20333,1221,2025-11-12,250.08
20334,1221,2025-11-16,117.83
20335,1221,2026-01-13,125.49
20336,1221,2026-01-15,78.82
20337,1221,2025-11-11,296.12
20338,1221,2026-07-30,165.67
20339,1221,2026-04-07,143.87
20340,1221,2026-05-16,157.17
20341,1221,2025-10-02,183.43
20342,1221,2025-12-18,272.1
20343,1221,2025-12-25,100.19
20344,1221,2026-08-16,129.76
20345,1221,2025-12-21,258.88
20346,1221,2025-11-23,160.74
20347,1221,2026-04-19,272.91
20348,1221,2025-11-14,167.88
20349,1221,2026-05-02,426.57
20350,1221,2026-01-28,230.67
20351,1221,2026-07-08,364.65
20352,1221,2026-03-20,265.1
20353,1221,2026-08-30,272.42
20354,1222,2026-08-22,66.78
20355,1222,2025-12-09,135.22
20356,1222,2026-03-21,98.47
20357,1222,2025-11-05,89.84
20358,1222,2025-10-03,96.83
20359,1222,2026-08-17,149.48
20360,1222,2026-07-02,173.93
20361,1223,2026-07-04,114.63
20362,1223,2026-05-04,81.62
20363,1223,2026-06-25,115.05
20364,1223,2026-04-08,79.0
20365,1223,2026-04-26,98.23
20366,1223,2025-10-20,118.89
20367,1223,2026-04-29,198.06
20368,1223,2025-10-21,110.17
20369,1223,2026-03-09,99.26
20370,1223,2025-12-15,224.92
20371,1223,2026-01-23,37.32
20372,1223,2026-07-03,86.35
20373,1223,2025-10-19,64.47
20374,1223,2026-02-20,80.84
20375,1223,2026-01-26,118.11
20376,1224,2026-08-19,58.67
20377,1224,2025-12-28,78.18
20378,1224,2026-08-06,22.81
20379,1225,2026-09-17,301.14
20380,1225,2026-09-08,319.94
20381,1225,2026-08-05,247.35
20382,1225,2026-06-03,169.21
20383,1225,2025-12-13,148.31
20384,1225,2025-09-27,412.36
20385,1225,2026-06-25,107.94
20386,1225,2026-02-24,192.19
20387,1225,2025-12-25,111.32
20388,1225,2025-11-04,261.55
20389,1225,2026-06-25,201.03
20390,1225,2026-08-09,119.68
20391,1225,2025-12-12,142.03
20392,1225,2026-09-06,214.24
20393,1225,2025-11-02,238.74
20394,1225,2026-04-27,87.83
20395,1225,2026-03-22,152.88
20396,1225,2026-03-24,225.72
20397,1225,2026-04-16,361.96
20398,1225,2026-09-13,306.36
20399,1225,2026-07-27,171.12
20400,1225,2026-05-14,329.21
20401,1225,2026-06-25,182.24
20402,1225,2025-11-30,51.52
20403,1225,2025-09-28,401.62
20404,1225,2026-07-06,258.02
20405,1225,2025-12-31,228.54
20406,1225,2026-03-21,210.78
20407,1225,2025-12-17,240.65
20408,1225,2025-12-19,210.69
20409,1225,2025-12-01,184.38
20410,1226,2026-09-10,41.96
20411,1226,2026-08-25,49.78
20412,1226,2026-09-03,50.63
20413,1226,2026-05-19,139.52
20414,1226,2025-12-31,41.2
20415,1226,2026-02-14,110.66
20416,1226,2026-01-13,79.88
20417,1226,2025-12-22,118.18
20418,1227,2026-08-15,31.14
20419,1227,2026-02-09,47.64
20420,1227,2026-04-25,50.36
20421,1227,2026-05-27,55.92
20422,1227,2026-03-07,46.43
20423,1227,2026-02-14,68.85
20424,1227,2026-05-04,25.44
20425,1227,2026-05-28,42.46
20426,1227,2025-12-09,100.55
20427,1227,2026-02-23,38.41
20428,1227,2026-03-12,50.16
20429,1227,2025-11-28,28.75
20430,1227,2025-10-05,118.78
20431,1227,2025-12-23,51.16
20432,1227,2025-12-06,25.54
20433,1227,2026-05-20,73.5
20434,1227,2025-11-10,27.76
20435,1227,2025-12-22,61.21
20436,1227,2026-02-15,71.53
20437,1227,2026-07-06,112.02
20438,1227,2026-02-28,49.77
20439,1227,2026-01-18,46.0
20440,1227,2026-06-12,18.08
20441,1227,2026-05-05,36.64
20442,1227,2025-12-05,32.63
20443,1227,2026-01-28,41.48
20444,1228,2026-09-13,41.84
20445,1228,2026-07-12,29.17
20446,1228,2026-01-30,23.59
20447,1228,2026-05-29,53.39
20448,1228,2026-07-16,44.46
20449,1228,2026-07-10,63.28
20450,1228,2026-02-27,32.41
20451,1228,2025-10-22,43.73
20452,1228,2026-03-12,64.51
20453,1228,2026-02-06,24.92
20454,1228,2025-11-13,33.41
20455,1228,2026-01-27,70.35
20456,1228,2025-11-30,45.4
20457,1228,2026-03-08,42.05
20458,1228,2026-07-29,44.23
20459,1228,2026-01-24,78.02
20460,1228,2026-01-07,44.52
20461,1228,2026-04-09,45.93
20462,1228,2026-03-20,44.66
20463,1228,2026-08-12,21.75
20464,1228,2026-04-02,56.42
20465,1228,2025-10-23,31.1
20466,1228,2026-07-18,25.5
20467,1228,2026-01-30,20.51
20468,1228,2025-12-24,22.52
20469,1228,2026-01-04,16.21
20470,1228,2025-11-11,28.37
20471,1228,2026-07-05,37.01
20472,1228,2026-07-03,72.55
20473,1229,2026-08-12,136.6
20474,1229,2026-02-21,123.64
20475,1229,2025-11-07,47.07
20476,1229,2026-06-16,71.06
20477,1229,2025-09-28,92.47
20478,1229,2026-03-03,107.53
20479,1229,2025-11-25,104.44
20480,1229,2025-11-25,198.09
20481,1229,2025-11-27,135.57
20482,1229,2026-05-26,120.96
20483,1229,2026-06-12,139.15
20484,1229,2026-07-14,165.43
20485,1229,2025-11-05,68.0
20486,1229,2026-01-30,44.21
20487,1229,2025-11-03,68.5
20488,1229,2026-04-27,48.51
20489,1229,2026-02-02,57.83
20490,1229,2026-07-25,94.13
20491,1229,2026-01-16,70.16
20492,1230,2026-09-12,220.24
20493,1230,2026-02-12,176.49
20494,1230,2026-02-26,262.86
20495,1230,2025-12-01,174.36
20496,1230,2026-02-08,245.83
20497,1230,2026-09-10,335.07
20498,1230,2026-06-01,98.33
20499,1230,2026-05-07,91.03
20500,1230,2026-05-10,205.82
20501,1230,2025-11-14,283.75
20502,1230,2026-08-29,238.94
20503,1230,2025-12-25,121.78
20504,1230,2026-06-06,314.81
20505,1230,2026-03-03,495.63
20506,1230,2026-05-21,142.05
20507,1230,2026-08-19,151.54
20508,1230,2026-09-07,212.44
20509,1230,2026-04-28,198.45
20510,1230,2025-11-27,360.86
20511,1230,2026-05-13,238.58
20512,1230,2025-11-05,184.18
20513,1230,2025-10-25,161.05
20514,1230,2026-07-12,105.6
20515,1230,2025-11-23,388.92
20516,1230,2026-02-11,278.54
20517,1230,2026-02-28,201.62
20518,1230,2026-04-10,220.53
20519,1230,2025-10-12,200.07
20520,1230,2026-07-30,94.88
20521,1231,2026-07-05,96.82
20522,1231,2026-04-06,98.52
20523,1231,2026-04-21,139.2
20524,1231,2025-10-04,146.12
20525,1231,2026-06-11,262.14
20526,1231,2025-11-09,143.51
20527,1232,2025-11-03,21.77
20528,1232,2025-10-19,36.78
20529,1233,2026-07-03,35.76
20530,1233,2026-06-06,96.06
20531,1233,2026-01-22,88.17
20532,1233,2025-12-14,184.9
20533,1233,2026-06-18,60.03
20534,1233,2025-11-15,248.78
20535,1234,2026-05-06,17.05
20536,1234,2026-02-12,45.02
20537,1234,2025-12-05,32.43
20538,1234,2025-12-13,24.52
20539,1234,2025-09-28,39.08
20540,1234,2026-01-31,35.73
20541,1234,2025-09-29,18.74
20542,1234,2026-04-26,54.03
20543,1235,2026-07-27,96.95
20544,1235,2026-01-29,107.99
20545,1235,2025-12-27,91.57
20546,1235,2026-06-11,47.53
20547,1235,2026-06-04,66.45
20548,1235,2025-10-20,161.66
20549,1235,2026-06-07,179.96
20550,1235,2025-10-15,71.36
20551,1236,2026-09-19,165.73
20552,1236,2026-08-30,195.8
20553,1236,2026-09-03,130.34
20554,1236,2026-03-17,91.63
20555,1236,2025-12-10,161.75
20556,1236,2026-07-17,173.44
20557,1236,2025-10-23,254.44
20558,1236,2025-12-19,281.98
20559,1236,2026-01-26,198.72
20560,1236,2026-05-28,134.44
20561,1236,2026-01-05,156.18
20562,1236,2025-10-02,429.71
20563,1236,2026-06-08,278.72
20564,1236,2026-02-05,398.37
20565,1236,2026-04-21,467.19
20566,1236,2026-02-12,156.22
20567,1236,2026-06-21,303.74
20568,1236,2026-06-07,139.93
20569,1236,2025-11-09,334.32
20570,1236,2026-07-17,304.79
20571,1236,2025-11-22,81.11
20572,1236,2026-08-23,251.73
20573,1236,2025-11-01,142.83
20574,1236,2025-11-16,180.17
20575,1236,2025-10-21,156.06
20576,1236,2025-10-03,315.98
20577,1236,2025-10-12,154.4
20578,1236,2026-07-04,118.1
20579,1236,2025-11-07,146.01
20580,1237,2026-05-09,60.69
20581,1237,2025-09-27,184.99
20582,1237,2026-03-13,86.65
20583,1237,2026-03-09,94.59
20584,1237,2025-10-02,132.79
20585,1237,2026-04-29,82.84
20586,1237,2025-11-01,129.08
20587,1237,2026-04-25,62.52
20588,1238,2026-09-09,41.46
20589,1238,2025-12-21,39.06
20590,1238,2025-11-17,42.98
20591,1238,2025-12-15,25.9
20592,1238,2026-08-09,39.56
20593,1238,2026-03-18,12.08
20594,1238,2026-08-13,39.31
20595,1238,2026-02-03,47.62
20596,1238,2025-12-23,31.65
20597,1238,2026-08-31,39.85
20598,1238,2025-12-17,48.42
20599,1238,2026-06-16,70.98
20600,1238,2026-08-08,72.33
20601,1238,2026-06-03,51.63
20602,1238,2025-09-28,44.41
20603,1238,2026-05-31,52.8
20604,1238,2026-08-12,101.15
20605,1238,2026-08-14,56.39
20606,1238,2025-11-05,50.6
20607,1238,2026-01-24,72.93
20608,1238,2026-07-04,45.98
20609,1239,2026-09-14,99.76
20610,1239,2026-03-10,214.88
20611,1239,2026-04-17,198.07
20612,1239,2026-07-24,187.73
20613,1239,2026-03-27,87.74
20614,1239,2026-03-20,206.0
20615,1239,2026-07-11,227.76
20616,1239,2026-02-11,289.01
20617,1239,2025-11-12,261.01
20618,1239,2026-08-15,363.33
20619,1239,2026-08-17,83.62
20620,1239,2026-02-26,188.93
20621,1239,2025-12-12,648.16
20622,1239,2026-08-09,338.37
20623,1239,2025-10-15,109.19
20624,1239,2026-03-30,218.5
20625,1239,2026-08-08,131.08
20626,1239,2026-04-09,172.93
20627,1239,2026-04-14,516.44
20628,1239,2026-04-29,323.25
20629,1239,2026-02-19,105.97
20630,1239,2026-06-19,148.82
20631,1239,2025-09-29,210.08
20632,1239,2026-06-05,186.45
20633,1239,2025-11-12,241.79
20634,1239,2025-11-29,148.21
20635,1239,2026-04-21,178.09
20636,1239,2026-07-08,147.44
20637,1239,2025-10-07,177.98
20638,1239,2026-02-24,288.26
20639,1240,2026-09-04,133.44
20640,1240,2026-05-14,201.6
20641,1240,2026-07-03,228.74
20642,1240,2026-02-01,190.93
20643,1240,2026-03-07,91.74
20644,1240,2026-04-21,329.92
20645,1240,2026-06-01,149.76
20646,1240,2026-02-06,148.56
20647,1240,2025-11-25,178.67
20648,1240,2026-05-07,189.33
20649,1240,2026-05-13,198.83
20650,1240,2025-11-12,324.01
20651,1240,2025-12-19,355.34
20652,1240,2025-12-28,186.87
20653,1240,2026-02-13,160.44
20654,1240,2026-08-01,198.21
20655,1240,2026-07-15,140.47
20656,1240,2026-08-16,207.34
20657,1240,2026-05-19,137.19
20658,1240,2026-08-24,546.95
20659,1240,2026-03-26,222.44
20660,1240,2026-08-26,164.86
20661,1240,2025-09-27,288.51
20662,1240,2026-03-18,120.62
20663,1240,2026-08-31,152.46
20664,1240,2026-07-04,254.12
20665,1240,2026-07-02,223.19
20666,1240,2026-01-15,336.65
20667,1240,2025-12-14,61.48
20668,1240,2026-03-22,303.46
20669,1241,2026-09-20,44.22
20670,1241,2026-04-08,44.21
20671,1241,2026-05-14,84.26
20672,1241,2026-02-28,48.45
20673,1241,2026-01-20,61.19
20674,1241,2025-11-19,91.77
20675,1241,2026-08-14,159.55
20676,1241,2026-08-02,90.4
20677,1241,2026-03-22,48.8
20678,1241,2026-04-21,39.65
20679,1241,2025-11-02,94.99
20680,1242,2026-08-21,208.79
20681,1242,2026-08-05,73.93
20682,1242,2025-10-13,141.87
20683,1242,2025-10-05,370.35
20684,1242,2025-10-14,51.35
20685,1242,2026-02-28,131.8
20686,1243,2026-09-14,23.91
20687,1243,2026-08-05,66.35
20688,1243,2026-05-24,77.5
20689,1243,2026-01-12,53.04
20690,1243,2025-12-09,67.86
20691,1243,2026-03-07,33.6
20692,1243,2025-10-13,30.95
20693,1243,2025-11-17,52.73
20694,1243,2026-07-03,32.51
20695,1243,2025-12-10,51.52
20696,1243,2025-12-02,51.54
20697,1243,2025-11-11,43.66
20698,1243,2026-03-13,51.1
20699,1243,2025-12-17,59.88
20700,1243,2026-01-01,43.02
20701,1243,2025-10-25,36.31
20702,1243,2026-06-01,65.16
20703,1243,2026-07-21,50.89
20704,1243,2025-12-17,55.13
20705,1243,2026-01-31,58.49
20706,1243,2025-10-04,48.11
20707,1243,2026-08-16,38.54
20708,1244,2026-09-11,293.28
20709,1244,2026-06-10,123.16
20710,1244,2026-07-24,179.02
20711,1244,2026-03-13,239.65
20712,1244,2026-08-01,203.19
20713,1244,2026-06-08,158.57
20714,1244,2026-08-04,134.28
20715,1244,2026-09-05,149.17
20716,1244,2026-08-08,129.32
20717,1244,2025-10-07,198.38
20718,1244,2026-07-18,164.3
20719,1244,2026-06-26,112.92
20720,1244,2026-07-19,184.37
20721,1244,2026-08-16,157.22
20722,1244,2026-07-16,236.93
20723,1244,2026-08-06,247.17
20724,1244,2026-07-21,384.13
20725,1244,2026-04-04,281.07
20726,1244,2026-05-02,128.69
20727,1244,2026-07-10,78.98
20728,1244,2026-06-14,106.02
20729,1244,2026-04-01,167.5
20730,1244,2026-04-18,101.85
20731,1244,2026-07-31,159.15
20732,1244,2025-11-02,213.07
20733,1244,2026-04-28,162.99
20734,1244,2026-05-11,238.07
20735,1244,2026-02-22,159.7
20736,1244,2026-06-03,149.04
20737,1244,2026-02-05,452.92
20738,1244,2025-10-26,206.9
20739,1244,2025-11-19,220.86
20740,1245,2026-06-24,95.67
20741,1245,2026-03-29,88.07
20742,1245,2025-11-10,221.06
20743,1245,2026-01-24,92.03
20744,1245,2026-05-24,83.21
20745,1245,2026-03-20,46.71
20746,1245,2025-12-10,64.5
20747,1246,2026-06-04,118.46
20748,1246,2026-01-05,124.75
20749,1246,2026-02-22,68.63
20750,1246,2025-11-14,246.49
20751,1246,2025-10-18,103.73
20752,1246,2026-03-22,106.59
20753,1246,2026-05-09,87.21
20754,1246,2025-10-03,176.17
20755,1246,2026-04-25,179.55
20756,1247,2026-08-30,22.39
20757,1247,2026-08-26,35.28
20758,1247,2026-08-13,32.89
20759,1247,2026-02-11,25.05
20760,1247,2026-07-09,35.75
20761,1248,2026-06-09,283.63
20762,1248,2026-06-08,96.81
20763,1248,2026-03-24,48.47
20764,1248,2026-04-26,71.66
20765,1249,2026-07-28,53.07
20766,1249,2026-04-26,36.18
20767,1249,2026-03-23,161.3
20768,1249,2026-07-20,63.81
20769,1249,2026-04-07,80.41
20770,1249,2026-02-14,109.24
20771,1249,2026-03-21,52.68
20772,1249,2025-10-13,61.83
20773,1249,2026-04-03,89.12
20774,1249,2026-04-26,73.89
20775,1250,2026-09-03,72.74
20776,1250,2026-07-11,62.4
20777,1250,2026-04-23,58.38
20778,1250,2025-12-19,31.35
20779,1250,2026-03-19,68.44
20780,1250,2026-07-31,107.59
20781,1250,2026-04-16,48.76
20782,1250,2026-08-17,194.16
20783,1250,2025-12-25,32.84
20784,1250,2026-01-14,63.27
20785,1250,2025-10-31,46.08
20786,1250,2026-03-23,136.04
20787,1251,2026-09-13,163.1
20788,1251,2026-08-29,237.59
20789,1251,2026-01-20,229.47
20790,1251,2026-01-03,177.0
20791,1251,2026-07-29,274.34
20792,1251,2025-12-01,414.38
20793,1251,2026-04-14,317.44
20794,1251,2026-04-16,196.39
20795,1251,2026-07-03,467.13
20796,1251,2025-11-17,260.88
20797,1251,2026-08-02,128.14
20798,1251,2025-10-03,215.25
20799,1251,2026-02-17,190.48
20800,1251,2026-06-22,164.59
20801,1251,2026-01-16,241.91
20802,1251,2026-01-04,90.16
20803,1251,2026-06-15,432.04
20804,1251,2025-11-08,276.57
20805,1251,2026-09-11,91.7
20806,1251,2026-07-31,275.1
20807,1251,2025-10-06,256.36
20808,1251,2025-12-19,406.06
20809,1251,2026-03-30,456.2
20810,1251,2026-05-25,492.13
20811,1251,2026-01-26,185.32
20812,1251,2026-01-13,267.86
20813,1251,2026-08-18,169.18
20814,1251,2026-04-14,326.16
20815,1251,2026-02-07,79.4
20816,1251,2026-02-18,118.29
20817,1252,2026-09-14,254.22
20818,1252,2025-12-19,148.46
20819,1252,2026-09-07,154.82
20820,1252,2025-12-10,248.54
20821,1252,2026-03-17,113.65
20822,1252,2026-01-07,343.36
20823,1252,2026-06-13,175.29
20824,1252,2026-06-30,267.83
20825,1252,2026-04-04,230.48
20826,1252,2025-11-15,369.26
20827,1252,2025-12-28,80.59
20828,1252,2026-04-17,370.3
20829,1252,2026-07-18,366.59
20830,1252,2026-03-03,238.33
20831,1252,2026-08-26,265.52
20832,1252,2026-01-15,274.64
20833,1252,2026-04-14,140.0
20834,1252,2025-11-09,215.18
20835,1252,2025-10-07,313.44
20836,1252,2026-06-26,93.94
20837,1252,2026-08-04,259.58
20838,1252,2026-02-17,218.39
20839,1252,2026-08-28,278.5
20840,1252,2026-01-20,118.48
20841,1252,2025-11-07,150.27
20842,1252,2025-11-05,112.04
20843,1253,2026-09-19,282.48
20844,1253,2026-01-21,198.71
20845,1253,2026-04-18,100.75
20846,1253,2026-01-31,230.77
20847,1253,2026-04-26,252.23
20848,1253,2026-07-18,193.44
20849,1253,2026-05-16,218.24
20850,1253,2026-05-22,89.8
20851,1253,2026-06-25,216.35
20852,1253,2026-08-13,200.0
20853,1253,2026-04-30,121.68
20854,1253,2026-03-22,266.35
20855,1253,2026-02-16,168.12
20856,1253,2026-02-11,232.81
20857,1253,2026-07-11,261.58
20858,1253,2026-07-29,243.49
20859,1253,2026-07-31,114.86
20860,1253,2026-01-18,176.67
20861,1253,2026-01-15,547.5
20862,1253,2026-03-19,393.51
20863,1253,2026-03-15,305.71
20864,1253,2026-02-02,237.59
20865,1253,2026-05-16,134.62
20866,1253,2025-12-26,195.21
20867,1253,2025-10-29,173.64
20868,1253,2026-06-26,202.15
20869,1253,2026-04-07,109.53
20870,1253,2026-05-29,322.67
20871,1253,2026-05-23,62.69
20872,1253,2026-05-03,308.83
20873,1253,2026-07-04,311.5
20874,1254,2026-03-22,43.62
20875,1254,2025-10-04,38.59
20876,1254,2025-10-07,28.49
20877,1254,2025-09-30,40.92
20878,1254,2025-11-17,18.68
20879,1254,2025-12-08,32.82
20880,1255,2026-09-16,279.71
20881,1255,2026-08-10,247.44
20882,1255,2026-04-30,320.98
20883,1255,2025-10-20,171.97
20884,1255,2025-10-15,474.44
20885,1255,2025-10-20,143.59
20886,1255,2025-12-12,189.82
20887,1255,2026-06-28,181.57
20888,1255,2026-07-21,228.36
20889,1255,2026-04-13,188.54
20890,1255,2026-02-26,200.49
20891,1255,2026-07-08,154.75
20892,1255,2026-07-27,172.39
20893,1255,2026-05-22,76.84
20894,1255,2026-05-15,301.33
20895,1255,2026-06-29,132.58
20896,1255,2026-04-05,168.39
20897,1255,2026-03-18,130.35
20898,1255,2026-08-13,271.36
20899,1255,2026-09-16,164.45
20900,1255,2026-09-04,69.94
20901,1255,2025-12-09,238.28
20902,1255,2025-12-03,150.03
20903,1255,2026-07-22,207.8
20904,1255,2025-10-16,305.39
20905,1255,2026-06-11,134.65
20906,1255,2025-11-02,205.25
20907,1255,2026-07-16,148.39
20908,1255,2025-11-30,327.38
20909,1255,2026-05-13,217.6
20910,1255,2025-12-12,207.83
20911,1255,2026-08-20,120.14
20912,1255,2026-02-25,294.33
20913,1255,2025-11-15,311.62
20914,1255,2026-08-02,148.76
20915,1256,2026-05-19,137.69
20916,1256,2026-02-11,129.36
20917,1256,2025-12-11,101.64
20918,1256,2026-05-19,107.5
20919,1256,2026-03-12,75.17
20920,1256,2025-12-20,54.25
20921,1256,2026-02-01,100.7
20922,1256,2026-05-17,92.84
20923,1256,2026-04-19,136.38
20924,1256,2026-04-26,84.46
20925,1256,2026-01-14,96.67
20926,1256,2026-05-10,102.43
20927,1256,2025-11-21,116.44
20928,1256,2025-12-27,137.92
20929,1256,2026-01-21,58.59
20930,1256,2026-03-31,123.42
20931,1256,2026-04-06,82.98
20932,1257,2026-09-14,28.44
20933,1258,2026-09-12,36.0
20934,1258,2025-12-02,49.63
20935,1258,2026-01-04,86.81
20936,1258,2026-08-10,88.97
20937,1258,2026-02-28,137.38
20938,1258,2025-11-22,24.27
20939,1258,2026-06-09,63.96
20940,1258,2025-12-29,131.17
20941,1258,2026-04-29,77.33
20942,1258,2026-07-23,72.93
20943,1259,2026-09-13,37.39
20944,1259,2026-09-13,40.16
20945,1259,2026-05-11,76.65
20946,1259,2026-02-01,45.64
20947,1259,2025-10-22,36.69
20948,1259,2026-07-22,31.3
20949,1259,2026-02-01,51.97
20950,1259,2025-12-04,35.67
20951,1259,2025-10-19,58.79
20952,1259,2026-06-07,141.39
20953,1259,2026-08-31,56.82
20954,1259,2025-10-11,101.34
20955,1259,2025-11-11,32.62
20956,1259,2026-06-16,61.22
20957,1259,2026-07-28,79.18
20958,1259,2026-03-09,83.73
20959,1259,2026-06-22,80.02
20960,1259,2026-02-26,45.34
20961,1260,2026-06-23,38.46
20962,1260,2026-05-27,86.38
20963,1260,2025-11-13,74.42
20964,1260,2025-10-07,119.92
20965,1260,2025-10-26,62.14
20966,1260,2026-03-26,62.99
20967,1260,2025-12-22,112.77
20968,1260,2025-10-10,152.7
20969,1260,2026-04-13,90.11
20970,1260,2026-05-26,256.0
20971,1260,2026-02-07,77.12
20972,1260,2026-02-15,122.2
20973,1260,2025-12-17,104.94
20974,1260,2026-05-01,77.14
20975,1260,2026-02-22,162.38
20976,1261,2026-09-05,110.19
20977,1261,2026-02-16,71.16
20978,1261,2026-01-04,185.66
20979,1261,2026-07-12,180.53
20980,1261,2026-06-08,224.76
20981,1261,2026-01-25,306.81
20982,1261,2026-03-10,206.0
20983,1261,2026-02-26,160.1
20984,1261,2025-11-15,209.59
20985,1261,2026-04-09,168.15
20986,1261,2026-02-04,108.02
20987,1261,2026-02-01,323.15
20988,1261,2026-07-24,254.21
20989,1261,2026-03-14,403.08
20990,1261,2026-02-28,120.35
20991,1261,2026-07-19,101.54
20992,1261,2026-07-23,137.82
20993,1261,2026-06-07,251.29
20994,1261,2026-04-12,309.09
20995,1261,2026-04-10,238.87
20996,1261,2026-06-19,224.02
20997,1261,2026-04-21,308.48
20998,1261,2026-05-28,170.78
20999,1261,2025-10-29,337.82
21000,1261,2026-01-22,513.05
21001,1261,2025-10-16,130.17
21002,1261,2026-01-25,187.31
21003,1261,2026-03-05,112.36
21004,1261,2026-03-20,136.02
21005,1261,2026-06-06,250.57
21006,1261,2026-07-06,98.35
21007,1261,2025-12-04,147.86
21008,1261,2026-04-24,337.39
21009,1261,2026-07-05,232.21
21010,1261,2026-04-15,296.7
21011,1261,2026-03-20,117.33
21012,1261,2026-01-17,216.5
21013,1262,2026-09-13,44.59
21014,1262,2025-09-28,22.88
21015,1262,2026-02-02,32.65
21016,1262,2025-11-13,15.2
21017,1262,2025-10-14,48.91
21018,1262,2025-10-14,53.8
21019,1262,2025-11-28,32.78
21020,1262,2026-02-07,42.72
21021,1262,2025-10-14,29.03
21022,1262,2026-05-19,79.21
21023,1262,2026-03-05,25.23
21024,1262,2026-04-07,39.12
21025,1262,2026-05-16,25.09
21026,1262,2026-05-21,50.02
21027,1262,2025-10-05,71.8
21028,1262,2026-05-13,17.68
21029,1262,2026-08-07,60.4
21030,1262,2026-04-16,93.77
21031,1262,2026-05-04,47.69
21032,1262,2025-10-18,33.22
21033,1262,2025-12-12,44.24
21034,1262,2026-03-22,35.2
21035,1262,2025-11-25,108.92
21036,1262,2026-04-24,65.52
21037,1262,2026-06-27,67.48
21038,1262,2026-01-31,118.68
21039,1262,2026-02-06,82.41
21040,1262,2026-06-04,42.61
21041,1263,2026-08-19,112.38
21042,1263,2026-06-22,113.81
21043,1263,2025-12-27,92.1
21044,1263,2026-01-05,252.17
21045,1263,2026-04-18,86.79
21046,1263,2026-03-27,158.61
21047,1264,2026-06-01,93.65
21048,1264,2026-05-10,79.52
21049,1264,2026-01-22,63.39
21050,1264,2026-01-01,78.02
21051,1264,2026-04-04,170.04
21052,1264,2026-03-15,65.68
21053,1264,2026-02-25,68.64
21054,1264,2026-03-05,117.87
21055,1265,2026-09-06,93.37
21056,1265,2025-10-26,44.47
21057,1265,2026-03-28,43.07
21058,1265,2026-03-30,12.07
21059,1265,2025-11-30,70.95
21060,1265,2026-01-03,53.52
21061,1265,2026-03-15,42.79
21062,1265,2025-11-16,58.73
21063,1265,2025-12-25,45.78
21064,1265,2026-02-19,29.43
21065,1265,2026-01-14,52.98
21066,1265,2026-07-12,41.3
21067,1265,2025-10-20,62.81
21068,1265,2025-11-05,39.67
21069,1265,2026-05-03,36.44
21070,1265,2026-08-24,35.23
21071,1265,2025-11-25,30.23
21072,1265,2026-03-16,35.57
21073,1265,2026-06-08,54.65
21074,1265,2025-09-27,32.11
21075,1265,2026-02-26,26.52
21076,1265,2026-06-28,64.19
21077,1265,2026-02-05,42.29
21078,1265,2025-12-17,63.58
21079,1265,2026-04-06,40.75
21080,1265,2026-01-12,34.79
21081,1265,2026-08-02,20.54
21082,1265,2026-06-03,27.06
21083,1265,2026-04-09,30.39
21084,1265,2026-07-29,51.06
21085,1265,2026-06-30,42.85
21086,1265,2026-03-04,28.37
21087,1265,2026-03-22,12.88
21088,1265,2026-05-05,55.41
21089,1266,2026-09-11,98.11
21090,1266,2026-09-04,33.52
21091,1266,2026-08-10,154.72
21092,1266,2025-12-01,125.88
21093,1266,2026-06-05,105.12
21094,1266,2025-11-22,68.63
21095,1266,2026-05-11,92.73
21096,1266,2026-01-11,174.06
21097,1266,2025-09-28,105.92
21098,1266,2025-12-19,294.14
21099,1266,2026-08-14,129.67
21100,1266,2026-06-26,59.52
21101,1266,2026-07-29,74.81
21102,1266,2025-10-11,65.39
21103,1266,2026-05-21,132.39
21104,1266,2026-03-19,151.25
21105,1267,2026-08-29,209.57
21106,1267,2025-10-24,145.68
21107,1267,2026-01-15,250.36
21108,1267,2026-08-05,155.17
21109,1267,2025-10-08,183.84
21110,1267,2025-11-11,406.12
21111,1267,2026-07-04,222.01
21112,1267,2025-11-15,276.85
21113,1267,2026-04-26,166.03
21114,1267,2026-04-26,224.99
21115,1267,2026-02-16,148.45
21116,1267,2025-10-27,145.52
21117,1267,2026-05-03,174.43
21118,1267,2026-02-16,153.63
21119,1267,2026-07-01,335.03
21120,1267,2026-08-01,272.52
21121,1267,2026-02-08,74.86
21122,1267,2026-06-11,456.23
21123,1267,2026-08-16,280.23
21124,1267,2026-08-27,351.49
21125,1267,2026-04-24,194.45
21126,1267,2026-06-06,107.21
21127,1267,2025-10-05,115.73
21128,1267,2026-03-21,452.76
21129,1267,2026-03-21,100.97
21130,1267,2026-07-08,109.57
21131,1267,2026-07-26,172.83
21132,1267,2026-05-20,112.61
21133,1267,2025-11-21,266.94
21134,1267,2026-02-01,276.43
21135,1268,2026-08-15,58.0
21136,1268,2026-06-18,43.18
21137,1268,2025-10-28,135.33
21138,1268,2026-03-12,51.4
21139,1268,2025-12-13,55.03
21140,1268,2026-07-12,71.36
21141,1268,2026-04-19,102.29
21142,1268,2026-06-16,71.89
21143,1268,2026-02-11,64.98
21144,1268,2026-08-08,138.18
21145,1268,2026-04-14,77.47
21146,1268,2026-03-04,62.83
21147,1268,2026-03-14,107.49
21148,1269,2026-08-22,30.41
21149,1269,2025-11-23,16.29
21150,1269,2026-03-11,38.43
21151,1269,2025-09-30,112.97
21152,1269,2026-04-27,27.88
21153,1269,2026-03-22,30.02
21154,1269,2026-04-04,37.53
21155,1269,2025-09-28,90.16
21156,1269,2025-12-27,38.28
21157,1269,2026-02-12,28.39
21158,1269,2026-04-24,52.99
21159,1269,2026-08-03,51.24
21160,1269,2025-10-28,56.02
21161,1269,2026-07-17,27.9
21162,1269,2025-12-25,34.91
21163,1269,2026-03-06,74.68
21164,1269,2026-01-03,54.09
21165,1269,2025-10-21,64.75
21166,1269,2026-06-19,43.92
21167,1269,2026-07-21,72.39
21168,1269,2026-04-22,51.35
21169,1269,2026-02-14,35.55
21170,1270,2026-08-04,63.14
21171,1270,2026-01-04,71.04
21172,1270,2026-04-27,47.36
21173,1270,2026-06-16,33.83
21174,1270,2026-01-16,44.12
21175,1270,2026-07-27,33.51
21176,1270,2026-06-20,15.95
21177,1270,2026-07-03,30.67
21178,1270,2026-06-23,56.62
21179,1270,2026-08-02,39.84
21180,1270,2026-04-22,39.17
21181,1270,2025-11-27,74.05
21182,1270,2026-05-08,29.16
21183,1270,2026-05-19,30.47
21184,1270,2025-10-02,52.23
21185,1270,2026-03-07,32.67
21186,1271,2026-09-13,200.86
21187,1271,2026-09-05,62.95
21188,1271,2026-08-19,80.59
21189,1271,2026-01-19,109.55
21190,1271,2026-05-20,238.14
21191,1271,2026-06-16,74.85
21192,1271,2025-11-16,59.51
21193,1272,2026-08-31,38.37
21194,1272,2025-09-29,38.6
21195,1272,2025-12-31,54.69
21196,1272,2026-08-17,46.86
21197,1272,2026-08-02,54.74
21198,1272,2026-02-06,55.1
21199,1272,2025-10-03,32.28
21200,1272,2026-03-03,31.07
21201,1272,2026-01-14,39.67
21202,1272,2026-05-25,55.54
21203,1272,2026-06-19,22.31
21204,1272,2026-06-11,40.6
21205,1272,2025-10-16,44.28
21206,1272,2025-12-13,36.15
21207,1272,2026-05-02,84.6
21208,1272,2026-08-09,78.34
21209,1272,2025-11-12,54.25
21210,1272,2026-05-27,99.82
21211,1272,2026-06-11,66.81
21212,1272,2026-01-05,47.8
21213,1272,2026-07-21,36.31
21214,1272,2026-06-21,37.67
21215,1272,2026-03-14,53.4
21216,1272,2026-07-23,38.07
21217,1272,2025-10-25,22.74
21218,1273,2026-09-24,27.3
21219,1273,2025-10-02,43.06
21220,1273,2026-02-07,17.96
21221,1273,2026-06-11,54.99
21222,1273,2025-11-26,37.26
21223,1273,2026-09-15,34.12
21224,1273,2026-02-26,60.44
21225,1273,2025-12-05,25.41
21226,1273,2026-01-07,47.33
21227,1273,2026-08-16,38.62
21228,1273,2025-11-18,41.49
21229,1273,2026-05-10,51.14
21230,1273,2026-03-19,102.23
21231,1273,2026-03-28,53.84
21232,1273,2026-05-22,82.92
21233,1273,2026-05-27,84.32
21234,1273,2025-10-27,63.63
21235,1273,2026-01-26,19.63
21236,1274,2026-05-11,24.11
21237,1274,2026-04-26,32.43
21238,1274,2026-01-27,56.78
21239,1274,2026-04-25,30.7
21240,1274,2026-01-20,18.22
21241,1274,2025-10-29,36.31
21242,1275,2026-09-05,223.53
21243,1275,2026-06-10,293.68
21244,1275,2026-02-26,162.37
21245,1275,2025-12-12,368.63
21246,1275,2025-10-27,217.73
21247,1275,2026-06-26,453.27
21248,1275,2026-01-03,293.85
21249,1275,2025-12-24,237.95
21250,1275,2026-03-20,123.38
21251,1275,2026-02-13,115.94
21252,1275,2026-01-22,431.6
21253,1275,2026-04-04,311.71
21254,1275,2026-02-12,184.72
21255,1275,2026-04-05,174.09
21256,1275,2026-03-27,232.05
21257,1275,2026-04-02,114.64
21258,1275,2026-03-30,170.15
21259,1275,2026-05-17,276.65
21260,1275,2026-07-31,293.81
21261,1275,2026-03-04,177.94
21262,1275,2026-04-12,431.48
21263,1275,2026-08-24,336.08
21264,1275,2026-03-07,148.59
21265,1275,2025-11-17,118.27
21266,1275,2026-06-09,274.42
21267,1276,2026-07-05,73.06
21268,1276,2025-10-25,120.63
21269,1276,2026-01-12,99.38
21270,1276,2026-01-15,288.24
21271,1277,2026-08-05,97.62
21272,1277,2026-07-07,116.06
21273,1277,2026-06-26,119.17
21274,1277,2026-04-02,50.01
21275,1277,2026-01-11,113.18
21276,1277,2025-12-01,89.21
21277,1278,2026-09-04,186.52
21278,1278,2026-04-01,203.92
21279,1278,2025-11-15,205.85
21280,1278,2026-09-03,228.14
21281,1278,2026-01-11,161.82
21282,1278,2025-10-22,343.34
21283,1278,2026-01-08,398.36
21284,1278,2026-02-13,165.36
21285,1278,2026-03-06,124.11
21286,1278,2026-07-10,114.63
21287,1278,2026-07-14,251.98
21288,1278,2026-07-23,273.59
21289,1278,2025-10-18,252.46
21290,1278,2026-04-28,262.42
21291,1278,2025-10-07,162.61
21292,1278,2026-02-06,85.76
21293,1278,2025-12-19,167.89
21294,1278,2025-10-16,442.02
21295,1278,2026-03-12,236.58
21296,1278,2026-08-17,254.21
21297,1278,2025-11-25,315.53
21298,1278,2026-05-06,143.89
21299,1278,2026-07-14,232.22
21300,1278,2026-06-08,264.44
21301,1278,2025-09-28,138.03
21302,1278,2026-04-13,247.36
21303,1278,2026-02-18,376.16
21304,1278,2025-12-06,175.35
21305,1278,2026-02-17,96.74
21306,1278,2026-07-12,226.96
21307,1279,2026-09-19,98.18
21308,1279,2026-05-11,97.03
21309,1279,2026-08-04,80.07
21310,1279,2026-09-15,125.96
21311,1279,2026-01-30,56.45
21312,1279,2026-01-15,95.29
21313,1279,2025-10-26,117.96
21314,1279,2026-02-23,70.52
21315,1279,2026-06-13,48.51
21316,1279,2026-09-10,41.97
21317,1279,2026-03-15,96.52
21318,1279,2026-06-08,192.89
21319,1280,2026-05-16,58.73
21320,1280,2025-11-12,34.23
21321,1280,2026-03-08,17.27
21322,1280,2025-12-23,31.42
21323,1280,2026-03-21,13.12
21324,1280,2025-11-09,25.85
21325,1280,2026-02-07,63.8
21326,1281,2026-08-03,121.71
21327,1281,2026-02-14,202.88
21328,1281,2026-01-04,66.08
21329,1281,2025-12-17,102.43
21330,1281,2026-06-27,97.32
21331,1282,2026-09-19,34.98
21332,1282,2025-10-03,29.25
21333,1282,2025-12-19,63.2
21334,1282,2026-05-10,49.0
21335,1282,2026-08-30,34.02
21336,1282,2025-11-29,26.92
21337,1282,2026-06-08,33.2
21338,1282,2026-01-31,53.68
21339,1282,2026-01-05,96.13
21340,1282,2026-06-04,40.91
21341,1282,2026-06-06,30.93
21342,1282,2026-03-18,118.8
21343,1282,2026-04-05,38.07
21344,1282,2026-08-09,31.48
21345,1282,2026-08-21,37.46
21346,1282,2026-09-03,36.63
21347,1282,2026-05-29,79.71
21348,1282,2026-08-02,21.19
21349,1282,2025-12-22,58.8
21350,1282,2025-11-12,44.78
21351,1282,2025-12-08,35.03
21352,1282,2026-06-19,38.69
21353,1282,2026-05-23,40.2
21354,1282,2025-10-09,46.82
21355,1282,2026-08-03,36.73
21356,1283,2026-08-29,45.9
21357,1283,2026-05-07,35.18
21358,1283,2026-07-05,32.24
21359,1283,2026-05-06,64.3
21360,1283,2025-11-23,77.41
21361,1283,2026-06-01,124.75
21362,1283,2025-10-09,55.31
21363,1283,2026-07-16,47.43
21364,1283,2025-09-26,67.52
21365,1283,2025-11-28,29.91
21366,1283,2026-08-06,60.09
21367,1283,2026-02-27,71.82
21368,1283,2026-01-11,71.35
21369,1283,2026-03-28,95.29
21370,1283,2025-10-02,34.38
21371,1283,2026-07-16,36.06
21372,1283,2026-02-28,40.85
21373,1283,2026-03-09,27.24
21374,1283,2026-02-04,57.34
21375,1284,2026-05-20,18.85
21376,1284,2026-03-18,36.49
21377,1284,2025-10-23,48.96
21378,1284,2026-04-18,17.08
21379,1284,2025-11-17,29.18
21380,1284,2025-11-09,42.78
21381,1284,2026-03-29,27.56
21382,1285,2026-08-12,86.12
21383,1285,2026-06-05,40.67
21384,1285,2026-08-06,74.95
21385,1285,2026-04-30,104.79
21386,1285,2026-01-07,77.67
21387,1285,2025-10-30,123.49
21388,1285,2026-01-21,105.24
21389,1285,2026-04-07,34.11
21390,1285,2025-10-30,154.3
21391,1285,2026-02-17,100.7
21392,1285,2026-07-01,69.66
21393,1285,2026-04-07,72.85
21394,1285,2025-11-14,35.22
21395,1285,2026-03-26,99.27
21396,1285,2026-02-17,120.64
21397,1285,2026-07-26,66.27
21398,1285,2026-01-13,59.89
21399,1285,2026-05-05,95.88
21400,1285,2026-07-14,154.07
21401,1285,2025-10-12,147.04
21402,1285,2026-04-03,130.69
21403,1285,2025-11-19,223.38
21404,1286,2026-08-21,101.53
21405,1286,2026-02-24,96.85
21406,1286,2025-11-30,89.29
21407,1286,2025-12-03,114.37
21408,1286,2025-10-01,122.92
21409,1286,2026-04-01,47.96
21410,1286,2026-05-15,88.18
21411,1286,2025-11-05,74.57
21412,1286,2026-03-18,98.22
21413,1286,2026-02-05,74.63
21414,1287,2026-08-19,50.71
21415,1287,2026-01-15,33.63
21416,1287,2026-01-25,20.45
21417,1287,2026-01-13,66.03
21418,1287,2025-10-10,60.27
21419,1287,2026-02-06,44.2
21420,1287,2026-07-13,45.88
21421,1287,2026-02-15,40.99
21422,1287,2026-08-11,28.28
21423,1287,2026-07-19,80.99
21424,1287,2026-06-09,43.01
21425,1287,2026-07-10,52.95
21426,1287,2025-10-04,35.95
21427,1287,2026-01-13,54.92
21428,1287,2026-02-09,75.34
21429,1287,2026-08-09,48.5
21430,1287,2026-07-05,52.93
21431,1287,2026-07-12,66.8
21432,1288,2026-06-23,133.31
21433,1288,2025-11-09,295.25
21434,1288,2026-01-26,123.41
21435,1289,2026-08-27,57.31
21436,1289,2025-10-16,72.23
21437,1289,2025-10-21,40.07
21438,1289,2026-07-04,56.26
21439,1289,2026-06-18,68.47
21440,1289,2026-06-29,43.2
21441,1289,2026-05-31,30.38
21442,1289,2025-10-27,29.44
21443,1289,2026-08-01,37.2
21444,1289,2026-02-21,49.84
21445,1289,2025-10-17,41.82
21446,1289,2025-11-23,36.1
21447,1289,2026-03-28,61.05
21448,1289,2026-03-01,36.57
21449,1289,2026-04-15,34.39
21450,1289,2026-01-15,68.67
21451,1289,2025-09-30,57.65
21452,1289,2026-02-13,25.93
21453,1289,2026-04-06,24.72
21454,1289,2025-10-28,27.34
21455,1289,2026-05-07,44.38
21456,1289,2026-08-06,76.47
21457,1290,2026-07-24,48.0
21458,1290,2026-05-22,66.78
21459,1290,2025-12-05,29.59
21460,1290,2026-03-05,89.08
21461,1290,2026-01-13,74.72
21462,1290,2026-03-23,52.75
21463,1290,2025-12-02,98.98
21464,1290,2025-11-09,37.89
21465,1290,2025-11-05,64.33
21466,1290,2026-01-11,51.02
21467,1290,2026-05-01,33.77
21468,1290,2026-01-13,34.23
21469,1290,2026-01-17,112.24
21470,1290,2026-05-18,72.48
21471,1290,2025-11-08,67.15
21472,1290,2025-12-10,33.96
21473,1290,2026-03-13,61.88
21474,1290,2026-07-13,38.13
21475,1290,2025-12-19,96.62
21476,1290,2026-05-21,77.67
21477,1290,2025-12-10,68.06
21478,1291,2026-08-29,170.74
21479,1291,2026-04-12,42.0
21480,1291,2026-07-17,49.72
21481,1291,2026-02-12,42.94
21482,1291,2026-06-13,46.24
21483,1291,2026-01-11,53.15
21484,1291,2026-04-30,88.79
21485,1291,2026-03-18,30.85
21486,1291,2025-11-18,45.18
21487,1291,2026-01-16,59.37
21488,1291,2026-05-23,80.05
21489,1291,2026-08-28,17.04
21490,1291,2025-12-27,23.98
21491,1291,2026-05-11,45.83
21492,1291,2026-08-04,74.47
21493,1291,2026-02-04,36.25
21494,1291,2025-11-30,60.81
21495,1291,2026-01-21,109.59
21496,1291,2025-11-23,45.21
21497,1291,2026-06-25,40.61
21498,1291,2025-11-14,55.65
21499,1292,2026-03-15,17.5
21500,1292,2026-01-18,25.9
21501,1292,2025-12-06,30.35
21502,1292,2025-12-02,18.29
21503,1293,2026-09-21,31.72
21504,1293,2025-10-06,68.09
21505,1293,2026-05-12,32.52
21506,1293,2026-02-09,33.43
21507,1293,2026-09-07,28.95
21508,1293,2026-09-20,37.2
21509,1293,2026-01-14,39.4
21510,1293,2026-01-24,51.35
21511,1293,2025-12-17,24.48
21512,1293,2026-03-04,36.58
21513,1293,2026-06-01,31.39
21514,1293,2026-08-17,54.55
21515,1293,2025-10-08,51.56
21516,1293,2026-07-17,28.31
21517,1293,2025-09-30,56.16
21518,1293,2026-06-15,43.95
21519,1293,2026-02-28,64.3
21520,1293,2026-08-19,33.65
21521,1293,2025-12-09,58.7
21522,1293,2026-04-29,66.41
21523,1293,2026-03-09,46.42
21524,1293,2026-08-05,115.66
21525,1293,2026-06-19,56.14
21526,1294,2026-08-26,42.21
21527,1294,2026-07-02,179.46
21528,1294,2026-03-05,107.16
21529,1294,2026-04-30,132.04
21530,1294,2025-11-19,105.11
21531,1294,2026-06-23,160.85
21532,1294,2025-10-16,87.83
21533,1295,2026-06-17,120.72
21534,1295,2026-04-01,97.83
21535,1295,2026-02-25,103.93
21536,1295,2026-06-10,207.71
21537,1296,2026-09-14,133.09
21538,1296,2026-07-29,48.04
21539,1296,2025-11-15,48.51
21540,1296,2026-02-07,75.42
21541,1296,2026-03-20,27.6
21542,1296,2026-06-17,11.49
21543,1296,2026-01-26,98.19
21544,1296,2026-04-07,59.07
21545,1296,2026-01-28,36.83
21546,1296,2026-08-24,46.18
21547,1296,2026-05-07,72.25
21548,1296,2026-08-07,42.46
21549,1296,2026-04-21,48.03
21550,1296,2026-01-06,112.46
21551,1296,2026-08-05,25.71
21552,1296,2025-11-25,56.79
21553,1296,2025-11-26,25.97
21554,1296,2026-06-11,90.93
21555,1297,2026-09-23,197.77
21556,1297,2026-08-08,186.01
21557,1297,2026-09-14,215.15
21558,1297,2026-01-05,219.24
21559,1297,2026-02-15,123.47
21560,1297,2026-01-17,426.66
21561,1297,2026-05-16,153.55
21562,1297,2026-07-05,216.4
21563,1297,2025-12-03,354.76
21564,1297,2025-12-31,180.06
21565,1297,2026-09-03,233.63
21566,1297,2025-10-07,78.34
21567,1297,2026-03-06,86.08
21568,1297,2026-06-09,207.6
21569,1297,2026-05-16,228.69
21570,1297,2026-03-09,345.46
21571,1297,2026-08-21,301.16
21572,1297,2026-08-25,102.58
21573,1297,2026-04-26,371.6
21574,1297,2025-10-11,122.9
21575,1297,2026-04-28,309.62
21576,1297,2025-11-16,171.37
21577,1297,2025-12-24,712.81
21578,1297,2025-11-20,161.01
21579,1297,2026-07-30,203.12
21580,1297,2025-09-26,225.51
21581,1297,2025-11-26,188.29
21582,1297,2025-11-16,134.07
21583,1297,2026-09-06,566.2
21584,1297,2026-06-19,159.54
21585,1297,2026-03-20,156.99
21586,1297,2026-02-07,199.91
21587,1297,2026-01-31,229.08
21588,1298,2026-09-14,529.73
21589,1298,2026-07-16,146.16
21590,1298,2026-01-15,85.38
21591,1298,2025-10-19,234.54
21592,1298,2026-01-08,173.07
21593,1298,2026-03-21,274.58
21594,1298,2025-11-22,425.19
21595,1298,2026-07-09,247.93
21596,1298,2026-06-17,232.58
21597,1298,2026-01-29,282.57
21598,1298,2025-12-24,709.26
21599,1298,2026-06-10,585.48
21600,1298,2026-02-01,182.17
21601,1298,2025-12-09,321.99
21602,1298,2026-03-05,469.11
21603,1298,2026-07-19,286.91
21604,1298,2025-10-04,203.82
21605,1298,2026-05-11,167.85
21606,1298,2026-04-21,219.53
21607,1298,2026-02-24,125.74
21608,1298,2026-06-23,314.19
21609,1298,2026-08-19,392.69
21610,1298,2025-11-21,175.65
21611,1298,2025-12-22,171.46
21612,1298,2026-07-11,130.56
21613,1298,2026-03-16,259.1
21614,1298,2025-12-25,208.97
21615,1298,2025-10-01,109.68
21616,1298,2025-10-21,779.63
21617,1298,2026-08-22,94.34
21618,1298,2025-11-28,109.86
21619,1298,2026-07-26,320.5
21620,1298,2026-02-02,282.25
21621,1298,2026-02-17,152.27
21622,1298,2025-10-23,147.92
21623,1298,2026-02-20,258.05
21624,1298,2026-03-25,248.95
21625,1298,2026-02-12,152.99
21626,1299,2026-02-16,35.24
21627,1299,2026-02-06,43.94
21628,1299,2025-11-07,37.9
21629,1300,2026-08-22,21.81
21630,1300,2025-10-16,36.2
21631,1300,2025-09-30,46.92
21632,1300,2026-03-30,38.63
21633,1300,2026-01-10,30.08
21634,1300,2025-12-20,15.34
21635,1300,2026-06-28,75.35
21636,1300,2025-10-03,44.2
21637,1300,2026-02-20,51.99
21638,1300,2025-12-19,48.81
21639,1300,2026-07-12,56.29
21640,1300,2026-05-12,50.15
21641,1300,2025-10-16,47.04
21642,1300,2026-03-10,63.44
21643,1300,2026-08-15,69.88
21644,1300,2026-02-06,83.86
21645,1300,2025-11-13,30.95
21646,1300,2026-07-26,50.35
21647,1300,2026-06-21,21.85
21648,1300,2026-03-13,36.24
21649,1300,2026-04-12,41.18
21650,1300,2026-07-20,62.81
21651,1300,2026-06-20,42.68
21652,1300,2026-03-07,60.91
21653,1300,2026-02-05,38.53
21654,1301,2026-08-20,157.04
21655,1301,2026-07-23,86.34
21656,1301,2025-12-24,205.09
21657,1301,2025-10-16,182.59
21658,1301,2026-06-14,199.41
21659,1301,2025-10-29,162.32
21660,1301,2026-07-09,79.93
21661,1301,2026-01-23,107.51
21662,1301,2026-03-05,95.83
21663,1302,2026-09-10,27.82
21664,1302,2025-11-18,39.69
21665,1302,2026-05-14,51.85
21666,1302,2026-07-17,28.9
21667,1302,2026-08-12,28.5
21668,1302,2026-08-22,39.1
21669,1302,2025-10-29,81.74
21670,1302,2026-07-16,17.08
21671,1302,2026-01-22,13.65
21672,1302,2026-07-09,98.26
21673,1302,2026-03-11,22.6
21674,1302,2025-12-18,37.5
21675,1302,2026-07-21,22.9
21676,1302,2026-03-22,39.27
21677,1302,2026-04-15,42.33
21678,1302,2025-12-17,92.89
21679,1302,2026-02-24,62.24
21680,1302,2025-12-23,25.26
21681,1303,2026-06-25,26.58
21682,1303,2026-05-24,53.8
21683,1303,2025-11-11,19.03
21684,1303,2026-01-17,29.06
21685,1303,2026-02-09,21.96
21686,1304,2026-08-05,107.91
21687,1304,2026-01-15,133.3
21688,1304,2026-01-03,88.85
21689,1304,2026-08-03,44.73
21690,1304,2025-11-21,93.85
21691,1304,2026-01-13,220.21
21692,1304,2025-11-28,135.63
21693,1304,2025-12-16,108.71
21694,1304,2026-02-27,147.57
21695,1305,2026-09-02,86.95
21696,1305,2026-08-16,76.9
21697,1305,2025-10-24,49.7
21698,1305,2025-10-15,54.95
21699,1305,2026-03-02,118.38
21700,1305,2026-08-10,117.4
21701,1305,2026-04-02,57.65
21702,1305,2025-12-29,107.58
21703,1305,2025-12-04,99.2
21704,1305,2025-12-09,137.11
21705,1305,2025-12-08,238.48
21706,1305,2026-08-01,116.57
21707,1305,2026-01-12,65.95
21708,1306,2026-08-23,49.24
21709,1306,2025-12-23,50.43
21710,1306,2026-06-27,123.87
21711,1306,2025-11-11,103.38
21712,1306,2026-07-20,236.47
21713,1306,2026-05-28,65.52
21714,1306,2026-06-29,121.98
21715,1306,2026-07-25,80.58
21716,1306,2025-11-02,131.83
21717,1306,2026-07-10,127.2
21718,1306,2026-07-22,88.89
21719,1306,2026-07-23,64.49
21720,1306,2026-01-21,77.26
21721,1306,2026-06-08,54.55
21722,1306,2026-01-09,106.06
21723,1307,2026-06-26,57.02
21724,1307,2026-02-26,33.68
21725,1307,2026-04-19,36.94
21726,1307,2026-01-27,48.71
21727,1307,2025-10-15,44.79
21728,1307,2026-04-29,43.06
21729,1308,2026-04-14,36.6
21730,1308,2025-12-17,41.98
21731,1308,2026-01-13,109.22
21732,1308,2026-01-02,32.37
21733,1308,2026-03-10,22.45
21734,1309,2026-09-20,187.76
21735,1309,2026-05-03,194.08
21736,1309,2026-01-30,184.73
21737,1309,2026-06-29,245.3
21738,1309,2026-06-30,197.29
21739,1309,2026-04-11,222.24
21740,1309,2026-09-13,151.84
21741,1309,2025-10-22,132.25
21742,1309,2026-06-20,139.52
21743,1309,2025-12-14,253.3
21744,1309,2026-06-09,205.99
21745,1309,2025-12-04,168.18
21746,1309,2026-07-16,283.05
21747,1309,2026-01-11,404.69
21748,1309,2026-01-04,168.08
21749,1309,2026-01-03,128.94
21750,1309,2026-09-01,321.31
21751,1309,2026-07-29,211.46
21752,1309,2025-11-11,193.37
21753,1309,2026-05-19,331.99
21754,1309,2025-12-06,186.6
21755,1309,2025-11-25,251.08
21756,1309,2026-01-14,225.7
21757,1309,2026-07-19,904.27
21758,1309,2026-05-23,197.69
21759,1309,2026-08-24,320.11
21760,1309,2026-09-18,187.6
21761,1310,2026-07-29,106.1
21762,1310,2025-11-12,67.21
21763,1310,2026-05-21,241.72
21764,1310,2026-02-17,72.77
21765,1310,2026-03-30,157.7
21766,1310,2026-03-04,150.62
21767,1310,2026-03-29,80.57
21768,1310,2026-05-03,64.6
21769,1310,2026-02-25,84.71
21770,1310,2026-06-24,149.98
21771,1311,2026-09-06,38.48
21772,1311,2026-06-22,84.0
21773,1311,2026-01-20,51.93
21774,1311,2025-11-05,42.0
21775,1311,2026-07-02,40.58
21776,1311,2025-10-20,18.85
21777,1311,2026-04-14,42.56
21778,1311,2026-03-14,41.07
21779,1311,2026-05-06,46.05
21780,1311,2025-09-30,41.31
21781,1311,2026-01-17,85.58
21782,1311,2026-05-06,39.87
21783,1311,2026-08-13,30.78
21784,1311,2025-11-02,21.28
21785,1311,2026-01-23,36.82
21786,1311,2026-07-25,28.09
21787,1311,2026-03-29,25.09
21788,1311,2026-06-07,39.11
21789,1311,2026-06-08,75.11
21790,1311,2026-03-25,68.54
21791,1311,2026-08-16,25.27
21792,1311,2026-06-13,45.75
21793,1312,2026-06-23,228.46
21794,1312,2026-06-09,135.0
21795,1312,2025-10-14,51.83
21796,1312,2025-10-02,74.55
21797,1312,2025-12-21,60.3
21798,1312,2025-12-25,161.16
21799,1312,2026-05-21,33.41
21800,1312,2026-05-13,73.86
21801,1312,2025-12-13,65.78
21802,1312,2025-09-28,53.08
21803,1312,2025-11-18,189.83
21804,1312,2026-04-12,44.48
21805,1312,2025-12-22,52.58
21806,1312,2026-01-06,184.53
21807,1312,2026-06-09,86.06
21808,1312,2025-10-29,83.17
21809,1313,2026-09-12,64.14
21810,1313,2026-07-11,34.51
21811,1313,2026-08-03,44.13
21812,1313,2026-05-03,34.11
21813,1313,2026-06-16,37.46
21814,1313,2026-05-25,25.33
21815,1313,2025-10-15,49.47
21816,1313,2026-03-07,46.73
21817,1313,2026-05-30,85.03
21818,1313,2025-12-30,45.89
21819,1313,2025-11-29,31.71
21820,1313,2026-04-13,83.99
21821,1313,2026-08-26,51.48
21822,1313,2026-04-01,47.57
21823,1313,2026-04-29,43.41
21824,1313,2026-07-08,46.76
21825,1313,2026-02-08,29.59
21826,1313,2025-12-27,42.01
21827,1313,2026-04-25,39.48
21828,1313,2026-05-01,51.17
21829,1313,2025-12-08,72.03
21830,1313,2026-07-12,67.31
21831,1313,2025-10-03,54.85
21832,1313,2026-04-18,20.07
21833,1314,2026-09-05,164.98
21834,1314,2026-03-12,185.93
21835,1314,2026-01-12,139.39
21836,1314,2026-08-25,177.56
21837,1314,2026-01-25,225.97
21838,1314,2026-02-04,258.01
21839,1314,2025-10-01,363.35
21840,1314,2025-11-17,201.58
21841,1314,2025-12-28,177.85
21842,1314,2026-01-30,114.02
21843,1314,2026-05-26,238.03
21844,1314,2025-12-13,166.07
21845,1314,2026-02-27,185.38
21846,1314,2026-03-16,157.87
21847,1314,2026-02-03,159.9
21848,1314,2026-06-07,281.33
21849,1314,2026-06-08,198.54
21850,1314,2026-08-23,411.4
21851,1314,2026-04-25,123.17
21852,1314,2025-11-28,357.6
21853,1314,2026-08-07,163.18
21854,1314,2026-03-26,198.72
21855,1314,2025-11-16,254.49
21856,1314,2025-11-07,323.35
21857,1314,2025-10-19,329.14
21858,1314,2026-05-01,326.27
21859,1314,2026-05-13,185.55
21860,1314,2026-06-02,460.67
21861,1314,2026-04-15,268.74
21862,1314,2026-01-18,54.21
21863,1314,2026-01-14,209.29
21864,1314,2026-02-09,173.71
21865,1314,2026-03-30,179.11
21866,1314,2026-01-06,274.63
21867,1314,2026-05-10,236.79
21868,1314,2026-08-05,152.13
21869,1314,2025-10-09,405.64
21870,1315,2026-09-22,91.39
21871,1315,2026-08-23,157.67
21872,1315,2026-08-24,239.08
21873,1315,2026-06-11,172.77
21874,1315,2026-06-12,128.34
21875,1315,2026-05-25,158.88
21876,1315,2026-03-30,470.19
21877,1315,2026-07-18,124.15
21878,1315,2025-12-11,179.05
21879,1315,2026-03-25,163.54
21880,1315,2026-08-23,497.5
21881,1315,2025-12-03,106.35
21882,1315,2026-06-01,144.89
21883,1315,2026-03-02,212.4
21884,1315,2026-04-24,222.61
21885,1315,2026-05-17,341.93
21886,1315,2026-05-25,326.39
21887,1315,2026-04-27,150.37
21888,1315,2026-08-29,237.69
21889,1315,2026-01-15,190.95
21890,1315,2026-01-31,168.0
21891,1315,2026-03-20,326.1
21892,1315,2025-11-06,231.47
21893,1315,2026-03-06,423.05
21894,1315,2026-05-05,255.74
21895,1315,2026-02-14,313.32
21896,1315,2025-12-07,60.86
21897,1315,2025-12-29,215.02
21898,1315,2026-02-27,250.96
21899,1315,2026-02-08,261.61
21900,1315,2025-10-02,414.42
21901,1315,2026-01-18,273.12
21902,1315,2026-01-11,119.85
21903,1315,2026-01-24,263.62
21904,1315,2025-10-12,301.58
21905,1316,2026-06-29,37.74
21906,1316,2025-10-16,36.22
21907,1316,2025-12-03,46.03
21908,1316,2025-10-23,18.72
21909,1316,2026-06-22,27.65
21910,1316,2025-12-08,10.88
21911,1316,2025-12-04,50.44
21912,1317,2026-09-08,54.18
21913,1317,2026-05-30,18.13
21914,1317,2025-12-05,35.34
21915,1317,2026-07-10,47.25
21916,1317,2025-10-01,40.47
21917,1317,2025-11-01,16.96
21918,1317,2026-03-07,40.01
21919,1317,2025-10-29,29.6
21920,1317,2025-12-31,58.71
21921,1317,2026-04-15,55.85
21922,1317,2026-04-11,56.94
21923,1317,2026-02-08,38.11
21924,1317,2026-06-13,45.41
21925,1317,2026-02-28,43.33
21926,1317,2026-04-18,67.88
21927,1317,2026-03-07,35.4
21928,1317,2026-04-20,32.01
21929,1317,2026-08-08,69.36
21930,1317,2026-01-02,65.11
21931,1317,2026-03-21,55.5
21932,1317,2026-07-02,91.59
21933,1317,2026-06-22,115.17
21934,1317,2026-03-13,78.29
21935,1317,2025-12-05,32.15
21936,1317,2026-06-12,65.41
21937,1318,2026-09-20,450.69
21938,1318,2025-11-19,403.18
21939,1318,2025-10-18,349.49
21940,1318,2026-02-26,215.77
21941,1318,2026-02-09,190.01
21942,1318,2025-12-28,177.71
21943,1318,2026-03-30,135.56
21944,1318,2025-09-30,259.19
21945,1318,2026-06-09,187.79
21946,1318,2026-01-08,249.46
21947,1318,2026-06-11,226.68
21948,1318,2026-06-12,129.53
21949,1318,2026-04-18,338.55
21950,1318,2025-12-18,219.28
21951,1318,2026-04-27,309.54
21952,1318,2025-11-19,124.3
21953,1318,2026-05-06,148.91
21954,1318,2026-04-18,176.01
21955,1318,2026-03-17,234.26
21956,1318,2026-01-26,200.44
21957,1318,2026-04-17,388.02
21958,1318,2026-03-28,334.52
21959,1318,2026-08-29,151.14
21960,1318,2026-08-06,790.71
21961,1318,2026-08-01,202.14
21962,1318,2026-01-01,375.46
21963,1318,2026-05-11,184.76
21964,1318,2026-04-14,278.17
21965,1319,2026-07-24,23.24
21966,1319,2026-05-17,23.74
21967,1320,2026-08-20,89.07
21968,1320,2026-08-05,49.0
21969,1320,2026-02-22,108.37
21970,1320,2026-03-10,85.39
21971,1320,2026-02-06,132.56
21972,1320,2026-01-02,96.09
21973,1320,2026-08-01,105.68
21974,1320,2025-11-15,73.99
21975,1320,2026-05-13,56.66
21976,1320,2026-06-02,125.66
21977,1320,2026-02-26,71.06
21978,1320,2025-09-30,107.87
21979,1320,2025-11-19,175.64
21980,1321,2026-09-07,40.52
21981,1321,2026-03-22,111.74
21982,1321,2025-12-18,114.14
21983,1321,2026-08-09,53.46
21984,1321,2026-04-03,38.16
21985,1321,2026-03-17,53.45
21986,1321,2025-12-11,24.75
21987,1321,2025-12-18,70.56
21988,1321,2026-08-05,48.62
21989,1321,2025-11-23,26.14
21990,1321,2026-08-25,34.6
21991,1321,2026-03-21,58.25
21992,1321,2026-06-14,21.27
21993,1321,2026-05-08,30.1
21994,1321,2026-04-12,36.49
21995,1321,2026-02-21,69.79
21996,1321,2026-08-27,97.33
21997,1321,2026-07-25,53.36
21998,1321,2026-01-11,10.85
21999,1321,2026-08-07,27.22
22000,1321,2026-06-15,216.96
22001,1321,2025-11-27,48.3
22002,1321,2026-06-26,13.93
22003,1321,2026-07-26,130.9
22004,1321,2026-03-25,24.67
22005,1322,2026-09-14,36.53
22006,1322,2026-04-20,21.99
22007,1322,2026-05-25,51.45
22008,1322,2025-10-30,43.71
22009,1322,2026-06-29,56.23
22010,1322,2026-01-22,63.13
22011,1322,2026-08-17,28.04
22012,1322,2025-10-10,42.83
22013,1322,2025-12-09,82.04
22014,1322,2026-04-27,51.6
22015,1322,2025-10-31,43.02
22016,1322,2026-08-10,26.01
22017,1322,2026-05-09,57.45
22018,1322,2026-04-07,24.07
22019,1322,2026-01-24,41.53
22020,1322,2026-01-24,36.08
22021,1322,2026-08-27,53.72
22022,1322,2025-12-05,34.37
22023,1322,2026-07-26,38.82
22024,1322,2025-10-17,29.87
22025,1322,2026-04-23,40.24
22026,1322,2026-03-15,49.57
22027,1322,2026-04-29,38.49
22028,1323,2026-09-06,271.85
22029,1323,2026-04-30,81.12
22030,1323,2025-12-21,315.61
22031,1323,2026-08-01,199.49
22032,1323,2026-01-04,269.25
22033,1323,2026-05-21,307.35
22034,1323,2026-03-10,1125.21
22035,1323,2026-06-15,394.07
22036,1323,2025-10-01,122.28
22037,1323,2026-07-07,555.51
22038,1323,2026-04-17,61.94
22039,1323,2025-11-16,171.99
22040,1323,2026-04-28,227.06
22041,1323,2026-08-28,181.51
22042,1323,2026-06-29,238.39
22043,1323,2026-06-23,194.64
22044,1323,2026-08-10,374.37
22045,1323,2025-10-24,169.03
22046,1323,2025-11-24,199.35
22047,1323,2025-11-09,466.05
22048,1323,2026-02-28,324.66
22049,1323,2026-05-07,194.54
22050,1323,2025-11-14,259.73
22051,1323,2025-12-02,487.75
22052,1323,2025-12-29,112.62
22053,1323,2026-07-16,128.73
22054,1323,2025-11-19,162.15
22055,1323,2026-01-28,231.56
22056,1323,2026-01-07,324.69
22057,1323,2025-11-05,148.85
22058,1323,2026-06-06,137.46
22059,1323,2026-03-27,116.38
22060,1323,2026-05-12,137.43
22061,1323,2026-07-11,156.34
22062,1324,2026-09-13,162.57
22063,1324,2026-02-13,119.66
22064,1324,2026-04-05,148.36
22065,1324,2026-04-06,94.94
22066,1324,2026-01-02,55.85
22067,1324,2026-06-19,151.94
22068,1324,2026-04-02,291.24
22069,1324,2025-11-12,77.22
22070,1324,2025-10-17,90.92
22071,1324,2026-08-29,94.65
22072,1324,2025-12-31,46.47
22073,1324,2025-11-21,61.44
22074,1325,2026-08-20,125.38
22075,1325,2026-04-01,113.66
22076,1325,2026-06-03,102.37
22077,1325,2026-02-26,121.65
22078,1325,2025-11-05,153.38
22079,1325,2025-10-08,110.85
22080,1325,2026-01-16,110.04
22081,1326,2026-09-05,94.61
22082,1326,2026-07-19,155.1
22083,1326,2026-06-10,356.43
22084,1326,2026-05-30,113.09
22085,1326,2026-02-04,135.43
22086,1326,2026-04-13,102.1
22087,1326,2026-04-13,120.47
22088,1326,2026-03-02,43.33
22089,1326,2025-11-02,26.65
22090,1327,2026-08-09,37.51
22091,1327,2026-06-13,128.2
22092,1327,2026-06-06,34.43
22093,1327,2025-12-02,60.09
22094,1327,2025-10-02,51.2
22095,1327,2026-02-15,87.98
22096,1327,2025-12-23,82.79
22097,1327,2025-12-26,28.15
22098,1327,2025-10-27,38.68
22099,1327,2026-06-06,117.16
22100,1327,2026-02-10,47.05
22101,1327,2026-06-21,64.91
22102,1327,2026-04-26,27.8
22103,1327,2026-03-30,40.29
22104,1327,2025-10-17,32.71
22105,1327,2026-04-18,68.26
22106,1327,2026-08-01,62.71
22107,1327,2026-03-02,78.04
22108,1327,2026-03-27,27.61
22109,1328,2026-08-11,27.85
22110,1328,2025-12-15,89.32
22111,1328,2026-02-19,19.84
22112,1328,2026-03-03,43.39
22113,1328,2026-04-07,41.06
22114,1328,2025-10-20,42.34
22115,1328,2026-06-03,30.78
22116,1328,2026-06-02,22.8
22117,1328,2026-02-10,50.14
22118,1328,2026-04-23,41.04
22119,1328,2026-05-14,53.5
22120,1328,2026-07-22,21.42
22121,1328,2026-02-26,97.43
22122,1328,2026-01-22,43.41
22123,1328,2026-02-10,11.45
22124,1328,2025-12-09,48.99
22125,1328,2026-01-11,36.39
22126,1328,2026-01-21,27.02
22127,1328,2026-05-03,78.34
22128,1328,2025-11-25,68.38
22129,1328,2025-10-31,52.48
22130,1328,2025-12-08,46.59
22131,1329,2026-08-28,75.74
22132,1329,2026-06-08,73.43
22133,1329,2026-06-22,123.0
22134,1329,2026-05-16,53.91
22135,1329,2026-02-22,90.84
22136,1329,2025-12-10,52.58
22137,1330,2026-09-18,385.14
22138,1330,2025-10-01,231.5
22139,1330,2026-03-19,196.27
22140,1330,2026-07-09,216.38
22141,1330,2026-07-01,293.55
22142,1330,2026-05-08,231.22
22143,1330,2026-08-11,142.34
22144,1330,2025-10-28,464.23
22145,1330,2026-02-09,258.53
22146,1330,2025-10-17,125.05
22147,1330,2026-06-25,92.76
22148,1330,2025-12-05,286.31
22149,1330,2026-01-19,375.69
22150,1330,2026-05-04,257.37
22151,1330,2026-05-16,276.67
22152,1330,2026-08-05,279.82
22153,1330,2025-12-06,210.45
22154,1330,2025-12-10,98.54
22155,1330,2026-03-02,153.33
22156,1330,2025-11-22,300.26
22157,1330,2026-02-08,273.37
22158,1330,2026-01-06,192.3
22159,1330,2025-09-27,164.09
22160,1330,2026-05-21,227.09
22161,1330,2026-01-27,179.95
22162,1330,2026-01-28,202.62
22163,1330,2025-10-28,222.88
22164,1330,2026-01-10,148.02
22165,1330,2026-06-15,301.01
22166,1330,2025-11-05,195.0
22167,1330,2025-12-01,261.52
22168,1330,2026-07-31,216.09
22169,1330,2025-12-28,420.37
22170,1330,2026-06-16,268.12
22171,1330,2026-06-13,252.28
22172,1330,2026-04-27,248.19
22173,1331,2026-08-19,128.16
22174,1331,2025-10-14,112.81
22175,1331,2026-04-24,134.26
22176,1331,2026-03-10,106.05
22177,1331,2026-01-18,79.32
22178,1331,2025-11-20,84.94
22179,1331,2026-02-14,30.8
22180,1331,2025-12-17,184.49
22181,1331,2025-12-06,82.32
22182,1331,2026-06-12,56.28
22183,1331,2026-05-03,76.32
22184,1332,2026-09-02,56.47
22185,1332,2026-05-15,48.19
22186,1332,2026-01-06,33.62
22187,1332,2026-03-24,27.07
22188,1332,2026-04-17,22.03
22189,1332,2026-03-12,47.49
22190,1332,2026-02-22,57.04
22191,1332,2026-01-14,38.58
22192,1332,2026-08-06,65.4
22193,1332,2025-12-02,42.74
22194,1332,2026-07-07,43.3
22195,1332,2026-06-15,23.56
22196,1332,2025-12-12,36.86
22197,1332,2026-09-01,68.1
22198,1332,2026-04-26,84.4
22199,1332,2026-01-18,41.31
22200,1332,2025-12-10,66.48
22201,1332,2025-11-01,85.04
22202,1332,2026-01-15,29.51
22203,1332,2026-06-15,51.91
22204,1332,2026-05-01,49.02
22205,1332,2026-08-26,73.0
22206,1332,2025-12-13,30.9
22207,1332,2026-08-31,51.87
22208,1332,2026-07-21,40.06
22209,1332,2025-10-05,54.48
22210,1333,2026-08-13,54.14
22211,1333,2026-06-23,58.99
22212,1333,2026-04-10,124.37
22213,1333,2026-03-24,31.82
22214,1333,2026-07-14,18.7
22215,1333,2026-07-18,29.63
22216,1333,2025-12-31,95.7
22217,1333,2025-10-21,45.26
22218,1333,2025-11-27,70.97
22219,1333,2025-10-26,34.93
22220,1333,2025-11-17,35.91
22221,1333,2025-11-28,20.81
22222,1333,2026-07-26,38.78
22223,1333,2025-11-05,45.22
22224,1333,2026-03-22,66.49
22225,1333,2026-01-31,57.92
22226,1333,2025-10-31,110.04
22227,1333,2026-07-17,41.99
22228,1333,2026-05-24,50.19
22229,1333,2026-07-22,44.69
22230,1333,2026-03-31,32.91
22231,1333,2025-12-03,54.11
22232,1333,2026-03-08,39.75
22233,1333,2026-02-28,95.12
22234,1334,2026-09-16,85.16
22235,1334,2026-09-04,115.92
22236,1334,2025-11-27,66.87
22237,1334,2026-05-24,37.16
22238,1334,2026-05-10,54.89
22239,1334,2026-04-21,79.13
22240,1334,2026-01-22,88.04
22241,1334,2026-01-06,115.73
22242,1334,2026-01-07,84.31
22243,1334,2025-11-10,142.23
22244,1334,2026-03-03,105.9
22245,1334,2026-06-19,47.76
22246,1335,2026-08-19,39.83
22247,1335,2026-02-07,194.25
22248,1335,2025-12-08,28.45
22249,1335,2026-01-20,62.06
22250,1335,2026-04-08,69.98
22251,1335,2026-07-07,43.16
22252,1335,2026-04-29,83.56
22253,1335,2025-12-21,87.95
22254,1335,2026-02-28,125.57
22255,1335,2026-07-09,123.76
22256,1335,2026-06-03,97.31
22257,1335,2026-04-09,148.87
22258,1335,2026-08-04,120.3
22259,1335,2026-03-11,77.76
22260,1336,2026-09-15,92.14
22261,1336,2026-08-18,68.35
22262,1336,2026-08-07,69.75
22263,1336,2025-12-27,69.76
22264,1336,2025-12-18,85.07
22265,1336,2026-06-08,70.05
22266,1336,2026-06-28,110.22
22267,1336,2026-06-01,40.59
22268,1336,2026-04-26,45.84
22269,1336,2025-11-18,210.54
22270,1336,2026-04-22,74.03
22271,1336,2025-12-15,57.01
22272,1336,2025-11-28,88.97
22273,1336,2026-02-16,127.1
22274,1336,2026-06-14,120.09
22275,1336,2025-09-30,64.27
22276,1337,2026-08-21,204.56
22277,1337,2026-01-25,96.95
22278,1337,2026-07-17,465.39
22279,1338,2026-04-02,26.39
22280,1338,2026-01-17,10.53
22281,1338,2026-01-14,44.16
22282,1339,2026-09-04,93.04
22283,1339,2025-12-08,98.81
22284,1339,2025-10-29,101.0
22285,1339,2025-10-05,55.97
22286,1339,2026-04-05,142.61
22287,1339,2026-03-20,71.08
22288,1339,2025-11-09,117.36
22289,1339,2026-02-27,81.99
22290,1339,2025-12-19,213.62
22291,1339,2026-08-09,172.71
22292,1339,2025-11-25,234.87
22293,1339,2026-07-29,189.34
22294,1339,2026-04-24,84.72
22295,1339,2026-07-07,70.78
22296,1339,2025-10-20,53.99
22297,1339,2026-07-26,101.45
22298,1340,2026-09-16,18.77
22299,1340,2025-11-22,61.63
22300,1340,2026-06-11,44.01
22301,1340,2026-01-28,27.91
22302,1340,2025-10-16,33.3
22303,1340,2025-12-29,48.47
22304,1340,2026-09-01,16.66
22305,1340,2026-02-17,54.37
22306,1340,2026-07-25,70.15
22307,1340,2026-06-18,67.18
22308,1340,2026-02-22,75.65
22309,1340,2026-02-21,31.68
22310,1340,2025-10-11,71.66
22311,1340,2026-06-07,50.87
22312,1340,2025-10-17,30.9
22313,1340,2026-04-14,55.52
22314,1340,2026-06-17,54.76
22315,1341,2026-09-20,243.13
22316,1341,2026-08-06,173.23
22317,1341,2026-04-05,178.4
22318,1341,2025-11-25,238.99
22319,1341,2026-03-15,222.61
22320,1341,2026-02-12,176.97
22321,1341,2025-12-06,428.33
22322,1341,2026-06-18,187.98
22323,1341,2025-12-26,400.97
22324,1341,2025-10-12,219.66
22325,1341,2026-07-12,213.61
22326,1341,2026-07-16,265.13
22327,1341,2025-10-03,263.59
22328,1341,2025-10-06,196.77
22329,1341,2025-10-08,270.76
22330,1341,2025-11-16,286.15
22331,1341,2026-06-12,441.89
22332,1341,2026-03-03,216.85
22333,1341,2025-09-26,147.78
22334,1341,2026-01-11,154.81
22335,1341,2026-03-15,609.52
22336,1341,2026-02-14,90.13
22337,1341,2026-07-01,122.93
22338,1341,2026-05-17,212.47
22339,1341,2026-01-04,159.22
22340,1341,2025-10-09,303.56
22341,1341,2026-09-03,291.85
22342,1341,2026-04-24,165.09
22343,1341,2026-01-16,413.14
22344,1341,2026-04-06,127.82
22345,1341,2025-11-24,150.71
22346,1341,2026-01-31,426.12
22347,1341,2026-05-17,116.71
22348,1341,2025-12-19,245.48
22349,1342,2026-08-31,72.99
22350,1342,2026-05-10,47.65
22351,1342,2026-03-19,99.09
22352,1342,2026-01-21,112.24
22353,1342,2026-06-16,99.02
22354,1342,2025-11-05,115.26
22355,1342,2026-08-03,95.57
22356,1342,2026-02-15,126.82
22357,1342,2026-03-23,84.97
22358,1342,2025-09-28,123.42
22359,1342,2026-01-22,50.46
22360,1342,2026-04-24,47.99
22361,1342,2026-04-10,93.58
22362,1342,2026-06-09,122.46
22363,1342,2026-08-14,79.46
22364,1342,2026-04-03,119.94
22365,1342,2026-08-24,103.47
22366,1342,2026-01-20,35.8
22367,1342,2025-10-29,256.04
22368,1343,2026-08-15,31.97
22369,1343,2026-07-16,41.96
22370,1343,2026-03-21,32.12
22371,1343,2025-11-16,39.18
22372,1343,2026-08-12,52.63
22373,1343,2026-05-18,36.24
22374,1343,2026-01-08,30.56
22375,1343,2026-06-11,32.89
22376,1343,2026-03-11,84.19
22377,1343,2026-06-23,119.75
22378,1343,2026-07-06,45.94
22379,1343,2025-12-20,62.36
22380,1343,2025-12-06,29.48
22381,1343,2026-08-04,34.5
22382,1343,2026-02-23,55.1
22383,1344,2026-09-14,22.87
22384,1344,2026-04-19,47.67
22385,1344,2026-01-16,89.09
22386,1344,2026-06-04,40.32
22387,1344,2026-02-16,28.1
22388,1344,2026-02-22,57.87
22389,1344,2026-02-19,84.56
22390,1344,2026-01-27,27.32
22391,1344,2026-04-15,15.56
22392,1344,2026-07-21,76.62
22393,1344,2026-05-08,66.09
22394,1344,2025-12-10,53.51
22395,1344,2025-09-26,20.02
22396,1344,2026-01-31,58.89
22397,1344,2025-12-13,71.65
22398,1344,2026-07-09,118.75
22399,1344,2025-12-11,39.65
22400,1344,2026-04-21,48.34
22401,1344,2026-01-09,17.08
22402,1344,2026-01-31,69.58
22403,1344,2025-12-19,68.82
22404,1344,2025-12-29,53.97
22405,1344,2026-01-29,76.79
22406,1345,2026-08-28,166.1
22407,1345,2026-04-10,73.44
22408,1345,2025-12-23,109.19
22409,1345,2026-08-05,68.82
22410,1345,2025-12-23,137.81
22411,1345,2025-10-25,86.06
22412,1345,2026-03-02,228.1
22413,1345,2025-10-08,85.02
22414,1345,2026-01-29,137.23
22415,1345,2026-03-03,67.77
22416,1345,2026-03-02,78.38
22417,1346,2026-07-22,31.23
22418,1347,2026-08-29,41.75
22419,1347,2026-07-12,22.42
22420,1347,2026-02-06,33.07
22421,1347,2025-10-16,101.52
22422,1347,2026-05-12,85.8
22423,1347,2026-07-15,68.68
22424,1347,2026-02-15,61.7
22425,1347,2026-05-21,62.02
22426,1347,2025-12-21,40.41
22427,1347,2026-05-10,66.48
22428,1347,2026-08-08,67.66
22429,1347,2026-05-31,65.8
22430,1347,2025-11-23,34.37
22431,1347,2026-08-29,38.88
22432,1347,2025-11-03,33.71
22433,1347,2026-06-20,70.48
22434,1347,2026-05-29,51.58
22435,1347,2025-12-20,53.68
22436,1347,2025-10-18,58.3
22437,1347,2026-06-21,23.84
22438,1347,2025-10-25,66.92
22439,1347,2025-12-14,35.28
22440,1347,2026-08-20,36.75
22441,1347,2026-04-11,30.89
22442,1347,2026-06-05,46.65
22443,1347,2026-08-02,43.67
22444,1347,2025-10-21,24.06
22445,1347,2025-11-23,20.12
22446,1347,2025-11-07,41.08
22447,1347,2026-01-27,64.91
22448,1347,2025-12-26,62.15
22449,1348,2026-09-11,65.42
22450,1348,2026-02-09,39.6
22451,1348,2026-05-12,95.11
22452,1348,2026-07-13,42.87
22453,1348,2026-05-03,32.88
22454,1348,2026-07-09,61.28
22455,1348,2026-08-26,29.69
22456,1348,2026-01-10,59.59
22457,1348,2026-05-02,50.45
22458,1348,2026-01-07,37.53
22459,1348,2026-06-25,35.78
22460,1348,2026-03-10,30.38
22461,1348,2026-06-30,71.58
22462,1348,2026-06-15,40.71
22463,1348,2025-10-06,51.76
22464,1348,2026-03-10,44.78
22465,1348,2026-09-09,40.9
22466,1348,2025-10-14,52.12
22467,1348,2025-11-27,56.66
22468,1348,2026-04-30,47.89
22469,1348,2026-06-19,41.33
22470,1348,2026-04-16,27.6
22471,1348,2025-12-14,34.3
22472,1348,2026-03-22,39.21
22473,1348,2026-07-12,45.33
22474,1348,2026-07-11,20.57
22475,1348,2025-09-28,59.47
22476,1348,2026-06-18,52.0
22477,1349,2026-09-15,22.0
22478,1349,2026-08-20,43.32
22479,1349,2025-11-01,36.33
22480,1349,2025-11-10,56.96
22481,1349,2026-09-09,69.11
22482,1349,2026-09-05,38.88
22483,1349,2026-06-01,37.65
22484,1349,2026-03-05,63.3
22485,1349,2026-08-29,31.87
22486,1349,2026-04-09,46.32
22487,1349,2026-06-21,57.42
22488,1349,2025-10-24,31.53
22489,1349,2025-11-30,39.31
22490,1349,2026-03-14,47.09
22491,1349,2026-08-02,81.9
22492,1349,2026-06-14,26.11
22493,1349,2026-07-06,42.08
22494,1349,2025-11-15,82.75
22495,1349,2026-02-10,69.67
22496,1349,2026-05-16,39.75
22497,1349,2026-09-08,43.58
22498,1349,2025-11-25,55.33
22499,1349,2026-02-14,55.85
22500,1349,2026-06-22,83.67
22501,1350,2026-09-23,587.43
22502,1350,2025-11-03,254.63
22503,1350,2025-11-23,194.77
22504,1350,2026-06-27,159.49
22505,1350,2026-06-30,313.04
22506,1350,2026-01-02,248.01
22507,1350,2026-05-02,238.62
22508,1350,2026-01-21,350.15
22509,1350,2026-07-15,341.79
22510,1350,2026-09-09,255.66
22511,1350,2026-03-12,102.82
22512,1350,2026-04-17,134.97
22513,1350,2025-11-20,159.12
22514,1350,2026-01-05,206.51
22515,1350,2026-05-24,412.26
22516,1350,2026-08-17,528.89
22517,1350,2026-03-11,250.48
22518,1350,2025-12-09,269.0
22519,1350,2026-06-06,106.38
22520,1350,2026-02-12,173.62
22521,1350,2026-09-12,163.73
22522,1350,2026-01-06,157.69
22523,1350,2025-11-24,272.59
22524,1350,2026-06-25,171.43
22525,1350,2026-01-23,89.51
22526,1350,2025-12-26,306.82
22527,1350,2026-06-29,360.93
22528,1351,2026-09-10,159.79
22529,1351,2026-07-12,74.15
22530,1351,2025-12-14,56.78
22531,1351,2025-09-28,74.37
22532,1351,2026-06-15,85.94
22533,1351,2026-01-15,63.98
22534,1351,2026-06-06,54.26
22535,1351,2025-09-26,100.06
22536,1351,2026-02-05,134.22
22537,1351,2026-08-14,207.63
22538,1351,2026-08-09,93.16
22539,1351,2026-04-22,118.03
22540,1351,2026-04-08,39.13
22541,1352,2026-08-15,153.22
22542,1352,2026-06-02,76.79
22543,1352,2026-05-22,66.49
22544,1352,2025-12-06,120.56
22545,1352,2026-04-20,104.25
22546,1352,2025-12-27,224.6
22547,1352,2025-10-26,141.86
22548,1352,2025-10-20,36.77
22549,1352,2026-05-07,129.3
22550,1352,2026-02-11,122.56
22551,1352,2025-12-22,189.92
22552,1352,2026-06-16,82.31
22553,1353,2026-09-11,143.57
22554,1353,2025-09-30,150.58
22555,1353,2026-03-09,93.18
22556,1353,2026-07-18,154.14
22557,1353,2026-09-09,78.18
22558,1353,2026-05-25,87.62
22559,1353,2026-06-06,52.58
22560,1353,2026-08-25,223.26
22561,1354,2026-04-20,129.26
22562,1354,2025-12-16,26.88
22563,1354,2026-02-28,101.7
22564,1354,2025-12-17,137.8
22565,1354,2026-02-14,111.95
22566,1354,2026-03-29,100.47
22567,1354,2026-04-13,95.49
22568,1355,2026-08-29,91.35
22569,1355,2025-10-07,58.85
22570,1355,2026-06-05,90.99
22571,1355,2026-03-18,92.7
22572,1355,2026-08-22,68.42
22573,1355,2025-12-16,74.62
22574,1355,2025-11-26,67.24
22575,1355,2026-06-26,32.25
22576,1355,2026-08-03,136.58
22577,1355,2026-01-24,154.08
22578,1356,2026-09-12,197.5
22579,1356,2026-02-20,133.46
22580,1356,2026-04-29,278.86
22581,1356,2026-01-28,177.1
22582,1356,2026-03-02,225.12
22583,1356,2026-06-30,252.42
22584,1356,2026-07-05,406.78
22585,1356,2025-11-01,172.6
22586,1356,2026-02-08,143.37
22587,1356,2025-11-04,440.42
22588,1356,2026-05-14,210.3
22589,1356,2025-10-11,164.32
22590,1356,2026-02-19,247.19
22591,1356,2025-11-12,179.91
22592,1356,2025-12-28,186.16
22593,1356,2025-10-21,668.65
22594,1356,2026-02-10,134.63
22595,1356,2025-12-15,109.94
22596,1356,2026-09-02,364.53
22597,1356,2026-03-08,177.06
22598,1356,2025-12-03,242.43
22599,1356,2025-11-28,279.87
22600,1356,2026-02-27,95.55
22601,1356,2025-10-15,350.86
22602,1356,2026-06-21,163.12
22603,1356,2025-12-07,493.54
22604,1356,2026-05-22,146.76
22605,1356,2026-06-13,424.83
22606,1356,2025-12-01,460.88
22607,1356,2025-12-03,168.48
22608,1356,2025-10-18,192.76
22609,1356,2026-04-15,182.32
22610,1357,2026-08-28,72.66
22611,1357,2025-11-27,50.72
22612,1357,2026-02-09,73.03
22613,1357,2025-10-20,32.73
22614,1357,2026-02-05,55.66
22615,1357,2026-08-12,22.7
22616,1357,2026-05-16,48.11
22617,1357,2026-01-16,31.5
22618,1357,2025-09-30,43.63
22619,1357,2026-06-11,83.71
22620,1357,2026-06-17,98.37
22621,1357,2026-01-22,25.27
22622,1357,2026-07-20,78.81
22623,1357,2025-10-13,84.46
22624,1357,2025-10-26,52.08
22625,1357,2026-02-16,82.91
22626,1357,2026-05-06,37.33
22627,1357,2026-04-03,35.71
22628,1358,2026-08-01,48.88
22629,1358,2026-04-29,39.7
22630,1358,2026-04-17,47.48
22631,1358,2026-03-15,48.5
22632,1358,2025-12-26,42.57
22633,1358,2025-10-04,27.65
22634,1358,2025-12-12,28.96
22635,1358,2026-04-10,74.93
22636,1358,2026-05-21,65.5
22637,1358,2026-04-13,100.19
22638,1358,2026-05-17,37.71
22639,1358,2026-02-09,36.16
22640,1358,2026-01-03,26.83
22641,1358,2026-05-12,72.37
22642,1358,2026-01-25,30.12
22643,1358,2026-04-09,44.38
22644,1358,2026-02-28,51.81
22645,1358,2026-05-20,22.27
22646,1358,2026-02-13,63.83
22647,1358,2026-07-04,70.89
22648,1359,2026-05-25,49.13
22649,1359,2026-01-25,29.96
22650,1359,2025-10-06,20.23
22651,1359,2025-09-30,77.54
22652,1360,2026-09-05,131.1
22653,1360,2025-11-08,353.53
22654,1360,2026-06-01,205.63
22655,1360,2026-05-27,233.09
22656,1360,2026-04-15,255.21
22657,1360,2025-12-01,188.62
22658,1360,2025-12-05,304.05
22659,1360,2026-07-04,442.84
22660,1360,2026-06-30,326.35
22661,1360,2026-06-09,96.7
22662,1360,2026-06-30,220.64
22663,1360,2026-03-17,225.19
22664,1360,2026-06-12,367.28
22665,1360,2026-08-11,164.02
22666,1360,2025-12-07,131.49
22667,1360,2026-05-10,305.86
22668,1360,2026-06-12,208.19
22669,1360,2026-07-18,158.6
22670,1360,2025-11-27,186.8
22671,1360,2026-02-10,111.29
22672,1360,2026-05-17,226.71
22673,1360,2025-11-24,183.17
22674,1360,2026-05-24,266.92
22675,1360,2026-06-11,191.5
22676,1360,2026-04-28,213.38
22677,1360,2026-08-23,171.1
22678,1360,2026-04-04,187.27
22679,1360,2025-12-20,126.31
22680,1360,2026-04-14,334.15
22681,1360,2026-02-17,206.1
22682,1360,2026-04-22,85.8
22683,1361,2026-05-25,59.74
22684,1361,2025-12-11,36.65
22685,1362,2026-09-21,15.23
22686,1362,2026-06-07,56.01
22687,1362,2026-04-14,45.47
22688,1362,2026-07-18,17.54
22689,1362,2026-03-22,44.69
22690,1362,2026-07-26,25.78
22691,1362,2025-11-05,35.62
22692,1362,2026-08-11,51.62
22693,1362,2026-01-05,42.58
22694,1362,2026-04-15,52.83
22695,1362,2026-05-22,48.3
22696,1362,2026-07-17,129.82
22697,1362,2026-02-03,50.57
22698,1362,2025-12-13,47.34
22699,1362,2026-01-31,54.38
22700,1362,2026-09-21,44.47
22701,1362,2025-11-25,22.06
22702,1362,2025-10-12,61.44
22703,1362,2026-01-10,80.44
22704,1362,2026-09-17,90.61
22705,1362,2026-03-23,61.37
22706,1362,2026-05-27,39.87
22707,1362,2026-01-29,50.65
22708,1362,2025-12-23,100.54
22709,1362,2025-11-05,40.69
22710,1363,2026-06-08,45.12
22711,1363,2025-10-28,20.03
22712,1363,2025-12-29,17.12
22713,1363,2025-10-13,44.68
22714,1363,2025-11-02,23.64
22715,1363,2025-12-29,19.26
22716,1363,2026-01-18,13.05
22717,1364,2026-09-11,86.92
22718,1364,2026-06-02,344.4
22719,1364,2026-04-17,115.21
22720,1364,2025-10-29,146.1
22721,1364,2026-03-30,218.07
22722,1364,2025-11-07,390.31
22723,1364,2025-11-23,142.98
22724,1364,2026-03-16,193.08
22725,1364,2025-11-10,239.65
22726,1364,2025-10-04,155.23
22727,1364,2026-01-16,198.92
22728,1364,2025-12-23,102.66
22729,1364,2026-04-08,165.61
22730,1364,2025-09-27,365.33
22731,1364,2026-05-10,303.13
22732,1364,2025-12-20,171.99
22733,1364,2025-10-16,133.12
22734,1364,2025-10-25,190.86
22735,1364,2025-11-06,108.69
22736,1364,2026-07-04,192.2
22737,1364,2025-10-02,174.62
22738,1364,2026-07-04,171.77
22739,1364,2026-06-21,197.08
22740,1364,2026-03-17,267.38
22741,1364,2026-07-23,131.59
22742,1364,2025-12-30,323.13
22743,1364,2025-10-21,348.44
22744,1364,2026-06-10,565.09
22745,1364,2026-05-20,239.96
22746,1364,2026-04-18,407.47
22747,1364,2026-08-12,325.87
22748,1364,2026-07-13,228.79
22749,1364,2025-10-13,121.44
22750,1364,2025-10-22,314.18
22751,1364,2026-03-19,233.92
22752,1364,2025-12-24,469.38
22753,1364,2026-08-25,293.01
22754,1364,2026-08-29,337.72
22755,1364,2025-11-05,161.88
22756,1364,2026-09-04,234.43
22757,1364,2026-01-06,88.37
22758,1364,2025-09-28,269.52
22759,1364,2025-12-07,363.25
22760,1364,2026-04-25,392.87
22761,1365,2026-09-08,30.59
22762,1365,2025-09-27,56.18
22763,1365,2026-05-14,49.14
22764,1365,2026-06-23,68.26
22765,1365,2026-03-25,89.3
22766,1365,2025-12-01,66.16
22767,1365,2026-02-04,26.79
22768,1365,2026-04-07,44.74
22769,1365,2026-04-27,53.56
22770,1365,2025-12-08,64.77
22771,1365,2026-06-26,66.21
22772,1365,2026-08-28,43.84
22773,1365,2026-06-17,36.09
22774,1365,2026-06-28,70.85
22775,1365,2026-07-05,53.34
22776,1365,2026-05-24,51.08
22777,1365,2026-01-02,32.77
22778,1365,2026-06-14,115.77
22779,1365,2026-07-24,50.34
22780,1365,2026-04-23,43.28
22781,1365,2025-10-05,50.34
22782,1365,2025-10-17,42.41
22783,1365,2026-09-07,25.2
22784,1365,2026-09-04,51.47
22785,1365,2026-05-26,23.42
22786,1365,2026-07-20,47.14
22787,1366,2026-08-27,46.7
22788,1366,2025-12-01,51.32
22789,1366,2026-07-21,51.41
22790,1366,2025-10-17,100.62
22791,1366,2026-01-13,17.69
22792,1366,2026-07-11,42.48
22793,1366,2025-09-29,45.61
22794,1366,2026-08-11,44.59
22795,1366,2026-04-19,64.49
22796,1366,2025-12-26,65.23
22797,1366,2026-05-04,40.83
22798,1366,2026-04-21,21.04
22799,1366,2026-05-23,139.14
22800,1366,2026-06-29,44.87
22801,1366,2026-02-13,46.81
22802,1366,2026-03-30,79.42
22803,1366,2025-11-28,37.7
22804,1366,2026-02-26,80.47
22805,1366,2026-03-08,39.2
22806,1366,2026-07-04,102.49
22807,1366,2026-06-04,55.23
22808,1366,2026-08-15,33.21
22809,1366,2025-10-04,120.04
22810,1366,2025-12-08,59.01
22811,1366,2026-05-29,34.22
22812,1366,2026-03-27,23.89
22813,1366,2026-02-20,61.59
22814,1366,2026-06-06,83.89
22815,1366,2026-07-15,53.56
22816,1367,2026-08-09,171.32
22817,1367,2025-10-10,123.95
22818,1367,2026-07-24,142.58
22819,1368,2026-09-09,253.06
22820,1368,2026-03-05,125.54
22821,1368,2026-05-03,250.92
22822,1368,2025-10-31,434.46
22823,1368,2026-07-13,192.14
22824,1368,2026-03-09,217.35
22825,1368,2025-11-10,235.36
22826,1368,2026-06-09,218.74
22827,1368,2026-04-15,212.28
22828,1368,2026-01-08,205.03
22829,1368,2026-07-27,103.73
22830,1368,2026-06-09,257.48
22831,1368,2025-12-31,129.46
22832,1368,2026-08-11,248.77
22833,1368,2026-05-01,287.91
22834,1368,2026-02-16,252.2
22835,1368,2025-11-17,141.1
22836,1368,2026-07-24,242.03
22837,1368,2026-03-07,190.75
22838,1368,2026-01-03,161.04
22839,1368,2026-04-24,531.51
22840,1368,2026-04-10,140.18
22841,1368,2026-04-02,262.37
22842,1368,2025-11-11,417.26
22843,1368,2026-02-07,249.48
22844,1368,2026-04-21,159.22
22845,1368,2026-09-06,163.87
22846,1368,2026-04-24,112.0
22847,1369,2026-03-07,207.76
22848,1369,2026-02-20,62.62
22849,1370,2026-07-01,49.1
22850,1370,2026-03-23,369.58
22851,1370,2026-03-03,149.04
22852,1371,2026-09-18,169.86
22853,1371,2025-11-14,157.25
22854,1371,2025-12-31,207.04
22855,1371,2025-12-31,172.84
22856,1371,2026-02-16,107.0
22857,1371,2026-05-01,290.55
22858,1371,2026-03-22,271.45
22859,1371,2026-08-01,150.33
22860,1371,2026-09-17,143.91
22861,1371,2026-06-11,261.64
22862,1371,2026-03-17,461.99
22863,1371,2026-01-14,332.44
22864,1371,2026-06-25,360.46
22865,1371,2026-01-16,183.11
22866,1371,2026-05-31,253.17
22867,1371,2026-02-17,197.85
22868,1371,2026-08-10,151.47
22869,1371,2026-05-26,229.33
22870,1371,2026-07-12,142.11
22871,1371,2026-02-03,150.17
22872,1371,2026-01-08,171.88
22873,1371,2026-09-03,180.33
22874,1371,2026-04-29,207.23
22875,1371,2026-02-14,82.87
22876,1371,2025-12-28,138.04
22877,1371,2025-12-13,425.81
22878,1371,2025-12-17,209.17
22879,1371,2026-07-31,270.35
22880,1371,2026-02-04,253.25
22881,1371,2025-11-30,200.01
22882,1371,2026-03-03,141.14
22883,1371,2025-10-30,163.97
22884,1371,2025-11-29,506.94
22885,1371,2025-10-10,165.2
22886,1371,2025-10-14,455.71
22887,1371,2026-09-08,174.2
22888,1372,2026-08-28,125.47
22889,1372,2026-07-13,109.25
22890,1372,2026-07-17,95.32
22891,1372,2026-01-14,219.1
22892,1372,2026-06-25,111.24
22893,1372,2025-10-22,73.04
22894,1372,2026-07-02,179.67
22895,1372,2026-01-21,113.23
22896,1372,2026-04-13,200.39
22897,1372,2026-08-03,39.06
22898,1372,2026-08-16,78.61
22899,1372,2026-07-13,78.7
22900,1372,2025-12-09,38.48
22901,1373,2026-09-23,60.52
22902,1373,2026-02-05,19.63
22903,1373,2026-02-28,37.92
22904,1373,2025-10-04,51.91
22905,1373,2026-01-03,18.4
22906,1373,2025-10-30,44.13
22907,1373,2025-12-04,55.89
22908,1373,2026-02-14,17.74
22909,1373,2025-10-08,62.95
22910,1373,2026-02-13,42.54
22911,1373,2025-11-28,67.98
22912,1373,2026-04-15,40.49
22913,1373,2026-08-17,27.97
22914,1373,2026-01-26,26.76
22915,1373,2026-07-22,39.1
22916,1373,2026-03-23,41.34
22917,1373,2026-01-05,72.64
22918,1373,2025-11-10,39.69
22919,1373,2026-07-09,22.3
22920,1374,2026-08-13,86.38
22921,1374,2026-07-27,71.57
22922,1374,2026-04-21,185.7
22923,1374,2026-07-25,76.33
22924,1374,2026-04-08,85.95
22925,1374,2025-11-26,64.18
22926,1374,2026-06-03,64.83
22927,1374,2026-07-18,50.75
22928,1374,2026-05-30,56.65
22929,1375,2026-08-31,108.48
22930,1375,2025-12-28,85.88
22931,1375,2026-02-16,57.79
22932,1375,2026-02-22,111.17
22933,1375,2026-05-04,62.02
22934,1375,2025-12-31,43.11
22935,1375,2026-03-25,49.96
22936,1375,2026-01-21,90.9
22937,1375,2026-08-18,63.26
22938,1375,2025-10-19,94.37
22939,1375,2025-12-05,148.47
22940,1375,2026-03-15,67.78
22941,1375,2026-06-30,298.76
22942,1375,2025-10-01,101.91
22943,1375,2026-02-21,83.14
22944,1376,2026-09-17,154.9
22945,1376,2026-06-05,412.62
22946,1376,2026-07-19,257.08
22947,1376,2026-03-11,179.77
22948,1376,2025-12-17,203.48
22949,1376,2026-07-19,190.34
22950,1376,2026-09-15,210.47
22951,1376,2026-08-29,230.79
22952,1376,2026-06-27,192.2
22953,1376,2026-07-20,102.77
22954,1376,2025-10-02,466.66
22955,1376,2026-06-25,236.73
22956,1376,2026-01-26,237.26
22957,1376,2026-01-12,205.51
22958,1376,2026-06-22,316.0
22959,1376,2026-07-27,214.61
22960,1376,2026-07-10,182.58
22961,1376,2025-11-07,187.91
22962,1376,2026-04-22,368.78
22963,1376,2026-09-15,230.02
22964,1376,2026-01-30,206.71
22965,1376,2026-04-17,172.63
22966,1376,2026-07-18,181.79
22967,1376,2026-07-21,341.52
22968,1376,2025-12-24,139.04
22969,1376,2026-05-29,283.86
22970,1376,2026-09-03,288.61
22971,1376,2025-12-18,231.4
22972,1376,2026-07-10,192.8
22973,1377,2026-05-18,19.61
22974,1377,2026-03-01,38.16
22975,1377,2025-11-06,27.78
22976,1378,2026-06-12,161.52
22977,1378,2026-02-13,45.33
22978,1378,2025-11-05,79.35
22979,1378,2026-05-18,81.69
22980,1378,2026-02-25,74.65
22981,1378,2026-06-01,167.16
22982,1378,2026-05-29,156.0
22983,1378,2026-05-08,78.55
22984,1378,2025-12-03,56.95
22985,1378,2025-11-21,159.6
22986,1378,2025-11-20,127.55
22987,1379,2026-03-10,22.96
22988,1379,2025-12-11,30.08
22989,1380,2026-09-19,68.6
22990,1380,2026-04-22,23.04
22991,1380,2026-08-01,48.95
22992,1380,2025-10-25,31.1
22993,1380,2026-05-25,18.22
22994,1380,2025-12-17,43.39
22995,1380,2025-12-16,26.77
22996,1380,2026-01-12,24.7
22997,1380,2025-10-26,144.72
22998,1380,2025-12-05,57.43
22999,1380,2026-07-23,58.07
23000,1380,2026-04-25,43.93
23001,1380,2026-02-27,26.29
23002,1380,2026-03-23,41.77
23003,1380,2026-03-16,38.35
23004,1380,2026-07-10,18.93
23005,1380,2025-10-06,100.76
23006,1380,2026-01-21,43.23
23007,1380,2025-12-05,30.94
23008,1380,2026-05-18,47.56
23009,1380,2026-01-24,24.2
23010,1380,2026-06-15,29.51
23011,1380,2026-02-19,89.84
23012,1380,2026-06-22,35.62
23013,1380,2025-10-19,44.63
23014,1380,2026-03-20,47.15
23015,1380,2026-03-27,41.61
23016,1380,2026-03-10,35.31
23017,1380,2026-06-30,124.93
23018,1380,2025-11-27,32.24
23019,1380,2026-06-09,30.1
23020,1380,2025-10-26,56.12
23021,1381,2026-09-09,73.21
23022,1381,2025-12-04,29.49
23023,1381,2026-03-07,33.47
23024,1381,2026-08-13,95.58
23025,1381,2026-04-22,53.05
23026,1381,2026-08-10,66.2
23027,1381,2026-05-17,62.29
23028,1381,2025-11-26,47.43
23029,1381,2026-05-18,46.89
23030,1381,2026-06-18,67.06
23031,1381,2026-07-15,30.74
23032,1381,2026-07-25,98.2
23033,1381,2026-06-24,35.39
23034,1381,2025-10-27,71.31
23035,1381,2026-03-09,56.5
23036,1381,2025-12-10,35.18
23037,1381,2026-07-16,55.94
23038,1381,2026-02-09,47.66
23039,1381,2025-11-24,20.33
23040,1381,2025-12-13,43.28
23041,1381,2025-12-27,25.65
23042,1381,2025-12-21,56.54
23043,1382,2026-09-20,312.41
23044,1382,2025-09-30,167.76
23045,1382,2026-02-28,251.55
23046,1382,2026-01-21,237.67
23047,1382,2026-04-03,219.7
23048,1382,2026-08-23,175.77
23049,1382,2026-07-17,221.75
23050,1382,2026-06-26,201.13
23051,1382,2026-04-25,147.71
23052,1382,2025-11-19,312.67
23053,1382,2026-09-11,426.54
23054,1382,2025-10-17,226.71
23055,1382,2026-03-14,205.7
23056,1382,2025-10-06,295.47
23057,1382,2026-01-18,228.26
23058,1382,2026-04-06,350.82
23059,1382,2026-08-10,220.29
23060,1382,2025-12-30,273.39
23061,1382,2026-02-13,458.14
23062,1382,2026-05-11,371.51
23063,1382,2025-12-01,195.69
23064,1382,2026-01-11,341.64
23065,1382,2026-06-09,129.88
23066,1382,2026-07-28,191.84
23067,1382,2026-01-26,305.58
23068,1382,2026-08-08,418.01
23069,1382,2026-03-15,149.75
23070,1382,2025-10-01,207.43
23071,1382,2025-12-27,210.29
23072,1382,2026-05-31,201.47
23073,1382,2025-10-10,121.49
23074,1382,2025-11-02,263.07
23075,1382,2026-03-28,118.28
23076,1382,2026-09-12,350.41
23077,1383,2026-09-20,36.05
23078,1383,2026-04-12,37.47
23079,1383,2026-09-05,33.21
23080,1383,2026-02-05,52.28
23081,1383,2026-01-30,102.59
23082,1383,2026-03-07,52.9
23083,1383,2026-03-20,58.84
23084,1383,2025-09-26,73.24
23085,1383,2026-08-30,36.73
23086,1383,2026-01-08,19.98
23087,1383,2026-02-09,45.06
23088,1383,2026-04-11,66.12
23089,1383,2026-07-14,111.2
23090,1383,2025-10-19,28.95
23091,1383,2025-10-18,73.82
23092,1383,2026-05-21,50.61
23093,1383,2026-01-13,37.78
23094,1383,2026-08-13,28.11
23095,1383,2026-09-19,34.6
23096,1383,2025-10-08,58.24
23097,1383,2025-11-11,78.02
23098,1383,2026-09-17,13.21
23099,1383,2026-08-28,56.67
23100,1383,2026-07-28,34.76
23101,1383,2026-09-16,36.25
23102,1383,2026-05-09,54.28
23103,1384,2026-08-26,106.05
23104,1384,2026-04-16,122.83
23105,1384,2025-12-19,53.19
23106,1384,2025-12-07,84.18
23107,1384,2025-10-31,89.89
23108,1384,2026-05-21,99.0
23109,1384,2026-08-19,161.97
23110,1384,2025-11-16,47.39
23111,1384,2026-07-06,138.38
23112,1384,2025-10-24,106.04
23113,1384,2025-12-31,71.94
23114,1384,2026-04-17,129.37
23115,1384,2026-04-24,75.75
23116,1384,2026-01-14,39.82
23117,1385,2026-09-04,31.07
23118,1385,2026-03-26,196.71
23119,1385,2025-10-26,115.63
23120,1385,2026-04-17,42.71
23121,1385,2026-07-19,78.1
23122,1385,2026-01-14,123.13
23123,1385,2026-03-17,90.85
23124,1385,2026-08-21,43.34
23125,1385,2026-07-24,130.07
23126,1385,2026-03-19,105.99
23127,1385,2025-12-21,83.86
23128,1385,2025-10-01,62.61
23129,1385,2026-04-09,142.0
23130,1385,2025-10-12,39.79
23131,1386,2026-09-13,138.4
23132,1386,2026-01-02,239.13
23133,1386,2026-05-15,116.58
23134,1386,2026-04-19,191.11
23135,1386,2026-02-22,313.76
23136,1386,2025-12-08,224.19
23137,1386,2025-10-09,131.09
23138,1386,2026-07-24,259.77
23139,1386,2026-05-16,160.24
23140,1386,2026-06-25,307.25
23141,1386,2026-06-17,264.07
23142,1386,2026-07-26,179.63
23143,1386,2026-02-16,149.85
23144,1386,2026-01-21,143.3
23145,1386,2026-04-13,673.48
23146,1386,2026-02-18,74.89
23147,1386,2026-01-12,95.11
23148,1386,2026-01-23,344.89
23149,1386,2025-10-15,312.96
23150,1386,2026-07-16,246.97
23151,1386,2025-10-11,85.69
23152,1386,2026-08-16,267.62
23153,1386,2026-09-03,135.13
23154,1386,2026-03-09,200.87
23155,1386,2026-03-27,252.19
23156,1386,2026-03-10,263.77
23157,1386,2025-09-28,156.69
23158,1387,2026-07-23,13.04
23159,1387,2026-03-19,12.28
23160,1387,2026-02-27,20.63
23161,1388,2026-08-19,50.59
23162,1388,2026-06-14,63.0
23163,1388,2025-11-05,159.27
23164,1388,2025-12-16,93.45
23165,1388,2025-11-27,153.71
23166,1388,2026-01-25,98.54
23167,1388,2026-06-21,114.23
23168,1388,2026-01-15,133.2
23169,1389,2026-08-06,106.82
23170,1389,2026-02-26,84.74
23171,1389,2026-02-02,155.78
23172,1389,2026-04-24,105.23
23173,1389,2026-06-28,76.96
23174,1389,2025-12-15,74.59
23175,1389,2026-04-01,52.42
23176,1389,2026-07-13,69.59
23177,1389,2026-04-30,155.86
23178,1389,2026-07-26,146.52
23179,1389,2025-11-06,67.48
23180,1389,2025-09-29,54.91
23181,1390,2026-09-24,86.34
23182,1390,2025-11-10,277.69
23183,1390,2026-08-29,230.07
23184,1390,2026-06-25,123.77
23185,1390,2026-02-01,395.35
23186,1390,2026-06-26,259.06
23187,1390,2025-11-18,200.29
23188,1390,2026-04-30,169.71
23189,1390,2026-01-22,157.62
23190,1390,2025-12-27,147.22
23191,1390,2026-02-17,356.16
23192,1390,2026-02-04,237.61
23193,1390,2026-02-27,130.98
23194,1390,2026-07-16,376.42
23195,1390,2026-06-09,201.63
23196,1390,2025-11-02,138.87
23197,1390,2026-05-19,510.85
23198,1390,2025-10-06,128.3
23199,1390,2026-02-27,144.86
23200,1390,2025-12-10,210.02
23201,1390,2026-07-03,242.77
23202,1390,2026-07-16,149.65
23203,1390,2026-05-09,77.65
23204,1390,2025-12-10,213.09
23205,1390,2026-01-18,131.16
23206,1390,2026-03-19,178.67
23207,1390,2026-07-21,145.84
23208,1390,2026-09-14,128.96
23209,1390,2026-08-09,186.27
23210,1390,2026-01-25,158.01
23211,1390,2025-10-11,143.89
23212,1390,2025-10-04,324.29
23213,1390,2025-12-20,134.21
23214,1390,2026-04-20,187.44
23215,1390,2026-01-06,206.49
23216,1391,2026-09-09,166.95
23217,1391,2026-08-18,89.75
23218,1391,2026-05-21,151.84
23219,1391,2026-04-25,147.25
23220,1391,2026-06-12,103.18
23221,1391,2026-03-28,114.07
23222,1391,2026-01-17,137.93
23223,1391,2026-01-09,48.02
23224,1391,2026-08-26,100.62
23225,1391,2026-08-18,115.49
23226,1391,2026-02-02,47.19
23227,1391,2026-03-06,212.79
23228,1391,2026-08-21,147.15
23229,1391,2025-10-07,147.69
23230,1391,2025-10-03,108.18
23231,1391,2026-08-17,58.73
23232,1391,2026-09-07,50.86
23233,1391,2026-08-10,86.07
23234,1391,2026-01-25,123.15
23235,1392,2026-08-31,64.14
23236,1392,2025-10-15,101.97
23237,1392,2026-08-02,89.69
23238,1392,2026-08-31,139.59
23239,1392,2026-08-24,90.34
23240,1392,2026-06-28,24.88
23241,1392,2025-12-16,59.1
23242,1392,2026-02-05,45.83
23243,1392,2026-05-05,214.23
23244,1392,2026-08-26,170.1
23245,1392,2026-05-12,34.2
23246,1392,2026-05-30,57.11
23247,1392,2026-03-15,48.26
23248,1393,2026-09-17,168.28
23249,1393,2026-04-13,117.79
23250,1393,2026-07-04,160.82
23251,1393,2026-04-24,238.77
23252,1393,2026-05-05,283.65
23253,1393,2026-01-03,193.27
23254,1393,2026-02-09,339.61
23255,1393,2025-12-24,410.64
23256,1393,2026-01-08,184.58
23257,1393,2026-05-14,325.48
23258,1393,2026-01-31,155.52
23259,1393,2026-04-01,116.97
23260,1393,2026-03-10,137.27
23261,1393,2026-07-02,142.32
23262,1393,2026-06-11,172.45
23263,1393,2026-08-06,512.41
23264,1393,2026-07-23,165.92
23265,1393,2026-05-15,177.28
23266,1393,2026-07-13,225.03
23267,1393,2026-03-26,115.91
23268,1393,2026-01-04,224.25
23269,1393,2026-07-23,282.2
23270,1393,2026-07-05,409.23
23271,1393,2026-07-21,379.3
23272,1393,2025-12-02,247.28
23273,1393,2026-08-04,189.92
23274,1393,2025-10-23,194.93
23275,1393,2025-11-09,252.27
23276,1393,2026-05-03,205.64
23277,1393,2026-01-13,201.6
23278,1393,2026-07-15,137.91
23279,1393,2026-07-28,283.98
23280,1393,2026-01-24,240.11
23281,1393,2026-01-24,149.42
23282,1393,2026-06-02,410.41
23283,1393,2026-03-28,230.66
23284,1393,2026-03-14,110.64
23285,1394,2026-09-18,215.46
23286,1394,2026-02-28,164.75
23287,1394,2025-12-21,286.34
23288,1394,2025-12-02,195.29
23289,1394,2025-10-01,364.62
23290,1394,2026-05-03,97.24
23291,1394,2026-07-05,216.06
23292,1394,2026-02-13,214.04
23293,1394,2026-02-16,241.58
23294,1394,2026-05-09,394.95
23295,1394,2026-05-19,113.68
23296,1394,2026-03-30,112.12
23297,1394,2026-04-20,179.15
23298,1394,2026-02-02,89.61
23299,1394,2026-01-02,592.92
23300,1394,2026-02-23,319.62
23301,1394,2026-01-16,265.04
23302,1394,2026-07-30,298.69
23303,1394,2026-05-30,372.06
23304,1394,2026-06-26,159.26
23305,1394,2025-12-07,178.51
23306,1394,2026-07-18,244.97
23307,1394,2025-11-12,167.37
23308,1394,2026-02-24,138.34
23309,1394,2026-07-18,165.48
23310,1394,2026-04-30,249.36
23311,1394,2026-08-30,316.48
23312,1394,2026-06-22,118.54
23313,1394,2026-02-15,192.81
23314,1394,2026-09-03,204.96
23315,1394,2026-03-15,112.31
23316,1394,2025-12-18,257.0
23317,1394,2026-06-24,200.12
23318,1395,2026-08-07,63.68
23319,1395,2026-07-21,125.95
23320,1395,2025-12-23,29.96
23321,1395,2026-05-09,72.07
23322,1395,2026-06-03,47.98
23323,1395,2025-12-19,79.12
23324,1395,2026-05-25,45.02
23325,1395,2026-05-23,91.16
23326,1395,2025-11-02,111.05
23327,1395,2025-11-05,67.17
23328,1395,2025-10-03,77.93
23329,1395,2026-03-22,99.34
23330,1395,2025-12-20,88.11
23331,1395,2026-06-06,165.07
23332,1395,2025-09-29,66.11
23333,1395,2026-07-22,114.61
23334,1395,2025-11-10,101.18
23335,1395,2026-01-28,44.03
23336,1396,2026-09-19,158.18
23337,1396,2026-02-28,176.93
23338,1396,2026-05-21,124.85
23339,1396,2026-03-27,289.63
23340,1396,2026-04-13,436.96
23341,1396,2026-08-24,613.39
23342,1396,2026-06-30,234.82
23343,1396,2026-08-01,194.39
23344,1396,2026-01-17,206.54
23345,1396,2026-04-23,387.47
23346,1396,2026-08-01,384.54
23347,1396,2026-02-17,188.45
23348,1396,2026-04-03,360.92
23349,1396,2026-01-20,225.84
23350,1396,2025-10-08,150.83
23351,1396,2025-10-01,195.88
23352,1396,2026-04-05,451.92
23353,1396,2026-09-08,290.58
23354,1396,2026-08-26,167.18
23355,1396,2026-08-01,320.19
23356,1396,2026-09-13,289.56
23357,1396,2026-01-31,182.66
23358,1396,2025-10-13,150.07
23359,1396,2025-12-23,127.36
23360,1396,2026-01-09,100.2
23361,1396,2026-05-28,156.44
23362,1396,2026-01-08,193.86
23363,1396,2026-03-18,370.25
23364,1396,2026-05-10,304.3
23365,1396,2026-08-31,229.42
23366,1396,2026-03-24,90.37
23367,1396,2026-04-21,239.84
23368,1396,2026-03-03,100.15
23369,1396,2026-04-05,311.08
23370,1396,2025-12-18,315.06
23371,1396,2025-10-31,214.87
23372,1396,2026-03-21,303.29
23373,1397,2026-09-08,35.78
23374,1397,2026-02-15,44.59
23375,1397,2026-08-22,39.69
23376,1397,2025-11-09,111.53
23377,1397,2026-08-16,33.86
23378,1397,2026-01-04,80.33
23379,1397,2026-02-21,24.37
23380,1397,2025-12-07,47.08
23381,1397,2026-05-22,41.47
23382,1397,2026-07-30,28.42
23383,1397,2026-03-22,33.37
23384,1397,2025-12-23,56.43
23385,1397,2026-02-23,38.68
23386,1397,2026-08-10,29.15
23387,1397,2026-01-30,67.4
23388,1397,2026-04-22,44.57
23389,1397,2025-12-28,52.23
23390,1397,2025-10-19,73.6
23391,1397,2025-11-14,90.22
23392,1397,2025-09-26,16.09
23393,1397,2026-02-09,42.88
23394,1397,2025-12-31,21.16
23395,1397,2026-08-03,153.45
23396,1397,2026-07-10,48.16
23397,1397,2026-07-23,69.73
23398,1397,2025-12-28,33.94
23399,1398,2026-09-09,44.94
23400,1398,2026-02-07,60.41
23401,1398,2026-04-06,91.52
23402,1398,2025-12-09,63.47
23403,1398,2025-09-28,99.78
23404,1398,2026-08-28,86.44
23405,1398,2026-02-09,63.13
23406,1398,2026-01-18,63.8
23407,1398,2025-11-09,159.95
23408,1398,2026-03-26,106.98
23409,1398,2026-05-13,100.6
23410,1398,2026-07-01,92.25
23411,1398,2026-04-18,59.83
23412,1398,2026-04-17,69.81
23413,1399,2026-09-14,88.69
23414,1399,2026-08-06,27.92
23415,1399,2025-11-23,62.15
23416,1399,2026-03-25,16.66
23417,1399,2026-08-20,64.9
23418,1399,2026-05-05,41.29
23419,1399,2026-09-06,38.02
23420,1399,2026-07-05,32.96
23421,1399,2026-07-30,43.67
23422,1399,2025-10-21,38.36
23423,1399,2026-05-01,23.01
23424,1399,2026-07-15,31.61
23425,1399,2026-01-25,64.45
23426,1399,2025-09-27,37.54
23427,1399,2026-03-28,31.53
23428,1399,2026-07-12,45.95
23429,1399,2026-03-30,56.07
23430,1399,2026-02-06,60.29
23431,1399,2025-11-12,52.39
23432,1399,2026-07-27,77.53
23433,1399,2026-03-01,46.01
23434,1399,2026-08-31,40.46
23435,1399,2026-03-19,66.67
23436,1399,2026-09-09,32.71
23437,1400,2026-09-09,32.33
23438,1400,2026-04-16,47.93
23439,1400,2026-07-19,34.28
23440,1400,2026-04-14,28.61
23441,1400,2026-03-14,68.46
23442,1400,2025-12-18,30.39
23443,1400,2025-12-10,25.39
23444,1400,2025-10-21,62.78
23445,1400,2025-12-21,21.09
23446,1400,2026-08-12,78.25
23447,1400,2026-01-14,28.36
23448,1400,2026-07-11,46.65
23449,1400,2025-10-14,28.76
23450,1400,2025-11-11,45.26
23451,1400,2026-05-25,35.6
23452,1400,2026-08-13,28.92
23453,1400,2025-10-29,21.87
23454,1400,2026-05-07,35.28
23455,1400,2025-11-17,55.73
23456,1400,2026-08-11,60.95
23457,1400,2026-06-13,32.57
23458,1400,2026-04-20,32.6
23459,1400,2026-07-27,41.6
23460,1400,2026-04-06,45.03
23461,1400,2025-10-22,44.93
23462,1400,2026-07-09,37.02
23463,1400,2026-04-16,38.17
23464,1400,2026-08-12,39.54
23465,1401,2026-08-23,53.43
23466,1401,2025-12-02,51.64
23467,1401,2026-02-07,32.35
23468,1401,2026-06-15,101.11
23469,1401,2026-04-19,31.84
23470,1401,2026-03-22,21.24
23471,1401,2025-10-02,48.39
23472,1401,2026-05-08,58.01
23473,1401,2025-11-27,39.28
23474,1401,2026-05-21,78.79
23475,1401,2026-07-01,48.81
23476,1401,2025-12-10,31.11
23477,1401,2026-07-25,34.45
23478,1401,2025-12-12,48.11
23479,1401,2025-10-21,46.66
23480,1401,2026-07-06,77.69
23481,1401,2026-02-10,65.52
23482,1401,2026-06-29,22.22
23483,1401,2026-03-23,41.71
23484,1401,2026-03-23,25.72
23485,1401,2026-07-29,86.75
23486,1401,2026-06-23,29.04
23487,1401,2026-02-25,49.28
23488,1401,2025-11-18,32.87
23489,1401,2026-05-25,18.47
23490,1402,2026-09-23,509.16
23491,1402,2026-01-14,147.04
23492,1402,2026-06-06,376.19
23493,1402,2026-03-20,78.11
23494,1402,2026-01-09,185.53
23495,1402,2025-12-19,180.3
23496,1402,2026-07-21,232.77
23497,1402,2026-02-27,178.25
23498,1402,2026-02-08,391.82
23499,1402,2026-03-01,188.31
23500,1402,2025-12-20,132.15
23501,1402,2026-05-16,135.97
23502,1402,2026-06-03,169.74
23503,1402,2026-05-31,290.92
23504,1402,2026-08-17,315.64
23505,1402,2026-09-08,122.25
23506,1402,2026-02-19,146.5
23507,1402,2025-09-26,130.01
23508,1402,2026-08-07,184.69
23509,1402,2026-06-24,323.76
23510,1402,2026-09-23,226.84
23511,1402,2026-06-27,268.99
23512,1402,2026-08-07,293.89
23513,1402,2025-09-27,161.27
23514,1402,2026-06-19,118.0
23515,1402,2025-10-20,161.22
23516,1402,2026-01-21,303.91
23517,1403,2026-07-23,140.68
23518,1403,2026-04-25,76.54
23519,1403,2025-12-03,111.19
23520,1403,2026-04-01,156.33
23521,1403,2025-10-03,105.23
23522,1403,2026-06-06,95.02
23523,1403,2026-05-27,35.13
23524,1403,2025-11-24,157.65
23525,1403,2026-06-12,56.66
23526,1403,2026-04-02,38.78
23527,1403,2026-01-17,39.96
23528,1403,2025-10-28,61.25
23529,1403,2026-05-19,112.0
23530,1403,2026-05-01,151.73
23531,1403,2026-07-16,104.96
23532,1403,2026-03-23,196.53
23533,1403,2026-05-15,75.07
23534,1404,2026-02-09,90.12
23535,1404,2026-01-28,103.72
23536,1404,2026-01-29,44.3
23537,1404,2025-11-25,70.5
23538,1404,2025-10-17,113.4
23539,1404,2025-11-05,45.68
23540,1404,2025-11-26,119.99
23541,1404,2025-12-03,55.51
23542,1404,2025-11-01,133.92
23543,1404,2026-01-12,56.92
23544,1405,2026-08-16,126.98
23545,1405,2026-07-07,94.13
23546,1405,2026-01-16,60.78
23547,1405,2026-01-17,162.73
23548,1406,2026-05-31,93.92
23549,1406,2025-10-21,124.92
23550,1406,2026-03-15,181.05
23551,1406,2025-10-05,216.61
23552,1407,2026-09-06,25.44
23553,1407,2026-03-08,110.38
23554,1407,2026-08-02,307.46
23555,1407,2026-01-29,127.46
23556,1407,2026-03-17,103.37
23557,1407,2026-02-08,79.57
23558,1407,2025-10-09,99.94
23559,1407,2026-05-02,179.74
23560,1407,2026-07-25,77.0
23561,1407,2026-04-30,153.99
23562,1407,2026-05-08,110.9
23563,1408,2026-09-14,336.67
23564,1408,2026-03-29,140.94
23565,1408,2025-09-26,288.58
23566,1408,2026-06-11,376.75
23567,1408,2026-01-27,105.46
23568,1408,2025-12-24,174.9
23569,1408,2026-02-06,167.81
23570,1408,2025-09-27,237.44
23571,1408,2026-06-17,137.35
23572,1408,2026-07-03,124.3
23573,1408,2025-11-05,205.0
23574,1408,2026-08-21,163.14
23575,1408,2026-09-03,196.65
23576,1408,2025-11-01,313.82
23577,1408,2025-11-18,101.42
23578,1408,2026-07-29,199.52
23579,1408,2025-11-26,160.96
23580,1408,2026-01-03,212.25
23581,1408,2025-10-29,161.25
23582,1408,2026-04-30,123.47
23583,1408,2026-05-23,250.63
23584,1408,2026-05-12,730.88
23585,1408,2026-01-25,200.71
23586,1408,2025-10-17,151.46
23587,1408,2025-10-17,151.26
23588,1408,2026-05-13,319.81
23589,1408,2026-08-22,141.52
23590,1408,2026-04-23,376.89
23591,1408,2026-04-09,100.54
23592,1408,2026-09-09,228.98
23593,1408,2025-10-03,283.05
23594,1409,2026-08-16,81.61
23595,1409,2026-06-18,72.7
23596,1409,2026-05-12,77.89
23597,1409,2025-10-10,115.11
23598,1409,2026-07-27,100.19
23599,1409,2026-01-11,154.0
23600,1409,2026-03-12,35.2
23601,1409,2026-05-03,175.83
23602,1409,2025-12-21,67.18
23603,1409,2026-02-02,162.71
23604,1409,2025-11-15,74.58
23605,1409,2026-06-24,106.28
23606,1409,2026-05-20,55.44
23607,1409,2025-10-20,52.07
23608,1409,2025-11-06,116.9
23609,1409,2026-04-12,27.14
23610,1409,2026-04-07,52.09
23611,1409,2026-06-15,127.08
23612,1409,2026-07-22,74.69
23613,1409,2026-07-23,60.51
23614,1409,2026-08-14,178.59
23615,1410,2026-05-15,30.77
23616,1410,2026-05-07,30.57
23617,1410,2026-02-21,20.49
23618,1410,2026-04-04,29.52
23619,1410,2026-01-09,16.27
23620,1411,2026-09-10,72.56
23621,1411,2026-01-16,135.98
23622,1411,2026-01-05,86.56
23623,1411,2025-10-28,97.81
23624,1411,2025-10-03,233.04
23625,1411,2026-01-19,80.27
23626,1411,2025-12-26,72.38
23627,1411,2026-08-31,57.57
23628,1411,2025-10-13,79.02
23629,1411,2025-10-09,142.54
23630,1411,2026-06-27,116.5
23631,1411,2026-08-20,171.48
23632,1412,2026-08-04,78.15
23633,1412,2025-12-02,115.17
23634,1412,2025-12-13,54.92
23635,1412,2025-10-12,177.32
23636,1412,2025-10-07,58.28
23637,1412,2025-12-11,86.5
23638,1412,2026-06-18,90.47
23639,1412,2025-11-21,102.97
23640,1412,2026-07-22,110.24
23641,1412,2026-03-14,249.07
23642,1412,2025-11-26,68.62
23643,1412,2025-10-26,103.6
23644,1412,2025-10-05,86.68
23645,1412,2026-06-26,140.07
23646,1413,2026-09-18,78.84
23647,1413,2026-01-06,59.27
23648,1413,2026-08-19,91.51
23649,1413,2025-11-23,59.98
23650,1413,2026-09-09,68.74
23651,1413,2026-07-25,87.99
23652,1413,2025-11-02,28.17
23653,1413,2026-05-28,276.17
23654,1413,2026-03-08,113.97
23655,1413,2026-07-16,103.93
23656,1413,2026-06-14,71.16
23657,1413,2026-06-05,93.89
23658,1413,2026-07-02,52.21
23659,1414,2026-09-15,112.72
23660,1414,2026-01-21,35.41
23661,1414,2026-08-12,91.78
23662,1414,2026-02-18,73.04
23663,1414,2026-07-11,156.28
23664,1414,2026-08-23,86.03
23665,1414,2025-12-01,47.08
23666,1414,2026-04-14,84.64
23667,1414,2025-11-13,65.79
23668,1414,2026-01-01,34.05
23669,1414,2026-01-24,83.21
23670,1414,2026-05-03,90.18
23671,1414,2025-12-25,106.85
23672,1414,2026-08-11,142.26
23673,1415,2026-09-21,195.57
23674,1415,2026-03-31,222.8
23675,1415,2026-03-01,151.55
23676,1415,2025-09-28,378.42
23677,1415,2025-11-09,295.9
23678,1415,2026-05-01,247.03
23679,1415,2026-02-02,216.58
23680,1415,2026-07-24,103.93
23681,1415,2026-05-22,386.74
23682,1415,2026-03-11,272.69
23683,1415,2026-05-09,252.47
23684,1415,2025-10-20,150.66
23685,1415,2025-11-16,156.66
23686,1415,2026-09-11,262.34
23687,1415,2026-06-20,344.85
23688,1415,2026-07-27,456.36
23689,1415,2026-08-01,150.84
23690,1415,2026-03-08,195.51
23691,1415,2025-12-24,81.83
23692,1415,2026-01-01,69.38
23693,1415,2026-04-20,265.89
23694,1415,2026-04-27,143.04
23695,1415,2026-07-02,86.41
23696,1415,2025-11-14,124.43
23697,1415,2025-11-26,245.03
23698,1415,2026-05-12,249.6
23699,1415,2026-07-17,100.52
23700,1415,2026-04-05,366.32
23701,1415,2025-12-31,153.55
23702,1415,2026-06-13,237.65
23703,1415,2026-05-22,213.59
23704,1415,2026-07-30,208.91
23705,1415,2026-01-07,137.76
23706,1416,2026-08-28,109.47
23707,1416,2026-07-01,131.95
23708,1416,2026-02-21,83.71
23709,1416,2026-01-25,122.26
23710,1416,2026-04-15,122.24
23711,1416,2026-03-02,84.41
23712,1416,2025-09-28,126.94
23713,1416,2026-02-18,19.83
23714,1416,2026-07-05,67.35
23715,1416,2025-11-14,90.87
23716,1416,2026-05-03,112.81
23717,1416,2026-07-03,139.38
23718,1416,2026-06-15,80.33
23719,1416,2025-11-21,75.5
23720,1416,2025-10-01,133.22
23721,1416,2026-06-27,151.11
23722,1416,2026-07-09,125.56
23723,1416,2025-10-05,84.01
23724,1416,2026-07-19,283.35
23725,1417,2026-08-01,31.18
23726,1417,2026-07-15,42.54
23727,1417,2026-03-24,30.46
23728,1417,2025-12-15,95.38
23729,1417,2026-02-05,50.08
23730,1417,2025-10-16,51.35
23731,1417,2026-07-29,46.01
23732,1417,2026-07-14,53.3
23733,1417,2026-06-15,54.13
23734,1417,2026-07-22,33.06
23735,1417,2026-01-23,21.06
23736,1417,2026-01-20,24.76
23737,1417,2025-12-15,21.8
23738,1417,2026-05-29,49.13
23739,1417,2026-01-04,31.16
23740,1417,2026-06-08,69.94
23741,1417,2025-09-28,50.15
23742,1418,2026-09-13,22.94
23743,1418,2026-01-05,49.47
23744,1418,2025-11-12,36.26
23745,1418,2026-07-03,42.57
23746,1418,2026-03-23,36.37
23747,1418,2025-09-29,56.14
23748,1418,2025-12-06,28.81
23749,1418,2026-05-16,49.51
23750,1418,2026-05-12,28.16
23751,1418,2026-08-06,20.03
23752,1418,2025-10-11,38.59
23753,1418,2025-11-06,55.45
23754,1418,2025-12-06,31.72
23755,1418,2026-04-24,47.85
23756,1418,2026-04-08,38.22
23757,1418,2026-05-03,28.24
23758,1418,2026-05-09,57.83
23759,1418,2026-08-22,33.57
23760,1418,2026-07-01,53.26
23761,1418,2026-02-10,23.33
23762,1418,2026-06-08,47.86
23763,1418,2026-07-21,59.58
23764,1418,2026-04-10,52.72
23765,1418,2025-12-03,67.24
23766,1418,2026-05-11,60.17
23767,1418,2025-12-21,51.49
23768,1418,2026-01-29,65.85
23769,1418,2026-05-21,38.03
23770,1418,2026-02-01,56.9
23771,1419,2026-08-16,59.92
23772,1419,2026-03-28,61.71
23773,1419,2025-10-31,71.67
23774,1419,2026-08-07,119.19
23775,1419,2025-12-21,46.16
23776,1419,2025-12-16,64.09
23777,1419,2025-12-26,264.87
23778,1419,2026-04-18,216.81
23779,1419,2026-07-25,155.12
23780,1419,2026-07-30,91.79
23781,1419,2026-05-03,126.24
23782,1419,2026-07-08,75.69
23783,1419,2026-06-11,26.65
23784,1419,2026-08-10,69.63
23785,1419,2026-04-12,72.71
23786,1420,2026-06-21,108.53
23787,1420,2025-11-06,63.21
23788,1420,2026-05-08,76.8
23789,1420,2026-05-09,90.65
23790,1420,2026-01-02,88.32
23791,1420,2026-06-17,58.23
23792,1420,2025-10-31,104.36
23793,1420,2026-04-24,59.56
23794,1420,2026-02-03,189.16
23795,1420,2026-06-01,75.13
23796,1420,2026-05-30,118.32
23797,1420,2025-10-24,125.18
23798,1420,2025-12-25,76.72
23799,1420,2025-10-11,58.24
23800,1420,2025-10-31,124.98
23801,1420,2025-09-29,47.45
23802,1420,2026-04-30,50.83
23803,1421,2026-07-27,26.23
23804,1421,2025-11-24,20.18
23805,1421,2026-06-03,49.14
23806,1421,2025-12-27,21.75
23807,1421,2025-11-19,28.47
23808,1421,2026-03-22,31.62
23809,1422,2026-07-16,46.65
23810,1422,2026-02-07,53.27
23811,1422,2025-12-09,46.44
23812,1422,2025-12-02,33.33
23813,1422,2025-12-10,135.29
23814,1422,2025-10-07,49.62
23815,1422,2026-02-23,80.77
23816,1422,2026-01-16,54.81
23817,1422,2025-11-04,88.66
23818,1422,2025-12-01,31.74
23819,1422,2026-03-03,43.24
23820,1422,2025-11-12,36.78
23821,1422,2025-12-02,34.79
23822,1422,2025-11-22,50.76
23823,1422,2026-02-23,40.28
23824,1422,2026-04-11,23.68
23825,1422,2025-11-29,39.27
23826,1422,2026-07-16,37.82
23827,1422,2025-10-31,66.89
23828,1422,2026-01-13,23.47
23829,1422,2025-11-15,35.73
23830,1422,2025-10-11,32.1
23831,1422,2025-12-14,62.92
23832,1422,2025-10-29,35.21
23833,1423,2026-08-29,40.73
23834,1423,2025-12-30,10.75
23835,1423,2025-12-06,57.52
23836,1423,2026-03-27,58.63
23837,1423,2025-12-01,37.23
23838,1423,2026-05-13,23.07
23839,1423,2025-11-18,35.37
23840,1423,2026-06-26,70.42
23841,1423,2026-07-07,37.45
23842,1423,2025-12-16,45.46
23843,1423,2025-12-21,38.73
23844,1423,2025-11-06,51.86
23845,1423,2026-08-05,24.88
23846,1423,2025-10-28,41.09
23847,1423,2025-11-05,73.7
23848,1423,2026-02-22,29.78
23849,1424,2026-08-31,33.9
23850,1424,2026-03-06,32.67
23851,1424,2026-08-26,26.51
23852,1424,2025-10-23,53.25
23853,1424,2026-07-08,29.39
23854,1424,2025-09-29,57.6
23855,1424,2026-06-25,62.25
23856,1424,2026-04-21,143.24
23857,1424,2026-08-10,36.67
23858,1424,2026-03-26,41.88
23859,1424,2025-10-08,32.16
23860,1424,2025-09-30,26.56
23861,1424,2026-04-27,37.25
23862,1424,2026-08-11,31.74
23863,1425,2026-09-07,59.6
23864,1425,2026-01-02,18.05
23865,1425,2026-03-19,22.78
23866,1425,2026-08-31,55.75
23867,1425,2025-12-24,35.85
23868,1425,2026-01-19,60.7
23869,1425,2026-04-04,26.02
23870,1425,2026-05-04,83.04
23871,1425,2026-05-05,29.51
23872,1425,2026-06-25,87.45
23873,1425,2026-05-06,22.39
23874,1425,2026-07-13,59.04
23875,1425,2026-05-07,29.59
23876,1425,2025-10-18,44.82
23877,1425,2026-02-18,73.04
23878,1425,2026-02-18,67.52
23879,1425,2025-12-01,31.07
23880,1425,2025-11-07,34.16
23881,1425,2026-02-22,22.17
23882,1425,2026-05-05,20.09
23883,1425,2026-03-09,30.92
23884,1425,2025-11-10,30.63
23885,1425,2026-05-24,22.85
23886,1425,2025-10-02,41.03
23887,1425,2026-03-31,44.35
23888,1425,2025-12-29,44.73
23889,1425,2026-07-07,31.41
23890,1425,2025-10-01,34.68
23891,1425,2025-12-23,39.02
23892,1426,2026-09-22,35.25
23893,1426,2025-11-01,72.61
23894,1426,2026-07-05,163.31
23895,1426,2026-03-28,22.91
23896,1426,2026-04-04,44.22
23897,1426,2026-04-24,60.76
23898,1426,2026-09-15,21.61
23899,1426,2026-07-04,22.64
23900,1426,2026-05-26,69.09
23901,1426,2026-04-27,43.92
23902,1426,2026-06-17,32.93
23903,1426,2026-05-17,21.51
23904,1426,2025-12-17,52.12
23905,1426,2026-05-27,23.95
23906,1426,2026-07-05,28.45
23907,1426,2026-04-07,29.27
23908,1426,2026-09-13,38.64
23909,1426,2026-07-02,27.42
23910,1426,2026-09-14,29.35
23911,1426,2026-08-29,68.85
23912,1426,2025-12-20,48.53
23913,1426,2026-09-14,45.31
23914,1426,2026-08-02,54.76
23915,1426,2026-07-20,27.94
23916,1426,2026-02-01,53.0
23917,1426,2026-05-26,54.53
23918,1426,2026-07-12,28.39
23919,1426,2025-12-31,58.86
23920,1426,2026-07-04,50.03
23921,1426,2025-10-18,50.64
23922,1426,2025-12-05,95.25
23923,1426,2025-11-07,47.55
23924,1427,2026-09-15,501.09
23925,1427,2026-01-16,270.22
23926,1427,2026-05-25,235.21
23927,1427,2026-08-13,229.51
23928,1427,2026-08-14,252.49
23929,1427,2026-06-17,482.41
23930,1427,2026-03-31,177.48
23931,1427,2026-01-26,226.56
23932,1427,2025-11-11,212.77
23933,1427,2026-07-06,315.34
23934,1427,2025-12-11,452.28
23935,1427,2025-10-17,161.16
23936,1427,2025-12-16,257.5
23937,1427,2026-05-15,227.33
23938,1427,2026-05-27,112.21
23939,1427,2026-03-15,324.95
23940,1427,2025-11-25,424.38
23941,1427,2026-01-22,303.68
23942,1427,2026-04-09,158.01
23943,1427,2026-07-29,114.04
23944,1427,2026-01-21,280.23
23945,1427,2026-01-14,129.2
23946,1427,2026-03-21,135.12
23947,1427,2026-08-04,230.74
23948,1427,2026-04-11,292.43
23949,1427,2025-11-26,180.52
23950,1427,2025-10-12,191.35
23951,1427,2026-03-26,199.69
23952,1427,2025-11-18,139.06
23953,1427,2026-08-15,176.98
23954,1427,2026-08-23,101.42
23955,1427,2026-01-07,292.38
23956,1427,2025-10-06,736.43
23957,1427,2026-08-19,215.76
23958,1427,2026-07-25,358.91
23959,1427,2025-10-05,186.67
23960,1427,2025-10-10,114.57
23961,1427,2026-04-07,578.33
23962,1427,2026-08-31,143.53
23963,1427,2026-05-03,321.59
23964,1427,2026-01-20,231.44
23965,1427,2026-05-27,358.29
23966,1428,2026-09-13,164.77
23967,1428,2026-01-04,332.33
23968,1428,2025-11-28,137.2
23969,1428,2026-02-16,286.44
23970,1428,2026-04-18,103.13
23971,1428,2026-04-02,154.29
23972,1428,2026-05-08,459.71
23973,1428,2026-08-04,173.22
23974,1428,2026-03-20,374.89
23975,1428,2026-02-12,606.1
23976,1428,2025-12-30,173.92
23977,1428,2026-08-24,155.64
23978,1428,2026-01-23,79.44
23979,1428,2026-06-03,239.47
23980,1428,2026-01-07,249.08
23981,1428,2026-03-22,297.06
23982,1428,2025-10-14,392.77
23983,1428,2026-08-06,132.35
23984,1428,2026-06-15,487.41
23985,1428,2026-01-02,184.99
23986,1428,2026-07-02,247.34
23987,1428,2026-06-16,203.73
23988,1428,2026-01-27,148.41
23989,1428,2026-03-17,122.44
23990,1428,2026-07-24,230.84
23991,1428,2026-05-21,136.08
23992,1428,2026-01-29,190.17
23993,1428,2026-08-21,174.45
23994,1428,2025-10-11,178.41
23995,1428,2026-04-25,93.45
23996,1428,2026-04-05,50.5
23997,1428,2026-01-25,306.33
23998,1428,2026-06-30,348.48
23999,1428,2026-02-27,66.31
24000,1428,2025-09-27,253.48
24001,1428,2025-10-10,231.57
24002,1428,2026-05-01,115.73
24003,1428,2025-09-29,314.55
24004,1429,2026-06-16,107.05
24005,1429,2026-05-17,178.28
24006,1429,2026-01-15,80.38
24007,1429,2026-03-10,67.71
24008,1429,2025-10-14,42.76
24009,1429,2026-06-13,133.31
24010,1429,2026-05-12,98.88
24011,1430,2026-09-11,48.75
24012,1430,2026-07-29,51.9
24013,1430,2025-12-28,71.13
24014,1430,2025-10-04,93.73
24015,1430,2026-06-08,86.76
24016,1430,2025-11-20,57.54
24017,1430,2026-04-20,39.82
24018,1430,2026-04-30,54.73
24019,1430,2026-08-24,44.34
24020,1430,2025-11-03,64.09
24021,1430,2026-08-02,34.85
24022,1430,2026-03-26,67.57
24023,1430,2025-10-05,45.95
24024,1430,2026-01-28,53.54
24025,1430,2026-07-31,26.27
24026,1430,2025-10-21,39.79
24027,1430,2026-02-13,55.01
24028,1430,2026-06-16,41.46
24029,1430,2026-06-12,15.65
24030,1430,2025-11-13,25.83
24031,1430,2026-02-16,52.48
24032,1430,2026-04-24,88.55
24033,1430,2026-05-30,40.53
24034,1430,2025-11-10,36.11
24035,1430,2026-05-11,72.25
24036,1430,2026-03-03,45.22
24037,1430,2026-08-15,62.87
24038,1430,2026-06-17,39.39
24039,1430,2025-12-09,37.48
24040,1430,2025-12-17,65.14
24041,1430,2025-10-01,60.9
24042,1430,2026-08-02,38.95
24043,1431,2026-08-14,45.9
24044,1431,2026-06-25,80.9
24045,1431,2025-11-06,104.57
24046,1431,2026-06-26,112.09
24047,1431,2026-06-26,106.65
24048,1431,2026-03-14,124.68
24049,1431,2026-05-31,99.17
24050,1431,2026-07-22,67.91
24051,1431,2026-01-03,73.63
24052,1431,2026-03-01,63.38
24053,1431,2026-03-13,73.14
24054,1431,2026-05-29,115.88
24055,1431,2026-01-15,63.57
24056,1431,2026-02-13,145.66
24057,1431,2026-02-14,57.69
24058,1431,2025-10-17,98.62
24059,1431,2026-02-11,131.1
24060,1431,2025-10-20,110.14
24061,1432,2026-08-18,34.37
24062,1432,2025-11-06,27.02
24063,1432,2025-12-07,27.91
24064,1432,2025-11-16,45.26
24065,1433,2026-09-21,145.47
24066,1433,2026-01-14,175.03
24067,1433,2025-10-12,181.49
24068,1433,2026-08-27,292.08
24069,1433,2026-07-16,141.64
24070,1433,2026-01-24,145.89
24071,1433,2026-09-05,177.5
24072,1433,2026-08-27,270.67
24073,1433,2026-05-21,291.31
24074,1433,2026-01-20,236.26
24075,1433,2025-10-10,289.68
24076,1433,2025-10-05,354.29
24077,1433,2026-04-15,225.42
24078,1433,2025-12-30,146.4
24079,1433,2026-05-31,202.81
24080,1433,2026-01-10,113.79
24081,1433,2025-11-03,250.82
24082,1433,2026-02-05,168.32
24083,1433,2026-08-04,220.86
24084,1433,2026-06-13,202.13
24085,1433,2025-10-17,176.75
24086,1433,2025-12-11,232.42
24087,1433,2025-12-03,198.53
24088,1433,2026-09-03,158.13
24089,1433,2026-05-06,128.13
24090,1433,2026-03-19,246.48
24091,1433,2025-12-11,122.03
24092,1433,2026-08-15,470.96
24093,1433,2025-12-23,374.78
24094,1433,2026-02-12,102.69
24095,1433,2026-02-24,278.52
24096,1433,2025-11-14,350.5
24097,1433,2025-12-13,161.32
24098,1433,2026-01-07,245.94
24099,1433,2026-03-25,198.5
24100,1434,2026-09-05,159.45
24101,1434,2026-02-19,110.77
24102,1434,2026-03-08,103.7
24103,1434,2026-07-21,151.55
24104,1434,2026-02-19,128.57
24105,1434,2026-04-14,196.64
24106,1434,2026-06-17,226.55
24107,1434,2025-10-21,147.24
24108,1434,2026-06-21,278.78
24109,1434,2026-04-13,155.75
24110,1434,2026-05-02,195.98
24111,1434,2026-04-02,79.12
24112,1434,2026-03-04,217.91
24113,1434,2026-01-31,578.56
24114,1434,2026-05-12,300.32
24115,1434,2026-05-09,194.31
24116,1434,2026-01-05,124.71
24117,1434,2026-01-08,437.71
24118,1434,2026-02-16,195.32
24119,1434,2026-03-10,155.1
24120,1434,2026-07-29,156.86
24121,1434,2026-02-22,533.76
24122,1434,2026-06-20,199.12
24123,1434,2026-08-11,257.2
24124,1434,2026-02-09,191.66
24125,1434,2026-03-09,203.93
24126,1434,2026-03-06,173.45
24127,1434,2025-12-27,398.28
24128,1434,2026-05-11,214.2
24129,1435,2026-01-12,39.79
24130,1435,2026-01-11,123.51
24131,1435,2025-10-22,84.47
24132,1435,2025-10-03,82.24
24133,1435,2025-11-29,180.4
24134,1435,2025-12-30,86.16
24135,1436,2026-09-11,183.27
24136,1436,2026-02-17,107.85
24137,1436,2026-07-30,89.93
24138,1436,2026-07-18,31.2
24139,1436,2025-12-06,108.57
24140,1436,2026-08-19,117.77
24141,1436,2026-04-05,150.84
24142,1436,2026-07-02,62.94
24143,1436,2025-12-20,88.65
24144,1436,2026-06-09,44.01
24145,1436,2025-12-18,43.55
24146,1436,2026-07-08,113.37
24147,1436,2026-02-10,159.13
24148,1437,2026-06-23,74.4
24149,1437,2026-05-02,33.9
24150,1437,2025-12-05,64.72
24151,1437,2025-12-21,192.16
24152,1437,2026-05-26,83.71
24153,1437,2025-12-04,142.5
24154,1437,2025-12-09,140.06
24155,1437,2026-02-26,102.4
24156,1438,2026-08-15,71.94
24157,1438,2026-02-25,17.57
24158,1438,2026-02-21,16.67
24159,1438,2026-07-04,22.43
24160,1438,2025-12-06,68.25
24161,1438,2026-05-06,18.22
24162,1438,2025-12-19,44.8
24163,1438,2026-08-07,29.87
24164,1438,2026-07-08,48.25
24165,1438,2026-05-21,42.22
24166,1438,2026-05-11,50.37
24167,1438,2026-07-13,37.6
24168,1438,2026-01-06,61.87
24169,1438,2026-07-25,86.94
24170,1438,2026-07-14,79.5
24171,1438,2026-01-28,38.23
24172,1438,2026-01-14,30.49
24173,1438,2026-01-15,49.14
24174,1438,2025-11-09,109.46
24175,1438,2025-12-03,43.94
24176,1439,2026-07-30,141.03
24177,1439,2026-04-08,74.45
24178,1439,2026-06-18,62.05
24179,1439,2025-12-18,49.49
24180,1439,2026-04-28,84.61
24181,1439,2026-05-01,77.0
24182,1439,2025-12-20,141.36
24183,1439,2026-05-11,115.94
24184,1439,2026-02-21,92.22
24185,1439,2026-03-04,92.39
24186,1439,2025-11-12,74.53
24187,1439,2025-12-17,40.41
24188,1439,2026-04-08,52.86
24189,1440,2026-09-16,96.87
24190,1440,2026-09-15,119.43
24191,1440,2026-04-15,123.74
24192,1440,2026-07-08,110.41
24193,1440,2026-07-05,20.6
24194,1440,2025-12-25,151.09
24195,1440,2025-11-20,98.45
24196,1440,2025-10-28,48.86
24197,1440,2025-10-22,98.39
24198,1440,2026-09-03,103.12
24199,1440,2025-11-25,44.39
24200,1440,2025-12-23,67.4
24201,1441,2026-05-11,153.84
24202,1441,2025-10-14,61.92
24203,1441,2025-12-06,101.54
24204,1441,2026-04-21,125.26
24205,1441,2026-04-30,101.52
24206,1441,2025-10-23,323.77
24207,1441,2026-02-04,96.33
24208,1441,2026-02-20,47.08
24209,1442,2026-09-21,234.94
24210,1442,2026-06-11,146.78
24211,1442,2026-05-09,140.56
24212,1442,2026-02-07,209.66
24213,1442,2025-09-26,220.07
24214,1442,2026-08-04,309.62
24215,1442,2026-06-21,98.26
24216,1442,2026-04-20,136.89
24217,1442,2025-12-04,154.14
24218,1442,2026-06-26,221.66
24219,1442,2026-04-11,126.32
24220,1442,2026-06-26,201.17
24221,1442,2026-01-09,157.19
24222,1442,2026-06-29,197.57
24223,1442,2026-08-18,148.19
24224,1442,2026-04-03,133.21
24225,1442,2026-09-21,238.74
24226,1442,2026-06-07,346.52
24227,1442,2025-10-08,302.82
24228,1442,2025-12-01,346.48
24229,1442,2026-02-07,365.26
24230,1442,2026-04-13,195.36
24231,1442,2025-12-03,487.37
24232,1442,2026-09-02,295.11
24233,1442,2026-04-18,136.96
24234,1442,2026-04-16,155.43
24235,1442,2026-09-15,224.75
24236,1442,2026-08-17,312.11
24237,1442,2026-04-19,189.45
24238,1442,2026-07-30,135.66
24239,1443,2026-09-13,708.36
24240,1443,2026-05-08,219.45
24241,1443,2026-06-30,156.11
24242,1443,2026-06-25,230.47
24243,1443,2026-04-07,401.52
24244,1443,2026-06-02,263.09
24245,1443,2025-11-08,305.46
24246,1443,2025-11-21,295.64
24247,1443,2026-01-17,263.74
24248,1443,2026-05-15,111.75
24249,1443,2026-07-29,109.05
24250,1443,2026-06-24,103.17
24251,1443,2026-04-03,122.52
24252,1443,2025-11-30,129.03
24253,1443,2025-12-15,484.92
24254,1443,2025-10-03,152.78
24255,1443,2026-04-10,219.65
24256,1444,2026-09-10,166.27
24257,1444,2026-07-12,795.68
24258,1444,2025-11-27,325.84
24259,1444,2025-11-24,298.88
24260,1444,2026-08-27,174.8
24261,1444,2026-06-06,193.2
24262,1444,2026-02-21,668.02
24263,1444,2026-07-16,157.74
24264,1444,2026-04-18,235.53
24265,1444,2026-01-08,480.92
24266,1444,2026-09-08,151.63
24267,1444,2026-01-30,224.64
24268,1444,2026-05-27,208.29
24269,1444,2025-12-09,140.77
24270,1444,2026-07-07,297.63
24271,1444,2026-01-08,127.13
24272,1444,2025-12-17,297.75
24273,1444,2026-04-11,254.78
24274,1444,2026-04-07,314.56
24275,1444,2026-04-22,192.43
24276,1444,2025-12-05,250.23
24277,1444,2026-04-20,333.25
24278,1444,2025-10-06,111.4
24279,1444,2026-07-18,121.91
24280,1444,2026-04-23,272.84
24281,1444,2026-03-03,304.13
24282,1444,2026-02-28,223.2
24283,1444,2026-04-04,317.69
24284,1444,2025-10-05,178.42
24285,1444,2026-03-24,371.42
24286,1445,2026-05-26,115.65
24287,1445,2026-04-16,42.28
24288,1445,2026-04-05,69.81
24289,1445,2025-12-19,117.7
24290,1445,2026-02-19,168.62
24291,1445,2026-03-23,98.98
24292,1446,2026-09-12,39.35
24293,1446,2026-08-29,93.56
24294,1446,2026-02-03,109.49
24295,1446,2026-04-19,43.19
24296,1446,2026-01-21,73.95
24297,1446,2025-11-06,63.78
24298,1446,2025-11-02,36.07
24299,1446,2026-08-17,55.53
24300,1446,2026-06-04,30.54
24301,1446,2026-07-02,22.28
24302,1446,2026-07-12,56.46
24303,1446,2026-04-05,57.98
24304,1446,2026-03-29,26.4
24305,1446,2025-10-07,42.2
24306,1446,2025-11-30,26.39
24307,1446,2026-08-23,36.56
24308,1446,2026-02-25,36.98
24309,1446,2026-06-27,62.81
24310,1446,2025-10-15,35.93
24311,1446,2026-06-15,25.5
24312,1446,2026-08-12,97.39
24313,1446,2025-10-16,56.23
24314,1447,2026-08-10,94.9
24315,1447,2025-12-24,106.31
24316,1447,2026-06-08,110.43
24317,1447,2025-12-01,57.02
24318,1447,2026-03-17,98.53
24319,1447,2026-04-17,56.85
24320,1447,2026-02-17,97.53
24321,1447,2026-08-02,127.83
24322,1448,2026-08-13,21.32
24323,1448,2026-04-12,31.27
24324,1448,2025-11-09,50.38
24325,1448,2026-01-26,45.1
24326,1448,2026-07-07,36.76
24327,1448,2026-08-05,30.61
24328,1448,2026-04-27,28.72
24329,1448,2025-11-22,111.99
24330,1448,2025-11-07,23.68
24331,1448,2026-06-24,22.33
24332,1448,2026-08-06,26.36
24333,1448,2026-05-21,49.07
24334,1448,2025-11-07,39.8
24335,1448,2026-03-29,54.21
24336,1448,2026-08-01,32.74
24337,1448,2026-03-05,46.82
24338,1448,2026-01-13,46.75
24339,1448,2026-07-13,91.41
24340,1448,2026-01-20,100.2
24341,1448,2025-11-29,42.04
24342,1448,2026-07-26,66.11
24343,1448,2026-07-27,48.41
24344,1448,2025-11-17,63.66
24345,1448,2026-03-16,53.51
24346,1448,2026-07-17,62.67
24347,1448,2026-07-01,66.06
24348,1448,2025-11-12,54.47
24349,1449,2026-03-05,28.12
24350,1449,2026-02-20,30.76
24351,1449,2025-12-28,45.24
24352,1449,2025-11-02,28.58
24353,1449,2025-10-26,35.66
24354,1450,2026-07-05,168.05
24355,1450,2026-04-15,70.32
24356,1450,2026-05-14,200.21
24357,1450,2025-10-06,213.97
24358,1450,2025-10-26,158.25
24359,1451,2026-08-14,166.31
24360,1451,2026-06-15,177.41
24361,1451,2026-01-10,165.35
24362,1451,2026-07-04,145.89
24363,1451,2026-04-12,109.38
24364,1451,2026-02-19,89.58
24365,1451,2026-03-18,210.21
24366,1451,2026-07-06,101.74
24367,1451,2026-03-26,75.67
24368,1451,2026-04-29,109.8
24369,1451,2026-02-15,150.93
24370,1451,2026-04-29,148.45
24371,1451,2026-03-10,55.21
24372,1451,2025-10-11,146.34
24373,1451,2026-03-21,122.73
24374,1451,2025-12-21,77.04
24375,1451,2026-05-01,62.1
24376,1451,2026-01-09,171.29
24377,1451,2026-03-23,179.07
24378,1451,2026-01-26,182.4
24379,1452,2025-11-04,24.29
24380,1452,2025-10-28,39.22
24381,1452,2025-10-26,41.86
24382,1452,2025-10-07,33.52
24383,1452,2025-11-03,45.12
24384,1452,2025-10-23,22.74
24385,1452,2025-09-27,15.64
24386,1452,2025-09-26,22.13
24387,1452,2025-10-23,44.33
24388,1453,2026-08-06,88.21
24389,1453,2026-03-29,81.95
24390,1453,2025-10-28,66.49
24391,1453,2026-05-20,95.78
24392,1453,2026-06-12,53.22
24393,1453,2025-10-28,112.69
24394,1453,2026-03-05,151.66
24395,1453,2025-09-29,75.86
24396,1453,2026-05-02,109.39
24397,1454,2026-08-24,106.85
24398,1454,2026-06-28,125.66
24399,1454,2026-02-20,89.1
24400,1454,2026-02-01,112.7
24401,1454,2026-06-05,61.63
24402,1454,2026-05-20,40.72
24403,1454,2026-08-05,95.94
24404,1454,2026-02-22,64.24
24405,1454,2025-10-14,219.33
24406,1454,2026-01-20,64.15
24407,1454,2026-08-01,129.66
24408,1454,2026-03-27,66.73
24409,1454,2025-10-23,90.87
24410,1454,2026-07-03,55.55
24411,1455,2026-09-04,43.52
24412,1455,2025-12-31,105.48
24413,1455,2026-08-27,149.76
24414,1455,2026-05-13,117.39
24415,1455,2025-11-05,243.35
24416,1455,2025-12-06,103.21
24417,1455,2026-07-16,121.01
24418,1455,2026-06-17,104.01
24419,1455,2025-10-03,73.87
24420,1456,2026-09-07,184.9
24421,1456,2025-10-24,190.06
24422,1456,2026-04-02,190.63
24423,1456,2025-10-23,131.05
24424,1456,2025-12-13,213.57
24425,1456,2026-05-22,425.65
24426,1456,2026-08-16,167.62
24427,1456,2026-07-18,232.92
24428,1456,2026-05-05,232.08
24429,1456,2025-12-21,175.75
24430,1456,2025-12-07,238.01
24431,1456,2026-04-20,176.93
24432,1456,2026-05-15,253.42
24433,1456,2026-01-01,203.44
24434,1456,2026-08-18,111.55
24435,1456,2026-04-20,93.46
24436,1456,2026-07-04,80.24
24437,1456,2026-01-16,174.61
24438,1456,2026-01-16,305.18
24439,1456,2025-11-16,151.2
24440,1456,2025-10-07,187.92
24441,1456,2026-06-26,156.47
24442,1456,2026-06-20,144.22
24443,1456,2026-04-19,565.82
24444,1456,2026-03-12,146.64
24445,1456,2025-12-29,114.27
24446,1456,2026-06-16,140.38
24447,1456,2026-02-24,217.18
24448,1457,2026-09-03,77.01
24449,1457,2025-10-22,142.87
24450,1457,2025-12-21,169.95
24451,1457,2026-02-03,143.43
24452,1457,2025-11-28,121.29
24453,1457,2026-07-22,77.93
24454,1457,2026-04-22,106.01
24455,1457,2026-01-10,175.44
24456,1458,2026-08-19,47.88
24457,1458,2026-06-23,36.74
24458,1458,2026-01-09,26.54
24459,1458,2025-12-31,87.26
24460,1458,2025-12-05,53.97
24461,1458,2026-06-30,38.11
24462,1458,2025-11-19,52.68
24463,1458,2026-02-02,38.67
24464,1458,2025-10-23,20.89
24465,1458,2026-08-19,41.53
24466,1458,2026-04-28,23.89
24467,1458,2025-10-11,50.08
24468,1458,2025-11-16,91.86
24469,1458,2026-01-20,33.72
24470,1458,2025-10-10,64.24
24471,1458,2026-01-22,33.74
24472,1458,2026-03-19,44.59
24473,1458,2026-05-22,30.31
24474,1458,2026-01-05,59.46
24475,1458,2026-02-27,82.48
24476,1458,2026-05-06,49.07
24477,1458,2026-06-29,57.26
24478,1458,2026-05-27,57.21
24479,1459,2026-09-04,80.84
24480,1459,2026-03-15,97.63
24481,1459,2026-02-24,147.2
24482,1459,2026-05-23,178.81
24483,1459,2026-05-22,58.18
24484,1459,2026-03-18,136.9
24485,1459,2026-07-10,98.33
24486,1459,2026-07-12,51.9
24487,1459,2026-08-28,112.42
24488,1460,2026-07-22,32.26
24489,1460,2026-07-09,51.26
24490,1460,2026-03-10,19.7
24491,1460,2025-11-27,50.48
24492,1460,2026-03-19,61.24
24493,1460,2026-05-02,69.3
24494,1460,2025-09-30,61.68
24495,1460,2026-03-24,30.2
24496,1460,2026-06-09,23.27
24497,1460,2026-05-29,68.73
24498,1460,2026-06-12,53.99
24499,1460,2025-10-04,56.18
24500,1460,2026-01-17,95.89
24501,1460,2026-07-18,21.83
24502,1460,2026-02-04,101.3
24503,1460,2026-03-19,34.94
24504,1460,2026-02-09,65.23
24505,1460,2025-11-07,44.73
24506,1460,2026-03-21,38.52
24507,1460,2026-04-23,22.82
24508,1460,2026-04-05,33.25
24509,1460,2025-12-23,55.52
24510,1460,2026-06-26,52.8
24511,1460,2026-01-17,69.07
24512,1460,2025-11-27,32.96
24513,1461,2026-08-04,143.3
24514,1461,2026-07-21,59.78
24515,1461,2026-07-20,67.79
24516,1461,2025-12-10,86.85
24517,1461,2026-01-14,46.84
24518,1461,2026-05-28,58.17
24519,1461,2026-01-05,42.39
24520,1461,2026-04-29,121.63
24521,1461,2026-03-09,89.53
24522,1461,2026-06-01,90.59
24523,1461,2026-07-20,87.56
24524,1461,2025-10-26,89.29
24525,1461,2026-02-08,72.45
24526,1461,2025-10-07,138.4
24527,1461,2026-07-03,40.71
24528,1461,2026-04-02,47.02
24529,1461,2026-03-15,165.84
24530,1461,2026-07-25,101.49
24531,1461,2025-11-28,36.19
24532,1462,2026-08-11,42.96
24533,1462,2025-10-22,22.18
24534,1462,2025-11-11,25.83
24535,1462,2026-08-05,47.64
24536,1462,2026-01-08,27.19
24537,1462,2025-11-27,61.38
24538,1462,2026-07-19,44.0
24539,1462,2026-02-12,39.36
24540,1462,2025-10-17,34.25
24541,1462,2026-04-14,55.12
24542,1462,2026-01-06,61.05
24543,1462,2026-04-11,30.28
24544,1462,2026-06-23,35.54
24545,1462,2026-04-06,41.35
24546,1462,2026-03-14,51.99
24547,1462,2026-03-28,51.7
24548,1462,2026-05-23,42.98
24549,1462,2025-10-13,61.89
24550,1462,2026-02-03,42.33
24551,1462,2026-01-19,24.0
24552,1462,2026-02-15,82.14
24553,1462,2026-04-22,69.94
24554,1462,2025-10-05,24.22
24555,1462,2026-03-31,48.76
24556,1462,2026-07-25,80.8
24557,1462,2026-03-21,39.24
24558,1462,2026-03-20,63.68
24559,1462,2026-04-09,74.17
24560,1462,2026-06-14,50.77
24561,1462,2026-03-11,118.04
24562,1462,2026-08-04,60.29
24563,1462,2026-04-21,47.11
24564,1463,2025-12-06,118.45
24565,1463,2025-10-11,56.6
24566,1463,2025-11-17,79.9
24567,1463,2025-11-15,139.03
24568,1463,2025-10-06,85.58
24569,1463,2025-11-22,64.62
24570,1463,2025-11-11,77.06
24571,1463,2025-11-12,68.67
24572,1464,2026-07-10,97.39
24573,1464,2025-11-25,179.27
24574,1464,2025-12-05,60.94
24575,1464,2025-11-07,34.47
24576,1464,2025-11-23,78.25
24577,1464,2026-01-15,138.18
24578,1464,2026-01-31,108.99
24579,1464,2025-10-11,68.28
24580,1464,2026-04-19,108.43
24581,1465,2025-10-30,36.27
24582,1465,2025-10-09,27.02
24583,1465,2025-10-12,13.25
24584,1465,2025-10-09,50.84
24585,1465,2025-10-15,17.75
24586,1466,2026-05-14,18.85
24587,1466,2025-12-29,18.59
24588,1466,2025-12-13,48.42
24589,1466,2025-12-24,25.54
24590,1466,2026-03-09,19.56
24591,1466,2026-04-14,14.14
24592,1467,2026-09-18,56.89
24593,1467,2026-03-29,43.28
24594,1467,2025-12-10,46.44
24595,1467,2026-02-01,22.19
24596,1467,2026-07-09,30.84
24597,1467,2026-04-10,104.04
24598,1467,2026-08-04,28.18
24599,1467,2026-07-22,46.41
24600,1467,2025-11-03,98.55
24601,1467,2026-06-04,61.3
24602,1467,2026-05-17,51.28
24603,1467,2026-08-10,31.37
24604,1467,2026-05-14,33.99
24605,1467,2026-08-15,39.16
24606,1467,2025-12-08,52.37
24607,1467,2026-05-13,79.78
24608,1467,2025-10-04,47.44
24609,1467,2025-12-22,34.81
24610,1467,2025-11-26,43.09
24611,1467,2026-04-29,56.88
24612,1468,2026-06-22,59.39
24613,1468,2025-12-02,62.2
24614,1468,2026-02-15,207.03
24615,1468,2026-04-21,152.28
24616,1469,2026-06-01,34.29
24617,1469,2026-02-06,32.26
24618,1469,2026-03-23,33.6
24619,1469,2025-11-01,42.42
24620,1470,2026-09-14,181.47
24621,1470,2025-12-27,211.85
24622,1470,2026-02-15,143.36
24623,1470,2025-12-30,239.47
24624,1470,2026-08-24,145.12
24625,1470,2026-08-27,263.08
24626,1470,2026-01-19,131.34
24627,1470,2026-04-25,161.24
24628,1470,2026-03-24,133.61
24629,1470,2025-12-01,165.29
24630,1470,2026-02-08,93.98
24631,1470,2026-02-26,69.88
24632,1470,2026-08-13,181.67
24633,1470,2025-10-10,105.2
24634,1470,2026-03-18,458.21
24635,1470,2026-05-07,178.67
24636,1470,2026-03-11,288.87
24637,1470,2025-10-10,241.34
24638,1470,2026-07-25,130.18
24639,1470,2026-08-03,173.78
24640,1470,2026-02-09,293.07
24641,1470,2025-11-26,284.6
24642,1471,2026-08-06,125.49
24643,1471,2025-10-24,92.77
24644,1471,2025-12-24,132.63
24645,1471,2026-04-25,102.69
24646,1471,2025-10-04,182.14
24647,1471,2025-11-11,54.82
24648,1471,2025-11-30,75.72
24649,1471,2026-02-03,37.94
24650,1471,2026-04-08,78.76
24651,1471,2026-01-08,52.76
24652,1471,2026-01-28,48.22
24653,1471,2026-06-02,44.7
24654,1471,2026-02-18,72.74
24655,1471,2026-02-12,100.89
24656,1471,2025-10-19,111.6
24657,1471,2025-12-18,141.27
24658,1471,2025-11-13,137.65
24659,1471,2026-06-13,54.16
24660,1472,2026-03-12,98.46
24661,1472,2025-10-17,123.34
24662,1473,2026-09-21,276.91
24663,1473,2026-05-15,142.82
24664,1473,2026-08-15,258.29
24665,1473,2026-07-26,234.67
24666,1473,2026-02-11,223.04
24667,1473,2026-02-05,273.33
24668,1473,2026-07-16,167.99
24669,1473,2026-08-15,160.39
24670,1473,2026-06-30,319.21
24671,1473,2026-09-06,210.54
24672,1473,2026-05-27,162.52
24673,1473,2026-08-13,193.83
24674,1473,2026-07-09,186.41
24675,1473,2026-04-10,179.73
24676,1473,2026-06-05,256.34
24677,1473,2026-03-29,141.95
24678,1473,2026-07-05,416.32
24679,1473,2025-10-22,232.26
24680,1473,2026-08-30,91.91
24681,1473,2026-04-22,237.67
24682,1473,2026-07-19,138.17
24683,1473,2026-03-20,207.42
24684,1473,2026-04-03,196.07
24685,1473,2025-12-01,284.89
24686,1473,2026-01-05,283.43
24687,1473,2025-12-01,232.0
24688,1473,2026-04-19,495.93
24689,1473,2026-05-27,151.55
24690,1473,2026-01-30,388.25
24691,1473,2026-01-03,393.13
24692,1473,2026-07-19,244.43
24693,1473,2025-11-06,258.15
24694,1473,2026-03-31,322.12
24695,1473,2025-11-28,182.18
24696,1473,2026-08-29,167.23
24697,1473,2026-05-26,171.19
24698,1473,2026-05-09,239.53
24699,1473,2025-12-28,170.04
24700,1473,2026-06-25,151.73
24701,1473,2025-12-29,131.76
24702,1473,2025-11-25,134.88
24703,1474,2026-09-05,33.6
24704,1474,2026-06-14,69.18
24705,1474,2026-01-08,53.8
24706,1474,2026-04-21,30.45
24707,1474,2026-01-09,25.25
24708,1474,2026-08-04,43.55
24709,1474,2026-02-14,42.59
24710,1474,2026-05-04,25.23
24711,1474,2026-07-07,39.17
24712,1474,2026-03-27,36.18
24713,1474,2026-07-26,34.55
24714,1474,2025-11-23,37.12
24715,1474,2025-10-29,50.91
24716,1474,2026-05-17,46.85
24717,1474,2026-05-12,79.16
24718,1474,2026-05-24,49.19
24719,1474,2025-11-18,64.64
24720,1474,2026-08-27,24.81
24721,1474,2026-07-21,48.18
24722,1474,2026-08-23,38.06
24723,1474,2026-02-03,62.33
24724,1474,2025-12-01,50.45
24725,1475,2026-09-15,40.31
24726,1475,2026-06-03,55.04
24727,1475,2026-07-28,43.62
24728,1475,2026-08-01,62.59
24729,1475,2026-04-11,22.53
24730,1475,2026-02-02,13.94
24731,1475,2026-01-17,79.11
24732,1475,2025-12-20,34.84
24733,1475,2026-07-19,20.91
24734,1475,2026-02-11,41.86
24735,1475,2026-08-29,35.63
24736,1475,2026-04-15,53.13
24737,1475,2025-10-11,56.16
24738,1475,2026-02-11,37.29
24739,1475,2025-12-11,68.35
24740,1475,2026-08-27,26.1
24741,1475,2025-11-05,15.63
24742,1475,2026-05-05,48.09
24743,1475,2025-12-12,40.07
24744,1475,2026-05-10,19.18
24745,1476,2026-09-02,79.03
24746,1476,2026-01-13,33.83
24747,1476,2025-12-03,101.19
24748,1476,2026-01-19,28.2
24749,1476,2026-01-08,27.08
24750,1476,2025-11-02,44.0
24751,1476,2026-02-12,37.56
24752,1476,2026-05-28,38.41
24753,1476,2025-12-17,68.79
24754,1476,2026-08-10,78.5
24755,1476,2026-04-21,29.43
24756,1476,2026-06-19,94.14
24757,1476,2025-11-26,25.86
24758,1476,2025-10-08,34.28
24759,1476,2026-05-12,140.71
24760,1476,2025-09-30,53.14
24761,1476,2025-10-09,33.48
24762,1476,2026-05-05,50.67
24763,1476,2026-06-22,61.82
24764,1476,2026-03-19,52.38
24765,1477,2026-09-16,69.93
24766,1477,2026-03-02,31.28
24767,1477,2025-10-12,61.43
24768,1477,2026-02-13,83.54
24769,1477,2026-08-31,77.55
24770,1477,2026-03-13,49.35
24771,1477,2025-10-05,43.91
24772,1477,2026-04-29,23.93
24773,1477,2026-05-26,37.37
24774,1477,2026-09-13,22.97
24775,1477,2026-02-26,75.17
24776,1477,2026-06-09,39.96
24777,1477,2025-10-20,43.28
24778,1477,2026-06-18,34.08
24779,1477,2026-01-30,23.86
24780,1477,2026-02-01,62.01
24781,1477,2025-12-17,56.41
24782,1477,2026-05-02,68.5
24783,1478,2026-08-26,50.95
24784,1478,2026-07-25,91.09
24785,1478,2026-03-12,162.38
24786,1478,2025-12-27,148.1
24787,1478,2026-06-22,99.83
24788,1478,2025-12-06,72.23
24789,1478,2026-06-26,227.74
24790,1478,2026-01-26,122.27
24791,1478,2026-04-21,117.61
24792,1478,2025-11-02,49.41
24793,1478,2026-01-07,100.97
24794,1478,2026-03-05,51.56
24795,1478,2026-08-05,229.65
24796,1478,2025-11-24,61.64
24797,1478,2025-09-28,68.49
24798,1478,2026-07-22,67.2
24799,1479,2026-09-06,25.0
24800,1479,2025-11-22,32.03
24801,1479,2025-12-27,82.75
24802,1479,2025-11-04,60.68
24803,1479,2025-09-29,53.6
24804,1479,2026-05-31,54.75
24805,1479,2025-11-30,53.25
24806,1479,2025-10-10,27.87
24807,1479,2026-09-04,34.9
24808,1479,2026-01-27,70.49
24809,1479,2025-11-26,60.46
24810,1479,2026-07-26,51.13
24811,1479,2026-08-27,33.62
24812,1479,2026-05-22,70.23
24813,1479,2026-07-22,29.13
24814,1479,2026-07-02,87.62
24815,1479,2026-06-15,32.47
24816,1479,2026-06-14,30.4
24817,1479,2026-03-20,45.62
24818,1479,2025-10-19,49.52
24819,1479,2025-11-18,47.01
24820,1480,2026-08-19,59.24
24821,1480,2026-03-20,23.27
24822,1480,2025-11-11,104.35
24823,1480,2026-05-16,49.19
24824,1480,2026-05-18,67.67
24825,1480,2026-03-31,34.43
24826,1480,2026-06-04,18.67
24827,1480,2025-12-13,42.69
24828,1480,2025-11-18,27.4
24829,1480,2026-01-09,76.22
24830,1480,2026-06-16,23.78
24831,1480,2025-12-08,45.54
24832,1480,2026-04-22,58.93
24833,1480,2025-10-01,54.49
24834,1480,2026-04-17,35.92
24835,1480,2026-02-03,20.2
24836,1480,2026-04-12,22.84
24837,1480,2025-11-04,32.01
24838,1480,2026-07-26,23.86
24839,1481,2026-09-20,55.07
24840,1481,2025-09-27,23.97
24841,1481,2026-05-12,59.21
24842,1481,2025-11-26,98.41
24843,1481,2026-08-05,43.7
24844,1481,2026-04-02,80.89
24845,1481,2025-10-25,55.72
24846,1481,2025-10-19,50.66
24847,1481,2026-08-06,32.83
24848,1481,2026-05-24,38.6
24849,1481,2026-01-30,28.94
24850,1481,2026-09-03,68.79
24851,1481,2026-04-30,32.19
24852,1481,2025-10-23,99.44
24853,1481,2025-11-29,54.81
24854,1481,2026-03-29,53.73
24855,1481,2026-04-04,24.81
24856,1481,2026-05-17,60.71
24857,1481,2026-07-15,40.75
24858,1481,2026-01-15,34.91
24859,1481,2026-07-28,33.5
24860,1481,2025-12-26,25.74
24861,1481,2026-05-03,45.2
24862,1481,2025-12-08,41.74
24863,1481,2026-03-12,24.92
24864,1481,2025-10-09,56.73
24865,1481,2026-02-06,117.27
24866,1482,2026-09-09,300.3
24867,1482,2026-08-08,109.94
24868,1482,2026-06-27,180.45
24869,1482,2026-08-09,207.57
24870,1482,2026-07-24,333.91
24871,1482,2026-01-22,214.51
24872,1482,2026-07-15,195.51
24873,1482,2026-08-19,455.36
24874,1482,2026-02-03,427.63
24875,1482,2025-12-23,287.58
24876,1482,2026-07-27,158.44
24877,1482,2026-05-05,63.69
24878,1482,2025-12-10,118.1
24879,1482,2026-07-19,104.84
24880,1482,2025-11-20,204.3
24881,1482,2026-02-08,320.27
24882,1482,2025-12-31,510.93
24883,1482,2025-11-23,372.5
24884,1482,2026-06-16,152.59
24885,1482,2026-06-19,235.42
24886,1482,2026-02-20,251.68
24887,1482,2025-12-09,104.1
24888,1482,2026-08-19,141.74
24889,1482,2026-02-09,173.0
24890,1482,2025-10-15,547.62
24891,1482,2026-02-06,249.89
24892,1482,2026-09-07,116.23
24893,1482,2026-07-14,173.46
24894,1482,2026-06-24,257.0
24895,1483,2026-06-19,25.18
24896,1483,2026-03-14,12.62
24897,1483,2026-06-08,37.27
24898,1483,2025-10-28,38.07
24899,1484,2026-07-21,127.7
24900,1484,2025-12-29,48.51
24901,1484,2025-10-21,158.91
24902,1484,2026-04-17,144.61
24903,1484,2026-05-27,47.05
24904,1484,2026-02-01,309.81
24905,1484,2026-07-06,105.14
24906,1484,2026-01-11,63.52
24907,1484,2026-06-08,120.92
24908,1484,2026-03-28,69.75
24909,1485,2026-06-24,13.2
24910,1485,2026-05-23,29.62
24911,1485,2026-01-29,18.39
24912,1485,2026-06-06,13.85
24913,1485,2026-05-19,44.53
24914,1486,2026-09-19,272.65
24915,1486,2025-11-19,270.3
24916,1486,2026-08-16,268.96
24917,1486,2026-04-02,101.56
24918,1486,2026-01-28,256.06
24919,1486,2026-09-04,187.87
24920,1486,2026-07-19,166.72
24921,1486,2026-05-05,996.5
24922,1486,2025-12-06,108.2
24923,1486,2025-12-20,201.61
24924,1486,2026-06-11,194.42
24925,1486,2026-04-29,202.4
24926,1486,2026-07-27,133.06
24927,1486,2026-04-12,232.38
24928,1486,2025-12-01,126.65
24929,1486,2026-08-18,238.58
24930,1486,2026-07-07,225.34
24931,1486,2026-06-05,188.15
24932,1486,2026-09-16,203.24
24933,1486,2025-10-29,428.36
24934,1486,2025-11-28,272.4
24935,1486,2026-05-25,227.0
24936,1486,2026-08-17,254.21
24937,1486,2026-03-24,213.84
24938,1486,2026-04-22,269.23
24939,1486,2026-07-30,159.89
24940,1486,2026-04-30,567.88
24941,1486,2025-10-25,228.53
24942,1486,2026-07-30,749.16
24943,1486,2025-11-09,569.44
24944,1486,2026-09-07,167.4
24945,1486,2026-04-12,233.9
24946,1486,2026-08-20,247.55
24947,1487,2026-07-12,133.96
24948,1487,2026-02-22,54.69
24949,1487,2025-11-21,66.44
24950,1487,2026-03-17,126.41
24951,1487,2026-07-09,156.14
24952,1487,2025-12-30,69.78
24953,1487,2026-02-25,56.45
24954,1487,2026-06-07,62.42
24955,1488,2026-09-01,72.3
24956,1488,2026-06-09,75.14
24957,1488,2026-06-22,39.28
24958,1488,2026-06-22,128.05
24959,1488,2026-04-30,73.42
24960,1488,2026-04-17,38.39
24961,1488,2026-01-03,39.52
24962,1488,2026-07-22,63.36
24963,1488,2026-06-21,36.46
24964,1488,2025-10-17,25.33
24965,1488,2026-01-26,46.7
24966,1488,2026-05-09,16.19
24967,1488,2025-10-05,52.87
24968,1488,2026-06-10,59.96
24969,1488,2026-01-27,39.92
24970,1488,2026-06-18,75.5
24971,1488,2026-01-11,66.03
24972,1488,2026-03-24,28.45
24973,1488,2026-07-16,45.9
24974,1488,2026-03-14,35.62
24975,1488,2026-04-01,38.91
24976,1488,2026-01-15,75.38
24977,1488,2025-10-31,59.63
24978,1488,2025-11-30,32.58
24979,1489,2026-09-03,94.21
24980,1489,2026-08-17,47.38
24981,1489,2026-05-04,204.04
24982,1489,2026-06-05,52.74
24983,1489,2025-12-26,154.99
24984,1489,2026-06-14,126.69
24985,1489,2026-01-25,207.83
24986,1489,2026-08-04,132.68
24987,1489,2026-08-23,69.08
24988,1489,2026-08-09,146.67
24989,1489,2026-06-16,76.42
24990,1490,2026-08-07,19.08
24991,1490,2025-11-14,61.1
24992,1490,2026-03-20,24.34
24993,1490,2026-05-19,50.94
24994,1490,2026-01-07,78.44
24995,1490,2026-02-21,37.39
24996,1490,2026-02-26,29.58
24997,1490,2026-06-26,81.44
24998,1490,2025-10-10,61.96
24999,1490,2026-04-15,27.07
25000,1490,2026-02-14,47.92
25001,1490,2026-06-21,30.65
25002,1490,2026-08-03,72.52
25003,1490,2025-12-24,47.56
25004,1490,2026-06-29,89.49
25005,1490,2026-01-01,29.59
25006,1490,2026-07-24,49.84
25007,1490,2026-04-27,44.75
25008,1490,2025-10-26,50.46
25009,1490,2026-02-15,34.88
25010,1490,2026-04-30,16.34
25011,1490,2026-07-03,61.08
25012,1490,2025-11-16,46.1
25013,1490,2026-02-08,30.96
25014,1490,2026-03-20,35.9
25015,1490,2025-12-03,26.59
25016,1490,2025-10-21,19.5
25017,1491,2026-09-22,135.63
25018,1491,2026-04-19,72.15
25019,1491,2026-02-08,386.59
25020,1491,2026-06-08,208.61
25021,1491,2026-02-21,271.62
25022,1491,2026-03-15,154.33
25023,1491,2026-07-30,189.88
25024,1491,2026-03-10,416.23
25025,1491,2026-06-19,247.36
25026,1491,2026-03-04,566.36
25027,1491,2026-04-19,313.66
25028,1491,2026-05-28,155.47
25029,1491,2026-04-14,256.17
25030,1491,2026-08-27,447.71
25031,1491,2025-10-06,231.88
25032,1491,2026-02-23,280.77
25033,1491,2026-09-07,396.57
25034,1491,2026-08-03,73.09
25035,1491,2026-09-17,287.92
25036,1491,2026-06-24,384.97
25037,1491,2025-10-26,148.67
25038,1491,2026-01-02,336.13
25039,1491,2025-11-09,209.51
25040,1491,2026-04-02,98.07
25041,1492,2026-09-11,66.09
25042,1492,2026-06-02,104.17
25043,1492,2026-03-21,62.64
25044,1492,2026-04-17,68.02
25045,1492,2026-03-18,75.82
25046,1492,2026-03-23,63.47
25047,1492,2026-06-29,77.16
25048,1492,2026-05-04,117.04
25049,1492,2026-02-04,60.46
25050,1492,2025-11-19,52.36
25051,1492,2026-04-23,83.06
25052,1492,2025-10-28,53.9
25053,1492,2025-09-30,164.23
25054,1492,2026-07-20,65.72
25055,1492,2026-07-01,91.97
25056,1492,2026-02-16,110.4
25057,1492,2026-06-07,51.0
25058,1492,2026-08-01,61.54
25059,1492,2025-12-08,67.78
25060,1493,2026-07-30,42.92
25061,1493,2025-10-31,43.11
25062,1493,2026-05-02,24.73
25063,1493,2026-04-20,64.94
25064,1494,2026-07-29,41.99
25065,1494,2025-11-19,76.46
25066,1494,2026-01-29,118.52
25067,1494,2026-04-05,92.93
25068,1494,2026-05-25,151.06
25069,1494,2025-11-26,115.09
25070,1494,2025-11-09,56.12
25071,1494,2026-05-05,110.93
25072,1494,2025-12-14,97.24
25073,1494,2025-11-14,159.44
25074,1494,2026-03-22,59.33
25075,1494,2026-02-04,66.78
25076,1494,2025-10-05,107.6
25077,1494,2026-01-20,170.04
25078,1494,2026-01-03,82.28
25079,1494,2025-10-25,117.71
25080,1494,2025-10-17,91.44
25081,1494,2025-12-01,88.3
25082,1495,2026-09-12,67.49
25083,1495,2025-12-30,83.13
25084,1495,2026-08-25,39.09
25085,1495,2026-07-25,32.68
25086,1495,2025-12-12,43.38
25087,1495,2026-02-17,46.74
25088,1495,2026-07-31,61.44
25089,1495,2026-05-27,37.65
25090,1495,2025-12-03,35.26
25091,1495,2026-03-19,135.62
25092,1495,2026-01-07,25.14
25093,1495,2026-06-10,67.5
25094,1495,2025-10-21,87.97
25095,1495,2026-05-06,40.14
25096,1495,2025-10-11,54.85
25097,1495,2026-04-22,21.16
25098,1495,2025-12-26,45.51
25099,1495,2026-02-27,75.83
25100,1495,2026-02-07,47.51
25101,1495,2026-08-16,45.78
25102,1495,2025-12-08,98.21
25103,1496,2026-09-19,30.07
25104,1496,2026-04-17,42.28
25105,1497,2026-09-21,99.01
25106,1497,2026-06-20,71.02
25107,1497,2026-01-10,83.55
25108,1497,2026-01-28,70.52
25109,1497,2026-03-18,45.97
25110,1497,2026-05-24,152.57
25111,1497,2026-08-20,60.51
25112,1497,2025-11-25,184.95
25113,1497,2026-01-25,63.79
25114,1497,2026-02-26,48.84
25115,1497,2025-09-28,215.07
25116,1497,2026-08-22,46.25
25117,1497,2026-06-21,32.48
25118,1497,2025-10-31,46.94
25119,1497,2026-09-20,84.59
25120,1497,2026-05-31,49.29
25121,1497,2025-12-24,69.87
25122,1498,2026-07-31,23.12
25123,1498,2025-12-28,34.4
25124,1498,2026-01-29,44.61
25125,1498,2026-07-27,28.13
25126,1498,2025-12-04,25.35
25127,1498,2026-07-21,42.63
25128,1499,2026-08-25,108.78
25129,1499,2026-07-29,187.46
25130,1499,2026-05-29,39.79
25131,1499,2025-12-13,148.24
25132,1499,2026-05-30,84.9
25133,1499,2026-01-13,96.88
25134,1499,2026-03-31,64.39
25135,1499,2026-02-18,107.2
25136,1499,2026-08-24,88.04
25137,1499,2025-12-04,94.89
25138,1499,2026-06-02,136.51
25139,1499,2025-10-28,139.75
25140,1499,2025-10-08,198.93
25141,1500,2026-05-15,22.51
25142,1500,2026-04-12,32.11
25143,1501,2026-04-06,61.07
25144,1501,2025-11-10,33.05
25145,1501,2025-11-18,30.55
25146,1502,2026-09-16,87.16
25147,1502,2026-07-04,56.65
25148,1502,2026-05-29,80.38
25149,1502,2026-07-17,43.4
25150,1502,2026-06-10,182.41
25151,1502,2026-05-08,91.04
25152,1502,2026-02-04,135.85
25153,1502,2026-02-11,72.37
25154,1502,2025-12-10,164.82
25155,1502,2026-05-08,91.42
25156,1502,2025-11-11,145.86
25157,1502,2025-12-29,116.18
25158,1502,2025-11-09,88.65
25159,1502,2025-12-31,141.13
25160,1502,2026-09-09,591.84
25161,1503,2026-09-20,75.55
25162,1503,2026-07-11,34.35
25163,1503,2026-07-24,57.39
25164,1503,2026-03-29,38.32
25165,1503,2026-04-01,45.97
25166,1503,2026-03-22,54.15
25167,1503,2026-01-22,28.64
25168,1503,2026-02-06,28.71
25169,1503,2025-11-22,66.48
25170,1503,2025-10-30,33.18
25171,1503,2026-08-22,80.04
25172,1503,2026-05-15,20.24
25173,1503,2025-11-03,68.55
25174,1503,2025-10-21,45.17
25175,1503,2026-07-14,43.14
25176,1503,2026-07-03,48.09
25177,1504,2026-07-15,44.42
25178,1504,2025-10-12,43.33
25179,1504,2025-10-06,49.14
25180,1504,2026-06-28,40.5
25181,1504,2026-05-13,53.11
25182,1504,2026-02-22,49.83
25183,1504,2025-10-07,57.35
25184,1504,2026-02-05,40.61
25185,1504,2026-02-26,57.64
25186,1504,2025-11-09,59.4
25187,1504,2025-12-10,38.85
25188,1504,2025-12-04,43.38
25189,1504,2026-01-09,41.58
25190,1504,2026-03-04,25.91
25191,1504,2026-01-26,36.16
25192,1504,2026-02-20,63.37
25193,1504,2026-03-02,65.85
25194,1504,2025-11-25,52.41
25195,1504,2026-01-27,28.52
25196,1504,2026-04-22,69.9
25197,1504,2026-01-08,103.55
25198,1504,2026-04-01,58.77
25199,1504,2025-11-19,44.94
25200,1504,2025-10-24,30.51
25201,1504,2026-01-20,44.72
25202,1504,2025-12-05,36.02
25203,1504,2026-06-03,41.14
25204,1505,2026-08-31,67.08
25205,1505,2025-10-15,135.41
25206,1505,2025-11-25,66.7
25207,1505,2026-08-31,48.22
25208,1505,2026-07-04,73.7
25209,1505,2026-03-06,165.67
25210,1505,2025-11-07,71.11
25211,1505,2025-10-04,67.23
25212,1505,2026-04-18,72.81
25213,1505,2025-11-22,53.62
25214,1505,2026-06-07,49.75
25215,1505,2025-09-28,79.98
25216,1505,2026-07-25,47.87
25217,1506,2026-08-31,51.67
25218,1506,2026-04-02,45.37
25219,1506,2025-10-26,27.34
25220,1506,2025-12-31,33.87
25221,1506,2026-02-17,41.32
25222,1506,2026-05-24,22.67
25223,1506,2026-07-22,32.45
25224,1506,2025-11-30,59.8
25225,1506,2026-08-15,36.1
25226,1506,2026-04-05,31.42
25227,1506,2026-02-17,73.25
25228,1506,2026-03-09,52.66
25229,1506,2026-01-09,61.53
25230,1506,2026-08-20,31.6
25231,1506,2026-06-15,39.59
25232,1506,2026-08-25,44.78
25233,1506,2026-06-07,49.84
25234,1506,2026-06-20,125.87
25235,1506,2025-11-12,46.74
25236,1506,2026-05-05,73.29
25237,1507,2026-05-27,27.82
25238,1507,2025-11-01,24.14
25239,1507,2026-04-16,17.43
25240,1507,2025-11-28,32.27
25241,1508,2026-09-21,45.82
25242,1508,2026-04-06,61.43
25243,1508,2026-08-30,63.21
25244,1508,2026-09-17,37.59
25245,1508,2026-05-22,41.27
25246,1508,2026-05-07,177.33
25247,1508,2025-11-07,37.58
25248,1508,2025-09-29,66.02
25249,1508,2026-02-04,35.7
25250,1508,2025-10-05,42.55
25251,1508,2025-10-06,29.72
25252,1508,2026-04-13,29.75
25253,1508,2026-06-17,59.41
25254,1508,2026-04-24,56.31
25255,1508,2026-09-16,103.01
25256,1508,2026-01-31,45.53
25257,1508,2025-11-09,48.26
25258,1508,2025-11-25,44.14
25259,1508,2026-06-23,29.05
25260,1508,2026-02-25,58.67
25261,1508,2025-11-06,41.7
25262,1508,2026-01-03,23.59
25263,1508,2026-09-01,74.07
25264,1509,2026-09-22,104.73
25265,1509,2026-09-14,170.71
25266,1509,2026-04-19,198.21
25267,1509,2025-10-22,138.32
25268,1509,2026-01-05,152.33
25269,1509,2026-04-09,144.97
25270,1510,2025-10-30,48.91
25271,1510,2025-10-28,16.2
25272,1510,2025-10-24,29.48
25273,1510,2025-09-28,36.06
25274,1510,2025-09-27,57.06
25275,1510,2025-09-28,46.54
25276,1511,2026-09-07,115.43
25277,1511,2026-09-05,149.25
25278,1511,2026-05-30,144.72
25279,1511,2026-05-16,120.68
25280,1511,2026-02-20,420.41
25281,1511,2026-08-04,135.75
25282,1511,2026-01-27,89.83
25283,1511,2026-07-15,82.94
25284,1511,2025-12-21,255.48
25285,1511,2026-01-21,96.23
25286,1511,2026-04-22,193.82
25287,1511,2026-05-02,509.49
25288,1511,2026-07-10,227.91
25289,1511,2026-08-19,242.97
25290,1511,2025-10-04,165.47
25291,1511,2026-08-19,208.74
25292,1511,2026-07-07,190.57
25293,1511,2026-08-18,241.3
25294,1511,2026-03-25,442.67
25295,1511,2025-12-26,173.29
25296,1511,2026-06-10,147.31
25297,1511,2025-11-17,202.98
25298,1511,2026-02-09,323.49
25299,1511,2025-11-18,180.34
25300,1511,2026-04-25,236.76
25301,1511,2026-03-02,264.34
25302,1511,2026-06-22,553.23
25303,1511,2026-04-24,318.06
25304,1511,2025-10-28,141.8
25305,1512,2026-08-12,102.69
25306,1512,2026-05-03,70.19
25307,1512,2026-01-09,200.44
25308,1512,2026-01-03,262.04
25309,1512,2026-05-30,183.33
25310,1512,2026-05-24,47.47
25311,1512,2026-08-01,77.96
25312,1513,2026-07-26,36.19
25313,1513,2026-07-26,16.45
25314,1513,2026-07-19,44.33
25315,1513,2025-12-20,31.76
25316,1514,2026-01-20,32.49
25317,1514,2025-12-19,18.71
25318,1514,2025-11-27,51.7
25319,1514,2025-10-17,20.41
25320,1514,2025-12-13,81.88
25321,1515,2026-09-03,89.8
25322,1515,2025-12-01,199.22
25323,1515,2025-11-21,69.54
25324,1515,2025-10-10,78.51
25325,1515,2025-10-30,53.52
25326,1515,2026-07-26,77.29
25327,1515,2026-04-28,106.52
25328,1515,2026-04-18,70.95
25329,1515,2025-12-02,54.02
25330,1515,2026-08-26,105.9
25331,1515,2025-12-15,111.06
25332,1515,2025-11-01,118.64
25333,1515,2026-07-02,51.53
25334,1516,2026-08-18,65.99
25335,1516,2026-03-12,123.25
25336,1516,2026-02-01,97.67
25337,1516,2026-05-15,69.41
25338,1516,2025-09-28,68.91
25339,1517,2026-09-20,300.69
25340,1517,2026-01-23,265.63
25341,1517,2026-07-05,246.41
25342,1517,2026-08-21,137.76
25343,1517,2026-06-04,168.27
25344,1517,2026-06-10,265.24
25345,1517,2026-08-20,212.51
25346,1517,2026-08-07,153.4
25347,1517,2026-01-20,376.89
25348,1517,2025-12-24,143.44
25349,1517,2026-06-10,54.81
25350,1517,2026-05-01,218.42
25351,1517,2025-10-11,222.64
25352,1517,2026-05-20,215.55
25353,1517,2025-12-28,251.62
25354,1517,2025-11-22,163.44
25355,1517,2025-10-31,333.24
25356,1517,2025-10-07,113.56
25357,1517,2026-07-12,207.99
25358,1517,2025-10-13,158.46
25359,1517,2026-02-02,330.35
25360,1517,2026-06-28,146.87
25361,1517,2025-11-08,216.81
25362,1517,2026-05-03,218.2
25363,1517,2025-10-09,229.34
25364,1517,2026-04-06,151.21
25365,1517,2026-01-29,247.56
25366,1517,2026-04-01,212.72
25367,1517,2025-10-14,245.09
25368,1517,2026-04-04,426.49
25369,1517,2026-07-29,221.26
25370,1517,2025-11-09,134.2
25371,1517,2026-09-06,507.54
25372,1517,2025-12-24,326.26
25373,1518,2026-06-26,57.15
25374,1518,2026-02-19,97.55
25375,1518,2026-01-22,106.55
25376,1518,2025-10-26,84.74
25377,1518,2026-06-13,81.54
25378,1518,2025-11-01,135.01
25379,1518,2026-06-05,97.42
25380,1519,2026-09-12,134.33
25381,1519,2026-01-09,241.94
25382,1519,2026-06-26,132.82
25383,1519,2026-02-27,262.77
25384,1519,2025-11-17,385.71
25385,1519,2026-07-09,130.46
25386,1519,2026-05-29,183.58
25387,1519,2026-06-09,254.93
25388,1519,2026-09-01,121.38
25389,1519,2026-03-28,139.38
25390,1519,2026-01-18,199.25
25391,1519,2026-05-01,507.47
25392,1519,2026-01-13,143.07
25393,1519,2026-05-22,184.91
25394,1519,2026-03-04,640.93
25395,1519,2025-10-11,300.34
25396,1519,2026-07-21,97.97
25397,1519,2026-08-23,189.05
25398,1519,2026-07-31,273.24
25399,1519,2025-11-07,402.67
25400,1519,2026-02-14,393.03
25401,1519,2025-10-21,270.19
25402,1519,2026-04-30,289.95
25403,1519,2025-10-07,117.04
25404,1519,2026-05-01,153.77
25405,1519,2025-11-13,117.14
25406,1519,2026-03-04,333.9
25407,1520,2026-04-23,100.46
25408,1520,2025-11-04,74.94
25409,1520,2026-04-05,76.51
25410,1520,2026-01-22,56.04
25411,1520,2026-04-03,97.33
25412,1520,2025-12-04,136.94
25413,1520,2025-11-08,229.09
25414,1521,2026-06-06,113.29
25415,1521,2026-01-14,62.56
25416,1521,2025-10-09,77.88
25417,1521,2026-02-25,131.85
25418,1521,2026-02-10,89.58
25419,1521,2026-04-14,47.76
25420,1521,2026-01-08,88.53
25421,1521,2026-03-09,134.21
25422,1522,2026-08-18,40.82
25423,1522,2026-06-26,41.49
25424,1522,2026-03-03,30.56
25425,1522,2025-12-22,33.8
25426,1522,2026-06-15,72.99
25427,1522,2026-01-03,35.43
25428,1522,2026-01-24,56.42
25429,1522,2026-07-27,29.84
25430,1522,2026-07-11,83.9
25431,1522,2026-06-26,68.62
25432,1522,2026-06-15,43.22
25433,1522,2026-08-13,60.06
25434,1522,2025-11-20,89.26
25435,1522,2025-11-11,28.67
25436,1522,2025-10-28,27.98
25437,1522,2025-11-04,53.25
25438,1522,2026-04-22,25.15
25439,1522,2026-04-13,22.38
25440,1522,2026-02-07,21.87
25441,1522,2025-10-18,48.11
25442,1522,2026-01-10,18.01
25443,1523,2026-08-21,115.76
25444,1523,2025-09-30,53.59
25445,1523,2026-03-10,67.1
25446,1523,2025-11-06,122.56
25447,1523,2026-01-01,75.02
25448,1523,2026-06-18,194.88
25449,1523,2026-07-09,101.95
25450,1523,2026-01-24,53.21
25451,1523,2026-04-09,44.42
25452,1523,2026-08-09,128.1
25453,1523,2025-12-28,68.48
25454,1523,2025-10-16,135.96
25455,1523,2026-08-19,70.58
25456,1523,2025-10-17,100.35
25457,1523,2026-01-19,77.39
25458,1523,2025-10-09,100.97
25459,1523,2026-02-24,124.96
25460,1524,2026-09-20,89.71
25461,1524,2025-12-25,52.48
25462,1524,2026-05-06,56.67
25463,1524,2025-12-31,34.84
25464,1524,2026-01-29,95.19
25465,1524,2026-05-25,212.17
25466,1524,2025-11-11,86.35
25467,1524,2026-09-07,63.92
25468,1524,2025-11-22,91.04
25469,1524,2026-05-15,84.67
25470,1524,2025-11-05,41.2
25471,1524,2026-06-24,100.91
25472,1524,2026-04-29,85.71
25473,1524,2026-08-14,83.35
25474,1524,2025-12-02,220.2
25475,1525,2026-08-28,15.79
25476,1525,2026-02-20,34.96
25477,1525,2026-07-19,25.25
25478,1525,2025-11-10,38.85
25479,1526,2026-08-27,434.15
25480,1526,2026-02-13,425.44
25481,1526,2026-06-07,190.61
25482,1526,2026-02-24,165.34
25483,1526,2026-06-24,147.73
25484,1526,2025-11-27,280.65
25485,1526,2025-12-02,341.4
25486,1526,2026-04-26,216.55
25487,1526,2025-12-24,209.88
25488,1526,2026-08-09,543.48
25489,1526,2025-11-24,285.18
25490,1526,2026-05-03,83.37
25491,1526,2025-10-11,206.79
25492,1526,2026-08-03,229.93
25493,1526,2026-06-20,186.02
25494,1526,2026-06-25,370.52
25495,1526,2026-01-31,181.04
25496,1526,2026-03-23,134.83
25497,1526,2026-08-17,152.56
25498,1526,2025-11-05,284.47
25499,1526,2026-05-03,114.14
25500,1526,2025-10-31,168.22
25501,1527,2026-04-23,83.3
25502,1527,2025-12-18,103.75
25503,1527,2025-10-23,44.3
25504,1527,2026-03-25,88.87
25505,1527,2025-11-18,155.86
25506,1527,2025-10-12,247.3
25507,1527,2025-11-11,201.53
25508,1527,2026-04-23,111.12
25509,1528,2026-09-13,60.07
25510,1528,2026-04-30,50.53
25511,1528,2025-09-27,58.93
25512,1528,2026-03-14,68.61
25513,1528,2026-01-09,36.84
25514,1528,2026-06-12,30.21
25515,1528,2026-01-09,62.47
25516,1528,2026-04-13,35.76
25517,1528,2025-12-05,18.74
25518,1528,2026-05-11,85.54
25519,1528,2026-02-23,50.45
25520,1528,2026-07-25,49.45
25521,1528,2026-01-23,41.41
25522,1528,2026-02-15,65.59
25523,1528,2026-05-08,25.26
25524,1528,2026-07-06,45.07
25525,1528,2025-10-13,51.1
25526,1528,2025-09-27,57.66
25527,1528,2026-03-21,20.86
25528,1528,2026-02-23,58.79
25529,1528,2026-02-01,37.27
25530,1528,2026-08-03,33.56
25531,1528,2026-06-18,22.29
25532,1528,2026-02-09,122.89
25533,1528,2026-02-07,42.48
25534,1528,2026-05-02,50.26
25535,1528,2026-03-20,28.03
25536,1528,2026-07-10,22.61
25537,1528,2025-12-30,64.93
25538,1528,2026-06-01,24.51
25539,1528,2025-09-29,80.9
25540,1529,2026-09-24,272.83
25541,1529,2026-06-23,330.3
25542,1529,2025-11-20,303.94
25543,1529,2026-07-12,182.07
25544,1529,2026-06-09,173.79
25545,1529,2026-04-24,96.66
25546,1529,2026-06-12,120.75
25547,1529,2026-07-18,247.01
25548,1529,2025-12-31,165.1
25549,1529,2026-01-12,234.63
25550,1529,2025-12-26,188.62
25551,1529,2026-02-12,215.92
25552,1529,2026-07-18,211.84
25553,1529,2026-02-25,293.79
25554,1529,2026-03-13,307.67
25555,1529,2025-10-31,208.38
25556,1529,2025-11-09,191.56
25557,1529,2026-08-19,206.64
25558,1529,2026-03-11,147.57
25559,1529,2025-10-17,342.38
25560,1529,2026-01-09,163.07
25561,1529,2026-04-01,195.42
25562,1529,2026-01-22,227.33
25563,1529,2026-09-15,241.44
25564,1529,2026-03-27,237.01
25565,1530,2026-09-04,102.59
25566,1530,2025-10-25,46.53
25567,1530,2026-04-17,161.65
25568,1530,2026-05-30,84.5
25569,1530,2025-11-21,119.76
25570,1530,2026-02-05,150.34
25571,1530,2026-02-02,87.65
25572,1530,2026-06-12,186.68
25573,1530,2026-02-10,88.52
25574,1531,2026-08-07,140.12
25575,1531,2025-11-08,142.77
25576,1531,2025-12-26,179.91
25577,1531,2025-12-12,258.59
25578,1531,2025-11-26,98.88
25579,1531,2026-01-11,95.37
25580,1532,2026-09-12,195.93
25581,1532,2026-08-26,296.16
25582,1532,2026-05-05,60.99
25583,1532,2026-05-20,135.12
25584,1532,2026-06-03,492.56
25585,1532,2026-05-11,111.46
25586,1532,2026-01-26,178.86
25587,1532,2026-02-06,276.64
25588,1532,2025-12-30,205.75
25589,1532,2026-04-14,143.26
25590,1532,2025-10-24,256.57
25591,1532,2026-03-16,305.89
25592,1532,2026-05-15,160.53
25593,1532,2025-11-03,252.25
25594,1532,2026-06-03,309.35
25595,1532,2025-11-26,341.49
25596,1532,2025-12-26,248.05
25597,1532,2025-10-12,453.22
25598,1532,2025-10-03,214.52
25599,1532,2026-07-26,134.93
25600,1532,2026-06-02,190.34
25601,1532,2026-03-21,362.32
25602,1532,2026-06-08,140.48
25603,1532,2026-07-20,76.57
25604,1532,2025-11-02,258.27
25605,1533,2026-09-02,74.01
25606,1533,2026-08-13,65.4
25607,1533,2026-04-13,62.55
25608,1533,2025-12-28,19.59
25609,1533,2025-10-12,47.42
25610,1533,2025-10-31,66.2
25611,1533,2026-05-19,82.27
25612,1533,2026-06-24,41.05
25613,1533,2026-06-15,80.9
25614,1533,2026-06-20,51.68
25615,1533,2025-11-01,14.07
25616,1533,2026-08-23,43.04
25617,1533,2026-05-25,30.83
25618,1533,2026-01-27,34.17
25619,1533,2026-07-28,72.25
25620,1533,2026-04-24,51.45
25621,1533,2026-07-11,35.64
25622,1533,2026-05-27,33.19
25623,1533,2026-05-03,54.81
25624,1533,2026-01-17,41.42
25625,1533,2025-11-06,61.57
25626,1533,2025-10-01,31.03
25627,1533,2026-01-18,37.92
25628,1533,2025-12-24,27.19
25629,1533,2026-07-21,35.08
25630,1533,2026-01-30,119.9
25631,1533,2026-03-03,32.31
25632,1533,2025-10-03,36.37
25633,1534,2026-05-12,48.9
25634,1534,2025-12-21,20.41
25635,1534,2026-04-28,42.38
25636,1534,2026-03-01,19.78
25637,1535,2026-09-22,234.2
25638,1535,2025-12-23,235.54
25639,1535,2025-10-11,363.24
25640,1535,2026-08-04,65.72
25641,1535,2026-02-26,575.1
25642,1535,2026-07-14,142.68
25643,1535,2026-09-20,141.12
25644,1535,2026-04-20,164.48
25645,1535,2026-08-30,327.03
25646,1535,2026-07-27,551.18
25647,1535,2026-01-09,439.18
25648,1535,2026-07-07,169.06
25649,1535,2026-05-01,93.49
25650,1535,2025-10-12,174.28
25651,1535,2026-03-23,157.48
25652,1535,2026-08-04,100.18
25653,1535,2026-09-06,272.98
25654,1535,2026-04-30,210.42
25655,1535,2025-11-01,263.05
25656,1535,2026-09-09,291.89
25657,1535,2025-10-30,285.78
25658,1535,2026-04-03,204.0
25659,1535,2026-02-17,439.26
25660,1535,2026-03-09,168.44
25661,1536,2026-08-28,21.86
25662,1536,2026-03-21,47.94
25663,1536,2025-11-16,41.57
25664,1536,2025-12-09,18.18
25665,1536,2026-07-13,33.12
25666,1536,2026-08-18,44.42
25667,1536,2026-04-07,66.25
25668,1536,2025-12-22,25.28
25669,1536,2026-03-17,39.3
25670,1536,2026-06-10,27.43
25671,1536,2026-08-13,62.36
25672,1536,2025-09-27,33.31
25673,1536,2025-11-02,56.83
25674,1536,2026-05-24,38.3
25675,1536,2026-03-16,20.9
25676,1536,2026-07-10,43.61
25677,1536,2026-04-19,26.41
25678,1536,2026-01-10,74.47
25679,1536,2026-01-28,101.99
25680,1536,2026-05-27,59.96
25681,1536,2026-05-02,33.73
25682,1536,2026-02-27,45.45
25683,1536,2026-03-05,51.28
25684,1536,2025-12-11,73.31
25685,1536,2026-03-16,41.34
25686,1536,2025-12-02,54.07
25687,1536,2026-06-01,21.14
25688,1536,2026-06-15,50.17
25689,1537,2026-09-12,102.0
25690,1537,2026-01-13,49.8
25691,1537,2026-02-26,162.56
25692,1537,2026-05-06,31.64
25693,1537,2026-01-18,153.86
25694,1537,2026-04-06,91.09
25695,1537,2025-11-29,30.13
25696,1537,2026-08-22,104.72
25697,1537,2025-11-29,83.88
25698,1537,2025-12-17,73.54
25699,1537,2026-01-08,79.71
25700,1537,2026-06-12,89.23
25701,1537,2025-10-01,89.12
25702,1537,2026-01-26,46.33
25703,1537,2026-03-07,107.89
25704,1538,2025-10-30,9.49
25705,1538,2025-10-14,33.43
25706,1538,2025-10-08,65.37
25707,1539,2026-08-22,74.58
25708,1539,2026-02-23,53.51
25709,1539,2025-10-06,170.29
25710,1539,2025-11-01,71.44
25711,1539,2026-05-08,96.71
25712,1539,2026-03-28,44.83
25713,1539,2025-11-22,51.7
25714,1539,2025-12-30,80.41
25715,1539,2026-03-08,78.23
25716,1539,2026-03-12,100.48
25717,1539,2026-05-26,222.47
25718,1539,2026-03-04,36.31
25719,1539,2026-07-22,139.79
25720,1540,2026-09-12,90.26
25721,1540,2026-05-14,45.84
25722,1540,2026-04-30,49.35
25723,1540,2025-12-18,49.41
25724,1540,2025-10-30,58.18
25725,1540,2026-01-24,61.95
25726,1540,2026-06-29,45.6
25727,1540,2026-04-10,28.49
25728,1540,2026-02-21,41.99
25729,1540,2026-06-09,46.22
25730,1540,2026-08-06,21.59
25731,1540,2025-11-20,17.45
25732,1540,2026-08-02,26.07
25733,1540,2026-08-03,18.7
25734,1540,2026-07-06,36.15
25735,1540,2026-09-12,31.78
25736,1540,2026-06-28,46.83
25737,1540,2026-08-05,61.92
25738,1540,2026-01-23,51.26
25739,1540,2025-11-01,54.72
25740,1541,2026-08-09,126.41
25741,1541,2025-11-13,83.32
25742,1541,2026-04-06,191.91
25743,1541,2026-04-04,43.8
25744,1541,2025-10-23,90.18
25745,1541,2025-11-11,67.86
25746,1541,2026-04-08,55.7
25747,1541,2026-02-25,119.11
25748,1541,2026-03-31,78.02
25749,1541,2025-10-31,163.78
25750,1541,2026-03-10,70.87
25751,1541,2026-08-01,75.43
25752,1541,2026-07-06,222.83
25753,1542,2026-07-09,108.83
25754,1542,2025-12-13,59.1
25755,1542,2025-09-30,113.93
25756,1542,2026-03-17,63.7
25757,1542,2026-03-19,103.8
25758,1542,2026-02-15,129.46
25759,1542,2026-02-20,69.22
25760,1542,2026-04-25,167.12
25761,1542,2026-03-17,234.79
25762,1543,2026-08-13,46.57
25763,1543,2026-02-21,15.6
25764,1543,2026-02-08,46.29
25765,1543,2026-03-02,59.13
25766,1543,2025-10-04,25.88
25767,1543,2026-05-15,30.74
25768,1543,2025-11-13,46.84
25769,1543,2025-10-15,35.75
25770,1543,2026-02-08,52.19
25771,1543,2026-01-17,40.96
25772,1543,2025-11-11,24.85
25773,1543,2026-02-19,128.31
25774,1543,2026-03-23,38.62
25775,1543,2025-12-01,47.59
25776,1543,2025-11-01,99.91
25777,1543,2026-04-28,66.35
25778,1543,2026-03-18,57.57
25779,1543,2025-12-19,72.43
25780,1543,2026-01-07,57.67
25781,1543,2026-04-23,57.67
25782,1544,2026-09-05,88.93
25783,1544,2026-06-17,639.64
25784,1544,2026-03-21,357.74
25785,1544,2026-07-02,428.6
25786,1544,2025-12-04,105.97
25787,1544,2026-01-05,174.28
25788,1544,2026-02-16,273.67
25789,1544,2026-01-20,126.77
25790,1544,2026-08-28,266.3
25791,1544,2026-06-08,437.94
25792,1544,2026-06-15,180.76
25793,1544,2026-08-29,451.97
25794,1544,2026-04-06,288.08
25795,1544,2026-04-25,90.99
25796,1544,2026-04-20,142.04
25797,1544,2026-01-17,345.79
25798,1544,2026-01-08,131.98
25799,1544,2026-05-15,341.3
25800,1544,2026-07-07,276.53
25801,1544,2026-04-29,241.71
25802,1544,2026-05-01,161.96
25803,1544,2026-08-08,240.48
25804,1544,2026-03-05,447.74
25805,1544,2026-04-27,176.19
25806,1544,2025-10-01,276.35
25807,1544,2026-07-21,517.99
25808,1544,2025-10-21,236.31
25809,1544,2026-05-10,168.4
25810,1544,2026-04-27,167.57
25811,1544,2026-06-09,82.22
25812,1544,2026-05-13,121.75
25813,1544,2026-08-20,244.53
25814,1544,2025-10-13,324.9
25815,1544,2026-05-13,173.36
25816,1544,2025-11-12,323.03
25817,1544,2025-12-14,314.02
25818,1544,2026-01-03,148.45
25819,1545,2026-08-24,24.14
25820,1545,2026-06-30,18.4
25821,1545,2026-07-16,47.12
25822,1545,2025-10-30,20.8
25823,1545,2026-08-21,85.21
25824,1545,2025-10-20,34.66
25825,1545,2025-11-24,25.22
25826,1545,2026-07-09,74.34
25827,1545,2026-07-25,66.74
25828,1545,2025-10-19,95.13
25829,1545,2026-02-05,20.94
25830,1545,2025-10-22,19.05
25831,1545,2025-10-19,90.83
25832,1545,2026-08-21,12.73
25833,1545,2026-08-07,26.04
25834,1545,2025-12-03,46.13
25835,1545,2026-07-16,24.74
25836,1545,2025-11-23,49.49
25837,1545,2025-11-07,26.84
25838,1545,2026-03-15,80.41
25839,1545,2026-05-24,62.16
25840,1545,2025-09-28,50.93
25841,1545,2026-04-06,38.36
25842,1545,2026-06-05,28.26
25843,1545,2026-02-12,42.35
25844,1545,2026-05-04,25.85
25845,1546,2026-09-07,51.71
25846,1546,2026-01-02,40.2
25847,1546,2026-01-18,48.43
25848,1546,2026-05-10,44.38
25849,1546,2026-03-09,26.55
25850,1546,2026-05-09,86.98
25851,1546,2026-06-21,75.27
25852,1546,2026-03-26,29.27
25853,1546,2026-02-12,55.77
25854,1546,2026-01-09,36.09
25855,1546,2026-05-09,73.27
25856,1546,2026-06-14,66.23
25857,1546,2026-07-17,79.19
25858,1546,2026-07-15,29.38
25859,1546,2026-02-18,24.46
25860,1546,2026-05-31,19.5
25861,1546,2026-02-06,149.98
25862,1546,2026-01-26,67.66
25863,1546,2025-11-23,78.8
25864,1546,2026-08-24,23.61
25865,1546,2025-10-31,59.9
25866,1546,2025-10-21,20.74
25867,1546,2026-04-03,55.23
25868,1546,2026-02-26,45.42
25869,1546,2025-10-24,39.35
25870,1546,2026-08-02,35.26
25871,1546,2025-10-09,76.38
25872,1546,2025-12-31,35.56
25873,1547,2026-06-13,129.13
25874,1548,2026-09-21,20.81
25875,1548,2026-01-31,30.06
25876,1549,2026-06-15,99.55
25877,1549,2025-12-14,135.11
25878,1549,2026-04-06,115.17
25879,1549,2026-04-07,93.87
25880,1550,2026-07-19,108.78
25881,1550,2026-03-13,150.46
25882,1550,2025-12-19,42.27
25883,1550,2026-06-25,138.04
25884,1550,2026-02-26,125.13
25885,1550,2026-03-14,52.4
25886,1550,2026-01-25,80.84
25887,1551,2026-09-17,210.07
25888,1551,2025-12-24,138.02
25889,1551,2026-06-02,222.43
25890,1551,2026-01-02,280.95
25891,1551,2026-05-08,246.12
25892,1551,2026-04-18,197.38
25893,1551,2025-12-26,360.79
25894,1551,2025-10-22,146.48
25895,1551,2026-02-16,188.4
25896,1551,2025-10-04,163.96
25897,1551,2026-02-17,281.7
25898,1551,2025-11-23,173.41
25899,1551,2026-08-30,251.43
25900,1551,2026-07-09,303.22
25901,1551,2026-07-02,167.17
25902,1551,2026-05-26,102.29
25903,1551,2026-06-11,189.76
25904,1551,2026-01-11,146.8
25905,1551,2025-09-27,157.28
25906,1551,2026-07-18,69.07
25907,1551,2026-06-29,101.28
25908,1551,2025-10-22,301.0
25909,1551,2026-05-07,137.73
25910,1551,2026-01-11,353.29
25911,1551,2026-07-11,152.18
25912,1551,2025-10-31,261.37
25913,1552,2026-09-10,135.95
25914,1552,2026-03-29,86.54
25915,1552,2025-10-11,48.54
25916,1552,2026-07-04,50.62
25917,1552,2026-05-01,84.07
25918,1552,2026-08-25,29.17
25919,1552,2026-03-07,31.36
25920,1552,2026-03-03,25.21
25921,1552,2026-08-06,40.12
25922,1552,2025-09-26,30.56
25923,1552,2026-02-20,38.36
25924,1552,2026-05-01,44.3
25925,1552,2025-12-06,24.2
25926,1552,2026-04-09,83.22
25927,1552,2025-12-31,76.94
25928,1552,2025-12-14,36.59
25929,1552,2025-11-27,87.66
25930,1552,2026-02-13,53.6
25931,1552,2026-05-30,73.79
25932,1552,2026-06-08,24.44
25933,1552,2025-09-30,38.68
25934,1552,2026-03-03,59.7
25935,1552,2026-02-28,41.8
25936,1552,2026-04-02,41.58
25937,1552,2026-02-24,42.81
25938,1553,2026-07-28,147.68
25939,1553,2026-07-24,152.1
25940,1553,2026-01-20,30.38
25941,1553,2026-01-30,108.87
25942,1553,2026-07-24,86.31
25943,1553,2026-01-16,206.52
25944,1554,2026-08-22,48.31
25945,1554,2026-02-11,54.04
25946,1554,2026-06-15,43.99
25947,1554,2026-07-28,45.92
25948,1554,2026-06-09,45.55
25949,1554,2025-10-25,35.22
25950,1554,2025-10-15,41.53
25951,1554,2026-08-04,23.95
25952,1554,2026-05-26,34.59
25953,1554,2025-11-29,44.15
25954,1554,2026-03-28,78.48
25955,1554,2026-06-13,42.6
25956,1554,2026-01-09,113.79
25957,1554,2026-01-18,107.25
25958,1554,2026-01-21,46.43
25959,1554,2026-04-17,37.36
25960,1554,2025-12-10,124.76
25961,1554,2026-06-04,62.95
25962,1554,2026-04-19,54.82
25963,1554,2025-10-28,32.52
25964,1554,2026-05-04,37.12
25965,1554,2026-07-13,28.69
25966,1554,2026-03-09,87.91
25967,1554,2026-01-11,56.39
25968,1554,2026-01-24,39.14
25969,1554,2026-05-29,36.38
25970,1554,2025-09-27,28.81
25971,1554,2025-12-21,43.61
25972,1555,2026-01-30,106.16
25973,1555,2025-11-17,111.31
25974,1555,2025-10-13,128.05
25975,1555,2025-12-08,358.17
25976,1555,2025-12-29,60.2
25977,1556,2026-09-02,55.08
25978,1556,2025-11-22,41.29
25979,1556,2025-10-01,134.84
25980,1556,2026-01-15,227.24
25981,1556,2026-08-18,257.11
25982,1556,2026-05-15,47.59
25983,1556,2026-01-19,165.81
25984,1556,2026-01-06,89.78
25985,1556,2026-01-02,37.77
25986,1556,2025-12-29,61.13
25987,1556,2026-02-02,63.19
25988,1556,2025-09-26,111.47
25989,1556,2026-02-10,48.65
25990,1556,2026-05-01,137.64
25991,1557,2026-09-06,62.42
25992,1557,2026-02-16,79.71
25993,1557,2026-08-15,44.79
25994,1557,2026-05-14,156.26
25995,1557,2026-04-10,104.16
25996,1557,2026-03-21,98.53
25997,1557,2025-10-24,79.49
25998,1557,2026-05-08,58.17
25999,1557,2026-09-02,160.3
26000,1557,2026-04-13,221.91
26001,1557,2026-01-30,163.12
26002,1557,2026-04-27,83.47
26003,1557,2025-11-08,107.27
26004,1557,2025-12-04,145.66
26005,1557,2026-04-11,93.89
26006,1557,2025-10-27,215.91
26007,1557,2026-06-09,157.84
26008,1557,2025-10-21,315.22
26009,1557,2025-12-29,98.22
26010,1557,2026-07-13,30.36
26011,1557,2026-05-03,92.96
26012,1558,2026-07-28,52.09
26013,1558,2025-12-25,45.15
26014,1558,2026-07-13,32.72
26015,1558,2025-10-19,19.93
26016,1558,2025-10-05,84.28
26017,1558,2025-12-29,34.84
26018,1558,2026-05-15,73.74
26019,1558,2025-12-23,42.52
26020,1558,2026-04-26,86.78
26021,1558,2026-01-07,58.54
26022,1558,2026-06-12,47.32
26023,1558,2026-01-21,30.84
26024,1558,2026-04-18,80.74
26025,1558,2026-01-30,41.03
26026,1558,2026-04-19,31.19
26027,1558,2026-05-06,41.93
26028,1558,2026-04-09,44.07
26029,1558,2025-11-03,66.69
26030,1558,2026-03-27,19.29
26031,1558,2025-12-29,131.51
26032,1558,2026-01-05,55.43
26033,1558,2026-01-25,44.68
26034,1558,2025-10-04,54.95
26035,1558,2026-07-15,22.59
26036,1558,2026-02-19,47.58
26037,1558,2025-10-03,60.3
26038,1558,2025-09-27,39.41
26039,1559,2026-07-21,29.2
26040,1560,2026-08-12,62.18
26041,1560,2025-09-29,184.7
26042,1560,2026-08-08,111.45
26043,1560,2026-06-11,78.57
26044,1560,2025-10-24,63.07
26045,1560,2025-11-19,134.85
26046,1560,2026-08-02,87.23
26047,1560,2026-03-29,139.72
26048,1560,2026-04-03,59.43
26049,1560,2025-09-30,103.13
26050,1560,2025-12-04,72.52
26051,1560,2025-12-08,197.05
26052,1561,2026-07-24,40.89
26053,1561,2026-07-17,88.06
26054,1561,2025-12-08,41.41
26055,1561,2026-02-14,202.4
26056,1561,2025-12-04,164.08
26057,1561,2026-03-14,103.01
26058,1561,2026-04-22,144.21
26059,1561,2026-06-26,84.8
26060,1561,2026-02-28,62.1
26061,1561,2025-12-14,42.33
26062,1562,2026-08-12,37.88
26063,1562,2026-03-22,23.3
26064,1562,2026-05-24,21.93
26065,1562,2025-12-02,48.75
26066,1562,2026-01-04,34.17
26067,1562,2026-03-17,30.38
26068,1562,2026-04-16,12.62
26069,1562,2026-06-02,39.69
26070,1562,2026-01-23,24.27
26071,1562,2025-11-11,34.0
26072,1563,2026-08-18,74.18
26073,1563,2026-01-15,119.96
26074,1563,2026-02-05,59.07
26075,1563,2026-05-15,85.46
26076,1563,2025-09-29,93.18
26077,1563,2026-06-10,88.82
26078,1563,2025-11-08,106.84
26079,1563,2026-03-30,62.54
26080,1563,2025-11-10,70.19
26081,1563,2026-05-12,124.09
26082,1563,2025-12-27,74.76
26083,1563,2025-12-24,71.95
26084,1563,2026-04-19,61.62
26085,1563,2026-08-09,73.17
26086,1563,2026-05-13,56.69
26087,1563,2026-01-04,124.96
26088,1564,2026-09-10,97.02
26089,1564,2026-01-18,63.71
26090,1564,2025-11-22,115.68
26091,1564,2025-10-03,66.39
26092,1564,2026-01-29,101.96
26093,1564,2025-11-06,172.55
26094,1564,2026-03-28,121.74
26095,1564,2025-10-29,49.73
26096,1564,2025-12-13,93.68
26097,1564,2025-10-24,138.85
26098,1564,2025-10-25,45.42
26099,1564,2026-01-12,192.3
26100,1564,2026-06-24,95.89
26101,1565,2026-08-22,65.52
26102,1565,2025-11-30,106.44
26103,1565,2025-12-25,47.15
26104,1565,2026-07-26,174.52
26105,1565,2025-11-11,45.15
26106,1565,2026-04-23,100.74
26107,1565,2025-11-14,128.37
26108,1565,2025-12-12,68.72
26109,1565,2026-03-17,166.91
26110,1565,2026-01-11,39.59
26111,1565,2026-03-30,88.77
26112,1565,2025-12-08,42.13
26113,1565,2026-07-04,63.55
26114,1566,2026-08-12,31.14
26115,1566,2026-03-02,39.7
26116,1566,2025-11-10,45.47
26117,1566,2026-02-05,16.95
26118,1566,2026-07-30,37.04
26119,1566,2026-03-22,70.32
26120,1566,2026-03-03,59.79
26121,1566,2025-11-03,35.93
26122,1566,2026-01-14,49.53
26123,1566,2026-01-07,55.39
26124,1566,2026-05-02,40.05
26125,1566,2025-12-22,56.16
26126,1566,2026-07-12,31.39
26127,1566,2026-06-11,29.41
26128,1566,2026-06-04,39.37
26129,1567,2026-09-15,271.33
26130,1567,2026-08-19,275.2
26131,1567,2026-04-23,154.06
26132,1567,2025-12-16,273.65
26133,1567,2025-11-02,209.63
26134,1567,2026-01-16,175.01
26135,1567,2025-11-15,178.83
26136,1567,2026-07-25,163.78
26137,1567,2026-08-10,185.06
26138,1567,2026-03-21,209.23
26139,1567,2026-05-30,283.26
26140,1567,2025-11-07,414.17
26141,1567,2026-08-20,271.22
26142,1567,2026-05-09,221.37
26143,1567,2026-06-02,85.37
26144,1567,2026-02-17,623.67
26145,1567,2026-06-02,152.71
26146,1567,2025-10-16,154.95
26147,1567,2026-08-28,370.92
26148,1567,2026-08-21,127.94
26149,1567,2025-11-02,248.24
26150,1567,2026-03-13,170.51
26151,1567,2025-11-21,187.43
26152,1567,2026-04-05,214.75
26153,1567,2025-10-21,122.73
26154,1567,2026-03-31,198.65
26155,1567,2025-12-25,333.21
26156,1567,2025-09-27,203.07
26157,1567,2025-12-20,1013.8
26158,1568,2026-09-05,213.87
26159,1568,2026-03-11,133.83
26160,1568,2026-05-16,402.9
26161,1568,2026-08-25,139.39
26162,1568,2025-11-27,247.52
26163,1568,2025-12-21,168.13
26164,1568,2026-05-12,138.5
26165,1568,2026-02-01,341.01
26166,1568,2026-06-18,166.1
26167,1568,2026-01-18,92.18
26168,1568,2026-04-09,254.18
26169,1568,2026-06-28,152.74
26170,1568,2026-08-05,225.43
26171,1568,2026-08-30,308.7
26172,1568,2025-11-27,246.56
26173,1568,2026-08-12,313.27
26174,1568,2026-03-18,117.09
26175,1568,2026-07-25,360.11
26176,1568,2026-01-11,183.69
26177,1568,2026-04-24,110.51
26178,1568,2025-12-04,69.58
26179,1568,2026-08-05,182.79
26180,1568,2026-04-17,147.42
26181,1568,2026-04-19,148.46
26182,1568,2026-04-03,244.1
26183,1569,2026-09-18,47.91
26184,1569,2026-07-04,47.43
26185,1569,2026-03-29,81.06
26186,1569,2026-02-12,44.56
26187,1569,2026-08-05,36.32
26188,1569,2026-05-05,48.38
26189,1569,2026-06-10,64.25
26190,1569,2026-05-13,76.63
26191,1569,2026-05-20,49.57
26192,1569,2026-04-10,49.89
26193,1569,2026-02-05,70.34
26194,1569,2026-08-07,13.15
26195,1569,2026-01-03,46.82
26196,1569,2026-08-08,34.59
26197,1569,2026-02-13,46.19
26198,1569,2026-07-10,52.81
26199,1569,2025-11-04,78.8
26200,1570,2026-09-17,73.73
26201,1570,2025-09-28,57.9
26202,1570,2026-04-03,37.59
26203,1570,2026-01-02,63.07
26204,1570,2025-11-28,49.43
26205,1570,2025-10-11,17.2
26206,1570,2026-08-18,37.51
26207,1570,2026-05-13,38.01
26208,1570,2026-06-26,86.22
26209,1570,2025-12-01,37.57
26210,1570,2025-11-08,40.93
26211,1570,2025-11-11,26.69
26212,1570,2026-08-07,43.74
26213,1570,2026-01-21,26.36
26214,1570,2026-03-17,73.36
26215,1570,2026-01-02,37.24
26216,1570,2026-07-13,26.33
26217,1570,2026-08-02,78.11
26218,1570,2026-05-14,25.0
26219,1570,2026-05-14,50.48
26220,1570,2025-12-09,23.04
26221,1570,2026-07-11,51.34
26222,1570,2025-10-10,72.75
26223,1570,2026-09-11,33.61
26224,1571,2026-09-07,109.1
26225,1571,2026-02-20,26.63
26226,1571,2026-01-12,70.31
26227,1571,2026-02-17,65.68
26228,1571,2026-02-22,41.42
26229,1571,2026-07-30,35.1
26230,1571,2025-10-17,25.66
26231,1571,2026-05-28,80.36
26232,1571,2026-05-30,26.35
26233,1571,2026-07-10,12.83
26234,1571,2026-06-30,51.69
26235,1571,2026-08-18,24.5
26236,1571,2025-11-24,42.83
26237,1571,2025-10-30,24.58
26238,1571,2026-08-20,34.64
26239,1571,2026-07-06,46.43
26240,1571,2026-04-06,50.85
26241,1571,2026-06-28,82.2
26242,1571,2026-06-30,45.03
26243,1571,2026-01-07,47.22
26244,1571,2025-11-06,40.4
26245,1571,2026-05-19,68.2
26246,1571,2026-03-11,27.05
26247,1571,2026-04-20,36.96
26248,1571,2026-04-30,44.97
26249,1571,2026-08-19,29.93
26250,1571,2026-01-05,84.33
26251,1572,2026-08-31,20.44
26252,1572,2025-10-20,54.15
26253,1572,2025-10-20,50.41
26254,1572,2025-11-29,37.93
26255,1572,2026-04-21,14.29
26256,1572,2025-11-15,59.54
26257,1572,2026-03-15,30.55
26258,1572,2026-01-26,27.1
26259,1572,2026-05-24,25.97
26260,1572,2026-04-19,18.64
26261,1572,2025-10-21,55.39
26262,1572,2026-06-18,129.91
26263,1572,2026-04-13,34.66
26264,1572,2025-12-14,65.11
26265,1572,2026-05-11,43.14
26266,1572,2025-12-13,50.94
26267,1572,2026-04-20,43.67
26268,1572,2026-03-11,63.99
26269,1573,2026-08-15,43.53
26270,1573,2025-12-06,20.88
26271,1573,2026-05-13,48.37
26272,1573,2026-03-10,19.57
26273,1573,2026-06-28,61.42
26274,1573,2026-03-29,49.81
26275,1573,2026-02-15,41.3
26276,1573,2025-11-18,63.39
26277,1573,2026-08-03,48.08
26278,1573,2026-02-03,55.73
26279,1573,2025-11-11,51.12
26280,1573,2025-12-07,30.56
26281,1573,2026-03-14,91.14
26282,1573,2026-04-05,78.83
26283,1573,2026-01-30,54.58
26284,1573,2025-12-30,48.15
26285,1573,2026-04-08,63.07
26286,1573,2026-02-20,79.34
26287,1573,2026-08-14,106.01
26288,1573,2026-05-05,35.27
26289,1573,2025-12-03,72.04
26290,1573,2026-04-03,43.27
26291,1573,2026-03-15,21.81
26292,1573,2025-10-15,65.61
26293,1573,2026-04-06,87.09
26294,1574,2026-08-12,96.77
26295,1574,2026-07-21,38.82
26296,1574,2026-03-30,214.33
26297,1574,2026-04-10,63.37
26298,1574,2026-05-25,71.44
26299,1574,2025-10-03,93.41
26300,1574,2025-12-20,48.42
26301,1574,2026-01-18,77.39
26302,1574,2026-01-07,97.09
26303,1574,2026-04-24,188.99
26304,1574,2026-05-23,95.94
26305,1574,2025-11-13,74.98
26306,1574,2026-03-31,54.23
26307,1575,2026-09-15,367.23
26308,1575,2026-08-18,134.24
26309,1575,2026-05-07,637.89
26310,1575,2026-04-09,233.78
26311,1575,2025-11-17,199.95
26312,1575,2025-11-16,274.36
26313,1575,2026-04-11,253.47
26314,1575,2026-05-12,221.37
26315,1575,2026-07-12,128.9
26316,1575,2026-03-30,172.5
26317,1575,2026-07-23,246.63
26318,1575,2026-07-18,305.66
26319,1575,2025-10-17,401.38
26320,1575,2026-03-08,170.95
26321,1575,2026-05-03,217.62
26322,1575,2026-04-19,156.02
26323,1575,2026-04-28,343.55
26324,1575,2025-11-21,182.55
26325,1575,2026-03-09,161.18
26326,1575,2026-01-30,215.94
26327,1575,2026-02-23,98.91
26328,1575,2026-02-27,267.89
26329,1575,2026-04-15,182.67
26330,1575,2025-12-17,729.61
26331,1575,2025-10-18,159.0
26332,1575,2026-05-16,186.2
26333,1575,2026-05-21,331.91
26334,1575,2025-12-19,298.57
26335,1575,2026-08-06,334.71
26336,1575,2026-04-07,185.16
26337,1576,2026-09-02,113.19
26338,1576,2025-09-27,56.48
26339,1576,2025-10-29,142.19
26340,1576,2025-11-08,178.85
26341,1577,2026-08-18,124.98
26342,1577,2026-02-05,120.1
26343,1577,2026-02-01,137.83
26344,1577,2026-05-25,99.42
26345,1577,2026-01-22,61.31
26346,1577,2026-08-13,51.74
26347,1577,2026-07-25,115.32
26348,1577,2026-05-29,124.18
26349,1577,2025-10-11,54.45
26350,1577,2025-12-31,51.26
26351,1577,2026-08-01,89.23
26352,1577,2026-07-27,95.71
26353,1577,2025-11-18,137.07
26354,1577,2026-03-06,121.25
26355,1577,2025-12-28,86.82
26356,1577,2026-05-09,143.42
26357,1577,2026-05-16,76.9
26358,1577,2026-06-28,78.33
26359,1578,2026-07-22,61.23
26360,1578,2026-01-24,26.62
26361,1578,2025-10-19,69.53
26362,1578,2026-05-07,127.99
26363,1578,2025-12-24,108.42
26364,1578,2026-01-03,108.32
26365,1578,2026-01-25,170.95
26366,1578,2026-04-13,69.36
26367,1578,2025-12-21,53.75
26368,1578,2026-05-18,112.4
26369,1578,2025-11-16,105.69
26370,1578,2026-01-23,50.91
26371,1578,2026-03-21,83.14
26372,1579,2026-07-31,71.46
26373,1579,2026-04-14,47.7
26374,1579,2026-06-14,86.99
26375,1579,2025-12-17,145.04
26376,1579,2026-06-16,159.28
26377,1579,2026-02-16,145.62
26378,1579,2026-05-02,112.68
26379,1579,2025-12-16,184.63
26380,1579,2026-05-04,58.2
26381,1579,2025-11-13,153.4
26382,1579,2025-11-03,102.14
26383,1579,2026-02-24,98.95
26384,1579,2026-07-24,47.44
26385,1579,2025-12-29,104.94
26386,1579,2026-01-01,151.28
26387,1579,2026-07-28,34.53
26388,1580,2026-08-10,66.9
26389,1580,2026-07-06,146.11
26390,1580,2026-05-18,80.54
26391,1580,2026-08-05,94.7
26392,1580,2025-11-02,109.47
26393,1580,2026-04-15,67.58
26394,1580,2026-02-11,35.74
26395,1580,2026-08-07,146.0
26396,1580,2025-10-23,94.83
26397,1581,2026-05-27,77.66
26398,1581,2025-09-30,23.76
26399,1581,2025-10-17,192.76
26400,1581,2025-10-12,43.48
26401,1581,2025-11-14,135.16
26402,1581,2026-05-04,90.45
26403,1581,2025-11-21,88.77
26404,1582,2026-07-24,103.54
26405,1582,2026-02-05,184.53
26406,1582,2026-03-14,99.54
26407,1582,2026-07-06,47.4
26408,1582,2025-10-29,155.16
26409,1582,2026-07-03,173.04
26410,1582,2026-04-13,177.2
26411,1583,2026-08-09,47.07
26412,1583,2026-03-12,49.27
26413,1583,2026-01-27,29.2
26414,1583,2026-02-15,46.45
26415,1583,2026-01-05,43.06
26416,1583,2025-12-21,36.57
26417,1583,2026-05-15,36.73
26418,1583,2026-01-16,55.05
26419,1583,2025-12-09,45.58
26420,1583,2026-06-26,69.24
26421,1583,2025-12-01,28.23
26422,1583,2026-04-21,41.36
26423,1583,2026-06-27,34.13
26424,1583,2025-12-27,46.24
26425,1583,2025-12-07,50.79
26426,1583,2026-02-14,26.44
26427,1583,2026-01-26,58.76
26428,1583,2026-03-18,119.09
26429,1583,2026-03-24,48.59
26430,1583,2026-04-28,30.45
26431,1583,2025-12-05,39.46
26432,1583,2026-03-07,38.89
26433,1583,2026-06-30,33.33
26434,1583,2026-05-25,62.3
26435,1584,2026-06-14,94.05
26436,1584,2026-03-13,304.24
26437,1584,2026-05-13,47.14
26438,1584,2026-01-16,97.12
26439,1584,2026-04-06,55.79
26440,1584,2025-12-27,110.68
26441,1585,2026-07-07,28.64
26442,1585,2025-10-03,37.19
26443,1585,2026-05-15,22.87
26444,1585,2025-12-09,27.47
26445,1585,2025-12-08,35.06
26446,1585,2025-10-24,59.92
26447,1586,2026-08-15,92.89
26448,1586,2025-12-10,75.46
26449,1586,2026-06-04,192.67
26450,1586,2026-07-15,105.09
26451,1586,2026-05-21,99.47
26452,1586,2026-01-25,177.52
26453,1586,2025-12-01,71.79
26454,1586,2025-11-18,80.43
26455,1586,2026-01-13,137.23
26456,1586,2026-07-17,199.99
26457,1586,2025-12-31,91.82
26458,1586,2026-03-30,107.1
26459,1586,2026-07-04,44.04
26460,1586,2026-01-10,160.26
26461,1586,2025-10-10,55.28
26462,1586,2025-10-25,70.6
26463,1586,2025-12-05,97.96
26464,1586,2026-06-05,67.2
26465,1586,2026-03-08,37.6
26466,1586,2026-02-25,51.61
26467,1587,2026-06-25,158.65
26468,1587,2026-04-13,170.42
26469,1587,2025-09-29,43.74
26470,1587,2026-05-20,87.18
26471,1587,2025-12-02,88.49
26472,1587,2026-05-02,70.38
26473,1587,2025-12-25,74.89
26474,1587,2026-03-22,83.0
26475,1588,2026-08-28,52.37
26476,1588,2026-04-24,63.78
26477,1588,2025-10-10,24.8
26478,1588,2025-11-24,56.65
26479,1588,2025-11-21,57.16
26480,1588,2026-04-03,41.96
26481,1588,2025-11-21,25.15
26482,1588,2025-11-07,43.77
26483,1588,2026-04-16,29.28
26484,1588,2026-05-09,32.87
26485,1588,2026-07-23,75.84
26486,1588,2026-04-20,46.79
26487,1588,2026-03-21,43.39
26488,1588,2025-12-14,26.51
26489,1588,2026-02-22,44.08
26490,1588,2026-06-06,42.06
26491,1588,2026-05-20,28.93
26492,1588,2026-07-18,73.33
26493,1589,2026-06-30,117.21
26494,1589,2026-01-01,174.3
26495,1589,2025-11-02,49.44
26496,1589,2026-05-23,40.97
26497,1589,2026-05-15,62.69
26498,1589,2026-05-12,147.97
26499,1589,2025-11-18,151.9
26500,1590,2026-09-17,204.57
26501,1590,2026-07-12,469.49
26502,1590,2026-04-14,324.97
26503,1590,2025-10-16,178.92
26504,1590,2025-10-04,166.29
26505,1590,2025-12-19,155.04
26506,1590,2025-10-16,126.74
26507,1590,2026-02-10,434.5
26508,1590,2026-07-31,149.44
26509,1590,2026-01-25,455.54
26510,1590,2026-03-05,219.59
26511,1590,2025-11-17,202.35
26512,1590,2026-05-16,219.43
26513,1590,2025-11-29,361.98
26514,1590,2026-01-29,142.97
26515,1590,2025-12-28,263.96
26516,1590,2026-09-08,206.37
26517,1590,2025-10-08,251.79
26518,1590,2026-03-07,191.54
26519,1590,2026-01-29,178.51
26520,1590,2026-04-06,265.99
26521,1590,2026-07-31,112.83
26522,1590,2026-03-01,393.22
26523,1590,2026-01-14,220.45
26524,1590,2026-07-25,164.0
26525,1590,2026-05-09,247.89
26526,1590,2026-02-09,153.64
26527,1590,2026-06-06,217.58
26528,1591,2026-05-16,259.4
26529,1591,2026-03-08,90.44
26530,1591,2025-11-11,91.4
26531,1591,2026-04-29,103.36
26532,1592,2026-09-22,432.85
26533,1592,2025-10-12,177.35
26534,1592,2026-03-09,170.22
26535,1592,2026-02-20,155.87
26536,1592,2026-07-22,88.02
26537,1592,2026-02-02,331.55
26538,1592,2025-11-16,205.98
26539,1592,2026-08-04,339.83
26540,1592,2026-05-24,194.63
26541,1592,2026-04-27,173.67
26542,1592,2026-04-13,155.8
26543,1592,2026-07-03,285.69
26544,1592,2026-01-17,146.24
26545,1592,2026-07-05,249.67
26546,1592,2026-06-16,213.63
26547,1592,2026-03-07,131.36
26548,1592,2026-08-10,171.64
26549,1592,2025-11-21,210.95
26550,1592,2026-04-14,182.62
26551,1592,2025-10-08,492.74
26552,1592,2026-05-12,233.43
26553,1592,2026-09-17,192.26
26554,1592,2026-05-17,178.34
26555,1592,2026-02-08,189.42
26556,1592,2026-09-20,159.75
26557,1592,2026-04-01,145.0
26558,1592,2025-12-14,274.92
26559,1592,2025-11-04,419.94
26560,1592,2025-12-29,171.45
26561,1592,2026-06-25,254.76
26562,1592,2026-01-11,155.74
26563,1592,2025-12-13,220.04
26564,1592,2026-04-27,116.55
26565,1593,2026-08-27,101.37
26566,1593,2025-10-17,62.2
26567,1593,2026-02-15,86.81
26568,1593,2025-12-08,235.41
26569,1593,2025-11-21,75.82
26570,1593,2026-01-04,82.05
26571,1593,2025-12-13,106.81
26572,1593,2026-04-04,62.29
26573,1593,2026-04-03,68.96
26574,1593,2026-04-08,86.22
26575,1594,2026-08-28,35.23
26576,1594,2026-05-19,45.77
26577,1594,2025-10-01,39.82
26578,1594,2026-02-06,47.22
26579,1594,2025-10-24,21.37
26580,1594,2026-06-18,27.24
26581,1594,2026-01-07,76.81
26582,1594,2026-03-06,84.27
26583,1594,2026-05-26,20.65
26584,1594,2025-12-12,34.87
26585,1594,2026-03-14,32.14
26586,1594,2025-12-24,50.43
26587,1594,2026-08-22,43.34
26588,1594,2026-07-23,61.12
26589,1594,2025-12-03,24.5
26590,1594,2026-04-09,52.67
26591,1594,2026-06-23,38.72
26592,1594,2025-12-02,32.29
26593,1594,2026-07-08,54.9
26594,1594,2026-08-26,40.26
26595,1594,2026-02-23,43.01
26596,1594,2026-07-10,82.11
26597,1595,2026-09-23,74.95
26598,1595,2026-04-21,53.84
26599,1595,2026-01-16,121.11
26600,1595,2026-03-30,52.86
26601,1595,2026-08-17,190.99
26602,1595,2026-03-17,50.34
26603,1595,2026-01-26,79.08
26604,1595,2026-01-04,213.96
26605,1595,2026-06-06,77.77
26606,1596,2025-11-27,20.12
26607,1596,2025-10-28,40.06
26608,1596,2025-11-22,22.84
26609,1596,2025-10-02,31.11
26610,1597,2026-08-21,96.65
26611,1597,2026-05-17,143.69
26612,1597,2026-04-20,64.18
26613,1597,2025-12-17,56.0
26614,1598,2026-09-08,194.75
26615,1598,2026-02-15,276.21
26616,1598,2025-09-27,201.69
26617,1598,2026-06-24,240.83
26618,1598,2025-11-08,297.08
26619,1598,2026-07-21,382.22
26620,1598,2026-06-15,238.77
26621,1598,2026-08-27,502.62
26622,1598,2026-05-17,189.09
26623,1598,2025-12-29,380.99
26624,1598,2026-07-02,272.94
26625,1598,2026-08-14,92.14
26626,1598,2026-02-26,396.72
26627,1598,2026-09-07,138.92
26628,1598,2026-01-25,187.75
26629,1598,2025-12-21,311.07
26630,1598,2025-12-22,150.21
26631,1598,2026-08-08,203.39
26632,1598,2026-03-08,282.27
26633,1598,2026-05-19,145.05
26634,1598,2026-07-28,188.85
26635,1598,2026-07-14,179.12
26636,1598,2026-06-13,324.05
26637,1598,2025-12-20,425.32
26638,1599,2026-09-04,73.2
26639,1599,2026-03-27,63.47
26640,1599,2026-07-28,103.19
26641,1599,2026-01-06,116.79
26642,1599,2026-02-05,76.25
26643,1599,2026-02-11,58.8
26644,1599,2025-10-21,166.61
26645,1599,2025-10-14,122.41
26646,1599,2026-03-21,140.34
26647,1599,2025-12-23,76.64
26648,1599,2026-08-08,61.96
26649,1599,2026-02-20,70.82
26650,1600,2026-09-06,152.87
26651,1600,2025-12-22,66.31
26652,1600,2026-07-21,118.32
26653,1600,2026-02-21,98.73
26654,1600,2026-03-30,118.22
26655,1600,2026-07-19,113.45
26656,1600,2026-08-05,142.05
26657,1601,2026-08-07,177.16
26658,1601,2025-11-27,41.54
26659,1601,2025-10-15,103.14
26660,1601,2026-06-21,47.03
26661,1601,2026-02-06,108.26
26662,1601,2025-10-01,205.28
26663,1601,2026-07-17,57.06
26664,1601,2026-06-18,34.93
26665,1601,2026-03-08,105.67
26666,1601,2026-07-17,67.86
26667,1601,2026-02-11,82.84
26668,1602,2026-09-10,275.18
26669,1602,2026-07-16,248.29
26670,1602,2026-05-16,665.93
26671,1602,2026-08-03,231.84
26672,1602,2025-12-17,155.69
26673,1602,2026-07-27,172.65
26674,1602,2026-01-25,142.83
26675,1602,2026-02-22,157.0
26676,1602,2025-12-22,219.64
26677,1602,2025-11-16,170.45
26678,1602,2025-10-24,383.12
26679,1602,2026-05-18,312.17
26680,1602,2025-11-29,309.8
26681,1602,2026-07-12,187.5
26682,1602,2026-07-20,316.82
26683,1602,2025-11-05,332.79
26684,1602,2025-10-28,430.63
26685,1602,2026-01-18,164.61
26686,1602,2026-05-16,211.1
26687,1602,2026-04-18,149.79
26688,1602,2025-12-03,688.69
26689,1602,2026-06-22,191.76
26690,1602,2026-03-12,372.87
26691,1602,2026-04-26,225.33
26692,1602,2026-07-11,311.95
26693,1602,2026-02-21,208.64
26694,1602,2026-01-12,318.15
26695,1602,2026-06-21,237.8
26696,1603,2026-04-13,12.05
26697,1603,2025-12-01,24.71
26698,1603,2025-10-09,45.46
26699,1603,2026-01-17,27.51
26700,1603,2026-01-07,12.75
26701,1604,2026-08-30,118.9
26702,1604,2026-06-02,112.34
26703,1604,2025-12-18,108.33
26704,1604,2025-12-09,131.73
26705,1604,2025-11-25,57.34
26706,1604,2026-04-17,63.12
26707,1604,2026-02-28,162.99
26708,1604,2025-11-27,109.49
26709,1604,2026-08-19,73.31
26710,1604,2026-02-01,40.7
26711,1604,2026-04-20,51.41
26712,1604,2026-05-10,58.5
26713,1604,2026-02-18,69.91
26714,1604,2026-05-06,103.26
26715,1604,2026-02-11,48.68
26716,1604,2026-01-11,70.97
26717,1604,2026-03-10,50.97
26718,1605,2026-07-14,103.71
26719,1605,2026-01-27,49.65
26720,1605,2026-05-24,107.38
26721,1605,2026-05-21,94.29
26722,1605,2025-11-12,68.27
26723,1606,2026-03-27,112.31
26724,1606,2026-02-05,63.33
26725,1606,2025-10-28,67.75
26726,1606,2025-11-25,85.06
26727,1606,2026-01-12,35.95
26728,1606,2025-10-29,67.26
26729,1607,2026-08-28,62.03
26730,1607,2026-01-04,71.34
26731,1607,2026-02-11,185.08
26732,1607,2026-04-21,65.73
26733,1607,2025-09-26,75.78
26734,1607,2026-03-17,139.58
26735,1607,2026-03-27,111.39
26736,1607,2026-01-23,229.22
26737,1607,2026-05-18,152.05
26738,1607,2026-04-21,65.79
26739,1607,2025-10-02,161.74
26740,1607,2026-06-15,37.89
26741,1607,2026-01-16,127.28
26742,1608,2026-06-09,69.83
26743,1608,2026-03-16,117.86
26744,1608,2025-11-17,98.69
26745,1608,2025-12-16,75.51
26746,1608,2026-05-25,79.06
26747,1608,2026-05-31,112.74
26748,1608,2025-12-20,65.22
26749,1608,2026-02-14,102.93
26750,1608,2025-10-22,106.58
26751,1609,2026-08-27,89.49
26752,1609,2026-01-07,28.57
26753,1609,2025-11-17,21.12
26754,1609,2026-02-21,18.89
26755,1609,2026-08-23,64.35
26756,1609,2025-11-13,32.9
26757,1609,2026-05-02,42.25
26758,1609,2026-05-02,73.64
26759,1609,2025-11-21,52.17
26760,1609,2025-11-27,26.39
26761,1609,2025-11-05,93.46
26762,1609,2025-10-24,39.48
26763,1609,2026-07-05,43.74
26764,1609,2026-06-29,32.65
26765,1609,2026-03-31,27.24
26766,1609,2025-10-01,49.92
26767,1609,2026-05-04,23.52
26768,1609,2026-05-05,43.35
26769,1609,2025-10-04,91.84
26770,1609,2025-10-06,63.1
26771,1609,2026-02-19,49.3
26772,1609,2026-02-07,27.45
26773,1610,2026-08-07,63.1
26774,1610,2026-04-03,41.77
26775,1610,2025-11-12,42.19
26776,1610,2025-11-22,40.75
26777,1610,2026-02-03,131.14
26778,1610,2026-08-01,41.27
26779,1610,2025-10-30,34.91
26780,1610,2026-06-11,42.93
26781,1610,2025-10-06,56.79
26782,1610,2026-06-14,9.39
26783,1610,2026-08-07,53.71
26784,1610,2026-04-22,14.33
26785,1610,2026-03-05,87.28
26786,1610,2025-11-04,20.71
26787,1610,2026-07-25,31.35
26788,1610,2026-05-22,18.99
26789,1610,2026-01-12,101.19
26790,1610,2026-02-26,44.75
26791,1610,2025-11-11,122.56
26792,1610,2026-03-09,110.08
26793,1610,2026-01-23,78.95
26794,1610,2026-05-25,23.95
26795,1610,2026-04-05,48.48
26796,1610,2026-03-14,83.22
26797,1610,2026-01-29,53.6
26798,1611,2026-05-03,74.78
26799,1611,2025-10-30,100.2
26800,1611,2026-04-13,153.93
26801,1611,2025-12-13,313.14
26802,1611,2026-02-17,61.07
26803,1612,2026-09-19,229.37
26804,1612,2025-12-19,55.89
26805,1612,2026-02-13,157.39
26806,1612,2026-01-26,53.71
26807,1612,2026-04-28,45.3
26808,1612,2026-09-19,119.56
26809,1612,2026-06-26,42.69
26810,1612,2026-08-20,75.42
26811,1612,2026-07-22,167.04
26812,1612,2025-12-30,59.65
26813,1612,2026-08-13,202.02
26814,1612,2026-08-23,32.59
26815,1612,2026-07-09,143.99
26816,1612,2026-03-21,48.28
26817,1612,2026-09-07,82.46
26818,1613,2026-09-15,89.95
26819,1613,2026-08-31,94.76
26820,1613,2026-01-20,139.49
26821,1613,2026-05-20,70.98
26822,1613,2025-12-05,42.42
26823,1613,2026-03-04,62.52
26824,1613,2025-11-21,150.14
26825,1613,2026-08-20,105.26
26826,1614,2026-09-10,55.33
26827,1614,2025-10-13,17.2
26828,1614,2026-04-12,25.98
26829,1614,2026-07-01,60.3
26830,1614,2026-01-17,29.95
26831,1614,2026-02-05,42.1
26832,1614,2026-05-17,67.78
26833,1614,2025-12-01,47.83
26834,1614,2026-07-01,53.85
26835,1614,2026-08-25,84.04
26836,1614,2026-06-26,87.87
26837,1614,2025-12-24,43.87
26838,1614,2026-02-24,79.83
26839,1614,2026-01-13,29.2
26840,1614,2026-03-23,49.84
26841,1614,2026-08-01,58.05
26842,1614,2026-01-08,42.92
26843,1614,2026-01-20,40.72
26844,1614,2025-11-18,27.19
26845,1614,2026-07-29,44.29
26846,1615,2026-08-22,106.14
26847,1615,2026-08-10,123.93
26848,1615,2026-06-25,180.06
26849,1615,2025-12-26,75.54
26850,1615,2026-07-15,68.83
26851,1615,2026-05-08,71.94
26852,1615,2026-07-08,69.59
26853,1615,2026-06-20,68.55
26854,1615,2025-11-30,97.92
26855,1615,2026-05-31,74.47
26856,1615,2026-03-11,87.52
26857,1615,2026-01-05,209.01
26858,1615,2025-10-19,58.48
26859,1615,2026-01-17,104.73
26860,1615,2026-04-12,53.99
26861,1615,2026-07-20,136.59
26862,1615,2026-03-29,148.91
26863,1615,2026-01-14,60.91
26864,1615,2026-08-18,65.8
26865,1615,2026-01-30,121.49
26866,1615,2026-08-19,79.54
26867,1615,2025-12-01,170.29
26868,1615,2025-10-09,52.4
26869,1616,2026-06-30,111.84
26870,1616,2026-06-06,113.65
26871,1616,2026-05-05,179.06
26872,1616,2025-12-05,86.0
26873,1616,2026-04-03,67.28
26874,1616,2025-10-19,104.45
26875,1616,2025-11-13,90.1
26876,1616,2025-10-14,89.03
26877,1617,2026-09-10,119.96
26878,1617,2026-03-04,255.12
26879,1617,2026-02-25,162.75
26880,1617,2026-04-14,143.71
26881,1617,2026-04-06,173.58
26882,1617,2025-11-19,167.98
26883,1617,2026-05-05,301.09
26884,1617,2026-04-08,209.91
26885,1617,2026-08-03,594.03
26886,1617,2026-01-31,164.99
26887,1617,2026-09-06,259.92
26888,1617,2025-12-23,196.23
26889,1617,2026-02-08,118.25
26890,1617,2025-10-10,429.58
26891,1617,2026-02-26,221.61
26892,1617,2026-01-01,147.77
26893,1617,2025-10-18,251.4
26894,1617,2026-06-23,334.33
26895,1617,2026-05-28,143.33
26896,1617,2026-03-12,214.81
26897,1617,2026-08-27,335.38
26898,1617,2026-06-19,226.19
26899,1617,2026-04-01,269.48
26900,1617,2026-06-17,186.47
26901,1617,2026-08-27,103.47
26902,1617,2025-12-23,187.5
26903,1617,2026-06-12,163.17
26904,1617,2026-09-04,199.95
26905,1617,2026-01-20,163.98
26906,1618,2026-08-23,29.46
26907,1618,2026-08-19,14.43
26908,1618,2026-06-03,78.61
26909,1618,2026-07-05,33.46
26910,1618,2025-12-24,34.77
26911,1618,2026-01-09,35.21
26912,1618,2026-06-13,24.75
26913,1618,2025-11-09,37.67
26914,1618,2026-07-29,39.68
26915,1618,2026-07-02,54.74
26916,1618,2026-03-19,35.17
26917,1618,2025-10-26,15.0
26918,1618,2026-05-22,24.65
26919,1618,2025-10-08,74.34
26920,1618,2026-05-31,30.83
26921,1618,2026-01-25,57.53
26922,1618,2026-05-11,32.64
26923,1618,2026-02-06,64.87
26924,1618,2026-05-14,47.05
26925,1618,2026-06-03,23.42
26926,1618,2026-03-30,26.57
26927,1618,2026-05-06,23.02
26928,1618,2026-02-13,67.85
26929,1618,2026-03-14,25.54
26930,1618,2026-02-26,38.11
26931,1618,2026-07-05,43.4
26932,1618,2026-02-07,49.73
26933,1618,2025-12-25,36.57
26934,1618,2026-07-12,22.15
26935,1618,2026-06-18,26.14
26936,1619,2026-08-11,67.1
26937,1619,2026-07-23,96.75
26938,1619,2026-04-19,88.85
26939,1619,2025-11-27,58.61
26940,1619,2025-10-21,86.04
26941,1619,2026-03-12,71.57
26942,1619,2025-10-17,106.55
26943,1619,2026-05-21,69.01
26944,1619,2026-05-23,65.34
26945,1619,2025-10-17,43.07
26946,1619,2026-01-25,242.91
26947,1619,2026-02-05,73.42
26948,1619,2026-04-18,54.11
26949,1619,2026-01-21,118.08
26950,1619,2025-10-15,97.9
26951,1619,2026-05-24,115.18
26952,1619,2025-12-11,120.8
26953,1619,2026-04-06,147.45
26954,1619,2026-04-21,55.74
26955,1620,2026-09-18,498.18
26956,1620,2026-06-01,559.91
26957,1620,2026-06-17,418.64
26958,1620,2026-05-24,160.97
26959,1620,2026-01-05,205.87
26960,1620,2026-02-16,239.43
26961,1620,2025-12-31,248.54
26962,1620,2026-09-18,128.27
26963,1620,2025-11-06,125.4
26964,1620,2025-11-22,115.06
26965,1620,2025-11-03,173.33
26966,1620,2026-07-21,181.84
26967,1620,2026-03-01,171.3
26968,1620,2026-02-11,235.13
26969,1620,2026-06-07,112.71
26970,1620,2025-11-16,142.97
26971,1620,2026-08-28,149.15
26972,1620,2026-01-18,303.58
26973,1620,2026-02-26,229.52
26974,1620,2026-04-02,244.52
26975,1620,2025-12-16,137.94
26976,1620,2026-03-22,213.86
26977,1620,2026-08-25,148.21
26978,1620,2026-04-14,150.51
26979,1620,2025-10-19,248.0
26980,1620,2026-09-06,156.96
26981,1620,2026-08-28,200.26
26982,1620,2025-12-15,185.98
26983,1620,2026-08-11,123.8
26984,1620,2025-10-11,161.94
26985,1620,2026-03-09,163.11
26986,1620,2026-01-04,176.86
26987,1620,2026-01-11,93.3
26988,1620,2025-11-01,151.25
26989,1620,2025-09-26,316.54
26990,1620,2025-11-11,255.68
26991,1620,2026-01-19,175.45
26992,1621,2026-06-05,58.26
26993,1621,2026-03-08,142.24
26994,1621,2026-02-12,157.18
26995,1621,2026-05-04,89.3
26996,1621,2025-12-31,226.72
26997,1622,2026-09-19,82.17
26998,1622,2026-07-06,42.37
26999,1622,2025-10-10,74.0
27000,1622,2025-10-23,45.2
27001,1622,2026-07-06,38.77
27002,1622,2026-04-28,31.66
27003,1622,2026-03-05,38.44
27004,1622,2026-08-12,86.99
27005,1622,2026-05-02,30.03
27006,1622,2025-12-22,60.73
27007,1622,2025-12-24,39.12
27008,1622,2026-07-19,58.67
27009,1622,2026-03-16,49.39
27010,1622,2026-07-07,24.7
27011,1622,2025-12-26,48.48
27012,1622,2026-01-27,119.25
27013,1622,2026-01-15,51.68
27014,1622,2026-03-22,68.3
27015,1622,2026-05-09,51.44
27016,1622,2026-08-22,64.16
27017,1623,2026-08-22,77.76
27018,1623,2026-07-27,82.81
27019,1623,2026-02-02,41.66
27020,1623,2026-08-04,86.55
27021,1623,2026-05-20,81.54
27022,1623,2026-03-06,145.43
27023,1623,2025-10-23,131.06
27024,1623,2026-01-01,25.2
27025,1623,2026-02-02,64.67
27026,1623,2026-02-28,202.5
27027,1623,2026-04-26,135.3
27028,1623,2025-11-21,112.25
27029,1623,2026-08-15,71.78
27030,1623,2026-07-01,125.57
27031,1623,2026-06-30,45.51
27032,1623,2026-01-29,69.77
27033,1624,2026-09-14,180.24
27034,1624,2026-06-04,169.76
27035,1624,2025-12-27,215.43
27036,1624,2026-07-19,299.6
27037,1624,2026-05-10,372.82
27038,1624,2026-04-26,299.72
27039,1624,2026-04-01,137.39
27040,1624,2026-04-12,199.94
27041,1624,2026-04-17,220.13
27042,1624,2026-05-17,241.13
27043,1624,2026-04-26,261.72
27044,1624,2026-09-09,217.48
27045,1624,2026-09-10,201.99
27046,1624,2026-05-07,316.38
27047,1624,2026-01-19,197.82
27048,1624,2025-11-01,323.03
27049,1624,2025-10-29,302.83
27050,1624,2026-06-09,403.77
27051,1624,2026-03-05,231.62
27052,1624,2026-05-09,402.13
27053,1624,2026-08-23,183.19
27054,1624,2026-01-04,245.34
27055,1624,2026-08-29,296.3
27056,1624,2026-07-21,133.26
27057,1624,2025-11-13,175.98
27058,1625,2026-09-13,20.13
27059,1625,2025-11-21,33.14
27060,1625,2025-10-01,57.35
27061,1625,2026-09-11,41.17
27062,1625,2026-06-08,45.25
27063,1625,2025-12-07,37.51
27064,1625,2025-12-29,107.36
27065,1625,2026-03-11,48.48
27066,1625,2025-10-19,34.84
27067,1625,2026-04-21,27.97
27068,1625,2026-01-22,97.28
27069,1625,2026-04-11,23.95
27070,1625,2025-10-07,31.47
27071,1625,2026-04-07,31.48
27072,1626,2025-10-30,26.25
27073,1626,2025-09-27,50.86
27074,1626,2025-10-19,11.12
27075,1626,2025-10-27,42.3
27076,1627,2026-07-31,71.79
27077,1627,2026-06-14,68.81
27078,1627,2026-06-04,18.68
27079,1627,2025-09-29,30.83
27080,1627,2025-10-04,42.28
27081,1627,2026-05-20,33.38
27082,1627,2026-04-30,76.16
27083,1627,2026-06-23,45.26
27084,1627,2026-02-27,23.49
27085,1627,2025-11-20,55.37
27086,1627,2026-02-17,56.7
27087,1627,2025-11-27,26.83
27088,1627,2025-10-04,30.14
27089,1627,2025-09-27,32.67
27090,1627,2026-04-20,83.23
27091,1627,2026-05-17,43.25
27092,1627,2026-03-02,16.65
27093,1628,2026-06-24,64.02
27094,1628,2026-06-11,74.28
27095,1628,2026-06-24,141.63
27096,1628,2026-02-02,76.67
27097,1628,2025-10-14,207.78
27098,1628,2026-02-25,140.02
27099,1628,2026-02-07,154.72
27100,1628,2026-01-08,86.97
27101,1628,2026-01-17,79.38
27102,1629,2026-04-09,180.65
27103,1629,2026-03-25,107.26
27104,1629,2025-11-01,93.17
27105,1629,2026-02-07,79.8
27106,1629,2025-10-24,109.72
27107,1629,2025-12-31,165.06
27108,1630,2026-08-31,105.43
27109,1630,2025-11-18,30.17
27110,1630,2026-08-13,29.54
27111,1630,2026-01-30,33.52
27112,1630,2026-03-22,16.88
27113,1630,2026-04-07,38.84
27114,1630,2026-06-13,33.53
27115,1630,2026-06-02,70.33
27116,1630,2026-01-04,51.87
27117,1630,2025-10-04,25.44
27118,1630,2026-02-27,33.54
27119,1630,2026-06-22,118.72
27120,1630,2026-06-12,29.85
27121,1630,2026-06-28,65.19
27122,1630,2026-03-06,33.14
27123,1630,2026-01-03,28.65
27124,1630,2025-12-10,35.26
27125,1630,2026-01-24,87.21
27126,1631,2026-08-13,29.86
27127,1631,2025-10-04,45.08
27128,1631,2026-07-29,49.87
27129,1631,2025-10-03,81.21
27130,1631,2025-11-02,55.21
27131,1631,2026-05-01,61.92
27132,1631,2026-05-08,38.53
27133,1631,2026-06-23,38.65
27134,1631,2025-10-06,33.81
27135,1631,2026-07-25,48.86
27136,1631,2025-11-21,48.05
27137,1631,2026-07-02,47.0
27138,1631,2025-10-06,41.08
27139,1631,2026-05-20,44.14
27140,1631,2026-03-25,94.85
27141,1631,2026-07-25,50.91
27142,1631,2026-05-11,58.51
27143,1631,2025-10-14,55.57
27144,1631,2026-02-04,41.61
27145,1632,2026-09-15,26.21
27146,1632,2026-05-23,101.16
27147,1632,2026-06-12,141.37
27148,1632,2026-03-27,192.73
27149,1632,2026-04-08,111.75
27150,1632,2026-05-19,76.35
27151,1632,2026-09-07,62.19
27152,1632,2026-01-29,72.67
27153,1632,2026-09-09,43.84
27154,1632,2025-10-12,80.36
27155,1632,2026-07-26,51.85
27156,1632,2026-04-22,68.79
27157,1632,2026-05-31,82.09
27158,1632,2026-07-02,104.38
27159,1632,2025-10-01,42.81
27160,1632,2026-07-31,77.12
27161,1632,2025-12-04,122.55
27162,1632,2026-03-16,168.97
27163,1632,2026-01-18,87.04
27164,1632,2026-04-11,241.91
27165,1632,2026-09-13,123.34
27166,1633,2026-06-24,29.75
27167,1633,2026-02-05,40.75
27168,1633,2026-06-04,33.74
27169,1633,2026-01-27,35.75
27170,1633,2026-04-29,40.23
27171,1633,2026-02-23,36.47
27172,1633,2026-05-28,46.69
27173,1633,2025-12-18,30.71
27174,1633,2026-03-03,32.38
27175,1634,2026-03-12,39.79
27176,1634,2025-10-14,29.6
27177,1634,2025-10-12,35.8
27178,1635,2026-08-29,123.39
27179,1635,2026-05-24,67.7
27180,1635,2025-09-26,74.77
27181,1635,2026-03-02,119.7
27182,1635,2026-02-11,185.81
27183,1635,2026-01-10,75.61
27184,1635,2026-07-05,91.53
27185,1635,2026-08-18,147.64
27186,1635,2026-03-28,95.47
27187,1635,2025-11-10,119.92
27188,1635,2025-09-28,64.51
27189,1635,2026-06-04,90.14
27190,1635,2025-09-30,68.05
27191,1635,2025-11-10,42.15
27192,1635,2025-11-26,60.45
27193,1635,2026-05-27,110.11
27194,1635,2025-12-25,115.37
27195,1635,2025-10-02,127.19
27196,1635,2026-02-14,113.16
27197,1635,2025-11-03,81.44
27198,1636,2026-08-16,40.0
27199,1636,2026-05-11,37.12
27200,1636,2026-08-15,47.95
27201,1636,2025-10-01,81.03
27202,1636,2026-08-09,41.98
27203,1636,2026-07-19,30.21
27204,1636,2026-06-16,57.53
27205,1636,2026-06-15,38.76
27206,1636,2026-05-21,57.76
27207,1636,2026-06-08,17.9
27208,1636,2026-03-20,45.75
27209,1636,2025-10-29,40.24
27210,1636,2026-04-15,29.22
27211,1636,2026-07-02,26.07
27212,1636,2026-06-28,39.67
27213,1636,2025-11-14,27.81
27214,1636,2026-07-16,11.85
27215,1636,2025-10-11,26.52
27216,1636,2026-08-09,26.01
27217,1636,2026-08-03,45.6
27218,1636,2026-07-25,26.36
27219,1636,2025-10-20,44.99
27220,1636,2026-08-16,29.3
27221,1636,2025-11-02,63.99
27222,1636,2026-08-06,53.26
27223,1636,2025-12-26,39.32
27224,1637,2026-09-16,30.14
27225,1637,2026-04-10,42.38
27226,1637,2026-01-23,86.05
27227,1637,2025-12-09,17.85
27228,1637,2026-01-15,63.71
27229,1637,2026-07-12,53.38
27230,1637,2026-05-13,42.7
27231,1637,2026-01-16,39.13
27232,1637,2026-07-03,85.92
27233,1637,2025-12-27,62.17
27234,1637,2025-10-24,28.21
27235,1637,2026-06-18,45.45
27236,1637,2026-05-09,78.81
27237,1637,2026-01-07,57.32
27238,1637,2025-12-26,50.64
27239,1637,2026-07-01,25.03
27240,1637,2026-03-28,127.44
27241,1637,2026-03-13,62.26
27242,1637,2025-11-24,100.41
27243,1637,2026-01-04,51.53
27244,1637,2026-07-27,44.63
27245,1638,2026-06-29,88.26
27246,1638,2026-05-20,99.09
27247,1638,2026-03-13,112.38
27248,1638,2025-11-04,95.63
27249,1638,2026-05-26,98.96
27250,1638,2026-03-07,119.82
27251,1638,2025-11-24,127.19
27252,1638,2025-11-05,72.03
27253,1638,2025-11-14,39.39
27254,1638,2025-10-28,56.41
27255,1638,2026-06-14,110.75
27256,1638,2025-10-18,64.78
27257,1638,2026-02-13,101.42
27258,1638,2025-11-24,87.71
27259,1639,2026-09-20,79.29
27260,1639,2026-06-28,160.08
27261,1639,2026-08-05,107.46
27262,1639,2026-08-26,46.71
27263,1639,2026-01-25,145.92
27264,1639,2026-02-18,150.15
27265,1640,2026-07-10,32.87
27266,1640,2026-02-12,31.57
27267,1640,2025-10-19,27.3
27268,1640,2025-12-06,21.46
27269,1641,2026-03-15,23.63
27270,1641,2026-01-26,14.24
27271,1641,2025-11-11,34.35
27272,1641,2026-02-07,14.56
27273,1642,2026-09-17,270.74
27274,1642,2026-01-03,256.33
27275,1642,2026-06-23,299.66
27276,1642,2025-12-09,126.05
27277,1642,2026-03-05,146.97
27278,1642,2025-10-18,117.32
27279,1642,2026-06-26,235.92
27280,1642,2026-05-26,193.03
27281,1642,2025-10-25,192.39
27282,1642,2026-04-15,154.6
27283,1642,2026-04-30,143.68
27284,1642,2025-12-05,210.17
27285,1642,2026-08-10,345.65
27286,1642,2026-02-17,425.15
27287,1642,2026-05-15,425.82
27288,1642,2025-11-01,170.09
27289,1642,2026-08-03,123.32
27290,1642,2026-05-23,312.55
27291,1642,2026-07-12,372.67
27292,1642,2026-07-13,253.42
27293,1642,2026-06-19,207.84
27294,1642,2026-03-06,158.38
27295,1642,2026-03-25,275.78
27296,1642,2026-04-04,272.1
27297,1642,2025-11-08,238.52
27298,1643,2026-09-08,22.6
27299,1643,2025-11-06,34.33
27300,1643,2026-09-07,34.67
27301,1643,2026-08-13,47.2
27302,1643,2026-05-05,74.91
27303,1643,2026-01-12,65.34
27304,1643,2026-02-01,47.64
27305,1643,2026-03-23,24.77
27306,1643,2026-02-16,69.16
27307,1643,2026-05-15,27.0
27308,1643,2026-02-22,37.56
27309,1643,2026-01-09,43.5
27310,1643,2026-06-27,31.29
27311,1643,2026-09-06,31.02
27312,1643,2026-06-01,67.07
27313,1643,2025-12-14,86.58
27314,1643,2025-11-20,43.53
27315,1643,2026-03-06,20.21
27316,1643,2025-11-15,51.06
27317,1643,2026-04-12,32.9
27318,1643,2025-12-30,52.93
27319,1643,2026-03-08,51.4
27320,1643,2026-09-08,19.3
27321,1643,2026-06-06,37.75
27322,1643,2026-01-18,59.38
27323,1643,2026-02-06,43.15
27324,1644,2026-06-23,94.76
27325,1644,2025-10-28,130.68
27326,1645,2026-05-30,257.42
27327,1645,2026-05-22,134.99
27328,1645,2026-04-02,69.39
27329,1645,2025-11-15,193.24
27330,1645,2026-02-23,63.55
27331,1645,2026-04-14,105.45
27332,1646,2026-09-08,59.09
27333,1646,2026-05-02,18.82
27334,1646,2026-04-06,37.82
27335,1646,2025-10-28,83.36
27336,1646,2026-04-22,85.16
27337,1646,2025-11-11,80.97
27338,1646,2025-12-21,25.86
27339,1646,2026-04-25,25.77
27340,1646,2025-11-19,36.03
27341,1646,2026-03-28,45.25
27342,1646,2026-04-05,32.36
27343,1646,2026-07-25,21.12
27344,1646,2026-07-30,68.32
27345,1646,2026-03-01,63.38
27346,1646,2025-12-18,34.5
27347,1646,2025-11-17,61.99
27348,1646,2025-12-10,68.8
27349,1646,2026-04-05,15.42
27350,1646,2026-06-05,60.11
27351,1646,2026-04-20,43.78
27352,1646,2026-07-11,14.52
27353,1646,2026-03-11,71.15
27354,1646,2026-07-21,46.64
27355,1646,2025-12-19,21.94
27356,1646,2026-08-04,53.81
27357,1647,2026-02-21,102.36
27358,1647,2025-11-20,117.18
27359,1647,2025-12-02,88.2
27360,1647,2026-02-04,45.45
27361,1647,2025-11-26,156.27
27362,1647,2026-01-29,138.65
27363,1647,2025-11-04,79.41
27364,1648,2026-08-04,116.43
27365,1648,2025-11-11,100.47
27366,1648,2026-01-11,108.21
27367,1648,2026-07-05,75.94
27368,1648,2026-02-21,41.72
27369,1648,2025-11-16,42.13
27370,1648,2025-12-02,122.63
27371,1648,2026-01-02,55.01
27372,1648,2026-06-28,62.85
27373,1648,2025-09-27,131.32
27374,1648,2026-01-17,34.41
27375,1648,2025-11-23,43.68
27376,1648,2025-11-15,128.37
27377,1648,2025-09-29,93.48
27378,1648,2026-01-09,36.7
27379,1649,2026-09-13,94.66
27380,1649,2026-04-13,211.58
27381,1649,2026-03-30,413.01
27382,1649,2026-04-26,82.42
27383,1649,2025-10-09,78.46
27384,1649,2026-08-02,75.73
27385,1649,2026-07-12,92.96
27386,1649,2025-11-27,99.9
27387,1649,2025-10-18,294.99
27388,1649,2026-06-08,95.99
27389,1649,2026-02-22,74.18
27390,1649,2026-06-05,90.53
27391,1649,2025-09-29,62.09
27392,1649,2026-08-20,42.29
27393,1649,2026-02-14,84.2
27394,1649,2026-02-17,257.2
27395,1650,2026-08-13,108.56
27396,1650,2025-10-18,173.04
27397,1650,2026-05-10,94.13
27398,1650,2025-12-11,31.36
27399,1650,2026-05-19,111.29
27400,1650,2026-04-01,107.93
27401,1650,2026-03-27,104.82
27402,1650,2026-05-23,61.43
27403,1650,2026-02-08,220.7
27404,1650,2026-05-07,55.17
27405,1651,2026-08-20,61.57
27406,1651,2026-03-28,67.42
27407,1651,2026-05-08,68.54
27408,1651,2025-11-01,155.66
27409,1651,2025-12-12,104.55
27410,1651,2026-04-13,223.26
27411,1651,2026-04-24,86.57
27412,1651,2026-08-16,95.49
27413,1651,2026-07-22,122.06
27414,1651,2026-02-18,79.27
27415,1652,2026-01-03,73.53
27416,1652,2025-10-30,173.25
27417,1652,2025-10-03,83.18
27418,1652,2026-01-01,74.98
27419,1652,2025-12-13,81.56
27420,1652,2025-11-25,250.46
27421,1652,2025-10-02,263.49
27422,1652,2025-09-26,126.26
27423,1652,2025-10-06,114.72
27424,1653,2026-09-06,130.3
27425,1653,2025-11-20,252.41
27426,1653,2025-11-22,86.65
27427,1653,2026-02-15,63.03
27428,1653,2026-04-14,87.88
27429,1653,2025-12-28,45.49
27430,1653,2026-08-20,132.37
27431,1653,2026-01-22,136.13
27432,1653,2026-05-21,86.16
27433,1653,2026-03-31,63.42
27434,1654,2026-09-20,208.67
27435,1654,2026-01-02,332.19
27436,1654,2026-01-03,166.39
27437,1654,2026-04-08,121.15
27438,1654,2025-11-05,232.87
27439,1654,2026-01-24,104.12
27440,1654,2026-06-21,146.27
27441,1654,2026-02-20,215.26
27442,1654,2026-04-12,71.42
27443,1654,2026-01-12,187.17
27444,1654,2026-02-09,427.66
27445,1654,2025-12-14,101.71
27446,1654,2026-07-22,154.4
27447,1654,2026-09-12,273.67
27448,1654,2026-05-10,303.1
27449,1654,2026-08-25,215.55
27450,1654,2026-03-28,193.11
27451,1654,2026-05-14,441.93
27452,1654,2026-01-31,231.1
27453,1654,2026-01-20,130.47
27454,1654,2025-10-02,221.67
27455,1654,2026-09-16,197.63
27456,1654,2026-03-26,172.38
27457,1654,2025-12-07,98.55
27458,1654,2026-06-20,209.33
27459,1654,2025-11-14,272.94
27460,1654,2026-01-28,294.36
27461,1654,2026-03-27,211.05
27462,1654,2026-08-10,213.39
27463,1654,2026-02-28,163.23
27464,1655,2026-09-04,52.74
27465,1655,2026-09-03,102.05
27466,1655,2026-02-14,103.08
27467,1655,2026-03-10,58.32
27468,1655,2026-02-21,82.53
27469,1655,2025-09-26,60.12
27470,1656,2026-08-05,30.62
27471,1656,2026-06-22,45.31
27472,1656,2026-04-05,25.09
27473,1656,2026-02-06,58.33
27474,1656,2026-03-28,45.84
27475,1656,2025-12-26,93.36
27476,1656,2026-06-06,55.52
27477,1656,2026-07-06,53.05
27478,1656,2025-10-21,111.16
27479,1656,2026-03-22,54.72
27480,1656,2026-01-27,40.85
27481,1656,2025-12-23,30.43
27482,1656,2026-05-06,86.53
27483,1656,2026-07-16,28.59
27484,1656,2025-11-16,26.95
27485,1656,2026-01-03,27.0
27486,1656,2026-02-13,32.07
27487,1657,2026-03-30,233.17
27488,1657,2026-03-18,233.56
27489,1657,2026-03-30,162.96
27490,1657,2026-01-20,125.03
27491,1657,2026-03-12,119.65
27492,1657,2025-11-17,202.29
27493,1657,2026-01-26,57.51
27494,1657,2026-02-18,185.75
27495,1657,2025-10-05,111.35
27496,1657,2025-12-04,69.32
27497,1657,2025-11-02,61.69
27498,1658,2026-06-06,56.11
27499,1658,2026-01-14,77.9
27500,1658,2026-01-14,76.48
27501,1658,2025-11-17,126.1
27502,1658,2026-04-13,158.71
27503,1658,2026-02-26,66.22
27504,1658,2025-11-17,276.98
27505,1658,2025-12-03,92.32
27506,1658,2026-01-31,69.71
27507,1658,2025-11-18,171.1
27508,1658,2025-11-02,95.86
27509,1658,2026-02-18,75.98
27510,1658,2025-11-19,70.51
27511,1658,2026-04-11,231.78
27512,1659,2026-09-16,84.7
27513,1659,2026-02-28,39.86
27514,1659,2026-03-03,24.87
27515,1659,2025-12-21,34.43
27516,1659,2026-03-28,45.03
27517,1659,2026-08-16,32.79
27518,1659,2026-03-08,35.62
27519,1659,2025-11-16,69.37
27520,1659,2025-12-20,31.22
27521,1659,2026-03-05,24.7
27522,1659,2025-10-11,64.79
27523,1659,2025-10-07,60.16
27524,1659,2025-10-16,28.22
27525,1659,2025-10-01,61.87
27526,1659,2026-05-21,27.06
27527,1659,2026-07-20,32.49
27528,1659,2026-04-12,27.38
27529,1659,2026-06-20,36.61
27530,1659,2026-07-22,58.0
27531,1659,2026-01-27,50.81
27532,1659,2026-08-08,31.2
27533,1659,2026-08-28,49.0
27534,1659,2026-07-13,53.44
27535,1659,2026-04-27,69.17
27536,1660,2026-09-15,256.56
27537,1660,2026-07-31,551.57
27538,1660,2026-06-08,166.56
27539,1660,2026-07-16,141.44
27540,1660,2025-10-05,391.81
27541,1660,2026-01-18,97.01
27542,1660,2025-09-30,229.07
27543,1660,2026-07-29,263.33
27544,1660,2026-05-09,74.26
27545,1660,2026-05-13,128.57
27546,1660,2025-12-10,113.61
27547,1660,2026-08-21,305.53
27548,1660,2025-12-05,157.27
27549,1660,2026-04-02,186.78
27550,1660,2025-10-26,101.6
27551,1660,2026-05-21,145.86
27552,1660,2025-11-14,147.17
27553,1660,2025-11-02,190.37
27554,1660,2026-04-13,182.99
27555,1660,2025-11-01,406.95
27556,1660,2026-05-10,286.68
27557,1660,2026-01-24,94.42
27558,1660,2025-10-19,331.95
27559,1660,2026-07-14,312.04
27560,1660,2026-04-24,216.54
27561,1661,2026-09-10,189.01
27562,1661,2026-07-29,167.23
27563,1661,2026-04-25,207.86
27564,1661,2026-01-02,182.52
27565,1661,2026-04-11,139.61
27566,1661,2026-03-05,349.41
27567,1661,2025-11-20,190.71
27568,1661,2026-07-09,500.87
27569,1661,2025-11-12,220.09
27570,1661,2025-10-03,175.03
27571,1661,2026-05-30,184.96
27572,1661,2025-10-20,178.01
27573,1661,2026-05-25,200.21
27574,1661,2026-01-08,232.27
27575,1661,2026-01-09,126.75
27576,1661,2025-10-18,132.62
27577,1661,2026-08-18,298.33
27578,1661,2026-02-14,264.49
27579,1661,2025-11-18,103.37
27580,1661,2026-08-10,265.67
27581,1661,2026-09-08,306.52
27582,1661,2026-08-19,235.26
27583,1661,2026-04-02,99.76
27584,1662,2026-05-19,21.93
27585,1662,2025-10-30,24.01
27586,1662,2025-10-26,72.03
27587,1662,2026-02-23,23.04
27588,1662,2026-04-11,32.48
27589,1662,2025-12-25,26.53
27590,1663,2026-09-23,218.11
27591,1663,2025-11-04,58.37
27592,1663,2025-11-11,171.99
27593,1663,2026-01-22,51.48
27594,1663,2025-10-30,79.93
27595,1663,2026-03-15,103.51
27596,1663,2026-04-10,59.15
27597,1663,2026-08-03,57.34
27598,1663,2025-11-01,79.31
27599,1663,2026-01-30,134.68
27600,1663,2025-12-01,93.38
27601,1663,2026-06-15,211.12
27602,1663,2026-07-11,116.04
27603,1663,2026-05-14,73.26
27604,1664,2026-07-25,98.69
27605,1664,2025-11-11,67.12
27606,1664,2026-07-03,104.85
27607,1664,2026-07-17,84.66
27608,1664,2025-12-07,236.21
27609,1665,2026-08-17,42.25
27610,1665,2026-04-20,192.55
27611,1665,2025-11-09,62.35
27612,1665,2026-03-15,116.13
27613,1665,2025-12-12,119.23
27614,1665,2026-01-27,54.72
27615,1665,2026-06-18,110.7
27616,1665,2026-04-19,97.23
27617,1665,2026-05-16,119.57
27618,1665,2025-12-27,155.11
27619,1665,2026-04-16,129.8
27620,1665,2026-02-14,60.89
27621,1665,2025-11-10,84.66
27622,1665,2026-04-19,62.12
27623,1665,2025-10-03,69.46
27624,1665,2026-06-12,112.1
27625,1666,2026-08-15,134.63
27626,1666,2026-07-22,52.02
27627,1666,2025-10-12,244.7
27628,1666,2026-02-26,69.05
27629,1666,2026-06-10,73.42
27630,1666,2026-04-27,90.82
27631,1666,2026-04-23,125.57
27632,1666,2025-10-21,131.08
27633,1666,2025-11-26,176.7
27634,1666,2025-12-15,87.45
27635,1666,2026-08-11,104.41
27636,1666,2026-07-18,45.04
27637,1666,2025-11-04,55.59
27638,1666,2026-05-07,86.38
27639,1666,2026-06-14,105.73
27640,1667,2026-05-07,60.47
27641,1667,2026-03-10,86.97
27642,1667,2026-04-02,105.95
27643,1667,2025-09-27,144.86
27644,1667,2026-01-24,69.35
27645,1667,2026-02-23,68.83
27646,1667,2025-12-04,160.47
27647,1667,2026-02-28,184.39
27648,1667,2025-11-18,86.66
27649,1667,2026-01-21,110.98
27650,1667,2025-10-23,190.78
27651,1667,2026-01-19,296.42
27652,1667,2025-12-13,108.67
27653,1667,2026-01-05,126.32
27654,1667,2025-10-02,95.55
27655,1667,2025-10-23,46.24
27656,1667,2026-01-26,105.19
27657,1668,2026-06-30,123.6
27658,1668,2025-12-15,59.18
27659,1668,2026-01-23,92.68
27660,1668,2026-04-04,200.24
27661,1668,2026-03-26,103.1
27662,1668,2026-02-16,94.47
27663,1668,2026-04-09,103.96
27664,1668,2026-02-01,112.01
27665,1669,2026-09-20,272.45
27666,1669,2026-08-02,249.79
27667,1669,2026-03-19,202.33
27668,1669,2026-08-16,367.2
27669,1669,2025-10-13,254.65
27670,1669,2025-12-28,327.67
27671,1669,2026-01-23,184.05
27672,1669,2025-11-01,164.65
27673,1669,2026-04-21,179.95
27674,1669,2025-11-15,240.24
27675,1669,2026-08-24,347.26
27676,1669,2025-12-06,539.49
27677,1669,2026-08-10,227.2
27678,1669,2026-08-07,485.7
27679,1669,2025-12-27,278.36
27680,1669,2026-01-10,155.45
27681,1669,2026-05-30,221.54
27682,1669,2026-07-28,296.87
27683,1669,2026-06-07,307.38
27684,1669,2026-04-06,169.23
27685,1669,2026-06-29,178.91
27686,1669,2025-10-19,180.6
27687,1669,2025-11-01,192.13
27688,1669,2026-04-28,240.93
27689,1669,2026-06-03,491.14
27690,1669,2026-07-11,173.74
27691,1669,2026-07-19,100.41
27692,1669,2026-08-20,97.55
27693,1669,2026-05-11,303.29
27694,1669,2025-11-03,164.32
27695,1669,2026-01-08,237.09
27696,1669,2026-09-02,152.74
27697,1669,2026-04-24,196.45
27698,1669,2026-05-25,181.42
27699,1669,2025-12-19,154.17
27700,1669,2026-03-16,366.31
27701,1669,2026-01-18,378.63
27702,1669,2026-08-28,280.06
27703,1669,2026-05-15,526.81
27704,1669,2026-05-14,116.18
27705,1669,2025-11-09,190.98
27706,1670,2026-09-15,153.76
27707,1670,2025-12-18,168.37
27708,1670,2026-04-02,47.34
27709,1670,2026-02-19,106.62
27710,1670,2026-01-15,120.78
27711,1670,2026-01-28,89.63
27712,1670,2025-12-27,171.75
27713,1670,2026-08-22,70.36
27714,1670,2025-10-20,74.67
27715,1670,2026-03-12,66.9
27716,1670,2025-12-17,100.52
27717,1671,2026-04-14,215.64
27718,1671,2025-12-20,46.75
27719,1671,2025-11-27,150.11
27720,1671,2025-12-11,114.58
27721,1671,2025-10-27,145.31
27722,1672,2025-11-22,18.47
27723,1672,2025-10-20,59.69
27724,1672,2025-10-29,24.09
27725,1672,2025-10-01,59.69
27726,1672,2025-11-16,22.36
27727,1672,2025-11-13,20.21
27728,1672,2025-10-18,29.43
27729,1673,2025-10-30,33.23
27730,1674,2026-09-03,215.14
27731,1674,2025-11-06,432.54
27732,1674,2026-04-04,321.35
27733,1674,2026-07-14,170.84
27734,1674,2026-09-03,305.78
27735,1674,2026-04-17,120.46
27736,1674,2025-10-23,145.98
27737,1674,2026-02-07,92.0
27738,1674,2026-03-24,204.11
27739,1674,2026-03-09,285.49
27740,1674,2026-06-02,139.14
27741,1674,2026-08-28,205.98
27742,1674,2026-04-04,147.14
27743,1674,2026-07-02,164.52
27744,1674,2025-10-12,134.05
27745,1674,2026-06-10,375.26
27746,1674,2026-06-17,157.28
27747,1674,2026-04-02,191.88
27748,1674,2026-05-08,169.47
27749,1674,2026-02-08,247.37
27750,1674,2026-08-31,658.36
27751,1674,2025-10-05,752.08
27752,1674,2026-06-20,194.54
27753,1674,2026-01-19,259.1
27754,1674,2025-11-04,331.09
27755,1674,2026-08-18,377.97
27756,1674,2026-03-23,286.02
27757,1674,2026-02-12,353.46
27758,1674,2026-08-01,258.72
27759,1674,2026-01-20,161.89
27760,1674,2025-11-22,352.48
27761,1674,2026-07-22,228.77
27762,1674,2025-11-17,249.89
27763,1674,2026-03-26,116.84
27764,1674,2025-10-03,152.1
27765,1674,2026-05-28,180.86
27766,1674,2026-08-14,272.62
27767,1674,2026-01-21,482.46
27768,1674,2026-04-06,305.33
27769,1675,2026-08-11,64.73
27770,1675,2026-07-01,84.46
27771,1675,2025-11-06,85.71
27772,1675,2026-04-10,119.3
27773,1675,2026-02-28,82.64
27774,1675,2026-07-21,76.41
27775,1675,2026-03-20,98.82
27776,1675,2026-05-12,75.61
27777,1675,2026-05-28,87.34
27778,1675,2025-11-05,171.35
27779,1675,2026-06-24,74.01
27780,1675,2026-05-28,85.03
27781,1676,2026-09-20,85.18
27782,1676,2026-06-25,50.33
27783,1676,2026-05-29,62.07
27784,1676,2026-07-08,135.7
27785,1676,2026-06-30,80.11
27786,1676,2026-03-20,88.78
27787,1676,2026-07-28,95.19
27788,1676,2026-04-03,44.43
27789,1676,2026-03-22,44.63
27790,1676,2026-01-25,106.86
27791,1676,2026-09-18,74.82
27792,1677,2026-07-14,13.29
27793,1677,2026-04-10,16.8
27794,1677,2026-04-21,39.05
27795,1677,2026-02-17,26.92
27796,1677,2026-04-11,25.21
27797,1677,2026-01-19,19.56
27798,1678,2026-09-07,89.47
27799,1678,2025-12-29,34.77
27800,1678,2026-08-28,34.78
27801,1678,2026-04-04,110.85
27802,1678,2026-03-05,27.85
27803,1678,2026-08-22,44.25
27804,1678,2026-06-01,70.95
27805,1678,2026-06-01,22.47
27806,1678,2026-08-21,50.54
27807,1678,2026-04-05,22.51
27808,1678,2026-04-11,45.75
27809,1678,2026-03-03,112.49
27810,1678,2026-07-23,15.62
27811,1678,2025-10-04,43.5
27812,1678,2026-06-01,36.67
27813,1678,2026-02-05,28.6
27814,1678,2026-02-23,22.61
27815,1678,2026-09-05,73.79
27816,1678,2026-06-13,49.19
27817,1678,2026-01-08,19.5
27818,1679,2026-09-19,59.81
27819,1679,2026-05-12,132.17
27820,1679,2026-06-02,128.63
27821,1679,2026-04-07,107.65
27822,1679,2026-03-17,77.6
27823,1679,2025-12-18,78.25
27824,1679,2026-05-20,111.76
27825,1679,2026-02-12,114.05
27826,1679,2025-11-19,123.85
27827,1679,2026-05-28,123.88
27828,1679,2026-03-24,104.99
27829,1679,2026-01-29,170.0
27830,1679,2025-12-05,68.7
27831,1679,2025-12-08,91.74
27832,1679,2026-04-27,70.01
27833,1679,2026-07-25,270.27
27834,1679,2026-08-08,126.94
27835,1679,2026-08-27,142.0
27836,1679,2026-03-31,110.02
27837,1679,2026-04-07,87.74
27838,1679,2026-06-22,299.36
27839,1680,2026-09-10,71.5
27840,1680,2026-04-10,58.29
27841,1680,2026-07-20,39.89
27842,1680,2026-01-03,79.5
27843,1680,2026-05-31,41.53
27844,1680,2026-01-22,71.59
27845,1680,2025-10-15,22.51
27846,1680,2026-01-01,80.82
27847,1680,2026-05-27,30.13
27848,1680,2026-03-27,23.43
27849,1680,2026-05-28,25.08
27850,1680,2026-05-14,49.3
27851,1680,2025-11-06,125.88
27852,1680,2026-01-13,41.2
27853,1680,2026-03-04,42.78
27854,1680,2026-06-08,63.59
27855,1680,2026-03-12,34.73
27856,1680,2026-02-02,42.07
27857,1680,2026-01-06,38.47
27858,1680,2026-08-10,109.06
27859,1680,2025-11-11,46.56
27860,1680,2026-03-06,63.03
27861,1681,2026-08-26,27.61
27862,1681,2026-04-26,42.42
27863,1681,2026-05-04,16.72
27864,1681,2026-06-24,9.72
27865,1681,2026-03-13,30.87
27866,1681,2026-03-10,64.2
27867,1681,2026-02-22,27.49
27868,1681,2026-04-15,35.85
27869,1682,2026-08-30,85.21
27870,1682,2026-03-08,63.55
27871,1682,2026-08-27,113.29
27872,1682,2026-02-09,42.38
27873,1682,2026-01-22,52.92
27874,1682,2026-02-15,121.08
27875,1682,2025-11-21,211.71
27876,1682,2026-01-11,100.85
27877,1682,2026-06-20,61.83
27878,1682,2026-01-10,54.54
27879,1682,2026-06-11,76.02
27880,1682,2026-08-15,159.14
27881,1682,2025-10-19,113.43
27882,1682,2026-04-09,51.58
27883,1682,2026-04-06,105.94
27884,1683,2026-08-19,25.74
27885,1683,2025-10-04,12.78
27886,1683,2026-03-12,39.41
27887,1684,2026-08-16,129.35
27888,1684,2026-01-06,93.99
27889,1684,2026-06-16,230.63
27890,1684,2026-04-11,77.88
27891,1684,2026-03-28,81.32
27892,1684,2026-05-26,82.64
27893,1684,2025-10-08,96.27
27894,1684,2025-11-16,153.36
27895,1684,2026-06-12,86.05
27896,1684,2025-11-16,87.88
27897,1684,2026-05-07,123.3
27898,1684,2026-03-26,68.59
27899,1685,2026-09-21,193.93
27900,1685,2026-02-15,147.58
27901,1685,2025-11-11,272.47
27902,1685,2026-08-28,324.1
27903,1685,2026-03-21,111.84
27904,1685,2025-12-10,139.29
27905,1685,2026-09-15,176.13
27906,1685,2026-04-03,143.35
27907,1685,2025-11-06,186.17
27908,1685,2026-05-26,243.58
27909,1685,2026-08-17,369.02
27910,1685,2026-05-06,164.78
27911,1685,2026-03-14,161.35
27912,1685,2026-08-20,244.56
27913,1685,2026-04-01,202.09
27914,1685,2026-01-26,102.55
27915,1685,2025-10-09,140.27
27916,1685,2026-01-23,176.59
27917,1685,2026-08-07,293.19
27918,1685,2025-10-19,340.41
27919,1685,2026-01-25,128.12
27920,1685,2025-11-22,146.0
27921,1685,2026-06-01,304.38
27922,1685,2026-09-10,167.67
27923,1685,2026-04-18,242.37
27924,1685,2026-05-15,189.35
27925,1685,2026-04-24,209.27
27926,1685,2025-10-17,171.18
27927,1685,2026-05-19,340.89
27928,1685,2026-06-17,102.6
27929,1685,2025-11-08,172.51
27930,1685,2025-11-02,326.9
27931,1685,2026-01-04,187.33
27932,1685,2026-08-08,195.68
27933,1685,2025-11-01,316.5
27934,1685,2026-09-07,253.08
27935,1685,2025-12-03,300.44
27936,1686,2026-06-21,50.19
27937,1686,2025-12-27,40.25
27938,1686,2025-12-10,69.28
27939,1687,2026-09-20,39.1
27940,1687,2026-04-19,31.89
27941,1687,2026-03-13,81.83
27942,1687,2026-07-22,32.71
27943,1687,2026-07-22,26.21
27944,1687,2025-11-16,53.4
27945,1687,2025-10-24,41.81
27946,1687,2025-11-23,80.88
27947,1687,2025-11-15,49.38
27948,1687,2026-01-02,48.64
27949,1687,2025-11-21,63.87
27950,1687,2026-09-03,52.91
27951,1687,2026-08-28,61.44
27952,1687,2025-11-02,59.17
27953,1687,2026-08-25,37.12
27954,1687,2026-06-19,25.06
27955,1687,2026-04-04,39.73
27956,1688,2026-09-13,66.06
27957,1688,2026-05-23,39.79
27958,1688,2026-03-10,84.02
27959,1688,2026-09-04,66.18
27960,1688,2026-08-03,62.93
27961,1688,2026-03-01,73.3
27962,1688,2025-12-10,29.98
27963,1688,2026-05-01,37.71
27964,1688,2026-05-21,104.07
27965,1688,2026-01-09,37.03
27966,1688,2026-07-12,70.93
27967,1688,2026-08-09,39.66
27968,1688,2025-12-26,30.71
27969,1688,2026-03-23,27.8
27970,1688,2026-08-12,55.61
27971,1688,2026-02-01,77.97
27972,1688,2025-10-12,54.04
27973,1688,2026-05-11,48.62
27974,1688,2026-01-13,25.86
27975,1688,2026-01-09,43.39
27976,1688,2025-12-26,47.04
27977,1688,2026-03-30,29.19
27978,1689,2025-11-09,38.52
27979,1689,2025-11-06,38.42
27980,1689,2025-11-09,30.67
27981,1689,2025-10-27,51.91
27982,1690,2026-09-02,54.87
27983,1690,2025-10-07,48.88
27984,1690,2025-11-04,28.06
27985,1690,2026-04-08,41.26
27986,1690,2025-11-02,28.49
27987,1690,2026-07-21,64.06
27988,1690,2026-06-11,19.17
27989,1690,2026-03-28,60.65
27990,1690,2026-07-12,31.45
27991,1690,2026-08-28,45.87
27992,1690,2026-04-02,53.68
27993,1690,2026-08-11,46.38
27994,1690,2025-10-17,110.07
27995,1690,2026-03-03,36.07
27996,1690,2025-10-07,23.51
27997,1690,2026-01-26,115.72
27998,1690,2026-05-31,51.44
27999,1690,2026-01-18,46.65
28000,1690,2026-08-10,119.46
28001,1690,2026-03-15,24.2
28002,1690,2026-01-03,42.02
28003,1690,2026-04-03,26.78
28004,1690,2026-06-15,41.57
28005,1690,2025-10-22,22.94
28006,1690,2026-06-22,45.52
28007,1690,2026-05-31,44.06
28008,1690,2025-12-25,43.07
28009,1690,2026-06-06,15.76
28010,1690,2026-06-26,61.84
28011,1690,2026-07-15,39.47
28012,1690,2025-12-09,142.94
28013,1690,2026-07-23,35.47
28014,1691,2026-09-16,98.15
28015,1691,2025-10-22,48.81
28016,1691,2025-10-16,139.34
28017,1691,2026-05-21,56.58
28018,1691,2026-04-18,41.41
28019,1691,2026-07-12,106.29
28020,1691,2026-07-20,81.7
28021,1691,2026-04-14,80.82
28022,1691,2026-02-25,121.62
28023,1691,2026-06-15,77.94
28024,1692,2026-08-15,83.73
28025,1692,2025-10-01,40.43
28026,1692,2026-07-02,96.02
28027,1692,2026-03-13,67.52
28028,1692,2026-01-31,63.34
28029,1692,2025-11-16,136.39
28030,1692,2026-07-10,83.9
28031,1692,2026-05-09,130.45
28032,1692,2026-07-29,85.73
28033,1692,2026-05-10,115.18
28034,1692,2026-04-27,49.86
28035,1692,2026-05-02,57.72
28036,1692,2026-07-14,110.37
28037,1692,2026-02-06,192.76
28038,1692,2025-12-30,111.01
28039,1692,2026-06-11,90.63
28040,1692,2026-01-31,176.95
28041,1692,2026-04-17,81.59
28042,1693,2026-07-18,155.59
28043,1693,2025-12-28,197.87
28044,1693,2026-04-06,201.9
28045,1693,2026-03-01,106.21
28046,1693,2026-01-09,320.32
28047,1693,2026-06-05,74.58
28048,1694,2026-02-23,35.26
28049,1694,2026-01-23,37.29
28050,1694,2025-11-18,44.19
28051,1695,2026-03-19,53.6
28052,1695,2025-09-26,33.38
28053,1695,2025-12-25,28.33
28054,1696,2026-09-11,42.06
28055,1696,2026-05-24,36.47
28056,1696,2026-07-04,70.2
28057,1696,2026-03-19,41.17
28058,1696,2026-02-19,19.54
28059,1696,2025-11-13,54.82
28060,1696,2026-04-24,44.44
28061,1696,2025-12-06,61.47
28062,1696,2026-04-18,37.42
28063,1696,2025-12-20,20.73
28064,1696,2025-10-23,29.03
28065,1696,2026-04-21,29.81
28066,1696,2025-10-29,28.34
28067,1696,2026-02-26,34.93
28068,1696,2026-06-08,62.42
28069,1696,2025-11-14,24.17
28070,1696,2026-02-05,66.96
28071,1696,2026-02-28,25.41
28072,1696,2025-11-12,37.91
28073,1696,2026-01-26,44.28
28074,1696,2025-10-10,39.32
28075,1696,2026-09-09,59.53
28076,1696,2025-12-24,42.86
28077,1696,2026-03-25,41.93
28078,1696,2026-08-08,15.45
28079,1696,2026-05-11,53.89
28080,1696,2026-01-16,104.8
28081,1696,2026-08-20,36.06
28082,1696,2026-03-23,60.57
28083,1696,2026-01-17,31.06
28084,1696,2026-06-02,70.11
28085,1696,2025-11-09,56.84
28086,1697,2026-05-28,166.09
28087,1697,2025-10-22,324.48
28088,1697,2026-02-21,116.93
28089,1697,2026-03-08,71.24
28090,1697,2026-04-25,111.18
28091,1697,2026-04-01,96.45
28092,1697,2026-03-30,108.22
28093,1697,2026-04-30,144.99
28094,1697,2025-10-02,152.66
28095,1698,2026-08-16,102.61
28096,1698,2026-03-24,107.14
28097,1698,2026-05-08,108.04
28098,1698,2026-06-04,119.0
28099,1698,2026-06-17,110.68
28100,1698,2026-01-05,90.78
28101,1698,2026-03-15,37.57
28102,1698,2025-10-09,132.78
28103,1698,2026-01-05,30.93
28104,1698,2026-02-07,51.66
28105,1698,2026-06-20,65.54
28106,1698,2025-11-02,135.13
28107,1698,2026-05-08,81.44
28108,1698,2025-11-26,209.25
28109,1698,2026-08-15,48.22
28110,1698,2026-01-01,54.87
28111,1699,2026-09-06,67.27
28112,1699,2025-10-30,70.36
28113,1699,2026-05-05,74.12
28114,1699,2026-08-26,41.23
28115,1699,2025-11-01,155.2
28116,1699,2026-01-26,69.22
28117,1699,2026-03-28,79.01
28118,1699,2026-07-05,173.3
28119,1699,2026-08-26,70.6
28120,1699,2026-06-20,159.1
28121,1699,2026-08-11,40.98
28122,1700,2026-01-24,25.15
28123,1700,2025-12-09,54.84
28124,1700,2025-10-31,34.63
28125,1700,2026-01-09,56.05
28126,1700,2025-12-18,37.16
28127,1700,2025-11-19,33.34
28128,1700,2025-10-08,21.34
28129,1700,2025-12-01,32.21
28130,1701,2026-06-05,78.47
28131,1701,2025-12-11,50.6
28132,1701,2026-03-12,153.98
28133,1701,2026-04-14,63.52
28134,1701,2026-02-23,86.53
28135,1701,2026-04-23,105.44
28136,1701,2026-02-10,64.32
28137,1701,2026-02-06,52.44
28138,1701,2026-03-19,97.84
28139,1701,2026-02-09,37.72
28140,1701,2026-01-07,164.62
28141,1701,2025-10-25,84.63
28142,1701,2025-11-23,46.36
28143,1701,2025-09-26,79.9
28144,1701,2026-01-12,116.72
28145,1701,2026-04-01,62.31
28146,1701,2026-05-18,37.56
28147,1701,2026-04-16,85.14
28148,1701,2026-03-06,126.77
28149,1701,2026-02-07,99.95
28150,1701,2026-01-11,107.88
28151,1701,2026-02-14,138.43
28152,1701,2026-03-15,183.49
28153,1701,2025-11-09,26.78
28154,1701,2026-01-03,49.58
28155,1702,2026-09-18,75.41
28156,1702,2026-08-15,153.17
28157,1702,2026-09-05,89.67
28158,1702,2026-06-27,57.16
28159,1702,2026-02-04,146.47
28160,1702,2026-01-20,24.91
28161,1702,2026-07-01,183.1
28162,1702,2026-03-19,82.75
28163,1702,2026-08-14,90.32
28164,1702,2026-03-24,93.43
28165,1702,2026-06-18,163.8
28166,1702,2025-10-21,97.34
28167,1702,2025-12-08,89.09
28168,1702,2026-05-02,58.63
28169,1702,2026-04-20,65.28
28170,1702,2025-10-25,120.15
28171,1702,2025-11-12,99.49
28172,1702,2025-11-26,192.29
28173,1702,2026-03-07,62.37
28174,1703,2026-05-10,105.15
28175,1703,2026-02-04,34.68
28176,1703,2025-10-25,64.08
28177,1703,2025-12-03,97.38
28178,1703,2025-12-30,43.28
28179,1703,2025-10-12,28.18
28180,1703,2026-03-10,60.24
28181,1703,2026-05-02,122.21
28182,1703,2025-10-10,130.15
28183,1704,2025-11-27,45.21
28184,1704,2025-10-11,23.54
28185,1705,2026-08-07,71.62
28186,1705,2026-05-22,33.63
28187,1705,2025-10-06,34.67
28188,1705,2026-01-13,58.36
28189,1705,2026-02-09,24.85
28190,1705,2026-04-30,43.37
28191,1705,2026-04-03,42.36
28192,1705,2025-12-09,59.66
28193,1705,2025-09-30,64.6
28194,1705,2026-03-02,41.88
28195,1705,2026-07-20,43.29
28196,1705,2026-02-09,44.29
28197,1705,2026-05-06,39.18
28198,1705,2025-12-07,80.48
28199,1705,2026-02-22,56.4
28200,1705,2026-06-24,79.56
28201,1705,2026-05-22,30.33
28202,1705,2025-10-23,79.02
28203,1705,2025-10-20,47.49
28204,1705,2026-04-10,61.22
28205,1705,2026-02-22,19.06
28206,1705,2026-04-23,93.55
28207,1705,2025-10-30,54.87
28208,1705,2025-11-12,104.1
28209,1705,2026-04-25,74.22
28210,1705,2026-05-21,17.91
28211,1705,2026-06-16,89.24
28212,1706,2026-08-18,91.15
28213,1706,2026-03-21,169.13
28214,1706,2026-03-20,51.99
28215,1706,2025-12-11,82.29
28216,1706,2026-08-15,152.24
28217,1706,2025-12-06,62.28
28218,1706,2025-12-04,38.14
28219,1706,2025-12-18,36.89
28220,1706,2026-04-02,72.84
28221,1706,2026-03-21,192.04
28222,1706,2025-09-28,63.85
28223,1707,2026-09-04,197.93
28224,1707,2025-12-14,117.61
28225,1707,2026-04-23,108.15
28226,1707,2026-03-10,176.56
28227,1707,2026-07-06,378.4
28228,1707,2026-07-24,111.5
28229,1707,2026-01-11,365.76
28230,1707,2026-02-02,193.17
28231,1707,2026-05-12,233.81
28232,1707,2026-05-03,217.02
28233,1707,2026-03-08,297.56
28234,1707,2026-04-07,344.14
28235,1707,2025-11-21,190.67
28236,1707,2026-06-22,264.16
28237,1707,2026-03-07,377.08
28238,1707,2026-01-23,302.91
28239,1707,2026-05-25,174.37
28240,1707,2026-06-28,192.35
28241,1707,2026-02-11,134.72
28242,1707,2026-04-21,475.85
28243,1707,2025-10-04,241.05
28244,1707,2026-06-25,111.67
28245,1707,2026-02-21,143.91
28246,1707,2026-04-13,195.98
28247,1707,2026-05-09,384.15
28248,1708,2026-09-15,42.57
28249,1708,2026-07-27,62.18
28250,1708,2025-11-18,29.06
28251,1708,2026-05-24,28.69
28252,1708,2026-08-09,34.92
28253,1708,2026-06-23,58.55
28254,1708,2026-02-08,71.83
28255,1708,2026-04-18,43.16
28256,1708,2026-07-24,58.72
28257,1708,2026-04-01,56.56
28258,1708,2025-11-10,43.85
28259,1708,2026-04-05,43.38
28260,1708,2025-10-05,63.42
28261,1708,2026-05-07,106.56
28262,1708,2026-06-16,70.19
28263,1708,2026-02-19,77.32
28264,1708,2025-11-19,112.65
28265,1708,2025-12-03,32.87
28266,1708,2025-10-29,61.7
28267,1708,2026-08-27,86.66
28268,1708,2025-12-20,68.67
28269,1709,2026-06-22,135.63
28270,1709,2025-12-20,97.51
28271,1709,2026-05-02,133.24
28272,1709,2026-02-13,165.69
28273,1709,2025-12-01,156.99
28274,1709,2025-10-27,41.4
28275,1709,2026-03-14,113.4
28276,1709,2026-01-17,175.03
28277,1709,2026-01-16,65.13
28278,1709,2026-02-22,220.3
28279,1710,2026-08-02,201.95
28280,1710,2026-04-01,165.34
28281,1710,2026-01-31,82.44
28282,1710,2026-05-18,76.21
28283,1710,2025-11-20,97.62
28284,1711,2026-08-23,62.52
28285,1711,2026-02-27,108.2
28286,1711,2025-12-12,161.88
28287,1711,2026-01-23,98.05
28288,1711,2026-05-28,115.6
28289,1711,2026-05-26,148.58
28290,1711,2026-03-02,93.8
28291,1711,2026-02-10,142.35
28292,1711,2025-11-18,33.79
28293,1711,2025-12-15,69.27
28294,1711,2026-03-04,58.02
28295,1712,2026-09-20,81.55
28296,1712,2026-09-19,49.02
28297,1712,2025-11-23,43.83
28298,1712,2026-03-10,64.14
28299,1712,2026-05-24,99.05
28300,1712,2026-03-19,25.43
28301,1712,2026-07-27,26.88
28302,1712,2026-04-02,89.86
28303,1712,2026-01-02,37.26
28304,1712,2025-12-20,83.24
28305,1712,2026-05-02,35.11
28306,1712,2026-04-05,38.51
28307,1712,2026-02-25,75.92
28308,1712,2026-08-02,66.15
28309,1712,2026-02-07,28.54
28310,1712,2026-03-29,62.19
28311,1712,2025-12-26,35.2
28312,1712,2026-02-03,57.84
28313,1712,2026-07-19,48.87
28314,1712,2026-03-01,44.02
28315,1712,2026-05-21,36.02
28316,1712,2026-02-10,22.42
28317,1712,2026-02-06,35.8
28318,1712,2026-05-06,65.01
28319,1712,2026-02-12,58.4
28320,1712,2026-07-20,32.7
28321,1713,2026-07-31,62.78
28322,1713,2026-07-07,153.5
28323,1713,2026-03-14,57.8
28324,1713,2026-06-07,188.1
28325,1713,2026-01-10,69.39
28326,1713,2026-03-15,114.48
28327,1713,2026-01-20,106.85
28328,1713,2025-11-02,83.62
28329,1713,2026-07-05,83.85
28330,1713,2026-05-18,61.7
28331,1713,2026-02-01,232.14
28332,1714,2026-08-20,140.93
28333,1714,2025-12-07,120.91
28334,1714,2025-09-28,102.32
28335,1714,2026-08-13,92.94
28336,1714,2025-12-17,122.25
28337,1714,2025-12-04,87.36
28338,1714,2026-04-29,48.63
28339,1714,2025-11-08,148.37
28340,1714,2026-04-10,211.0
28341,1714,2026-04-02,99.72
28342,1714,2026-07-28,100.65
28343,1714,2026-04-19,94.48
28344,1715,2026-05-01,151.96
28345,1715,2025-11-12,102.72
28346,1715,2026-03-31,53.53
28347,1715,2026-03-28,179.81
28348,1716,2026-07-03,210.49
28349,1716,2026-05-09,47.96
28350,1716,2026-04-14,76.37
28351,1716,2026-01-11,144.45
28352,1716,2026-02-23,55.87
28353,1716,2026-01-03,111.31
28354,1716,2025-12-28,67.24
28355,1716,2026-05-21,175.27
28356,1716,2025-11-01,172.48
28357,1716,2026-06-02,77.33
28358,1716,2026-01-13,26.36
28359,1716,2025-10-17,121.03
28360,1716,2026-06-20,152.05
28361,1717,2026-06-26,139.8
28362,1717,2026-06-03,208.47
28363,1717,2026-04-20,310.37
28364,1717,2025-12-31,198.91
28365,1717,2026-04-01,79.97
28366,1717,2025-10-28,96.11
28367,1717,2026-03-19,125.86
28368,1717,2026-06-11,106.84
28369,1717,2026-05-18,117.71
28370,1718,2026-06-01,17.89
28371,1718,2025-12-23,21.03
28372,1718,2025-10-16,26.14
28373,1718,2026-04-22,45.45
28374,1719,2026-03-30,22.81
28375,1719,2025-11-18,24.4
28376,1719,2026-02-06,10.54
28377,1719,2025-11-07,43.27
28378,1719,2026-01-19,29.13
28379,1720,2026-09-02,72.27
28380,1720,2026-05-13,195.35
28381,1720,2025-12-19,71.15
28382,1720,2025-12-05,42.49
28383,1720,2026-05-03,83.09
28384,1720,2026-01-26,69.96
28385,1720,2026-08-04,426.38
28386,1720,2025-11-18,74.51
28387,1720,2026-06-11,46.11
28388,1720,2025-12-02,91.68
28389,1720,2026-03-13,83.63
28390,1720,2026-04-15,53.26
28391,1720,2026-05-10,105.81
28392,1720,2025-12-14,116.11
28393,1720,2026-05-22,93.35
28394,1721,2026-09-20,230.4
28395,1721,2026-02-15,164.74
28396,1721,2026-03-12,101.52
28397,1721,2025-11-25,141.88
28398,1721,2026-02-08,136.95
28399,1721,2026-03-28,206.85
28400,1721,2026-06-15,347.15
28401,1721,2026-08-21,151.5
28402,1721,2026-09-09,200.8
28403,1721,2026-09-06,233.82
28404,1721,2026-05-20,146.9
28405,1721,2026-03-01,249.76
28406,1721,2026-09-18,344.58
28407,1721,2026-02-21,250.69
28408,1721,2025-12-31,205.31
28409,1721,2026-07-17,143.84
28410,1721,2026-04-14,199.08
28411,1721,2026-06-02,149.65
28412,1721,2025-12-14,161.28
28413,1721,2026-05-02,198.77
28414,1721,2025-12-10,191.22
28415,1721,2026-09-17,334.29
28416,1721,2025-10-30,161.18
28417,1721,2025-10-06,250.13
28418,1721,2026-01-18,170.38
28419,1721,2025-11-26,139.37
28420,1721,2026-01-05,275.92
28421,1721,2026-06-22,253.56
28422,1721,2026-07-31,160.3
28423,1721,2025-11-21,51.46
28424,1721,2026-09-20,347.71
28425,1721,2026-02-13,297.93
28426,1721,2026-09-12,353.02
28427,1721,2026-07-18,361.63
28428,1721,2026-05-26,211.4
28429,1721,2025-12-10,174.12
28430,1721,2026-08-16,93.78
28431,1721,2026-08-17,223.21
28432,1721,2026-06-27,171.55
28433,1721,2026-04-21,147.65
28434,1721,2026-06-05,113.94
28435,1722,2026-05-24,100.59
28436,1722,2025-11-24,338.23
28437,1722,2025-12-19,147.0
28438,1722,2025-09-27,71.8
28439,1722,2025-10-06,101.09
28440,1722,2025-12-09,88.96
28441,1722,2026-05-20,103.16
28442,1722,2026-02-16,58.2
28443,1723,2026-03-10,25.09
28444,1724,2026-08-07,80.46
28445,1724,2026-06-27,56.67
28446,1724,2026-06-23,37.36
28447,1724,2026-07-25,41.33
28448,1724,2025-12-01,47.56
28449,1724,2025-11-27,86.92
28450,1724,2026-06-01,87.33
28451,1724,2025-11-27,43.33
28452,1724,2026-05-18,70.03
28453,1724,2025-11-07,35.67
28454,1724,2026-03-05,54.76
28455,1724,2026-02-08,38.45
28456,1724,2025-11-27,50.22
28457,1724,2026-03-11,31.09
28458,1724,2026-03-20,23.75
28459,1725,2026-09-19,73.83
28460,1725,2026-05-05,36.76
28461,1725,2026-04-05,47.08
28462,1725,2026-01-22,50.43
28463,1725,2026-08-19,59.12
28464,1725,2026-01-21,42.47
28465,1725,2026-03-30,71.98
28466,1725,2026-08-14,73.94
28467,1725,2026-05-09,39.61
28468,1725,2025-12-24,63.32
28469,1725,2025-10-24,53.61
28470,1725,2025-12-06,149.08
28471,1725,2026-06-17,67.35
28472,1725,2026-02-28,53.54
28473,1725,2025-09-27,34.83
28474,1725,2026-03-28,28.25
28475,1725,2026-07-06,57.06
28476,1725,2026-03-19,20.86
28477,1725,2026-02-17,93.45
28478,1725,2026-07-01,17.81
28479,1725,2026-05-25,28.32
28480,1725,2025-10-04,70.57
28481,1725,2025-10-31,44.29
28482,1725,2025-11-09,48.86
28483,1725,2026-03-30,33.03
28484,1725,2025-11-20,42.49
28485,1725,2026-06-17,61.23
28486,1725,2026-05-30,30.94
28487,1726,2026-09-17,349.54
28488,1726,2026-07-19,250.33
28489,1726,2025-10-27,228.07
28490,1726,2026-05-25,110.11
28491,1726,2026-01-06,353.19
28492,1726,2026-08-12,245.85
28493,1726,2026-02-04,171.86
28494,1726,2026-04-17,243.26
28495,1726,2026-08-11,392.68
28496,1726,2026-05-01,289.71
28497,1726,2025-10-03,509.26
28498,1726,2026-06-29,311.24
28499,1726,2025-10-28,88.14
28500,1726,2026-05-23,370.38
28501,1726,2026-06-02,95.84
28502,1726,2026-09-01,385.69
28503,1726,2026-08-25,312.75
28504,1726,2025-10-09,447.24
28505,1726,2026-04-26,256.31
28506,1726,2026-01-04,238.87
28507,1726,2026-09-06,366.68
28508,1726,2026-07-14,123.66
28509,1726,2026-03-09,213.84
28510,1726,2026-02-28,189.35
28511,1726,2025-12-28,173.1
28512,1726,2026-01-26,162.44
28513,1726,2026-04-15,225.48
28514,1726,2026-03-12,290.13
28515,1726,2025-11-19,410.1
28516,1726,2026-02-13,184.74
28517,1726,2025-11-03,177.99
28518,1726,2025-11-11,59.01
28519,1726,2025-10-05,405.91
28520,1726,2025-11-04,113.98
28521,1726,2026-03-17,260.68
28522,1726,2026-09-08,239.55
28523,1726,2026-03-07,327.92
28524,1727,2026-08-01,159.06
28525,1727,2026-02-23,175.83
28526,1727,2026-01-19,219.79
28527,1727,2026-04-11,52.04
28528,1728,2026-07-22,96.79
28529,1728,2026-05-23,116.16
28530,1728,2025-10-05,43.27
28531,1728,2025-10-20,107.56
28532,1728,2025-12-26,155.84
28533,1728,2026-03-14,60.17
28534,1729,2026-09-22,465.9
28535,1729,2026-02-15,201.87
28536,1729,2025-12-27,194.04
28537,1729,2026-06-01,133.84
28538,1729,2026-04-26,397.92
28539,1729,2025-10-26,130.43
28540,1729,2026-03-21,507.7
28541,1729,2025-12-26,202.42
28542,1729,2025-09-30,142.61
28543,1729,2026-03-07,94.13
28544,1729,2026-03-29,185.94
28545,1729,2026-06-22,198.4
28546,1729,2026-02-17,181.94
28547,1729,2025-11-28,210.48
28548,1729,2025-10-13,391.75
28549,1729,2026-03-13,277.43
28550,1729,2026-06-23,229.24
28551,1729,2026-03-09,351.03
28552,1729,2025-09-28,139.04
28553,1729,2026-07-16,289.49
28554,1729,2026-02-14,287.02
28555,1729,2026-04-17,412.39
28556,1729,2025-12-27,113.33
28557,1729,2026-05-16,142.21
28558,1729,2026-04-03,145.84
28559,1729,2026-06-08,260.42
28560,1729,2025-10-10,232.27
28561,1729,2026-04-04,271.13
28562,1729,2025-10-28,81.37
28563,1729,2025-11-22,407.32
28564,1729,2026-03-23,233.43
28565,1729,2026-05-31,269.28
28566,1730,2026-08-29,40.11
28567,1730,2026-02-17,25.9
28568,1730,2025-12-18,60.9
28569,1730,2026-07-03,31.22
28570,1730,2026-01-13,51.4
28571,1730,2026-02-17,59.11
28572,1730,2026-07-15,36.27
28573,1730,2026-06-18,39.81
28574,1730,2026-05-01,65.06
28575,1730,2026-02-20,73.58
28576,1730,2026-04-18,45.9
28577,1730,2025-12-23,48.55
28578,1730,2026-06-12,27.14
28579,1730,2026-04-07,47.46
28580,1730,2026-06-23,37.73
28581,1730,2026-06-13,46.62
28582,1730,2026-03-10,85.19
28583,1730,2026-06-22,27.11
28584,1730,2026-05-08,76.37
28585,1730,2026-01-18,49.12
28586,1731,2026-08-15,134.05
28587,1731,2026-01-31,65.18
28588,1731,2025-10-11,45.17
28589,1731,2026-04-16,73.47
28590,1731,2026-06-25,112.26
28591,1731,2026-07-09,106.93
28592,1731,2025-11-21,90.69
28593,1731,2025-12-08,68.35
28594,1731,2026-01-12,84.81
28595,1731,2026-08-07,175.32
28596,1731,2026-04-22,283.8
28597,1731,2026-06-06,109.0
28598,1731,2026-02-16,142.76
28599,1731,2026-01-15,64.88
28600,1731,2025-11-06,165.47
28601,1731,2026-05-30,76.91
28602,1731,2026-02-13,50.89
28603,1731,2026-07-25,151.16
28604,1731,2026-06-17,93.7
28605,1732,2026-09-23,142.26
28606,1732,2026-01-19,113.91
28607,1732,2026-09-14,100.33
28608,1732,2025-10-21,219.76
28609,1732,2026-04-04,343.96
28610,1732,2025-12-02,326.1
28611,1732,2026-08-16,212.36
28612,1732,2026-04-27,398.72
28613,1732,2026-01-13,165.02
28614,1732,2026-04-24,303.56
28615,1732,2026-09-17,168.29
28616,1732,2025-11-13,151.48
28617,1732,2026-02-14,302.31
28618,1732,2026-02-28,255.13
28619,1732,2026-07-19,278.78
28620,1732,2026-04-25,107.48
28621,1732,2025-11-11,333.67
28622,1732,2026-06-15,284.81
28623,1732,2026-07-25,175.18
28624,1732,2025-10-18,272.99
28625,1732,2026-05-15,343.91
28626,1732,2026-03-30,150.8
28627,1732,2026-09-18,151.24
28628,1732,2026-05-28,184.43
28629,1732,2025-10-21,77.28
28630,1732,2025-11-01,243.63
28631,1732,2025-09-28,316.39
28632,1732,2026-01-20,271.41
28633,1732,2025-12-26,260.54
28634,1733,2025-12-01,35.69
28635,1733,2025-10-03,27.22
28636,1733,2025-10-26,31.65
28637,1733,2025-09-30,26.01
28638,1733,2025-10-29,39.56
28639,1733,2025-10-09,20.01
28640,1734,2026-07-04,99.01
28641,1734,2026-07-01,70.0
28642,1734,2025-11-14,92.99
28643,1735,2026-08-05,110.15
28644,1735,2026-07-31,71.08
28645,1735,2026-03-05,106.69
28646,1735,2026-02-19,78.23
28647,1735,2026-01-30,64.69
28648,1735,2026-07-23,105.79
28649,1735,2026-08-05,58.08
28650,1735,2025-12-04,126.46
28651,1735,2026-05-30,102.16
28652,1735,2025-10-29,85.6
28653,1735,2026-06-09,88.33
28654,1735,2026-04-13,55.53
28655,1736,2026-08-25,18.92
28656,1736,2025-11-07,38.89
28657,1737,2026-07-14,54.96
28658,1737,2026-07-02,156.04
28659,1737,2026-02-27,63.55
28660,1737,2026-07-06,61.86
28661,1737,2025-10-11,48.29
28662,1737,2026-03-13,104.77
28663,1737,2026-03-14,69.15
28664,1737,2026-02-11,162.5
28665,1737,2025-10-01,59.81
28666,1737,2026-01-21,125.12
28667,1737,2025-12-19,52.16
28668,1737,2026-02-01,143.19
28669,1737,2026-03-17,94.87
28670,1737,2026-06-19,102.68
28671,1737,2025-12-27,76.59
28672,1737,2026-02-19,74.67
28673,1738,2026-09-08,163.88
28674,1738,2025-10-14,72.59
28675,1738,2026-01-13,148.67
28676,1738,2026-08-12,73.28
28677,1738,2026-07-18,100.93
28678,1739,2026-09-02,35.33
28679,1739,2025-11-15,69.9
28680,1739,2026-07-21,75.15
28681,1739,2025-11-25,53.65
28682,1739,2026-07-30,46.96
28683,1739,2025-11-20,54.31
28684,1739,2025-12-20,24.16
28685,1739,2026-04-14,37.4
28686,1739,2026-02-18,38.78
28687,1739,2026-03-30,44.73
28688,1739,2026-08-20,33.56
28689,1739,2025-11-05,30.71
28690,1739,2025-12-17,21.92
28691,1739,2025-11-07,54.66
28692,1739,2026-02-15,24.27
28693,1739,2025-10-09,70.56
28694,1739,2026-08-12,52.06
28695,1739,2026-02-05,67.06
28696,1739,2025-10-26,30.13
28697,1739,2026-03-20,104.1
28698,1739,2026-03-26,122.18
28699,1739,2025-11-24,45.61
28700,1739,2026-05-03,53.72
28701,1740,2026-07-29,137.34
28702,1740,2026-07-05,205.25
28703,1740,2026-06-20,137.61
28704,1740,2026-06-09,86.79
28705,1740,2026-03-31,134.75
28706,1740,2026-03-30,86.56
28707,1740,2026-03-02,114.86
28708,1740,2025-09-30,93.44
28709,1740,2026-01-31,94.62
28710,1740,2026-05-11,63.88
28711,1740,2026-05-09,73.06
28712,1740,2026-06-25,186.97
28713,1740,2026-07-24,68.09
28714,1740,2026-04-30,37.33
28715,1740,2025-12-26,437.79
28716,1740,2025-11-15,73.95
28717,1740,2025-12-27,79.76
28718,1741,2026-08-15,95.98
28719,1742,2026-08-22,158.91
28720,1742,2025-09-27,113.12
28721,1742,2025-12-15,63.35
28722,1742,2026-07-12,309.53
28723,1743,2026-09-11,191.98
28724,1743,2026-05-30,216.64
28725,1743,2025-12-05,221.77
28726,1743,2025-10-24,143.08
28727,1743,2025-11-09,270.6
28728,1743,2025-12-26,87.39
28729,1743,2026-05-24,383.81
28730,1743,2025-11-27,228.49
28731,1743,2025-10-30,247.29
28732,1743,2026-04-04,266.16
28733,1743,2026-06-19,172.17
28734,1743,2026-01-24,372.09
28735,1743,2026-06-26,151.53
28736,1743,2025-10-04,133.87
28737,1743,2025-11-17,224.56
28738,1743,2026-01-24,112.97
28739,1743,2026-03-13,162.76
28740,1743,2026-07-11,236.15
28741,1743,2026-08-24,292.33
28742,1743,2026-09-06,206.49
28743,1743,2026-08-07,139.8
28744,1743,2026-04-16,180.43
28745,1743,2026-06-02,155.47
28746,1743,2026-05-12,200.97
28747,1743,2026-07-11,158.86
28748,1743,2026-01-02,135.28
28749,1743,2025-09-27,127.91
28750,1743,2026-09-11,91.82
28751,1743,2026-01-03,341.61
28752,1743,2025-11-02,289.81
28753,1743,2026-04-11,120.82
28754,1743,2026-02-23,281.45
28755,1743,2025-12-02,214.04
28756,1743,2026-01-31,117.42
28757,1743,2026-05-31,130.89
28758,1743,2026-05-24,196.38
28759,1743,2026-09-01,293.14
28760,1743,2025-12-04,274.37
28761,1743,2026-05-06,164.79
28762,1743,2025-11-09,258.21
28763,1744,2026-07-23,98.34
28764,1744,2026-04-07,55.38
28765,1744,2025-10-07,106.1
28766,1744,2026-02-14,57.57
28767,1744,2026-03-13,81.91
28768,1744,2026-04-17,182.83
28769,1744,2025-12-10,106.1
28770,1744,2026-02-15,77.01
28771,1744,2026-01-13,132.34
28772,1744,2025-10-19,64.99
28773,1744,2025-12-23,57.74
28774,1744,2026-02-15,76.38
28775,1744,2026-06-05,147.56
28776,1744,2026-06-11,143.87
28777,1744,2025-12-18,71.97
28778,1745,2026-05-06,54.4
28779,1745,2026-01-30,51.73
28780,1745,2026-04-30,24.33
28781,1745,2026-03-05,23.23
28782,1745,2025-11-08,20.67
28783,1745,2025-10-03,32.15
28784,1745,2026-04-19,45.65
28785,1746,2026-06-10,21.69
28786,1746,2025-10-14,31.33
28787,1746,2025-10-10,36.46
28788,1747,2026-02-27,33.32
28789,1747,2025-11-22,40.58
28790,1747,2025-10-21,19.35
28791,1747,2026-02-10,37.29
28792,1747,2025-12-27,37.18
28793,1747,2026-02-14,35.07
28794,1747,2026-01-21,40.74
28795,1748,2026-08-27,31.69
28796,1748,2026-02-07,80.59
28797,1748,2026-08-09,26.0
28798,1748,2026-02-02,48.27
28799,1748,2026-08-12,84.43
28800,1748,2026-03-26,60.31
28801,1748,2025-10-12,85.31
28802,1748,2026-03-12,34.56
28803,1748,2026-07-12,59.7
28804,1748,2026-06-06,75.53
28805,1748,2026-08-17,68.73
28806,1748,2025-12-06,67.16
28807,1748,2025-10-30,26.29
28808,1748,2026-05-26,60.75
28809,1748,2026-05-27,56.04
28810,1748,2026-02-14,42.06
28811,1748,2025-12-04,34.28
28812,1748,2025-10-18,55.11
28813,1748,2025-10-06,28.86
28814,1748,2026-02-23,37.06
28815,1748,2026-01-23,68.76
28816,1748,2026-08-15,71.92
28817,1748,2026-08-05,55.9
28818,1748,2025-10-06,36.59
28819,1748,2026-06-08,27.29
28820,1749,2026-09-03,31.79
28821,1749,2026-02-22,10.02
28822,1749,2026-02-19,49.33
28823,1749,2025-11-04,28.11
28824,1749,2026-06-07,56.55
28825,1749,2026-02-28,92.05
28826,1749,2026-06-28,28.31
28827,1749,2026-05-20,60.19
28828,1749,2025-09-28,66.57
28829,1749,2026-04-16,52.57
28830,1749,2026-01-06,52.15
28831,1749,2026-05-26,17.68
28832,1749,2026-08-22,46.35
28833,1749,2026-01-26,44.82
28834,1749,2026-06-21,72.17
28835,1749,2026-03-18,69.31
28836,1749,2025-12-15,35.77
28837,1750,2026-08-08,68.83
28838,1750,2026-02-10,109.25
28839,1750,2026-06-10,57.4
28840,1750,2026-06-04,22.04
28841,1750,2026-01-17,31.06
28842,1750,2026-07-18,65.11
28843,1750,2026-01-13,40.37
28844,1750,2026-01-10,45.04
28845,1750,2026-02-23,31.25
28846,1750,2026-02-28,86.2
28847,1750,2025-12-05,89.64
28848,1750,2026-02-02,40.59
28849,1750,2025-11-28,40.77
28850,1750,2025-10-31,79.89
28851,1750,2026-05-11,72.05
28852,1750,2025-10-25,21.6
28853,1750,2026-02-09,61.1
28854,1750,2026-04-10,56.25
28855,1750,2025-11-19,48.94
28856,1750,2026-01-02,30.32
28857,1750,2025-12-26,30.62
28858,1750,2026-03-05,11.16
28859,1751,2026-08-14,33.38
28860,1751,2026-05-13,39.45
28861,1751,2026-01-29,14.48
28862,1752,2026-06-30,60.32
28863,1752,2025-09-27,74.45
28864,1752,2025-12-07,85.86
28865,1752,2026-05-09,177.89
28866,1752,2025-10-12,129.68
28867,1752,2026-01-04,59.03
28868,1752,2026-03-03,131.03
28869,1752,2026-03-21,185.84
28870,1752,2025-11-21,115.74
28871,1753,2026-08-18,32.34
28872,1753,2026-03-16,125.19
28873,1753,2026-05-07,91.42
28874,1753,2026-03-19,70.77
28875,1753,2026-04-18,67.29
28876,1753,2026-07-03,135.12
28877,1753,2026-07-05,122.21
28878,1753,2026-05-03,56.44
28879,1753,2026-02-13,103.22
28880,1753,2026-08-12,166.89
28881,1753,2025-12-25,123.18
28882,1753,2026-08-10,42.49
28883,1753,2026-05-31,120.36
28884,1753,2025-10-23,51.34
28885,1753,2026-06-28,99.28
28886,1753,2026-05-31,64.29
28887,1754,2026-09-13,112.01
28888,1754,2025-10-13,78.22
28889,1754,2026-03-25,214.75
28890,1754,2025-12-18,71.03
28891,1754,2025-12-30,88.15
28892,1754,2026-01-05,36.23
28893,1754,2025-11-21,182.67
28894,1754,2026-05-20,70.76
28895,1754,2026-06-24,161.44
28896,1754,2026-02-21,66.57
28897,1754,2026-06-23,86.87
28898,1754,2025-12-02,63.32
28899,1754,2025-10-26,59.1
28900,1754,2026-03-23,78.88
28901,1754,2025-12-09,84.56
28902,1754,2026-04-21,76.37
28903,1755,2026-05-27,130.47
28904,1755,2026-02-10,125.59
28905,1755,2026-04-18,41.96
28906,1755,2026-03-08,141.45
28907,1755,2026-01-12,124.9
28908,1755,2025-12-27,73.86
28909,1756,2026-09-04,70.55
28910,1756,2026-07-22,26.72
28911,1756,2026-07-20,18.18
28912,1756,2026-07-22,38.48
28913,1756,2026-04-10,24.76
28914,1756,2026-08-28,81.38
28915,1756,2026-05-26,33.14
28916,1756,2026-08-05,75.65
28917,1756,2026-01-31,39.21
28918,1756,2025-11-05,52.82
28919,1756,2026-08-25,35.46
28920,1756,2025-09-30,131.15
28921,1756,2026-03-23,26.83
28922,1756,2026-07-16,11.39
28923,1756,2026-05-19,50.59
28924,1756,2026-05-06,28.37
28925,1756,2026-05-07,49.33
28926,1756,2026-05-13,43.62
28927,1756,2025-10-09,35.46
28928,1756,2026-02-12,37.47
28929,1756,2026-07-06,54.1
28930,1756,2026-05-22,38.25
28931,1756,2026-05-08,42.01
28932,1756,2025-10-11,35.97
28933,1757,2026-09-23,391.6
28934,1757,2026-03-12,118.6
28935,1757,2026-03-10,168.64
28936,1757,2025-10-08,158.26
28937,1757,2025-09-27,163.85
28938,1757,2026-05-31,196.15
28939,1757,2025-09-26,437.8
28940,1757,2025-11-04,314.19
28941,1757,2026-07-07,364.13
28942,1757,2025-12-31,202.76
28943,1757,2025-10-11,198.67
28944,1757,2026-06-23,272.43
28945,1757,2026-06-03,255.07
28946,1757,2025-11-07,255.0
28947,1757,2025-11-25,596.09
28948,1757,2025-12-02,273.35
28949,1757,2026-06-30,147.36
28950,1757,2026-06-21,152.99
28951,1757,2026-09-09,306.72
28952,1757,2026-01-03,296.13
28953,1757,2025-12-06,326.21
28954,1757,2025-12-02,265.47
28955,1757,2026-04-11,131.51
28956,1757,2026-08-24,419.31
28957,1758,2026-08-13,106.94
28958,1758,2025-09-30,78.83
28959,1758,2026-03-24,44.58
28960,1758,2026-04-07,108.44
28961,1758,2026-04-14,112.65
28962,1758,2025-12-18,128.66
28963,1758,2025-12-08,75.42
28964,1758,2025-10-18,74.88
28965,1758,2026-07-26,116.22
28966,1758,2026-02-05,51.1
28967,1758,2026-05-27,129.76
28968,1758,2025-10-16,83.74
28969,1758,2026-05-22,102.69
28970,1758,2026-07-19,254.24
28971,1758,2026-04-19,79.63
28972,1759,2026-09-23,156.08
28973,1759,2025-10-18,124.56
28974,1759,2025-11-17,70.46
28975,1759,2026-02-23,83.61
28976,1759,2026-06-01,70.49
28977,1759,2026-07-08,52.58
28978,1759,2026-07-31,56.18
28979,1759,2026-06-23,101.38
28980,1759,2025-12-06,64.79
28981,1759,2025-11-26,87.58
28982,1759,2026-01-21,56.86
28983,1759,2026-02-05,128.52
28984,1759,2026-06-11,119.98
28985,1759,2026-01-07,181.33
28986,1759,2025-10-15,166.09
28987,1759,2026-05-17,59.45
28988,1759,2026-03-06,61.12
28989,1760,2026-08-07,84.63
28990,1760,2025-10-20,106.98
28991,1760,2025-12-11,68.02
28992,1760,2025-11-17,54.4
28993,1760,2026-01-31,96.35
28994,1760,2026-04-06,130.55
28995,1760,2026-01-19,85.15
28996,1760,2026-03-08,85.03
28997,1760,2026-04-21,52.77
28998,1760,2026-06-10,113.42
28999,1760,2026-03-16,117.18
29000,1760,2025-12-19,85.76
29001,1760,2026-02-07,58.05
29002,1761,2026-06-28,187.08
29003,1761,2026-01-06,104.91
29004,1761,2025-11-10,196.71
29005,1761,2026-06-21,116.08
29006,1762,2026-09-18,163.36
29007,1762,2026-01-23,341.78
29008,1762,2025-11-22,191.03
29009,1762,2026-01-20,215.79
29010,1762,2026-07-07,155.88
29011,1762,2025-10-05,188.07
29012,1762,2026-01-02,173.74
29013,1762,2025-10-14,112.78
29014,1762,2026-01-15,279.72
29015,1762,2026-01-25,226.46
29016,1762,2025-12-06,300.31
29017,1762,2025-11-18,152.98
29018,1762,2026-04-12,288.46
29019,1762,2026-02-01,103.66
29020,1762,2025-10-21,267.94
29021,1762,2025-12-14,284.64
29022,1762,2026-08-06,131.6
29023,1762,2025-10-28,347.11
29024,1762,2026-03-10,423.45
29025,1762,2026-07-17,162.14
29026,1762,2026-01-09,403.16
29027,1762,2025-10-06,97.65
29028,1762,2025-11-13,197.51
29029,1762,2026-07-23,64.76
29030,1762,2026-01-29,319.08
29031,1762,2026-07-22,105.47
29032,1762,2026-01-25,87.27
29033,1762,2026-04-01,236.31
29034,1762,2025-10-09,334.77
29035,1762,2026-09-10,175.05
29036,1762,2026-04-24,223.28
29037,1763,2026-09-06,184.51
29038,1763,2026-02-17,79.89
29039,1763,2026-02-10,42.96
29040,1763,2026-05-05,50.72
29041,1763,2025-12-31,54.6
29042,1763,2026-05-22,43.95
29043,1763,2025-10-02,56.92
29044,1764,2026-09-13,103.9
29045,1764,2026-06-23,94.26
29046,1764,2026-05-10,119.44
29047,1764,2025-11-06,334.85
29048,1764,2026-08-27,90.93
29049,1764,2026-03-17,389.5
29050,1764,2025-12-26,316.92
29051,1764,2026-01-21,379.91
29052,1764,2025-12-06,245.24
29053,1764,2026-01-15,441.08
29054,1764,2026-09-02,110.13
29055,1764,2025-11-04,388.72
29056,1764,2026-03-21,825.31
29057,1764,2026-03-24,186.52
29058,1764,2025-10-30,204.83
29059,1764,2025-12-16,138.72
29060,1764,2026-08-07,216.37
29061,1764,2026-05-30,228.35
29062,1764,2026-05-10,72.51
29063,1764,2025-10-13,276.59
29064,1764,2026-08-03,346.0
29065,1764,2026-03-30,141.26
29066,1764,2026-03-22,173.49
29067,1764,2026-07-11,307.6
29068,1764,2026-03-09,138.24
29069,1764,2026-06-24,293.41
29070,1764,2026-04-28,238.85
29071,1764,2025-12-09,600.53
29072,1764,2025-11-22,198.23
29073,1764,2026-09-02,165.16
29074,1764,2026-04-22,234.7
29075,1764,2026-09-07,221.22
29076,1764,2026-08-06,437.68
29077,1764,2026-09-05,427.46
29078,1764,2025-12-06,151.23
29079,1765,2026-09-21,158.97
29080,1765,2025-10-04,348.13
29081,1765,2026-02-08,225.74
29082,1765,2026-05-26,220.89
29083,1765,2026-01-03,155.08
29084,1765,2026-08-12,198.02
29085,1765,2026-02-16,325.62
29086,1765,2025-10-25,326.1
29087,1765,2025-11-01,173.12
29088,1765,2026-08-13,148.24
29089,1765,2025-10-20,311.83
29090,1765,2026-05-06,240.5
29091,1765,2025-11-11,311.59
29092,1765,2026-03-12,135.79
29093,1765,2026-04-23,207.98
29094,1765,2026-04-09,311.94
29095,1765,2026-08-02,152.42
29096,1765,2026-01-10,490.97
29097,1765,2026-04-30,437.34
29098,1765,2026-06-04,191.59
29099,1766,2026-09-14,268.55
29100,1766,2026-03-13,105.75
29101,1766,2025-12-31,440.85
29102,1766,2026-01-06,208.43
29103,1766,2026-08-12,652.48
29104,1766,2025-11-23,157.69
29105,1766,2026-08-14,166.96
29106,1766,2026-03-07,251.37
29107,1766,2025-10-11,315.38
29108,1766,2025-12-05,302.53
29109,1766,2025-10-16,325.51
29110,1766,2026-03-20,189.69
29111,1766,2026-04-17,327.21
29112,1766,2026-07-05,571.18
29113,1766,2025-09-29,301.16
29114,1766,2026-04-10,145.33
29115,1766,2026-02-11,254.48
29116,1766,2026-07-15,87.02
29117,1766,2026-05-29,288.06
29118,1766,2026-03-05,99.16
29119,1766,2025-11-24,290.13
29120,1766,2026-03-16,206.22
29121,1766,2026-07-08,330.06
29122,1766,2026-06-14,214.64
29123,1766,2026-02-17,396.67
29124,1766,2026-03-26,271.71
29125,1766,2026-06-30,344.76
29126,1766,2026-02-13,176.67
29127,1766,2026-01-21,172.53
29128,1766,2026-04-14,112.16
29129,1766,2025-10-31,125.86
29130,1766,2026-06-27,219.36
29131,1766,2026-05-06,216.28
29132,1766,2025-10-12,251.65
29133,1767,2026-07-06,69.66
29134,1767,2026-03-27,128.4
29135,1767,2026-07-06,193.46
29136,1767,2026-05-02,74.88
29137,1767,2026-01-03,59.97
29138,1767,2025-12-23,50.81
29139,1767,2026-05-09,195.72
29140,1767,2026-02-26,139.03
29141,1767,2026-01-24,66.24
29142,1767,2026-05-12,95.86
29143,1767,2026-02-28,169.21
29144,1767,2025-11-20,87.46
29145,1767,2026-04-18,132.69
29146,1767,2025-11-30,83.89
29147,1767,2026-04-13,78.8
29148,1768,2026-09-19,218.96
29149,1768,2026-07-28,140.3
29150,1768,2026-06-18,333.41
29151,1768,2026-05-29,595.45
29152,1768,2026-02-21,165.06
29153,1768,2026-02-16,356.53
29154,1768,2025-11-27,292.54
29155,1768,2026-05-14,194.73
29156,1768,2026-04-09,153.53
29157,1768,2026-03-28,640.59
29158,1768,2025-12-23,296.45
29159,1768,2026-04-09,323.27
29160,1768,2026-03-03,190.93
29161,1768,2026-08-17,215.84
29162,1768,2026-05-16,121.46
29163,1768,2026-04-09,295.75
29164,1768,2025-10-29,177.43
29165,1768,2026-08-09,132.31
29166,1768,2026-05-07,142.93
29167,1768,2026-02-02,621.34
29168,1768,2026-04-08,183.69
29169,1768,2026-06-03,247.84
29170,1768,2026-01-30,122.65
29171,1768,2026-09-08,192.87
29172,1768,2026-02-18,113.34
29173,1768,2025-11-09,248.25
29174,1768,2026-03-20,139.4
29175,1768,2025-12-09,300.75
29176,1768,2026-01-15,93.85
29177,1768,2026-02-08,158.01
29178,1768,2026-01-13,356.61
29179,1768,2025-10-03,418.63
29180,1768,2026-03-13,210.57
29181,1769,2026-08-21,192.8
29182,1769,2026-06-06,428.92
29183,1769,2026-07-11,488.19
29184,1769,2026-05-03,323.44
29185,1769,2026-01-03,254.77
29186,1769,2025-09-26,390.78
29187,1769,2026-01-14,225.45
29188,1769,2025-12-19,192.47
29189,1769,2026-02-08,161.5
29190,1769,2026-01-29,147.69
29191,1769,2025-11-08,318.85
29192,1769,2025-10-31,106.83
29193,1769,2026-08-04,160.72
29194,1769,2026-03-08,179.1
29195,1769,2026-02-02,111.47
29196,1769,2025-10-01,176.09
29197,1769,2026-02-08,219.05
29198,1769,2026-05-28,333.41
29199,1769,2025-12-28,167.23
29200,1769,2025-10-04,219.73
29201,1769,2026-05-06,107.2
29202,1769,2026-05-12,121.47
29203,1769,2026-04-03,89.16
29204,1769,2026-01-31,326.23
29205,1769,2026-05-02,181.19
29206,1769,2026-01-06,231.95
29207,1769,2026-04-15,265.78
29208,1769,2026-03-11,302.15
29209,1770,2026-09-07,170.46
29210,1770,2026-01-28,83.24
29211,1770,2026-05-18,53.94
29212,1770,2026-02-12,90.12
29213,1770,2026-06-03,290.15
29214,1770,2026-05-17,90.17
29215,1770,2026-01-19,213.03
29216,1770,2026-07-02,59.04
29217,1770,2026-04-08,173.63
29218,1770,2025-12-24,69.92
29219,1770,2026-03-29,63.65
29220,1770,2025-12-27,58.97
29221,1771,2026-07-20,67.8
29222,1771,2025-10-14,37.87
29223,1771,2026-04-26,34.09
29224,1772,2026-09-19,60.83
29225,1772,2025-12-01,91.09
29226,1772,2026-05-24,83.43
29227,1772,2025-12-11,32.63
29228,1772,2026-08-19,119.93
29229,1772,2026-01-23,57.7
29230,1772,2025-10-29,70.31
29231,1773,2026-09-20,23.39
29232,1773,2025-11-25,33.76
29233,1773,2026-05-08,45.4
29234,1774,2026-07-15,136.58
29235,1774,2025-09-30,88.99
29236,1774,2026-03-07,51.45
29237,1774,2026-04-07,143.38
29238,1774,2026-01-20,62.36
29239,1774,2026-07-15,57.26
29240,1774,2026-04-24,87.46
29241,1774,2026-03-04,73.31
29242,1774,2026-01-25,106.79
29243,1774,2026-04-19,116.32
29244,1774,2026-03-15,72.84
29245,1774,2026-05-07,95.05
29246,1774,2026-04-26,72.34
29247,1774,2026-04-08,127.09
29248,1774,2026-02-03,112.22
29249,1775,2026-03-09,36.77
29250,1775,2026-02-19,18.29
29251,1775,2025-10-04,43.91
29252,1775,2026-02-12,32.18
29253,1776,2026-08-20,90.79
29254,1776,2026-05-11,52.43
29255,1776,2025-10-30,59.1
29256,1776,2026-07-09,22.16
29257,1776,2026-07-21,36.06
29258,1776,2026-04-02,52.88
29259,1776,2026-04-13,52.19
29260,1776,2026-05-18,54.96
29261,1776,2026-03-29,52.18
29262,1776,2025-09-29,45.43
29263,1776,2026-05-24,25.97
29264,1776,2026-01-31,52.72
29265,1776,2025-12-24,26.98
29266,1776,2025-09-28,38.19
29267,1776,2025-11-13,84.19
29268,1776,2026-01-04,22.26
29269,1776,2025-11-21,42.55
29270,1776,2025-11-15,66.51
29271,1776,2025-12-04,59.98
29272,1776,2026-07-15,51.63
29273,1776,2026-05-02,33.18
29274,1777,2026-07-15,31.32
29275,1777,2025-12-25,44.1
29276,1777,2025-10-08,34.65
29277,1777,2025-10-04,37.46
29278,1777,2026-06-13,12.92
29279,1777,2026-05-02,16.4
29280,1777,2026-03-01,28.25
29281,1777,2026-06-13,49.96
29282,1778,2026-09-04,17.14
29283,1778,2025-11-20,32.52
29284,1778,2026-08-16,32.64
29285,1778,2025-10-03,58.51
29286,1778,2026-06-10,19.0
29287,1778,2026-07-13,51.04
29288,1778,2026-08-12,59.91
29289,1778,2026-08-07,59.92
29290,1778,2026-07-02,43.32
29291,1778,2026-03-06,21.75
29292,1778,2026-05-23,40.08
29293,1778,2026-03-03,87.35
29294,1778,2026-07-07,34.42
29295,1778,2025-11-27,120.07
29296,1778,2026-04-19,64.82
29297,1778,2026-02-21,42.2
29298,1778,2026-09-03,49.81
29299,1778,2026-05-13,53.26
29300,1778,2026-08-26,34.71
29301,1778,2026-05-08,37.35
29302,1778,2025-12-15,110.42
29303,1778,2026-03-31,88.05
29304,1778,2025-12-11,37.96
29305,1778,2026-08-09,31.7
29306,1778,2026-04-26,21.97
29307,1778,2026-09-04,118.76
29308,1778,2025-10-01,71.35
29309,1778,2025-10-07,78.85
29310,1778,2026-06-03,35.24
29311,1779,2026-05-22,108.55
29312,1779,2026-05-14,72.72
29313,1779,2026-02-07,61.4
29314,1779,2026-04-28,39.57
29315,1779,2025-09-30,147.63
29316,1779,2025-12-08,49.17
29317,1779,2026-01-10,98.81
29318,1780,2026-09-08,27.11
29319,1780,2026-03-23,41.06
29320,1780,2025-11-03,51.36
29321,1780,2026-08-04,54.56
29322,1780,2026-05-08,65.68
29323,1780,2026-08-24,60.33
29324,1780,2026-02-25,55.74
29325,1780,2026-02-01,56.14
29326,1780,2026-07-15,61.21
29327,1780,2026-06-19,45.4
29328,1780,2026-07-09,75.36
29329,1780,2026-08-16,43.47
29330,1780,2026-04-27,21.02
29331,1780,2026-05-27,78.81
29332,1780,2026-06-13,55.55
29333,1780,2025-11-17,42.08
29334,1780,2026-06-23,47.37
29335,1780,2026-06-10,88.66
29336,1780,2026-04-20,47.07
29337,1780,2025-11-13,89.14
29338,1780,2026-06-28,55.64
29339,1780,2026-02-13,38.22
29340,1780,2025-10-15,24.96
29341,1780,2025-11-22,46.89
29342,1780,2026-02-17,81.29
29343,1780,2025-12-26,34.84
29344,1780,2026-08-24,53.07
29345,1780,2026-01-09,89.79
29346,1780,2026-06-24,20.26
29347,1780,2026-06-02,53.82
29348,1781,2026-09-24,180.7
29349,1781,2026-04-14,300.44
29350,1781,2025-12-19,188.89
29351,1781,2026-02-10,360.14
29352,1781,2025-09-27,220.86
29353,1781,2025-10-17,300.12
29354,1781,2026-05-05,335.26
29355,1781,2026-04-14,117.05
29356,1781,2026-05-09,224.23
29357,1781,2025-12-13,352.07
29358,1781,2025-11-06,146.07
29359,1781,2026-07-12,164.11
29360,1781,2026-03-30,360.59
29361,1781,2025-10-17,417.66
29362,1781,2026-07-07,43.05
29363,1781,2026-01-02,360.15
29364,1781,2025-12-01,73.77
29365,1781,2026-06-18,204.12
29366,1781,2026-07-07,112.56
29367,1781,2026-02-23,164.14
29368,1781,2025-12-01,220.16
29369,1781,2026-09-16,266.65
29370,1781,2025-10-05,399.55
29371,1781,2026-03-17,114.63
29372,1781,2026-08-13,353.33
29373,1781,2025-12-21,185.33
29374,1781,2026-03-21,187.11
29375,1781,2026-05-15,451.38
29376,1781,2026-05-27,306.8
29377,1781,2025-12-29,98.5
29378,1781,2026-04-24,202.73
29379,1781,2026-01-02,150.0
29380,1781,2025-11-30,172.69
29381,1781,2025-10-19,197.94
29382,1781,2025-10-29,258.67
29383,1781,2025-10-10,119.37
29384,1781,2026-01-26,190.06
29385,1781,2026-07-11,175.83
29386,1781,2026-09-14,249.63
29387,1781,2026-05-30,205.05
29388,1781,2026-03-30,320.25
29389,1781,2026-07-05,235.91
29390,1781,2025-12-17,275.5
29391,1782,2026-07-30,29.19
29392,1782,2026-04-02,129.53
29393,1782,2026-06-08,245.39
29394,1782,2026-06-20,70.8
29395,1782,2026-01-25,99.76
29396,1782,2026-07-18,108.59
29397,1782,2026-01-02,53.97
29398,1782,2026-06-25,84.83
29399,1782,2026-02-13,111.08
29400,1783,2026-08-31,98.65
29401,1783,2026-02-24,186.13
29402,1783,2026-05-06,69.22
29403,1783,2025-11-22,157.94
29404,1783,2026-08-11,256.53
29405,1783,2026-03-09,54.17
29406,1783,2026-01-11,43.67
29407,1784,2026-09-15,130.5
29408,1784,2026-06-17,124.36
29409,1784,2026-03-23,179.63
29410,1784,2026-08-03,188.16
29411,1784,2026-04-20,294.5
29412,1784,2026-04-20,140.27
29413,1784,2026-03-15,212.9
29414,1784,2025-10-28,365.97
29415,1784,2026-05-11,356.3
29416,1784,2026-09-08,199.84
29417,1784,2026-08-10,228.63
29418,1784,2026-07-23,139.74
29419,1784,2025-11-11,239.15
29420,1784,2026-02-01,418.12
29421,1784,2026-06-03,376.84
29422,1784,2025-12-07,207.91
29423,1784,2025-10-03,245.37
29424,1784,2026-04-13,150.83
29425,1784,2025-12-11,138.2
29426,1784,2025-12-19,178.25
29427,1784,2026-06-13,237.21
29428,1784,2025-10-05,290.61
29429,1784,2025-10-17,202.64
29430,1784,2026-01-12,256.0
29431,1784,2025-10-06,66.61
29432,1784,2026-04-11,226.74
29433,1784,2026-01-09,158.86
29434,1784,2026-02-04,119.61
29435,1785,2026-09-09,195.07
29436,1785,2025-10-10,41.31
29437,1785,2026-05-26,99.88
29438,1785,2026-02-13,93.86
29439,1785,2025-11-07,99.92
29440,1786,2026-07-17,73.22
29441,1786,2025-11-13,54.15
29442,1786,2026-07-10,37.57
29443,1786,2026-01-16,131.92
29444,1786,2026-01-31,126.99
29445,1786,2026-04-20,86.04
29446,1786,2026-05-28,123.87
29447,1786,2026-01-24,142.65
29448,1786,2025-12-19,40.11
29449,1786,2026-02-28,100.69
29450,1786,2025-12-22,80.69
29451,1786,2026-01-17,109.32
29452,1786,2025-10-07,97.87
29453,1786,2026-04-27,127.26
29454,1787,2026-05-17,140.13
29455,1787,2025-11-18,48.05
29456,1787,2025-12-02,150.81
29457,1787,2026-03-13,225.09
29458,1787,2026-04-23,284.72
29459,1787,2026-01-03,64.48
29460,1788,2025-12-14,26.3
29461,1789,2026-09-15,61.0
29462,1789,2026-06-07,291.01
29463,1789,2026-08-27,58.94
29464,1789,2026-02-20,100.87
29465,1789,2026-08-08,109.96
29466,1789,2025-12-23,66.71
29467,1789,2026-03-03,61.11
29468,1789,2026-03-21,79.36
29469,1789,2025-12-31,60.98
29470,1789,2025-10-26,97.96
29471,1789,2026-08-10,61.4
29472,1789,2026-01-19,96.14
29473,1790,2026-09-09,135.02
29474,1790,2026-07-26,330.41
29475,1790,2026-06-20,225.05
29476,1790,2026-05-26,190.59
29477,1790,2026-07-08,137.47
29478,1790,2026-02-27,212.53
29479,1790,2026-01-26,165.37
29480,1790,2026-08-27,95.68
29481,1790,2026-04-09,377.39
29482,1790,2025-11-26,153.61
29483,1790,2025-12-16,185.82
29484,1790,2026-01-10,94.13
29485,1790,2026-05-30,165.06
29486,1790,2026-01-14,330.23
29487,1790,2026-06-18,319.27
29488,1790,2026-01-15,212.4
29489,1790,2025-11-29,158.53
29490,1790,2026-06-26,212.45
29491,1790,2025-12-26,263.66
29492,1790,2026-08-25,107.07
29493,1790,2026-01-27,235.07
29494,1790,2026-03-09,296.5
29495,1790,2025-10-12,204.38
29496,1790,2026-03-05,208.17
29497,1790,2026-08-29,151.45
29498,1791,2026-07-03,79.33
29499,1791,2025-11-06,99.97
29500,1791,2025-11-13,65.52
29501,1791,2025-10-16,189.07
29502,1791,2025-11-08,58.04
29503,1791,2026-04-29,216.68
29504,1791,2025-11-07,91.17
29505,1791,2025-12-20,83.47
29506,1791,2026-05-05,60.49
29507,1791,2025-12-25,71.14
29508,1791,2025-11-29,82.13
29509,1791,2025-12-15,95.63
29510,1791,2025-10-08,114.73
29511,1792,2026-05-18,38.28
29512,1792,2025-11-02,134.05
29513,1792,2026-01-02,97.35
29514,1792,2026-05-04,150.52
29515,1792,2025-12-11,143.77
29516,1792,2025-11-12,137.45
29517,1792,2025-11-06,117.35
29518,1792,2026-02-28,49.78
29519,1792,2026-03-03,185.43
29520,1792,2026-02-08,59.64
29521,1793,2026-09-18,72.96
29522,1793,2025-09-27,24.89
29523,1793,2025-10-02,52.84
29524,1793,2026-01-09,64.03
29525,1793,2025-12-31,89.27
29526,1793,2025-10-28,147.67
29527,1793,2026-09-14,54.96
29528,1794,2026-04-02,79.94
29529,1794,2026-03-29,23.72
29530,1794,2025-11-10,23.76
29531,1794,2025-10-31,23.57
29532,1795,2026-08-08,54.22
29533,1795,2025-10-24,146.84
29534,1795,2025-12-29,41.37
29535,1795,2026-07-21,98.03
29536,1795,2026-01-13,98.05
29537,1795,2026-06-15,66.15
29538,1795,2026-06-01,88.56
29539,1795,2026-07-08,97.21
29540,1795,2026-01-18,53.52
29541,1795,2026-01-05,63.09
29542,1795,2026-03-14,84.73
29543,1795,2025-10-10,85.91
29544,1795,2026-07-16,47.46
29545,1795,2025-09-29,90.13
29546,1795,2025-11-25,91.68
29547,1795,2026-07-17,135.9
29548,1795,2026-03-25,85.84
29549,1795,2026-02-16,72.29
29550,1795,2026-01-27,122.42
29551,1795,2026-03-24,143.07
29552,1795,2026-05-05,46.47
29553,1795,2026-05-12,68.42
29554,1795,2026-01-31,33.43
29555,1795,2026-02-19,56.15
29556,1795,2026-04-09,168.75
29557,1795,2026-05-23,53.33
29558,1796,2026-07-26,126.94
29559,1796,2026-02-12,138.86
29560,1796,2025-10-12,328.06
29561,1796,2026-02-23,108.32
29562,1796,2025-12-01,133.54
29563,1796,2025-12-13,90.78
29564,1796,2026-06-14,188.76
29565,1796,2026-05-16,66.0
29566,1796,2026-02-28,97.43
29567,1796,2026-04-23,112.42
29568,1797,2026-09-10,39.41
29569,1797,2026-04-03,38.38
29570,1797,2025-12-24,62.89
29571,1797,2026-06-18,80.49
29572,1797,2026-04-03,60.15
29573,1797,2026-08-30,37.32
29574,1797,2025-12-02,46.11
29575,1797,2026-08-05,71.63
29576,1797,2026-06-20,64.83
29577,1797,2026-01-24,56.59
29578,1797,2026-05-16,35.11
29579,1797,2026-06-23,71.76
29580,1797,2026-03-02,82.44
29581,1797,2026-09-08,65.08
29582,1797,2026-05-06,169.21
29583,1797,2026-07-04,63.03
29584,1797,2026-02-28,75.41
29585,1797,2026-05-26,60.04
29586,1797,2026-01-20,42.45
29587,1797,2026-07-23,26.51
29588,1797,2026-08-14,31.83
29589,1797,2026-06-28,31.98
29590,1797,2025-11-11,26.12
29591,1797,2025-10-04,39.55
29592,1797,2026-08-18,45.07
29593,1797,2026-09-02,76.92
29594,1798,2026-06-12,239.97
29595,1798,2026-06-12,128.09
29596,1798,2026-06-07,92.76
29597,1798,2026-06-07,183.74
29598,1798,2026-02-17,42.13
29599,1798,2026-02-01,63.28
29600,1798,2026-02-19,95.79
29601,1798,2026-05-19,61.8
29602,1798,2026-06-09,150.72
29603,1799,2026-09-14,93.56
29604,1799,2026-02-24,42.3
29605,1799,2025-12-25,36.33
29606,1799,2026-08-23,51.94
29607,1799,2026-03-14,29.09
29608,1799,2026-03-29,32.62
29609,1799,2025-11-11,64.26
29610,1799,2026-01-02,28.51
29611,1799,2025-12-18,24.74
29612,1799,2026-08-18,38.35
29613,1799,2025-11-26,50.56
29614,1799,2026-01-18,83.54
29615,1799,2026-08-23,52.45
29616,1799,2026-01-30,56.76
29617,1799,2026-02-24,28.4
29618,1799,2026-07-29,48.95
29619,1799,2026-03-13,27.19
29620,1799,2025-11-24,67.94
29621,1799,2026-04-30,47.36
29622,1799,2026-06-12,43.96
29623,1799,2026-06-08,56.5
29624,1799,2026-01-03,36.08
29625,1799,2025-11-29,36.18
29626,1799,2025-12-11,29.33
29627,1799,2026-06-04,100.3
29628,1799,2026-04-13,40.61
29629,1800,2026-07-06,14.03
29630,1800,2026-01-26,36.83
29631,1800,2025-10-20,20.41
29632,1800,2026-03-20,24.64
29633,1800,2026-06-23,35.14
29634,1800,2026-02-23,44.3
29635,1800,2026-05-27,34.82
29636,1800,2025-10-14,16.06
29637,1800,2025-12-10,30.88
29638,1801,2026-08-18,44.6
29639,1801,2025-10-03,27.83
29640,1801,2026-05-16,38.55
29641,1801,2025-11-09,33.5
29642,1801,2026-03-02,16.14
29643,1801,2026-08-07,17.63
29644,1802,2025-10-30,57.74
29645,1802,2025-10-19,11.56
29646,1802,2025-10-19,47.64
29647,1802,2025-10-30,39.95
29648,1803,2026-09-20,230.21
29649,1803,2026-06-28,178.01
29650,1803,2025-10-07,230.36
29651,1803,2025-10-31,191.48
29652,1803,2025-09-30,203.12
29653,1803,2025-11-23,253.42
29654,1803,2026-05-01,189.7
29655,1803,2026-01-08,148.02
29656,1803,2026-02-28,295.48
29657,1803,2026-06-11,129.45
29658,1803,2026-09-17,337.07
29659,1803,2026-07-30,179.91
29660,1803,2025-10-05,311.44
29661,1803,2026-01-13,401.07
29662,1803,2025-11-11,204.47
29663,1803,2026-02-20,310.92
29664,1803,2026-07-28,278.87
29665,1803,2026-02-28,228.01
29666,1803,2025-10-25,275.43
29667,1803,2026-01-09,185.15
29668,1803,2026-06-05,439.64
29669,1803,2026-02-06,218.12
29670,1803,2026-02-06,151.18
29671,1803,2026-06-29,172.74
29672,1803,2026-03-25,313.09
29673,1803,2025-10-27,138.79
29674,1803,2026-03-01,492.01
29675,1803,2025-11-07,377.9
29676,1803,2026-01-12,120.67
29677,1803,2026-08-06,297.41
29678,1803,2026-03-07,135.86
29679,1803,2026-02-18,144.32
29680,1803,2026-01-26,170.05
29681,1803,2025-10-28,150.36
29682,1804,2025-11-15,46.41
29683,1804,2025-10-23,34.45
29684,1804,2025-11-15,31.03
29685,1804,2025-10-31,19.93
29686,1804,2025-10-13,27.51
29687,1804,2025-10-22,83.05
29688,1804,2025-10-05,19.49
29689,1805,2026-08-17,35.16
29690,1805,2026-08-01,18.94
29691,1805,2026-02-25,14.06
29692,1806,2026-07-02,61.2
29693,1806,2025-11-11,84.71
29694,1807,2026-09-09,303.29
29695,1807,2026-04-24,224.04
29696,1807,2026-05-09,208.92
29697,1807,2026-02-08,188.95
29698,1807,2025-10-02,206.75
29699,1807,2026-01-16,143.54
29700,1807,2025-12-30,284.84
29701,1807,2026-01-05,496.98
29702,1807,2026-03-16,92.92
29703,1807,2026-07-30,356.95
29704,1807,2026-09-01,234.16
29705,1807,2026-03-31,336.0
29706,1807,2026-02-19,161.25
29707,1807,2025-12-08,193.54
29708,1807,2026-08-29,371.15
29709,1807,2026-04-24,205.39
29710,1807,2026-05-07,304.4
29711,1807,2025-12-28,161.15
29712,1807,2026-02-26,192.07
29713,1807,2026-05-01,264.09
29714,1807,2026-01-01,251.94
29715,1807,2025-12-03,304.66
29716,1807,2026-02-02,180.13
29717,1807,2025-11-18,210.0
29718,1807,2026-03-05,324.81
29719,1807,2025-11-23,401.93
29720,1807,2025-12-28,143.96
29721,1807,2026-01-25,358.43
29722,1807,2026-03-24,148.59
29723,1807,2026-03-17,230.58
29724,1807,2026-01-16,238.43
29725,1807,2025-11-15,168.65
29726,1807,2025-12-31,193.87
29727,1807,2026-04-30,94.72
29728,1807,2026-08-25,290.98
29729,1808,2026-09-14,36.94
29730,1808,2025-10-09,20.02
29731,1808,2026-03-04,37.94
29732,1808,2026-07-24,34.15
29733,1808,2025-10-30,60.4
29734,1808,2026-07-02,55.38
29735,1808,2025-11-05,88.42
29736,1808,2026-06-15,35.91
29737,1808,2026-07-26,53.79
29738,1808,2025-10-20,62.79
29739,1808,2026-07-27,126.19
29740,1808,2026-02-04,54.74
29741,1808,2026-02-03,44.04
29742,1808,2026-05-17,47.62
29743,1808,2026-01-06,55.48
29744,1808,2025-12-18,83.49
29745,1808,2026-02-08,37.16
29746,1808,2025-12-15,32.68
29747,1808,2026-06-09,146.43
29748,1808,2026-06-19,27.1
29749,1808,2026-03-24,66.14
29750,1809,2026-09-19,64.22
29751,1809,2026-07-19,32.61
29752,1809,2026-01-22,24.55
29753,1809,2026-07-28,42.09
29754,1809,2026-03-15,56.8
29755,1809,2026-04-27,47.25
29756,1809,2026-02-12,19.4
29757,1809,2026-05-23,46.18
29758,1809,2026-07-29,28.69
29759,1809,2025-12-26,45.45
29760,1809,2025-10-31,69.46
29761,1809,2026-09-06,14.65
29762,1809,2026-07-04,88.66
29763,1809,2026-04-10,28.1
29764,1809,2026-01-06,70.44
29765,1809,2026-06-17,65.7
29766,1809,2026-02-26,39.3
29767,1809,2026-06-05,55.21
29768,1809,2026-05-15,32.82
29769,1809,2026-04-26,20.7
29770,1809,2026-05-07,75.09
29771,1809,2026-06-07,33.09
29772,1809,2026-07-22,101.19
29773,1809,2026-02-28,66.96
29774,1810,2026-09-19,130.45
29775,1810,2026-09-07,285.42
29776,1810,2026-07-10,184.66
29777,1810,2026-05-06,194.28
29778,1810,2026-06-21,208.68
29779,1810,2026-03-02,223.16
29780,1810,2026-04-01,331.22
29781,1810,2026-05-02,262.61
29782,1810,2026-05-18,123.18
29783,1810,2026-01-02,106.82
29784,1810,2026-08-20,281.38
29785,1810,2026-05-16,267.61
29786,1810,2026-06-16,370.41
29787,1810,2025-12-16,200.9
29788,1810,2025-11-26,238.2
29789,1810,2025-11-20,260.33
29790,1810,2026-03-18,104.34
29791,1810,2025-10-25,101.66
29792,1810,2025-10-14,292.44
29793,1810,2025-10-28,247.96
29794,1810,2026-06-12,384.96
29795,1810,2026-05-12,481.44
29796,1810,2026-06-17,183.45
29797,1810,2026-01-26,179.2
29798,1810,2026-04-20,114.05
29799,1810,2026-02-02,265.14
29800,1810,2026-08-22,83.17
29801,1810,2026-08-02,135.7
29802,1811,2026-09-17,122.34
29803,1811,2026-05-28,102.27
29804,1811,2025-10-01,101.45
29805,1811,2025-10-19,113.02
29806,1812,2026-09-01,38.2
29807,1812,2026-01-28,66.8
29808,1812,2026-03-24,31.21
29809,1812,2026-01-20,27.84
29810,1812,2026-07-22,25.11
29811,1812,2025-12-27,38.89
29812,1812,2026-02-13,36.39
29813,1812,2026-02-16,34.06
29814,1812,2026-08-06,46.73
29815,1812,2025-10-07,26.63
29816,1812,2026-07-04,62.85
29817,1812,2026-08-28,27.47
29818,1812,2026-07-13,26.55
29819,1812,2026-01-12,33.68
29820,1812,2026-07-17,42.29
29821,1812,2025-10-16,66.28
29822,1812,2026-01-31,43.51
29823,1813,2026-08-17,20.46
29824,1813,2025-09-29,44.12
29825,1813,2025-10-14,25.96
29826,1813,2025-11-26,14.11
29827,1813,2026-05-12,19.09
29828,1813,2026-04-28,35.98
29829,1813,2026-07-07,33.15
29830,1813,2026-07-19,36.62
29831,1813,2026-03-20,25.43
29832,1814,2026-06-22,80.47
29833,1814,2026-04-03,107.2
29834,1814,2026-02-26,137.58
29835,1814,2026-05-12,91.01
29836,1814,2026-06-17,95.42
29837,1814,2026-03-31,110.24
29838,1814,2026-05-05,74.97
29839,1814,2026-03-04,80.62
29840,1815,2026-06-23,146.98
29841,1815,2026-02-25,152.02
29842,1815,2025-11-26,198.7
29843,1815,2026-06-13,103.32
29844,1815,2025-11-02,111.81
29845,1815,2026-05-31,38.92
29846,1815,2026-02-02,90.12
29847,1815,2025-10-25,115.77
29848,1815,2026-04-10,72.26
29849,1815,2025-11-21,86.34
29850,1815,2026-05-28,156.69
29851,1815,2026-04-24,173.36
29852,1815,2025-10-20,100.73
29853,1815,2026-04-19,87.96
29854,1815,2025-12-27,124.94
29855,1816,2026-09-13,44.1
29856,1816,2026-03-24,44.69
29857,1816,2026-02-26,96.03
29858,1816,2026-05-03,63.32
29859,1816,2026-06-06,32.03
29860,1816,2026-04-23,68.53
29861,1816,2026-07-10,34.93
29862,1816,2026-01-16,48.21
29863,1816,2026-08-28,17.5
29864,1816,2025-10-30,64.93
29865,1816,2025-12-17,33.29
29866,1816,2026-08-23,40.99
29867,1816,2026-01-26,24.04
29868,1816,2026-04-08,48.81
29869,1816,2026-02-19,46.45
29870,1816,2026-04-26,25.36
29871,1816,2026-05-31,45.67
29872,1816,2025-10-08,39.94
29873,1816,2026-07-11,78.06
29874,1816,2026-01-07,32.72
29875,1816,2026-03-19,55.82
29876,1816,2025-10-11,23.22
29877,1817,2026-08-12,118.13
29878,1817,2026-07-11,163.53
29879,1817,2026-07-12,117.96
29880,1817,2025-10-05,77.4
29881,1817,2025-12-05,67.84
29882,1817,2025-11-22,96.9
29883,1817,2026-01-12,56.33
29884,1817,2025-11-12,133.96
29885,1817,2026-03-28,106.28
29886,1817,2026-06-21,58.23
29887,1817,2026-01-30,176.08
29888,1817,2026-07-27,52.3
29889,1817,2025-10-10,92.12
29890,1817,2026-01-29,130.98
29891,1817,2026-02-13,125.24
29892,1818,2026-09-17,143.88
29893,1818,2026-02-21,55.5
29894,1818,2026-02-23,44.57
29895,1818,2025-10-29,68.09
29896,1818,2026-08-07,52.79
29897,1818,2026-01-06,41.65
29898,1818,2026-04-24,42.48
29899,1818,2026-08-25,22.51
29900,1818,2025-11-26,38.17
29901,1818,2026-09-15,35.85
29902,1818,2025-11-02,51.99
29903,1818,2026-06-13,40.91
29904,1818,2026-07-14,61.27
29905,1818,2026-05-31,47.07
29906,1818,2025-10-15,30.82
29907,1818,2025-12-04,87.94
29908,1818,2026-04-04,37.81
29909,1818,2026-05-19,57.75
29910,1818,2026-07-25,24.95
29911,1818,2026-03-12,63.64
29912,1818,2025-12-24,21.55
29913,1818,2026-08-10,107.59
29914,1819,2026-09-09,37.19
29915,1819,2026-08-11,31.4
29916,1819,2026-07-21,54.2
29917,1819,2026-08-25,51.03
29918,1819,2026-08-05,107.66
29919,1819,2026-02-02,35.35
29920,1819,2026-08-09,56.96
29921,1819,2026-01-12,19.25
29922,1819,2026-08-08,23.77
29923,1819,2026-06-30,81.93
29924,1819,2026-05-05,73.99
29925,1819,2025-11-14,54.95
29926,1819,2026-07-18,74.71
29927,1819,2026-05-09,27.73
29928,1819,2026-08-03,94.67
29929,1819,2026-06-25,28.25
29930,1819,2026-03-07,52.07
29931,1819,2025-12-21,156.65
29932,1819,2026-03-10,30.26
29933,1819,2026-02-03,82.56
29934,1819,2026-05-09,69.51
29935,1819,2026-07-02,35.39
29936,1819,2026-01-22,115.26
29937,1819,2025-11-23,29.86
29938,1819,2026-02-12,44.26
29939,1819,2026-08-04,60.06
29940,1819,2025-09-27,43.11
29941,1819,2026-07-05,182.27
29942,1820,2026-05-18,61.87
29943,1820,2026-04-21,32.82
29944,1820,2026-04-23,37.54
29945,1821,2026-09-15,190.5
29946,1821,2025-11-04,71.77
29947,1821,2026-07-16,79.46
29948,1821,2026-08-29,126.2
29949,1821,2026-02-08,64.91
29950,1821,2026-05-31,53.66
29951,1821,2026-08-03,151.19
29952,1821,2026-05-02,56.28
29953,1821,2026-09-01,101.16
29954,1821,2026-04-10,90.88
29955,1821,2025-11-29,38.29
29956,1821,2026-02-27,56.19
29957,1821,2025-10-23,105.57
29958,1821,2025-09-27,156.75
29959,1821,2025-11-20,63.87
29960,1821,2025-12-17,60.41
29961,1821,2026-02-20,119.57
29962,1822,2026-09-03,65.58
29963,1822,2026-04-20,41.91
29964,1822,2025-12-08,46.12
29965,1822,2026-04-09,50.75
29966,1822,2026-01-28,21.63
29967,1822,2025-11-04,146.88
29968,1822,2026-08-16,45.91
29969,1822,2026-08-17,101.54
29970,1822,2026-07-10,30.72
29971,1822,2026-03-08,58.6
29972,1822,2025-12-16,26.42
29973,1822,2026-07-23,12.3
29974,1822,2026-01-14,67.6
29975,1822,2026-08-06,49.13
29976,1822,2026-07-26,35.45
29977,1822,2025-10-20,9.85
29978,1822,2026-05-23,36.41
29979,1822,2026-04-14,50.9
29980,1822,2026-06-02,27.71
29981,1822,2026-05-10,47.75
29982,1822,2026-03-26,33.82
29983,1822,2026-06-25,26.2
29984,1822,2026-08-26,42.21
29985,1822,2026-01-06,16.95
29986,1822,2026-03-06,56.39
29987,1822,2026-03-02,47.04
29988,1822,2026-07-08,59.08
29989,1822,2025-12-31,74.78
29990,1823,2026-09-02,39.03
29991,1823,2025-12-25,35.45
29992,1823,2026-03-21,45.74
29993,1823,2025-10-02,42.73
29994,1823,2026-03-29,75.63
29995,1823,2025-10-27,31.94
29996,1823,2026-05-04,21.23
29997,1823,2026-01-02,36.04
29998,1823,2025-10-12,34.15
29999,1823,2025-11-10,87.33
30000,1823,2026-07-04,65.83
30001,1823,2026-01-03,80.7
30002,1823,2026-06-22,69.4
30003,1823,2026-01-27,18.53
30004,1823,2025-12-22,30.66
30005,1823,2025-12-18,22.93
30006,1823,2025-11-11,91.09
30007,1823,2026-06-10,65.67
30008,1823,2026-07-14,53.83
30009,1823,2025-10-08,34.84
30010,1823,2026-01-22,36.65
30011,1823,2026-04-07,30.56
30012,1823,2026-04-10,60.29
30013,1823,2026-08-18,47.15
30014,1823,2025-09-30,61.49
30015,1823,2026-06-30,54.33
30016,1823,2026-01-06,65.25
30017,1824,2026-04-21,38.27
30018,1824,2025-12-05,45.6
30019,1824,2026-02-03,30.55
30020,1824,2025-11-16,50.33
30021,1824,2025-10-31,42.49
30022,1825,2026-08-10,16.11
30023,1825,2026-06-04,100.19
30024,1826,2026-09-12,237.65
30025,1826,2026-01-25,163.62
30026,1826,2026-01-10,168.44
30027,1826,2026-05-19,155.68
30028,1826,2026-09-08,99.05
30029,1826,2026-06-07,207.27
30030,1826,2025-11-25,298.19
30031,1826,2025-12-24,169.53
30032,1826,2026-03-02,120.09
30033,1826,2026-02-28,328.51
30034,1826,2026-09-08,387.74
30035,1826,2026-07-08,172.24
30036,1826,2025-12-04,137.7
30037,1826,2025-10-22,196.75
30038,1826,2025-12-15,238.29
30039,1826,2026-06-30,171.54
30040,1826,2025-09-26,103.61
30041,1826,2026-03-21,323.57
30042,1826,2026-03-27,234.18
30043,1826,2026-04-19,421.61
30044,1826,2025-12-12,214.04
30045,1826,2026-01-08,407.34
30046,1826,2026-01-04,189.66
30047,1827,2026-07-26,38.36
30048,1827,2026-06-01,57.32
30049,1827,2026-06-29,55.0
30050,1827,2026-06-11,37.56
30051,1827,2026-02-13,68.76
30052,1827,2026-03-04,41.04
30053,1827,2025-12-11,58.42
30054,1827,2025-11-22,24.78
30055,1827,2026-01-03,67.88
30056,1827,2026-03-13,32.57
30057,1827,2025-11-24,60.98
30058,1827,2025-10-28,80.08
30059,1827,2025-12-02,54.12
30060,1827,2026-01-11,75.59
30061,1827,2026-02-19,27.7
30062,1827,2026-04-29,43.36
30063,1827,2026-05-07,33.62
30064,1827,2025-10-22,33.42
30065,1827,2025-11-18,22.12
30066,1827,2025-11-04,46.66
30067,1827,2026-03-15,68.72
30068,1827,2025-12-09,79.56
30069,1828,2026-09-15,48.22
30070,1828,2026-07-28,30.93
30071,1828,2025-10-10,88.99
30072,1828,2026-03-31,59.98
30073,1828,2026-05-02,30.04
30074,1828,2025-12-23,30.24
30075,1828,2026-01-12,110.18
30076,1828,2026-08-28,41.83
30077,1828,2026-02-06,33.17
30078,1828,2025-09-26,35.45
30079,1828,2026-01-17,55.13
30080,1828,2025-12-17,36.33
30081,1828,2026-01-19,47.78
30082,1828,2026-05-19,127.21
30083,1828,2026-07-06,22.19
30084,1828,2026-04-01,37.49
30085,1828,2026-06-03,46.26
30086,1828,2026-07-22,20.35
30087,1828,2026-02-05,56.79
30088,1828,2026-04-29,67.33
30089,1828,2026-01-12,24.09
30090,1828,2026-05-27,43.38
30091,1828,2026-07-02,48.87
30092,1828,2026-05-29,58.28
30093,1829,2026-08-07,86.8
30094,1829,2026-01-20,59.04
30095,1829,2026-07-31,130.49
30096,1829,2026-07-28,142.86
30097,1829,2025-11-03,139.96
30098,1829,2026-07-04,121.91
30099,1829,2025-12-04,63.48
30100,1829,2026-07-31,58.6
30101,1829,2026-06-29,135.91
30102,1829,2026-08-05,52.35
30103,1829,2026-03-21,66.11
30104,1830,2026-09-15,55.47
30105,1830,2026-07-08,49.81
30106,1830,2026-05-09,43.2
30107,1830,2026-02-10,43.64
30108,1830,2026-01-24,51.34
30109,1830,2026-07-07,27.53
30110,1830,2026-08-06,37.66
30111,1830,2026-04-13,112.39
30112,1830,2026-04-18,55.97
30113,1830,2026-05-26,78.95
30114,1830,2025-10-21,52.45
30115,1830,2026-07-06,32.37
30116,1830,2025-12-19,39.24
30117,1830,2025-10-28,20.55
30118,1830,2025-10-21,83.53
30119,1830,2025-11-10,67.33
30120,1830,2026-08-01,30.89
30121,1830,2025-12-27,63.47
30122,1830,2026-04-03,60.96
30123,1830,2025-09-26,46.59
30124,1830,2026-03-13,55.75
30125,1831,2026-09-04,80.42
30126,1831,2026-03-03,38.46
30127,1831,2026-05-30,56.1
30128,1831,2026-01-05,30.73
30129,1831,2025-10-06,34.82
30130,1831,2025-12-22,113.17
30131,1831,2026-07-30,38.04
30132,1831,2026-04-09,68.92
30133,1831,2026-07-24,50.38
30134,1831,2026-05-09,24.02
30135,1831,2026-01-31,42.36
30136,1831,2025-10-17,53.34
30137,1831,2026-02-07,61.93
30138,1831,2026-06-17,20.14
30139,1831,2026-05-30,29.14
30140,1831,2026-03-12,51.75
30141,1831,2026-08-09,29.47
30142,1831,2026-06-21,77.88
30143,1831,2026-07-21,43.76
30144,1831,2025-09-27,56.01
30145,1831,2026-06-20,80.62
30146,1831,2026-03-17,26.05
30147,1831,2026-04-20,55.41
30148,1831,2025-12-29,47.81
30149,1831,2026-02-24,48.47
30150,1831,2026-06-04,40.69
30151,1831,2026-02-03,48.34
30152,1831,2025-11-24,12.06
30153,1831,2026-01-08,78.77
30154,1831,2026-06-09,24.66
30155,1831,2026-08-19,100.0
30156,1832,2026-08-12,94.96
30157,1832,2026-07-28,41.98
30158,1832,2026-07-18,100.9
30159,1832,2025-10-21,94.08
30160,1832,2026-06-19,88.36
30161,1832,2026-02-18,193.95
30162,1832,2026-02-21,176.35
30163,1832,2026-02-01,135.82
30164,1832,2025-11-30,134.48
30165,1832,2026-01-17,94.38
30166,1832,2025-10-15,103.35
30167,1832,2026-01-19,109.35
30168,1833,2026-08-28,31.82
30169,1833,2026-07-21,68.26
30170,1833,2026-04-21,21.34
30171,1833,2025-10-17,29.12
30172,1833,2026-07-10,39.97
30173,1833,2026-06-24,27.43
30174,1833,2026-04-09,57.56
30175,1833,2026-02-26,33.57
30176,1833,2026-07-15,70.67
30177,1833,2026-07-15,66.52
30178,1833,2026-05-11,33.21
30179,1833,2026-07-14,38.4
30180,1833,2025-12-01,43.23
30181,1833,2026-08-08,82.78
30182,1833,2025-11-20,29.45
30183,1833,2026-05-16,15.46
30184,1833,2026-01-24,37.19
30185,1833,2025-12-02,29.75
30186,1833,2026-04-28,22.59
30187,1833,2026-06-27,44.26
30188,1833,2025-12-13,26.54
30189,1833,2025-11-21,52.39
30190,1833,2026-03-08,26.19
30191,1833,2025-09-28,169.97
30192,1833,2025-12-21,72.48
30193,1833,2026-03-04,32.36
30194,1833,2025-12-07,31.8
30195,1833,2025-12-06,41.31
30196,1833,2026-01-08,62.67
30197,1833,2026-01-15,36.79
30198,1833,2025-11-19,26.68
30199,1833,2026-03-27,23.42
30200,1834,2026-09-13,140.45
30201,1834,2026-07-16,56.79
30202,1834,2025-10-29,37.38
30203,1834,2025-10-08,97.27
30204,1834,2026-07-03,70.45
30205,1835,2026-06-10,40.08
30206,1835,2026-02-24,255.7
30207,1835,2025-11-20,131.06
30208,1836,2026-09-05,170.78
30209,1836,2026-01-16,131.37
30210,1836,2026-07-21,194.04
30211,1836,2026-06-13,158.62
30212,1836,2026-08-27,148.36
30213,1836,2026-07-20,294.25
30214,1836,2026-07-14,348.76
30215,1836,2025-10-28,204.46
30216,1836,2025-10-17,209.46
30217,1836,2025-12-07,150.53
30218,1836,2025-10-20,130.14
30219,1836,2026-02-23,300.42
30220,1836,2026-08-13,118.55
30221,1836,2025-12-07,158.91
30222,1836,2026-03-09,156.64
30223,1836,2026-07-23,254.15
30224,1836,2026-01-12,192.15
30225,1836,2026-06-09,162.52
30226,1836,2026-09-04,387.13
30227,1836,2026-07-29,437.34
30228,1836,2026-08-31,250.24
30229,1836,2026-04-02,224.03
30230,1836,2026-08-14,167.43
30231,1836,2026-02-22,208.27
30232,1837,2026-09-16,127.19
30233,1837,2026-01-09,126.82
30234,1837,2026-02-26,169.28
30235,1837,2026-01-11,490.18
30236,1837,2026-07-05,600.59
30237,1837,2025-12-01,356.75
30238,1837,2026-07-01,280.63
30239,1837,2026-07-29,87.8
30240,1837,2026-08-04,700.23
30241,1837,2026-08-24,250.52
30242,1837,2025-11-26,128.04
30243,1837,2026-05-08,703.42
30244,1837,2026-07-19,200.9
30245,1837,2026-08-01,305.68
30246,1837,2026-03-02,182.29
30247,1837,2025-12-17,271.11
30248,1837,2026-08-22,285.98
30249,1837,2026-04-15,309.25
30250,1837,2026-04-17,374.15
30251,1837,2025-10-17,225.2
30252,1837,2026-09-14,230.8
30253,1837,2026-08-16,205.52
30254,1837,2026-06-23,131.27
30255,1837,2025-10-15,139.77
30256,1838,2026-08-29,63.87
30257,1838,2026-01-16,40.82
30258,1838,2026-04-01,58.09
30259,1838,2025-12-05,22.59
30260,1838,2025-11-30,29.35
30261,1838,2025-12-28,50.67
30262,1838,2026-08-10,45.33
30263,1838,2026-05-18,62.72
30264,1838,2026-05-30,76.38
30265,1838,2025-12-29,77.96
30266,1839,2026-09-01,105.84
30267,1839,2026-01-31,99.91
30268,1839,2025-10-25,42.13
30269,1839,2026-02-01,58.7
30270,1839,2026-03-12,99.22
30271,1839,2025-10-08,81.6
30272,1839,2026-04-14,119.01
30273,1839,2026-08-15,217.0
30274,1840,2026-03-19,35.86
30275,1840,2025-10-29,70.95
30276,1840,2026-01-08,10.25
30277,1840,2025-10-19,30.24
30278,1840,2025-11-23,36.98
30279,1840,2025-11-15,28.7
30280,1841,2026-09-19,339.11
30281,1841,2026-03-15,145.66
30282,1841,2025-12-10,206.75
30283,1841,2026-08-13,126.12
30284,1841,2026-08-06,308.17
30285,1841,2026-04-21,244.81
30286,1841,2026-09-11,197.83
30287,1841,2026-03-23,120.48
30288,1841,2026-02-24,195.39
30289,1841,2026-07-27,244.02
30290,1841,2026-02-15,165.31
30291,1841,2026-01-19,167.87
30292,1841,2026-07-12,210.98
30293,1841,2026-05-28,284.38
30294,1841,2025-12-02,254.14
30295,1841,2026-08-26,356.5
30296,1841,2026-01-25,201.69
30297,1841,2026-06-23,331.26
30298,1841,2026-01-08,124.27
30299,1841,2026-09-07,251.22
30300,1841,2025-11-27,245.27
30301,1841,2025-10-28,606.69
30302,1841,2026-02-19,155.33
30303,1841,2026-04-07,122.32
30304,1841,2026-01-10,148.49
30305,1841,2025-10-10,158.01
30306,1841,2026-01-24,252.54
30307,1841,2026-02-11,119.09
30308,1841,2026-03-20,245.32
30309,1841,2026-09-04,213.26
30310,1841,2026-08-06,316.91
30311,1841,2026-07-20,277.49
30312,1841,2026-08-28,304.85
30313,1841,2026-03-13,261.94
30314,1841,2026-05-01,355.18
30315,1841,2026-09-16,107.38
30316,1841,2026-03-11,109.08
30317,1841,2026-02-12,208.06
30318,1841,2026-07-09,218.12
30319,1841,2025-11-10,132.46
30320,1841,2026-05-30,270.21
30321,1842,2026-09-07,34.26
30322,1842,2026-05-20,35.39
30323,1842,2025-10-23,63.8
30324,1842,2026-08-27,51.05
30325,1842,2025-12-11,37.26
30326,1842,2025-09-28,29.87
30327,1842,2025-11-06,22.9
30328,1842,2025-10-03,17.0
30329,1842,2026-03-15,86.93
30330,1842,2025-10-14,40.82
30331,1842,2026-04-07,30.17
30332,1842,2026-06-14,63.11
30333,1842,2025-11-13,31.69
30334,1842,2026-01-19,31.97
30335,1842,2026-01-12,76.86
30336,1842,2026-04-05,62.82
30337,1842,2025-09-27,48.87
30338,1842,2026-05-15,35.07
30339,1842,2026-02-07,49.99
30340,1842,2026-04-13,58.43
30341,1842,2026-05-14,50.54
30342,1842,2026-01-09,77.72
30343,1842,2026-07-23,28.68
30344,1842,2026-08-01,40.07
30345,1842,2026-01-26,57.82
30346,1842,2026-04-06,34.78
30347,1843,2026-09-15,85.86
30348,1843,2025-10-01,148.05
30349,1843,2025-11-04,157.95
30350,1843,2026-01-16,211.44
30351,1843,2025-12-12,192.15
30352,1843,2026-01-26,233.53
30353,1843,2025-11-30,147.83
30354,1843,2025-12-02,177.12
30355,1843,2026-04-10,272.47
30356,1843,2026-07-26,75.63
30357,1843,2026-08-22,253.77
30358,1843,2026-06-05,80.0
30359,1843,2026-03-05,211.0
30360,1843,2026-06-05,265.36
30361,1843,2026-03-29,241.19
30362,1843,2026-07-05,158.86
30363,1843,2025-10-21,235.74
30364,1843,2026-04-16,137.42
30365,1843,2026-01-18,391.12
30366,1843,2026-03-02,305.27
30367,1843,2025-12-09,137.01
30368,1843,2026-02-25,390.21
30369,1843,2026-01-11,229.22
30370,1843,2025-11-22,126.31
30371,1843,2026-02-02,355.14
30372,1843,2026-02-01,439.97
30373,1843,2025-10-26,187.17
30374,1843,2026-01-05,247.6
30375,1843,2026-08-23,208.76
30376,1843,2025-12-05,272.55
30377,1843,2025-11-09,300.3
30378,1843,2026-02-16,327.29
30379,1843,2025-12-04,91.43
30380,1843,2026-08-17,166.32
30381,1843,2025-09-28,324.25
30382,1843,2025-11-11,153.38
30383,1844,2026-08-02,163.62
30384,1844,2026-06-21,34.05
30385,1844,2025-12-23,92.8
30386,1844,2026-02-17,47.77
30387,1844,2025-11-09,186.21
30388,1844,2026-05-01,57.02
30389,1844,2025-11-02,54.99
30390,1844,2026-05-24,91.39
30391,1844,2026-03-10,171.3
30392,1844,2026-06-30,156.74
30393,1844,2026-06-05,81.42
30394,1844,2026-01-24,77.91
30395,1844,2026-04-14,113.81
30396,1844,2025-11-09,87.67
30397,1844,2025-10-21,93.33
30398,1844,2026-06-25,84.44
30399,1845,2026-08-29,184.94
30400,1845,2026-01-27,318.23
30401,1845,2026-06-21,159.05
30402,1845,2026-04-07,235.12
30403,1845,2026-08-27,351.97
30404,1845,2026-03-10,288.98
30405,1845,2026-02-22,207.28
30406,1845,2026-03-05,93.59
30407,1845,2025-10-24,180.2
30408,1845,2026-03-16,546.28
30409,1845,2025-11-16,187.82
30410,1845,2026-02-28,209.52
30411,1845,2026-08-03,226.65
30412,1845,2026-08-14,254.53
30413,1845,2026-05-16,156.38
30414,1845,2025-12-08,295.37
30415,1845,2026-03-21,252.41
30416,1845,2026-04-28,96.74
30417,1845,2026-03-17,66.83
30418,1845,2025-10-15,164.93
30419,1845,2026-06-28,121.78
30420,1845,2026-02-09,241.36
30421,1845,2026-01-11,177.44
30422,1845,2025-11-23,259.48
30423,1845,2026-03-19,261.01
30424,1845,2025-10-18,133.56
30425,1845,2025-11-12,178.25
30426,1845,2026-07-27,163.72
30427,1845,2026-06-06,319.57
30428,1845,2026-06-06,194.04
30429,1845,2025-10-26,368.72
30430,1845,2026-07-21,378.07
30431,1845,2025-11-24,197.57
30432,1845,2025-10-06,160.86
30433,1845,2026-04-11,141.61
30434,1845,2026-07-13,289.05
30435,1845,2025-11-29,200.73
30436,1845,2026-04-05,151.28
30437,1845,2026-01-27,314.44
30438,1845,2026-05-22,317.04
30439,1845,2026-03-29,137.04
30440,1845,2026-04-19,247.1
30441,1845,2026-03-10,273.7
30442,1846,2026-04-11,28.05
30443,1846,2026-04-03,41.13
30444,1846,2026-02-02,36.71
30445,1846,2026-01-12,22.0
30446,1847,2026-06-15,162.15
30447,1847,2026-02-26,66.97
30448,1847,2026-01-26,104.2
30449,1847,2026-02-08,106.16
30450,1848,2026-06-11,50.79
30451,1848,2026-06-07,43.96
30452,1848,2025-11-19,46.98
30453,1849,2026-08-16,33.86
30454,1849,2026-03-11,45.88
30455,1849,2025-09-27,36.53
30456,1849,2026-02-26,66.11
30457,1849,2025-12-27,46.98
30458,1849,2026-03-23,29.25
30459,1849,2026-06-22,40.58
30460,1849,2026-05-06,40.0
30461,1849,2026-06-13,75.58
30462,1849,2026-06-14,66.69
30463,1849,2026-01-12,62.3
30464,1849,2026-07-26,32.58
30465,1849,2026-07-20,52.03
30466,1849,2025-10-19,26.92
30467,1849,2026-06-13,60.63
30468,1849,2026-02-05,78.14
30469,1849,2026-08-14,17.67
30470,1849,2025-12-17,43.52
30471,1849,2026-02-22,43.5
30472,1849,2026-08-08,68.14
30473,1849,2026-01-28,34.75
30474,1849,2026-06-25,34.53
30475,1849,2025-10-06,48.77
30476,1849,2026-03-06,59.67
30477,1849,2026-07-16,49.8
30478,1849,2026-03-15,67.49
30479,1849,2025-10-23,61.91
30480,1850,2026-08-25,39.28
30481,1850,2026-07-12,53.19
30482,1850,2026-06-09,17.93
30483,1850,2026-04-09,35.48
30484,1851,2026-05-06,88.65
30485,1851,2025-11-10,98.59
30486,1851,2026-02-22,96.34
30487,1851,2025-10-13,164.75
30488,1851,2026-03-06,245.9
30489,1851,2026-01-22,71.61
30490,1851,2026-03-01,175.06
30491,1852,2026-08-12,123.93
30492,1852,2026-02-14,88.11
30493,1852,2026-06-11,57.59
30494,1852,2025-12-18,83.65
30495,1852,2025-11-26,160.63
30496,1852,2026-02-26,118.72
30497,1852,2026-04-24,174.7
30498,1852,2025-10-15,170.58
30499,1852,2026-01-14,104.07
30500,1852,2026-01-04,22.99
30501,1852,2025-10-19,63.19
30502,1852,2026-07-08,47.39
30503,1852,2026-02-17,179.46
30504,1852,2025-12-06,119.51
30505,1852,2026-04-05,86.0
30506,1852,2026-06-01,74.96
30507,1852,2026-02-26,154.33
30508,1853,2026-09-20,38.34
30509,1853,2025-12-04,59.05
30510,1853,2025-11-06,53.78
30511,1853,2026-07-06,28.87
30512,1853,2026-02-01,25.68
30513,1853,2026-02-15,39.23
30514,1853,2025-10-14,55.72
30515,1853,2026-03-21,100.87
30516,1853,2026-04-27,27.8
30517,1853,2025-10-12,29.36
30518,1853,2025-10-16,71.54
30519,1853,2025-12-20,50.19
30520,1853,2025-10-19,42.42
30521,1853,2026-01-06,62.19
30522,1853,2026-05-24,80.32
30523,1853,2025-12-23,73.28
30524,1853,2025-09-27,33.49
30525,1853,2025-10-14,55.97
30526,1853,2025-12-18,76.41
30527,1853,2026-06-20,40.33
30528,1853,2025-12-16,54.35
30529,1853,2026-09-08,35.29
30530,1853,2026-02-07,29.92
30531,1853,2026-06-08,55.38
30532,1854,2026-08-04,28.86
30533,1854,2025-10-22,12.51
30534,1854,2026-03-09,18.91
30535,1854,2026-04-11,46.13
30536,1854,2026-06-17,55.26
30537,1854,2025-11-22,31.95
30538,1854,2026-01-18,48.72
30539,1854,2026-06-09,31.39
30540,1854,2026-01-23,22.0
30541,1854,2026-04-10,83.26
30542,1855,2026-09-05,96.8
30543,1855,2026-08-31,87.32
30544,1855,2026-08-13,65.23
30545,1855,2026-03-30,48.7
30546,1855,2026-01-19,94.21
30547,1855,2026-01-26,78.46
30548,1855,2026-06-08,102.59
30549,1855,2025-11-30,34.97
30550,1855,2026-08-05,75.45
30551,1855,2026-01-12,136.16
30552,1855,2026-03-29,44.16
30553,1855,2026-08-30,215.63
30554,1855,2025-11-12,109.2
30555,1856,2026-09-09,95.15
30556,1856,2026-01-17,50.54
30557,1856,2026-01-23,173.97
30558,1856,2026-03-11,99.57
30559,1856,2026-05-05,77.54
30560,1856,2026-07-24,124.13
30561,1856,2026-01-26,74.14
30562,1856,2025-11-13,46.47
30563,1856,2026-01-07,92.39
30564,1856,2026-05-22,125.08
30565,1856,2026-02-08,81.92
30566,1856,2026-04-17,83.36
30567,1856,2025-10-04,85.06
30568,1856,2026-03-18,88.28
30569,1856,2026-03-30,98.77
30570,1857,2026-08-17,84.46
30571,1857,2025-10-10,205.75
30572,1857,2026-02-19,51.61
30573,1857,2026-07-01,80.17
30574,1857,2026-05-28,153.13
30575,1857,2026-07-10,95.89
30576,1857,2026-05-28,153.16
30577,1857,2026-07-15,142.16
30578,1858,2026-07-12,90.06
30579,1858,2025-11-21,149.75
30580,1858,2026-05-29,82.7
30581,1858,2025-11-29,256.02
30582,1858,2026-06-11,81.84
30583,1858,2025-12-16,64.15
30584,1858,2025-10-28,185.03
30585,1859,2026-01-19,61.33
30586,1859,2025-11-22,145.81
30587,1859,2026-01-16,74.32
30588,1859,2025-11-20,99.09
30589,1859,2025-12-05,330.4
30590,1860,2026-09-02,137.99
30591,1860,2026-05-05,36.38
30592,1860,2026-04-30,113.81
30593,1860,2026-01-19,34.05
30594,1860,2026-06-29,75.86
30595,1860,2026-06-11,53.49
30596,1860,2025-11-19,118.72
30597,1860,2026-06-30,70.12
30598,1861,2026-07-07,25.22
30599,1861,2026-03-04,48.63
30600,1861,2026-04-21,22.71
30601,1861,2026-06-14,29.84
30602,1861,2025-10-13,23.49
30603,1861,2026-03-02,45.67
30604,1861,2026-05-29,15.74
30605,1862,2026-09-09,51.84
30606,1862,2026-06-14,40.62
30607,1862,2025-11-04,62.71
30608,1862,2026-07-18,101.49
30609,1862,2025-12-31,80.23
30610,1862,2026-07-13,105.38
30611,1862,2025-09-26,124.17
30612,1862,2026-05-28,84.09
30613,1862,2026-05-11,84.98
30614,1862,2025-12-31,182.07
30615,1862,2026-04-20,125.37
30616,1862,2025-11-20,107.0
30617,1862,2026-04-24,77.12
30618,1862,2026-01-24,121.97
30619,1863,2026-08-01,53.71
30620,1863,2026-03-25,86.78
30621,1863,2026-06-24,127.14
30622,1863,2026-04-06,70.06
30623,1863,2026-06-28,102.52
30624,1863,2026-05-22,113.1
30625,1863,2026-01-18,55.67
30626,1863,2026-03-08,91.69
30627,1863,2026-06-01,81.85
30628,1863,2026-06-19,89.4
30629,1863,2026-04-28,43.73
30630,1863,2025-11-19,47.77
30631,1863,2026-05-31,155.84
30632,1863,2026-04-22,126.49
30633,1863,2026-06-23,99.37
30634,1863,2026-01-23,135.04
30635,1864,2026-09-11,39.18
30636,1864,2026-09-11,25.47
30637,1864,2026-04-02,67.24
30638,1864,2026-06-26,77.99
30639,1864,2026-04-01,136.33
30640,1864,2026-03-27,69.88
30641,1864,2026-07-26,33.76
30642,1864,2026-04-01,35.79
30643,1864,2025-12-02,17.68
30644,1864,2025-10-29,31.23
30645,1864,2026-02-07,25.42
30646,1864,2026-07-17,58.63
30647,1864,2025-12-08,69.24
30648,1864,2026-05-25,124.32
30649,1864,2026-07-18,180.54
30650,1865,2025-10-30,19.71
30651,1865,2025-10-07,25.16
30652,1865,2025-10-01,9.39
30653,1866,2026-09-13,61.1
30654,1866,2026-06-18,86.41
30655,1866,2026-06-07,64.61
30656,1866,2026-08-08,96.57
30657,1866,2026-05-04,130.24
30658,1866,2026-08-28,187.48
30659,1866,2025-09-26,98.85
30660,1866,2026-02-08,44.63
30661,1866,2025-12-25,119.61
30662,1866,2026-06-11,78.71
30663,1866,2026-02-14,77.95
30664,1866,2026-08-06,94.39
30665,1866,2025-10-22,115.75
30666,1866,2025-12-29,74.72
30667,1866,2026-06-02,116.89
30668,1867,2026-08-29,63.31
30669,1867,2025-11-10,460.34
30670,1867,2026-01-08,99.37
30671,1867,2026-05-17,64.01
30672,1867,2025-09-30,262.52
30673,1867,2025-12-11,125.99
30674,1867,2026-01-19,98.6
30675,1867,2026-01-19,104.1
30676,1867,2026-08-07,160.27
30677,1867,2026-03-10,100.82
30678,1867,2026-05-29,41.42
30679,1867,2026-04-29,89.27
30680,1867,2026-02-26,134.91
30681,1867,2026-07-27,88.09
30682,1867,2025-12-09,57.77
30683,1867,2026-05-16,88.54
30684,1867,2026-03-27,132.78
30685,1868,2026-08-19,110.28
30686,1868,2026-02-03,165.42
30687,1868,2026-01-31,65.21
30688,1868,2026-06-22,110.97
30689,1868,2026-05-09,122.08
30690,1868,2025-10-02,52.32
30691,1868,2026-06-10,115.88
30692,1869,2026-09-20,39.6
30693,1869,2025-11-09,118.06
30694,1869,2025-11-16,44.23
30695,1869,2025-11-18,31.29
30696,1869,2026-09-02,108.36
30697,1869,2025-12-07,48.9
30698,1869,2026-07-23,39.42
30699,1869,2026-06-05,66.29
30700,1869,2026-01-19,78.88
30701,1869,2026-09-18,34.64
30702,1869,2026-06-27,67.52
30703,1869,2026-06-27,40.64
30704,1869,2026-09-04,28.94
30705,1869,2026-03-01,32.73
30706,1869,2026-01-25,26.56
30707,1869,2026-01-16,46.8
30708,1869,2025-12-29,46.88
30709,1869,2026-04-28,75.24
30710,1869,2026-05-08,66.52
30711,1869,2025-11-16,37.52
30712,1870,2026-08-20,169.9
30713,1870,2025-12-01,46.27
30714,1870,2025-12-14,146.03
30715,1870,2026-04-06,85.39
30716,1870,2026-02-07,55.57
30717,1870,2026-01-08,82.85
30718,1870,2026-03-09,209.54
30719,1870,2026-01-01,278.58
30720,1870,2026-01-16,63.4
30721,1870,2026-05-05,88.44
30722,1870,2026-06-09,82.77
30723,1870,2026-05-27,89.23
30724,1870,2025-10-21,186.99
30725,1870,2026-07-14,75.48
30726,1871,2026-04-15,79.57
30727,1871,2026-04-01,107.12
30728,1871,2025-10-01,169.07
30729,1871,2025-12-07,110.93
30730,1871,2025-10-23,186.4
30731,1872,2026-08-27,22.29
30732,1872,2026-02-14,50.41
30733,1872,2025-12-09,67.54
30734,1872,2025-12-14,24.69
30735,1872,2026-06-13,48.03
30736,1872,2026-03-14,46.05
30737,1872,2025-12-08,52.84
30738,1872,2026-01-31,39.81
30739,1872,2026-01-21,23.36
30740,1872,2026-07-27,37.63
30741,1872,2025-10-31,35.04
30742,1872,2026-02-03,43.65
30743,1872,2026-08-02,77.4
30744,1872,2026-08-08,23.05
30745,1872,2026-06-07,69.34
30746,1872,2025-12-11,99.72
30747,1872,2026-01-11,97.01
30748,1872,2026-08-24,100.73
30749,1872,2026-05-13,49.08
30750,1872,2025-12-20,46.49
30751,1872,2026-06-07,19.94
30752,1872,2026-03-03,40.81
30753,1872,2025-12-09,74.91
30754,1872,2026-01-02,23.74
30755,1873,2026-09-19,102.08
30756,1873,2026-02-06,57.98
30757,1873,2026-01-15,31.73
30758,1873,2026-08-18,88.69
30759,1873,2026-03-07,183.42
30760,1873,2026-04-25,191.21
30761,1873,2026-04-15,82.67
30762,1873,2026-05-26,79.47
30763,1873,2026-08-31,44.69
30764,1874,2026-08-28,91.98
30765,1874,2026-06-06,58.99
30766,1874,2026-08-02,137.47
30767,1874,2025-10-08,395.7
30768,1874,2026-07-15,85.31
30769,1874,2026-01-11,175.0
30770,1874,2026-02-12,142.93
30771,1874,2025-11-25,86.91
30772,1874,2026-02-24,114.35
30773,1874,2026-08-26,50.92
30774,1874,2026-07-07,95.75
30775,1874,2025-11-22,78.63
30776,1875,2026-09-13,45.61
30777,1875,2026-02-13,70.32
30778,1875,2026-01-19,81.86
30779,1875,2026-03-24,54.97
30780,1875,2026-07-14,41.94
30781,1875,2025-12-11,129.78
30782,1875,2026-08-31,120.68
30783,1875,2026-08-07,92.21
30784,1875,2026-06-14,106.08
30785,1875,2026-02-07,41.86
30786,1876,2026-08-10,66.61
30787,1876,2026-04-11,68.81
30788,1876,2026-05-11,74.87
30789,1876,2026-02-05,55.55
30790,1876,2026-03-01,85.79
30791,1876,2026-01-18,130.41
30792,1876,2025-12-11,54.57
30793,1876,2026-01-30,89.33
30794,1876,2026-02-06,121.47
30795,1876,2025-11-23,29.48
30796,1876,2026-04-17,207.32
30797,1877,2026-05-16,121.19
30798,1877,2026-03-20,83.09
30799,1877,2026-03-07,59.65
30800,1877,2025-10-24,95.4
30801,1877,2025-11-10,67.4
30802,1877,2025-11-24,203.97
30803,1877,2025-10-14,74.78
30804,1878,2026-06-14,191.67
30805,1878,2026-04-12,117.88
30806,1878,2026-04-05,133.71
30807,1878,2026-05-21,149.63
30808,1878,2026-01-16,95.96
30809,1878,2026-06-07,79.95
30810,1878,2026-02-04,260.56
30811,1878,2026-04-30,133.33
30812,1878,2026-01-24,49.65
30813,1879,2026-09-17,78.83
30814,1879,2025-10-08,62.01
30815,1879,2026-03-24,38.28
30816,1879,2025-12-05,51.6
30817,1879,2026-04-16,93.95
30818,1879,2026-01-27,76.36
30819,1879,2025-11-26,88.75
30820,1879,2025-11-07,59.08
30821,1879,2025-10-25,35.26
30822,1879,2025-11-13,58.64
30823,1879,2026-04-07,96.67
30824,1879,2026-08-12,59.1
30825,1879,2026-09-06,31.02
30826,1879,2025-09-28,46.36
30827,1879,2025-11-08,63.36
30828,1879,2026-06-04,48.62
30829,1879,2026-09-02,63.44
30830,1879,2026-02-21,34.05
30831,1879,2026-04-10,40.85
30832,1879,2026-03-25,52.47
30833,1879,2026-05-22,53.6
30834,1879,2026-09-15,33.85
30835,1879,2026-05-12,14.94
30836,1879,2026-04-25,12.31
30837,1879,2026-02-01,44.06
30838,1879,2026-06-26,48.86
30839,1879,2025-11-16,41.0
30840,1880,2026-07-31,40.21
30841,1880,2026-05-17,44.38
30842,1880,2026-07-10,26.35
30843,1880,2025-12-21,60.98
30844,1880,2026-07-13,33.11
30845,1880,2026-07-12,38.28
30846,1880,2026-03-22,86.29
30847,1880,2026-01-10,33.52
30848,1880,2026-01-22,16.26
30849,1880,2025-09-30,40.18
30850,1880,2025-09-26,47.26
30851,1880,2026-04-08,40.37
30852,1880,2026-03-19,66.27
30853,1880,2026-04-26,53.88
30854,1880,2026-02-04,34.36
30855,1880,2026-01-26,61.56
30856,1880,2025-11-13,55.44
30857,1880,2026-04-15,54.69
30858,1880,2025-12-24,41.88
30859,1880,2026-06-23,51.17
30860,1880,2025-10-23,47.26
30861,1880,2026-06-29,39.31
30862,1880,2026-01-15,55.83
30863,1880,2026-06-17,57.81
30864,1880,2025-10-15,57.82
30865,1881,2026-08-15,52.96
30866,1881,2026-01-10,83.29
30867,1881,2026-02-07,52.74
30868,1881,2026-07-30,34.56
30869,1881,2025-11-11,56.74
30870,1881,2026-07-22,47.39
30871,1881,2025-10-27,56.59
30872,1881,2025-12-31,35.48
30873,1881,2026-08-07,50.18
30874,1881,2026-04-26,42.26
30875,1881,2026-05-15,36.02
30876,1881,2025-10-26,81.13
30877,1881,2025-11-11,35.71
30878,1881,2026-04-16,32.03
30879,1881,2026-02-18,26.38
30880,1881,2026-06-10,43.71
30881,1881,2026-06-23,42.02
30882,1881,2026-05-23,62.28
30883,1881,2026-03-21,25.86
30884,1881,2026-08-11,21.09
30885,1882,2025-10-30,25.47
30886,1882,2025-10-03,27.54
30887,1882,2025-10-26,64.48
30888,1882,2025-10-13,47.05
30889,1882,2025-10-27,27.58
30890,1882,2025-10-27,39.03
30891,1883,2026-09-07,47.42
30892,1883,2025-10-11,31.12
30893,1883,2026-06-19,34.97
30894,1883,2026-01-24,25.17
30895,1883,2026-02-02,31.43
30896,1883,2026-05-05,60.78
30897,1883,2026-03-11,34.45
30898,1883,2026-04-19,41.59
30899,1883,2026-08-13,76.58
30900,1883,2026-04-28,57.72
30901,1883,2026-08-19,46.42
30902,1883,2025-11-05,42.75
30903,1883,2026-02-18,41.16
30904,1883,2026-02-11,68.42
30905,1883,2026-02-17,51.46
30906,1883,2026-05-02,40.09
30907,1883,2025-12-13,25.37
30908,1883,2026-04-20,55.92
30909,1883,2025-12-16,52.5
30910,1883,2026-03-26,22.08
30911,1883,2026-04-02,41.98
30912,1883,2026-06-05,52.32
30913,1884,2026-06-15,41.8
30914,1884,2026-02-23,22.41
30915,1884,2025-10-14,14.8
30916,1885,2026-05-20,75.82
30917,1885,2026-02-19,120.83
30918,1885,2025-09-29,169.12
30919,1885,2025-12-13,152.02
30920,1886,2026-09-16,187.71
30921,1886,2025-09-27,70.14
30922,1886,2026-09-01,119.21
30923,1886,2026-04-04,284.3
30924,1886,2026-07-08,160.92
30925,1886,2026-02-17,105.23
30926,1886,2025-10-07,100.57
30927,1886,2026-08-21,85.07
30928,1887,2026-09-17,164.09
30929,1887,2026-05-29,229.72
30930,1887,2026-02-17,280.16
30931,1887,2026-02-19,223.69
30932,1887,2025-10-26,212.18
30933,1887,2026-02-03,213.49
30934,1887,2026-04-12,501.93
30935,1887,2025-11-14,238.12
30936,1887,2026-01-28,242.15
30937,1887,2026-05-12,74.78
30938,1887,2026-09-06,339.84
30939,1887,2025-12-31,286.56
30940,1887,2025-12-10,280.52
30941,1887,2026-05-17,289.18
30942,1887,2026-02-15,143.53
30943,1887,2026-01-07,193.05
30944,1887,2025-12-16,486.14
30945,1887,2025-10-20,117.11
30946,1887,2026-02-17,120.36
30947,1887,2026-05-21,113.57
30948,1887,2026-04-09,202.46
30949,1887,2026-03-25,450.86
30950,1887,2026-07-14,249.28
30951,1887,2026-06-21,358.77
30952,1887,2026-07-07,89.48
30953,1887,2026-03-15,150.62
30954,1887,2026-04-17,161.83
30955,1887,2026-03-17,452.2
30956,1888,2026-04-10,54.69
30957,1888,2026-01-22,137.82
30958,1888,2026-01-19,105.12
30959,1888,2025-12-20,155.41
30960,1888,2026-01-04,147.75
30961,1888,2026-03-03,182.54
30962,1889,2026-05-30,147.43
30963,1889,2025-12-20,78.61
30964,1889,2026-01-14,124.02
30965,1889,2026-04-26,230.16
30966,1889,2025-11-18,171.59
30967,1889,2026-02-09,159.44
30968,1889,2026-01-18,129.19
30969,1889,2026-02-21,90.64
30970,1889,2026-04-30,64.53
30971,1889,2025-12-15,194.43
30972,1889,2025-12-14,73.45
30973,1889,2026-05-04,76.19
30974,1889,2026-03-08,95.67
30975,1889,2026-05-19,49.11
30976,1889,2026-03-08,80.28
30977,1889,2025-12-02,67.59
30978,1889,2026-01-10,49.74
30979,1889,2026-01-02,53.95
30980,1889,2026-01-04,93.44
30981,1889,2026-03-04,149.88
30982,1890,2026-09-13,77.23
30983,1890,2025-12-12,45.44
30984,1890,2026-01-01,50.51
30985,1890,2026-03-14,43.03
30986,1890,2026-04-05,32.16
30987,1890,2026-04-06,48.17
30988,1890,2025-10-14,42.9
30989,1890,2026-02-14,38.17
30990,1890,2026-03-25,62.32
30991,1890,2026-05-20,50.28
30992,1890,2026-09-08,87.19
30993,1890,2026-07-15,32.14
30994,1890,2026-02-21,39.53
30995,1890,2026-08-28,21.4
30996,1890,2025-12-19,30.38
30997,1890,2026-05-10,63.0
30998,1890,2026-03-21,68.45
30999,1890,2026-02-25,64.84
31000,1890,2026-05-28,85.13
31001,1890,2026-02-13,60.65
31002,1890,2026-03-03,48.9
31003,1891,2026-08-12,106.63
31004,1891,2026-06-22,84.33
31005,1891,2026-01-01,52.15
31006,1891,2026-06-01,92.84
31007,1891,2026-06-05,74.51
31008,1892,2025-12-24,20.85
31009,1892,2025-10-21,24.46
31010,1893,2026-07-16,62.32
31011,1893,2026-06-29,20.82
31012,1893,2026-05-10,38.8
31013,1893,2025-10-18,28.42
31014,1893,2026-03-08,70.54
31015,1893,2025-10-02,36.09
31016,1893,2026-05-21,77.27
31017,1893,2026-02-04,33.72
31018,1893,2026-03-13,53.37
31019,1893,2026-05-23,25.0
31020,1893,2025-10-01,44.31
31021,1893,2026-07-01,28.43
31022,1893,2026-07-11,92.57
31023,1893,2025-10-20,75.45
31024,1893,2026-05-03,51.3
31025,1893,2026-02-17,73.77
31026,1893,2026-06-16,37.16
31027,1893,2026-05-18,61.28
31028,1893,2025-11-13,44.9
31029,1893,2026-03-28,58.68
31030,1893,2025-11-11,49.19
31031,1893,2025-10-16,45.38
31032,1893,2025-10-03,20.61
31033,1893,2025-10-07,34.81
31034,1893,2026-03-16,105.32
31035,1893,2026-05-17,44.19
31036,1893,2025-12-06,33.77
31037,1893,2026-02-18,47.61
31038,1894,2026-09-13,484.46
31039,1894,2026-03-28,104.01
31040,1894,2026-04-26,235.91
31041,1894,2025-12-26,206.25
31042,1894,2026-02-21,221.97
31043,1894,2026-06-09,282.03
31044,1894,2025-12-01,149.26
31045,1894,2025-12-24,168.03
31046,1894,2026-08-12,302.24
31047,1894,2026-01-31,202.5
31048,1894,2026-03-17,141.02
31049,1894,2026-02-05,309.41
31050,1894,2026-06-08,288.71
31051,1894,2026-08-15,232.99
31052,1894,2026-06-05,260.85
31053,1894,2026-03-15,279.41
31054,1894,2025-12-15,207.91
31055,1894,2026-05-20,248.83
31056,1894,2026-01-27,126.59
31057,1894,2026-01-13,197.18
31058,1894,2025-11-04,334.01
31059,1894,2025-12-17,581.78
31060,1894,2026-05-07,228.73
31061,1894,2026-04-09,144.07
31062,1894,2026-03-19,184.47
31063,1894,2026-05-23,112.61
31064,1894,2026-07-25,292.69
31065,1895,2026-04-12,41.78
31066,1895,2025-10-20,121.64
31067,1895,2025-11-02,380.63
31068,1895,2026-01-16,176.81
31069,1895,2026-03-16,100.16
31070,1896,2026-09-19,231.67
31071,1896,2025-11-01,303.76
31072,1896,2026-05-25,274.12
31073,1896,2026-04-05,429.47
31074,1896,2025-09-26,131.71
31075,1896,2026-04-10,218.89
31076,1896,2025-12-01,303.3
31077,1896,2026-08-10,409.44
31078,1896,2025-12-05,519.2
31079,1896,2026-03-21,111.93
31080,1896,2026-02-19,156.18
31081,1896,2026-05-26,209.15
31082,1896,2025-11-26,123.55
31083,1896,2026-06-04,456.8
31084,1896,2026-06-21,228.26
31085,1896,2026-04-25,366.08
31086,1896,2026-02-19,199.38
31087,1896,2026-09-06,259.47
31088,1896,2026-02-22,116.89
31089,1896,2026-06-14,134.07
31090,1896,2026-04-18,135.22
31091,1896,2026-07-02,99.91
31092,1896,2026-02-28,342.65
31093,1896,2026-08-22,214.5
31094,1896,2025-12-22,347.47
31095,1896,2026-06-24,204.91
31096,1896,2026-07-14,358.4
31097,1896,2026-09-12,331.54
31098,1896,2025-10-04,204.34
31099,1896,2026-01-07,236.03
31100,1896,2026-04-04,252.96
31101,1896,2026-05-31,356.61
31102,1897,2026-07-17,32.44
31103,1897,2025-12-25,28.63
31104,1897,2026-06-09,30.86
31105,1898,2026-08-29,104.17
31106,1898,2026-01-31,120.71
31107,1898,2025-11-22,132.42
31108,1898,2026-04-18,108.99
31109,1898,2026-07-20,77.76
31110,1898,2026-02-19,278.93
31111,1898,2026-02-09,67.31
31112,1898,2026-02-02,126.64
31113,1899,2026-09-22,198.38
31114,1899,2025-11-21,320.06
31115,1899,2026-08-01,72.61
31116,1899,2026-03-03,198.97
31117,1899,2026-05-31,182.74
31118,1899,2026-02-13,165.86
31119,1899,2026-04-02,292.9
31120,1899,2026-05-15,197.66
31121,1899,2026-06-24,195.34
31122,1899,2026-03-31,147.56
31123,1899,2026-08-05,175.91
31124,1899,2026-04-02,85.11
31125,1899,2026-07-15,182.2
31126,1899,2026-07-17,111.09
31127,1899,2026-05-25,420.82
31128,1899,2025-12-11,292.15
31129,1899,2025-12-21,316.7
31130,1899,2025-10-18,115.9
31131,1899,2025-10-02,306.2
31132,1899,2026-07-10,155.53
31133,1899,2026-07-07,237.86
31134,1899,2025-10-14,193.08
31135,1899,2025-12-02,112.92
31136,1899,2026-01-31,131.66
31137,1899,2026-04-14,282.53
31138,1899,2026-06-23,278.51
31139,1899,2026-08-11,113.24
31140,1899,2025-10-30,350.24
31141,1899,2026-02-18,176.86
31142,1899,2026-09-05,117.94
31143,1899,2026-05-04,164.02
31144,1899,2025-12-22,114.11
31145,1899,2026-06-03,151.51
31146,1899,2025-10-24,169.34
31147,1899,2026-05-11,264.87
31148,1900,2026-09-08,228.67
31149,1900,2025-09-26,148.73
31150,1900,2026-05-09,204.94
31151,1900,2026-05-31,263.82
31152,1900,2026-07-27,171.85
31153,1900,2026-07-13,131.74
31154,1900,2026-03-05,228.63
31155,1900,2025-12-15,235.22
31156,1900,2026-01-20,89.56
31157,1900,2026-02-28,203.3
31158,1900,2026-06-11,143.74
31159,1900,2026-03-12,260.24
31160,1900,2026-01-20,97.57
31161,1900,2026-06-22,118.38
31162,1900,2026-04-01,73.16
31163,1900,2026-02-16,253.11
31164,1900,2026-08-24,106.98
31165,1900,2026-01-20,115.62
31166,1900,2026-08-24,201.56
31167,1900,2026-04-10,195.47
31168,1900,2026-08-19,279.7
31169,1900,2026-06-09,292.67
31170,1900,2026-04-17,349.22
31171,1900,2026-07-17,434.28
31172,1900,2025-11-27,335.73
31173,1900,2025-11-07,243.9
31174,1900,2026-05-19,231.58
31175,1900,2026-02-25,277.16
31176,1900,2026-02-02,84.58
31177,1900,2026-03-25,195.88
31178,1900,2025-11-18,92.28
31179,1900,2025-11-09,150.87
31180,1901,2026-03-17,19.41
31181,1902,2026-09-19,159.77
31182,1902,2026-03-03,211.68
31183,1902,2026-08-29,224.75
31184,1902,2026-08-28,110.71
31185,1902,2026-05-13,144.03
31186,1902,2026-03-11,179.03
31187,1902,2026-09-18,255.55
31188,1902,2026-08-22,259.89
31189,1902,2026-08-02,131.9
31190,1902,2025-10-17,121.02
31191,1902,2026-06-18,137.16
31192,1902,2026-01-27,300.53
31193,1902,2025-10-25,169.68
31194,1902,2026-05-18,220.3
31195,1902,2026-07-26,253.35
31196,1902,2026-02-13,364.86
31197,1902,2026-05-24,121.25
31198,1902,2025-12-24,362.45
31199,1902,2025-10-07,272.37
31200,1902,2025-10-17,444.76
31201,1902,2026-05-04,395.22
31202,1902,2026-02-07,220.62
31203,1902,2026-04-11,149.96
31204,1902,2026-01-20,282.74
31205,1902,2026-06-12,126.9
31206,1902,2026-04-29,231.46
31207,1902,2026-08-09,150.26
31208,1902,2026-07-01,188.4
31209,1902,2026-07-01,78.68
31210,1902,2026-05-16,202.2
31211,1902,2026-07-26,221.66
31212,1902,2026-01-25,165.24
31213,1902,2025-10-04,202.18
31214,1902,2025-11-10,128.94
31215,1902,2025-12-22,298.24
31216,1902,2026-01-24,212.37
31217,1902,2026-05-29,575.03
31218,1902,2025-10-11,239.52
31219,1903,2026-06-17,121.19
31220,1903,2025-11-03,87.99
31221,1903,2026-04-21,133.26
31222,1903,2025-11-20,88.08
31223,1903,2026-04-05,82.44
31224,1903,2026-03-06,93.61
31225,1903,2026-06-07,126.69
31226,1903,2025-10-25,76.21
31227,1903,2026-04-19,135.44
31228,1903,2026-06-06,64.59
31229,1903,2025-10-21,78.14
31230,1903,2025-10-06,38.88
31231,1904,2026-09-11,202.89
31232,1904,2026-07-29,97.46
31233,1904,2025-11-16,166.47
31234,1904,2026-05-05,411.99
31235,1904,2026-06-26,146.42
31236,1904,2026-07-01,131.16
31237,1904,2026-06-11,308.98
31238,1904,2026-03-15,190.37
31239,1904,2026-05-15,361.97
31240,1904,2026-08-20,185.2
31241,1904,2026-07-04,280.75
31242,1904,2026-01-13,104.9
31243,1904,2026-05-24,137.89
31244,1904,2026-07-20,193.24
31245,1904,2026-02-11,175.1
31246,1904,2026-08-31,646.3
31247,1904,2026-02-02,331.71
31248,1904,2026-06-15,327.78
31249,1904,2026-03-13,194.47
31250,1904,2026-01-14,112.2
31251,1904,2026-04-09,445.89
31252,1904,2026-08-02,101.27
31253,1904,2026-01-05,163.94
31254,1904,2025-12-14,271.82
31255,1904,2026-06-07,679.19
31256,1904,2026-02-04,459.58
31257,1904,2026-09-01,277.95
31258,1904,2026-05-27,552.36
31259,1904,2025-11-21,168.16
31260,1904,2026-08-11,257.23
31261,1904,2026-05-16,404.92
31262,1904,2025-10-27,111.72
31263,1904,2026-03-31,248.74
31264,1905,2026-08-08,34.25
31265,1906,2026-08-09,57.19
31266,1906,2026-05-27,66.85
31267,1906,2026-02-10,61.84
31268,1906,2026-01-31,31.15
31269,1906,2025-09-29,14.79
31270,1906,2026-05-24,66.67
31271,1906,2026-06-12,86.75
31272,1906,2026-06-02,19.18
31273,1906,2026-07-10,39.22
31274,1906,2026-08-07,29.53
31275,1906,2026-05-03,50.27
31276,1906,2026-06-02,82.12
31277,1906,2025-10-12,40.52
31278,1906,2026-06-22,35.83
31279,1906,2026-04-29,53.66
31280,1906,2026-01-11,17.3
31281,1906,2026-01-17,65.61
31282,1906,2026-07-27,72.43
31283,1906,2026-02-26,45.09
31284,1906,2025-10-06,36.92
31285,1907,2026-09-07,83.73
31286,1907,2026-05-27,33.58
31287,1907,2025-12-03,28.29
31288,1907,2026-05-04,40.54
31289,1907,2025-10-30,18.03
31290,1907,2026-05-03,44.83
31291,1907,2026-02-02,38.76
31292,1907,2026-05-24,61.3
31293,1907,2026-05-30,20.85
31294,1907,2026-07-29,63.5
31295,1907,2025-12-10,48.24
31296,1907,2026-03-28,91.84
31297,1907,2026-08-06,41.69
31298,1907,2026-06-11,52.47
31299,1907,2026-01-25,59.87
31300,1907,2025-12-28,18.02
31301,1907,2026-01-05,74.18
31302,1907,2025-10-15,42.46
31303,1907,2025-11-08,25.4
31304,1907,2026-04-29,43.5
31305,1907,2026-04-23,76.22
31306,1907,2026-06-18,38.57
31307,1907,2025-12-20,47.16
31308,1907,2025-12-29,18.29
31309,1907,2026-02-24,30.62
31310,1907,2026-01-02,61.88
31311,1907,2026-02-01,72.46
31312,1907,2025-12-02,49.48
31313,1907,2026-01-13,58.52
31314,1907,2026-02-20,37.58
31315,1908,2026-09-19,193.41
31316,1908,2026-07-25,265.99
31317,1908,2026-08-19,209.14
31318,1908,2026-05-10,96.22
31319,1908,2026-01-04,157.89
31320,1908,2026-06-29,139.61
31321,1908,2026-03-19,294.11
31322,1908,2026-04-07,164.48
31323,1908,2026-05-14,163.59
31324,1908,2026-05-02,186.75
31325,1908,2026-03-02,142.48
31326,1908,2026-07-15,414.04
31327,1908,2026-01-25,348.02
31328,1908,2025-09-26,355.42
31329,1908,2025-12-24,120.55
31330,1908,2026-09-01,246.06
31331,1908,2026-04-23,299.41
31332,1908,2025-11-23,132.33
31333,1908,2026-01-12,123.85
31334,1908,2025-12-23,134.38
31335,1908,2026-01-30,108.78
31336,1908,2026-08-24,336.45
31337,1908,2026-01-02,322.64
31338,1908,2026-05-20,181.53
31339,1908,2026-09-08,204.05
31340,1908,2026-02-11,154.55
31341,1908,2026-02-07,594.98
31342,1908,2026-07-26,172.62
31343,1908,2025-12-25,165.51
31344,1908,2025-12-27,198.24
31345,1908,2026-05-07,116.21
31346,1908,2026-05-16,236.87
31347,1909,2026-07-29,78.35
31348,1909,2026-03-06,102.84
31349,1909,2026-05-26,81.06
31350,1909,2026-03-12,83.59
31351,1909,2026-01-17,27.87
31352,1909,2026-06-19,55.06
31353,1909,2025-11-05,113.09
31354,1909,2025-12-31,47.59
31355,1909,2025-11-27,57.87
31356,1910,2026-08-01,73.03
31357,1910,2025-11-26,127.74
31358,1910,2026-07-24,79.89
31359,1910,2025-10-09,74.18
31360,1910,2026-03-09,89.46
31361,1910,2026-07-19,91.03
31362,1910,2026-01-26,52.2
31363,1910,2026-01-02,140.52
31364,1910,2026-06-22,69.38
31365,1910,2026-03-07,85.92
31366,1910,2026-05-23,176.51
31367,1910,2025-10-22,332.8
31368,1910,2026-05-22,111.1
31369,1910,2026-06-25,41.1
31370,1910,2026-02-15,79.11
31371,1910,2025-10-24,194.77
31372,1911,2026-09-08,157.26
31373,1911,2026-06-22,266.7
31374,1911,2026-07-21,154.53
31375,1911,2025-10-06,333.09
31376,1911,2025-12-12,262.07
31377,1911,2026-05-20,173.56
31378,1911,2026-03-02,120.32
31379,1911,2026-03-18,203.97
31380,1911,2026-08-18,261.98
31381,1911,2026-01-30,377.01
31382,1911,2026-03-12,278.71
31383,1911,2026-01-11,318.61
31384,1911,2026-06-15,149.73
31385,1911,2025-11-18,86.22
31386,1911,2025-12-25,98.06
31387,1911,2026-06-24,184.18
31388,1911,2026-02-24,148.3
31389,1911,2025-11-12,198.68
31390,1911,2026-08-29,292.17
31391,1911,2026-08-04,278.53
31392,1911,2025-11-26,73.09
31393,1911,2026-08-17,670.51
31394,1911,2026-05-05,250.44
31395,1911,2025-11-09,239.21
31396,1911,2025-12-15,196.43
31397,1912,2026-09-21,266.3
31398,1912,2026-05-27,230.69
31399,1912,2026-06-21,136.33
31400,1912,2026-08-16,136.54
31401,1912,2026-04-03,197.51
31402,1912,2026-01-31,177.07
31403,1912,2025-12-14,285.2
31404,1912,2026-03-17,128.65
31405,1912,2025-09-30,148.15
31406,1912,2025-10-09,196.15
31407,1912,2026-07-29,219.3
31408,1912,2026-01-21,215.59
31409,1912,2026-02-03,192.32
31410,1912,2025-10-08,147.54
31411,1912,2025-11-23,272.56
31412,1912,2026-08-02,357.56
31413,1912,2026-07-08,241.47
31414,1912,2026-01-18,161.75
31415,1912,2026-06-20,88.68
31416,1912,2025-12-02,443.26
31417,1912,2026-03-07,194.12
31418,1912,2026-02-13,380.7
31419,1912,2025-11-18,439.64
31420,1912,2026-02-12,301.5
31421,1912,2026-02-17,322.7
31422,1912,2026-07-27,311.35
31423,1912,2025-11-16,190.11
31424,1912,2026-05-29,125.25
31425,1912,2026-06-13,300.73
31426,1912,2026-02-05,105.51
31427,1912,2026-08-05,175.98
31428,1912,2026-04-04,157.48
31429,1912,2026-01-28,271.78
31430,1912,2025-11-14,233.19
31431,1912,2026-07-02,157.33
31432,1912,2025-12-15,173.72
31433,1912,2025-12-06,506.91
31434,1912,2026-03-12,147.53
31435,1912,2025-11-09,193.37
31436,1913,2026-08-05,106.54
31437,1913,2026-01-25,34.48
31438,1913,2026-04-12,57.66
31439,1913,2026-06-29,132.25
31440,1913,2026-03-13,110.96
31441,1913,2026-05-15,89.31
31442,1913,2025-12-06,73.49
31443,1913,2026-03-26,61.0
31444,1913,2025-12-31,69.6
31445,1913,2026-05-13,122.5
31446,1913,2026-06-01,80.28
31447,1913,2026-03-21,35.22
31448,1913,2025-12-14,51.71
31449,1913,2025-10-29,62.45
31450,1913,2025-11-05,79.91
31451,1913,2026-07-01,78.86
31452,1914,2026-09-23,56.98
31453,1914,2026-06-07,32.5
31454,1914,2026-01-12,23.0
31455,1914,2026-01-19,91.25
31456,1914,2026-09-02,38.01
31457,1914,2026-06-12,52.22
31458,1914,2026-07-29,44.63
31459,1914,2026-07-21,64.69
31460,1914,2025-12-06,35.09
31461,1914,2025-09-26,47.47
31462,1914,2026-09-16,35.2
31463,1914,2025-11-09,157.33
31464,1914,2026-05-08,32.07
31465,1914,2025-11-26,57.9
31466,1914,2025-10-19,161.92
31467,1914,2026-04-09,73.78
31468,1914,2026-07-29,44.57
31469,1914,2026-07-23,48.51
31470,1914,2025-10-14,31.22
31471,1914,2025-12-17,95.83
31472,1914,2026-07-14,40.65
31473,1914,2025-11-18,43.54
31474,1914,2026-06-18,30.31
31475,1914,2026-08-28,39.1
31476,1914,2026-02-04,46.34
31477,1914,2026-03-08,73.47
31478,1914,2026-09-21,50.73
31479,1914,2026-03-09,73.65
31480,1915,2026-09-23,203.09
31481,1915,2026-01-09,145.32
31482,1915,2026-03-19,133.5
31483,1915,2025-11-12,252.14
31484,1915,2026-01-26,203.17
31485,1915,2026-02-07,257.77
31486,1915,2026-09-06,162.36
31487,1915,2026-05-26,283.85
31488,1915,2026-04-01,126.43
31489,1915,2026-03-02,171.09
31490,1915,2026-01-01,127.62
31491,1915,2026-09-23,238.68
31492,1915,2026-01-25,474.72
31493,1915,2026-04-25,247.9
31494,1915,2025-10-23,200.61
31495,1915,2025-09-30,192.14
31496,1915,2026-08-14,161.76
31497,1915,2026-07-08,345.31
31498,1915,2025-11-30,252.77
31499,1915,2026-01-19,98.89
31500,1915,2026-09-06,342.69
31501,1915,2026-08-16,141.93
31502,1915,2026-06-28,156.32
31503,1915,2026-01-02,251.67
31504,1915,2026-06-24,160.44
31505,1915,2026-04-17,576.16
31506,1915,2025-11-17,188.63
31507,1915,2026-05-23,279.23
31508,1915,2026-03-11,104.8
31509,1915,2026-03-24,159.14
31510,1915,2026-03-06,197.99
31511,1915,2025-11-30,328.87
31512,1915,2025-10-25,129.39
31513,1915,2025-11-23,360.27
31514,1915,2026-03-02,222.38
31515,1915,2026-05-18,243.34
31516,1916,2026-06-27,80.03
31517,1916,2026-02-22,133.58
31518,1916,2025-11-04,68.49
31519,1916,2026-05-18,115.77
31520,1916,2025-11-26,92.02
31521,1916,2025-11-21,89.64
31522,1916,2025-12-01,311.03
31523,1916,2026-05-16,90.39
31524,1917,2026-01-30,22.31
31525,1917,2025-12-02,30.24
31526,1917,2025-11-06,33.63
31527,1917,2026-01-14,38.33
31528,1917,2025-11-13,20.49
31529,1917,2025-11-08,31.87
31530,1918,2026-02-04,24.61
31531,1918,2025-10-19,59.4
31532,1918,2025-11-03,15.95
31533,1918,2025-12-02,14.0
31534,1918,2026-01-04,33.9
31535,1919,2026-01-19,14.09
31536,1919,2025-10-13,49.64
31537,1919,2025-11-16,28.37
31538,1920,2026-07-05,100.42
31539,1920,2026-03-05,64.98
31540,1920,2026-04-24,60.48
31541,1920,2026-02-10,82.88
31542,1920,2026-04-18,74.68
31543,1920,2026-04-09,60.64
31544,1920,2026-03-20,85.01
31545,1920,2025-10-10,50.01
31546,1920,2026-07-04,126.84
31547,1921,2026-09-16,42.35
31548,1921,2026-04-17,28.84
31549,1921,2026-06-30,54.41
31550,1921,2026-07-07,23.26
31551,1921,2026-05-03,70.15
31552,1921,2026-08-18,24.88
31553,1921,2025-12-27,30.21
31554,1921,2026-08-17,29.1
31555,1921,2026-06-25,59.51
31556,1921,2026-04-28,27.19
31557,1921,2026-01-26,56.59
31558,1921,2026-04-17,33.23
31559,1921,2025-10-11,42.69
31560,1921,2026-05-07,35.34
31561,1921,2026-03-09,128.23
31562,1921,2026-03-30,21.28
31563,1921,2026-06-12,56.09
31564,1921,2026-02-11,44.81
31565,1921,2025-10-17,31.68
31566,1921,2026-07-11,53.75
31567,1921,2025-10-25,29.21
31568,1921,2025-11-26,27.76
31569,1921,2026-02-06,26.86
31570,1921,2025-12-29,46.7
31571,1921,2025-12-23,34.36
31572,1921,2026-05-18,30.47
31573,1921,2025-12-23,52.51
31574,1921,2026-04-13,73.1
31575,1922,2026-07-09,76.31
31576,1922,2026-03-04,201.54
31577,1922,2025-12-18,84.75
31578,1922,2026-02-01,106.53
31579,1922,2026-06-18,101.53
31580,1922,2025-11-18,132.37
31581,1922,2026-06-21,190.15
31582,1922,2026-05-25,216.64
31583,1922,2025-10-19,157.77
31584,1923,2026-08-27,41.38
31585,1923,2026-04-17,27.98
31586,1923,2026-06-09,42.41
31587,1923,2026-01-22,55.78
31588,1923,2026-07-26,72.27
31589,1923,2026-08-27,36.21
31590,1923,2026-01-15,36.91
31591,1923,2026-02-27,42.99
31592,1923,2026-02-10,99.17
31593,1923,2026-06-06,82.32
31594,1923,2026-08-13,58.02
31595,1923,2025-12-15,57.04
31596,1923,2026-05-23,39.05
31597,1923,2026-05-06,63.7
31598,1923,2025-11-07,28.77
31599,1924,2025-10-30,150.08
31600,1924,2025-09-28,104.3
31601,1924,2025-10-22,75.03
31602,1924,2025-09-27,57.56
31603,1924,2025-10-22,76.31
31604,1924,2025-10-02,66.8
31605,1925,2026-08-24,190.99
31606,1925,2026-07-20,117.71
31607,1925,2025-11-16,109.38
31608,1925,2025-11-05,254.12
31609,1925,2026-03-11,73.47
31610,1925,2026-02-18,53.56
31611,1926,2026-09-05,349.07
31612,1926,2026-04-27,615.0
31613,1926,2026-01-18,141.98
31614,1926,2026-08-15,195.8
31615,1926,2026-05-16,194.79
31616,1926,2026-03-27,168.02
31617,1926,2026-07-15,172.94
31618,1926,2026-03-03,394.81
31619,1926,2026-01-09,219.59
31620,1926,2026-07-27,643.79
31621,1926,2025-11-24,174.91
31622,1926,2026-01-09,413.58
31623,1926,2026-08-11,463.42
31624,1926,2026-05-09,202.3
31625,1926,2025-12-22,256.82
31626,1926,2026-02-23,312.43
31627,1926,2026-08-29,163.45
31628,1926,2026-01-29,443.98
31629,1926,2026-05-27,145.77
31630,1926,2026-05-05,166.14
31631,1926,2026-08-19,166.96
31632,1926,2025-12-26,232.4
31633,1926,2026-05-31,243.38
31634,1926,2026-01-22,157.7
31635,1926,2026-04-09,199.57
31636,1926,2026-08-17,127.18
31637,1926,2026-07-30,354.66
31638,1927,2026-04-25,60.61
31639,1927,2026-03-28,148.12
31640,1927,2026-01-17,109.05
31641,1927,2026-03-09,83.06
31642,1927,2025-11-12,128.33
31643,1927,2026-02-08,192.64
31644,1928,2026-02-08,37.24
31645,1928,2026-01-24,45.94
31646,1928,2026-01-02,37.17
31647,1929,2026-09-15,362.63
31648,1929,2026-08-30,168.59
31649,1929,2025-11-20,115.71
31650,1929,2025-12-03,135.68
31651,1929,2026-08-31,367.18
31652,1929,2026-02-17,323.03
31653,1929,2026-01-20,125.75
31654,1929,2026-03-01,108.53
31655,1929,2025-12-03,160.94
31656,1929,2026-02-03,471.17
31657,1929,2026-07-01,253.6
31658,1929,2026-05-08,188.81
31659,1929,2025-12-16,198.45
31660,1929,2025-09-28,90.06
31661,1929,2026-04-08,184.15
31662,1929,2026-04-28,366.94
31663,1929,2025-09-29,175.85
31664,1929,2026-06-24,188.15
31665,1929,2026-05-05,243.52
31666,1929,2025-11-26,126.63
31667,1929,2026-05-24,243.94
31668,1929,2026-01-26,144.69
31669,1929,2025-11-03,167.74
31670,1929,2025-09-28,177.13
31671,1929,2026-01-24,177.19
31672,1929,2026-08-09,219.88
31673,1929,2025-12-15,203.16
31674,1929,2025-10-29,193.49
31675,1929,2026-04-21,221.84
31676,1929,2025-12-22,139.58
31677,1930,2026-09-15,35.99
31678,1930,2026-03-25,41.43
31679,1930,2026-05-08,34.55
31680,1930,2026-03-24,20.42
31681,1930,2026-08-13,42.3
31682,1930,2026-05-13,85.73
31683,1930,2026-02-27,33.54
31684,1930,2025-12-13,25.71
31685,1930,2026-07-07,85.43
31686,1930,2026-02-09,106.81
31687,1930,2026-01-11,37.46
31688,1930,2026-09-05,50.08
31689,1930,2026-04-16,49.7
31690,1930,2026-08-18,67.13
31691,1930,2025-11-25,27.22
31692,1930,2026-01-25,44.4
31693,1931,2026-07-28,37.12
31694,1931,2026-05-29,21.15
31695,1931,2026-05-05,16.5
31696,1932,2025-10-30,29.79
31697,1932,2025-10-10,14.29
31698,1932,2025-10-17,47.98
31699,1933,2026-08-22,78.04
31700,1933,2025-10-31,42.67
31701,1933,2026-06-17,93.91
31702,1933,2025-12-23,50.31
31703,1933,2025-11-11,111.09
31704,1933,2025-12-25,227.27
31705,1933,2026-07-08,321.02
31706,1933,2025-10-12,103.97
31707,1933,2025-10-05,89.54
31708,1933,2026-01-19,65.65
31709,1933,2025-12-08,63.31
31710,1933,2026-04-02,59.53
31711,1933,2025-12-23,175.38
31712,1933,2025-09-29,75.45
31713,1933,2026-01-30,237.92
31714,1934,2026-09-15,58.94
31715,1934,2026-01-22,103.98
31716,1934,2026-05-01,71.95
31717,1934,2026-07-10,163.64
31718,1934,2026-05-01,100.6
31719,1934,2026-01-21,103.02
31720,1934,2026-03-12,79.46
31721,1934,2025-11-03,62.41
31722,1934,2026-01-29,93.02
31723,1934,2026-03-03,156.18
31724,1934,2026-05-30,63.66
31725,1934,2025-12-04,162.99
31726,1935,2026-07-29,21.16
31727,1935,2026-04-24,10.82
31728,1935,2026-07-05,19.92
31729,1935,2026-07-10,21.91
31730,1935,2025-11-25,34.67
31731,1936,2026-09-22,324.57
31732,1936,2026-02-03,183.58
31733,1936,2025-10-28,122.23
31734,1936,2025-11-04,321.18
31735,1936,2025-10-15,176.96
31736,1936,2026-03-03,468.18
31737,1936,2026-09-21,330.64
31738,1936,2025-10-27,266.48
31739,1936,2026-01-21,232.52
31740,1936,2025-12-30,348.03
31741,1936,2026-06-22,234.93
31742,1936,2025-12-24,79.04
31743,1936,2026-07-25,200.6
31744,1936,2026-01-29,271.6
31745,1936,2026-01-11,133.65
31746,1936,2025-10-09,674.27
31747,1936,2025-11-09,196.61
31748,1936,2025-12-09,270.39
31749,1936,2026-01-07,355.89
31750,1936,2026-04-18,275.61
31751,1936,2026-02-12,200.16
31752,1936,2026-06-16,251.5
31753,1936,2025-12-16,192.51
31754,1936,2026-05-02,201.27
31755,1936,2025-11-17,125.31
31756,1936,2026-07-19,186.8
31757,1936,2026-08-19,122.22
31758,1936,2026-06-28,209.55
31759,1936,2026-04-15,174.85
31760,1936,2026-07-26,263.19
31761,1936,2026-03-10,107.14
31762,1936,2026-09-02,138.29
31763,1936,2025-12-09,138.8
31764,1936,2026-05-03,208.61
31765,1936,2025-11-30,188.08
31766,1937,2026-09-06,31.97
31767,1937,2025-12-18,50.68
31768,1937,2026-04-04,36.13
31769,1937,2026-03-05,36.99
31770,1937,2026-07-31,36.69
31771,1937,2025-11-10,56.93
31772,1937,2026-07-08,75.03
31773,1937,2026-02-27,43.36
31774,1937,2025-09-27,39.84
31775,1937,2026-05-23,60.68
31776,1937,2026-03-28,49.39
31777,1937,2026-04-30,48.33
31778,1937,2026-05-29,74.95
31779,1937,2025-10-11,27.84
31780,1937,2025-12-27,39.97
31781,1937,2026-04-03,28.94
31782,1937,2026-02-10,35.35
31783,1937,2026-03-15,25.35
31784,1937,2025-10-13,37.96
31785,1937,2025-12-18,53.16
31786,1937,2026-05-20,13.77
31787,1937,2025-11-28,38.85
31788,1937,2026-04-17,43.22
31789,1937,2025-10-23,39.75
31790,1938,2025-12-28,21.6
31791,1938,2025-12-09,18.52
31792,1939,2026-04-24,193.76
31793,1939,2026-01-05,108.54
31794,1939,2025-12-19,119.2
31795,1939,2025-11-25,169.19
31796,1939,2026-04-11,132.38
31797,1939,2025-12-22,155.11
31798,1940,2026-09-19,177.62
31799,1940,2026-07-14,258.55
31800,1940,2026-06-18,193.27
31801,1940,2026-08-02,177.67
31802,1940,2026-06-26,197.34
31803,1940,2026-02-17,192.91
31804,1940,2026-03-28,157.93
31805,1940,2026-02-20,236.9
31806,1940,2026-06-05,140.34
31807,1940,2025-12-25,175.45
31808,1940,2026-02-19,498.59
31809,1940,2026-09-11,199.33
31810,1940,2026-01-08,312.97
31811,1940,2026-01-26,202.92
31812,1940,2026-01-01,296.74
31813,1940,2026-02-21,194.12
31814,1940,2026-07-06,65.6
31815,1940,2025-12-08,207.1
31816,1940,2026-05-22,133.81
31817,1940,2026-07-02,183.47
31818,1940,2025-10-06,286.24
31819,1940,2026-02-23,475.56
31820,1940,2025-10-26,111.42
31821,1940,2026-05-12,188.59
31822,1940,2025-10-24,211.61
31823,1940,2025-10-06,214.67
31824,1940,2026-02-13,215.31
31825,1940,2026-06-01,270.59
31826,1940,2026-03-03,172.45
31827,1940,2026-02-20,192.05
31828,1940,2026-03-12,250.76
31829,1940,2026-05-28,153.34
31830,1940,2025-12-31,160.95
31831,1941,2026-03-13,83.79
31832,1941,2025-10-08,214.47
31833,1941,2025-11-10,101.55
31834,1941,2025-12-12,118.36
31835,1942,2026-08-09,48.69
31836,1942,2025-11-12,82.19
31837,1942,2025-11-02,30.23
31838,1942,2026-03-19,56.97
31839,1942,2026-05-02,74.63
31840,1942,2026-04-09,34.73
31841,1942,2026-03-30,33.63
31842,1942,2026-05-19,53.27
31843,1942,2026-04-21,78.98
31844,1942,2026-05-05,125.68
31845,1942,2026-07-01,32.25
31846,1942,2026-01-19,60.23
31847,1942,2026-04-09,36.25
31848,1942,2026-07-23,27.08
31849,1942,2026-01-23,40.51
31850,1942,2026-05-02,40.56
31851,1942,2026-06-26,46.78
31852,1942,2026-01-07,54.33
31853,1942,2025-12-31,49.96
31854,1942,2026-07-12,77.75
31855,1942,2025-12-12,104.78
31856,1942,2026-02-19,45.31
31857,1942,2026-06-21,36.06
31858,1942,2026-03-16,41.14
31859,1943,2026-09-21,45.83
31860,1943,2026-04-24,23.13
31861,1943,2026-01-02,58.62
31862,1943,2025-11-02,54.59
31863,1943,2026-01-21,35.72
31864,1943,2026-03-15,83.49
31865,1943,2025-10-28,43.39
31866,1943,2026-05-07,47.83
31867,1943,2025-11-01,22.28
31868,1943,2026-03-10,31.64
31869,1943,2026-09-06,33.57
31870,1943,2026-09-01,63.98
31871,1943,2025-10-02,69.43
31872,1943,2026-06-16,34.82
31873,1943,2025-12-09,48.58
31874,1943,2026-01-30,66.17
31875,1943,2026-02-19,38.62
31876,1943,2026-03-20,23.31
31877,1943,2026-02-14,61.96
31878,1943,2025-12-14,54.48
31879,1943,2026-05-04,51.3
31880,1943,2026-02-01,69.3
31881,1943,2026-04-19,71.92
31882,1944,2026-09-23,135.09
31883,1944,2026-06-23,532.56
31884,1944,2026-02-07,134.63
31885,1944,2026-03-21,300.08
31886,1944,2025-11-05,439.85
31887,1944,2026-06-14,289.79
31888,1944,2026-07-09,149.49
31889,1944,2026-06-30,245.09
31890,1944,2026-05-21,386.44
31891,1944,2026-06-18,106.96
31892,1944,2026-07-20,344.13
31893,1944,2026-02-25,261.94
31894,1944,2026-06-02,491.57
31895,1944,2026-07-29,254.65
31896,1944,2026-07-25,224.89
31897,1944,2026-08-13,285.66
31898,1944,2026-07-26,120.2
31899,1944,2025-10-17,145.48
31900,1944,2026-09-12,216.66
31901,1944,2025-10-12,165.91
31902,1944,2025-12-27,159.48
31903,1944,2026-06-13,525.4
31904,1944,2026-06-06,470.78
31905,1944,2026-08-21,66.92
31906,1944,2026-02-14,213.82
31907,1944,2026-08-28,122.83
31908,1944,2026-01-14,352.44
31909,1944,2026-04-10,232.12
31910,1944,2026-01-23,406.02
31911,1944,2025-10-12,142.52
31912,1944,2025-10-21,136.94
31913,1944,2026-07-16,190.29
31914,1944,2026-01-05,160.51
31915,1944,2026-03-07,201.45
31916,1944,2026-02-12,358.25
31917,1944,2026-08-26,259.15
31918,1944,2026-08-06,183.77
31919,1944,2026-07-25,215.16
31920,1944,2026-09-16,103.02
31921,1944,2026-08-19,87.21
31922,1944,2026-01-03,362.16
31923,1944,2026-05-29,149.08
31924,1944,2025-11-13,400.35
31925,1944,2025-12-13,182.95
31926,1944,2026-02-18,223.08
31927,1944,2026-05-13,305.17
31928,1944,2025-09-29,321.67
31929,1944,2026-02-06,166.61
31930,1945,2026-08-12,72.04
31931,1945,2025-10-31,126.56
31932,1945,2025-11-13,110.82
31933,1945,2025-11-25,138.71
31934,1945,2025-12-01,229.3
31935,1945,2026-04-09,147.47
31936,1945,2025-10-10,45.08
31937,1945,2026-03-17,67.01
31938,1945,2025-12-18,164.64
31939,1945,2026-05-24,75.35
31940,1945,2026-06-15,73.13
31941,1945,2026-08-08,104.6
31942,1945,2026-05-15,79.18
31943,1945,2026-06-06,194.23
31944,1945,2025-10-07,83.7
31945,1945,2025-11-26,266.43
31946,1945,2025-09-30,69.95
31947,1946,2026-09-09,108.14
31948,1946,2025-10-25,77.36
31949,1946,2026-09-03,109.49
31950,1946,2026-05-20,61.1
31951,1946,2026-04-03,177.87
31952,1946,2026-06-27,135.61
31953,1946,2026-07-15,62.39
31954,1946,2026-04-11,82.68
31955,1946,2026-08-29,37.18
31956,1946,2025-12-23,136.75
31957,1946,2026-04-24,50.61
31958,1946,2025-12-27,70.63
31959,1946,2026-03-22,78.88
31960,1947,2026-08-19,203.9
31961,1947,2026-08-18,114.46
31962,1947,2026-04-06,49.76
31963,1947,2026-01-15,78.2
31964,1947,2026-06-25,85.28
31965,1948,2026-07-29,47.49
31966,1948,2026-06-09,105.72
31967,1948,2025-12-13,51.61
31968,1948,2026-05-19,121.11
31969,1948,2026-07-03,75.38
31970,1948,2026-03-02,78.43
31971,1948,2025-11-24,26.16
31972,1948,2025-11-10,146.16
31973,1948,2026-06-28,52.94
31974,1948,2026-01-11,65.02
31975,1949,2026-08-16,196.29
31976,1949,2026-06-21,156.87
31977,1949,2025-10-21,380.8
31978,1949,2026-03-10,243.26
31979,1949,2026-06-15,92.22
31980,1949,2025-11-15,205.01
31981,1949,2025-10-29,183.15
31982,1949,2025-10-13,64.41
31983,1949,2026-04-17,149.98
31984,1949,2025-10-20,675.43
31985,1949,2026-01-02,72.61
31986,1949,2026-04-10,124.93
31987,1949,2025-11-05,70.26
31988,1949,2026-03-02,103.01
31989,1949,2026-06-05,91.82
31990,1949,2025-12-16,123.24
31991,1949,2026-07-03,454.54
31992,1949,2026-05-13,315.7
31993,1949,2026-03-16,186.89
31994,1949,2026-02-03,446.01
31995,1949,2026-01-26,169.5
31996,1949,2025-11-23,136.62
31997,1949,2026-02-13,172.82
31998,1949,2026-03-04,102.98
31999,1949,2026-01-08,89.87
32000,1949,2026-03-03,282.59
32001,1949,2025-10-22,243.8
32002,1949,2026-04-11,117.66
32003,1949,2026-07-10,259.15
32004,1949,2026-01-28,263.85
32005,1949,2025-10-07,159.99
32006,1949,2026-06-12,136.77
32007,1949,2026-06-25,299.87
32008,1949,2026-04-01,256.88
32009,1949,2025-10-17,459.49
32010,1950,2026-09-18,174.3
32011,1950,2026-04-13,170.59
32012,1950,2026-04-19,47.78
32013,1950,2025-12-20,121.37
32014,1950,2026-05-21,100.95
32015,1950,2026-05-09,122.45
32016,1950,2026-03-13,178.2
32017,1950,2026-07-30,170.92
32018,1951,2026-08-30,58.78
32019,1951,2026-06-09,117.59
32020,1951,2026-02-24,50.94
32021,1951,2025-12-26,133.58
32022,1951,2026-06-04,116.33
32023,1951,2025-12-18,159.02
32024,1951,2026-01-20,111.7
32025,1951,2026-07-20,58.54
32026,1951,2026-06-06,148.59
32027,1951,2026-07-04,152.08
32028,1951,2026-06-20,134.54
32029,1951,2026-06-25,125.17
32030,1951,2026-02-05,46.28
32031,1951,2026-02-18,132.29
32032,1951,2026-03-18,51.3
32033,1952,2026-09-23,297.75
32034,1952,2026-08-24,163.64
32035,1952,2025-12-14,165.2
32036,1952,2026-05-10,331.64
32037,1952,2025-12-12,150.53
32038,1952,2026-01-17,255.23
32039,1952,2026-03-05,224.65
32040,1952,2026-02-23,313.1
32041,1952,2026-09-05,203.85
32042,1952,2025-12-15,147.14
32043,1952,2026-02-14,156.59
32044,1952,2026-07-02,442.41
32045,1952,2026-08-17,165.17
32046,1952,2025-11-03,160.38
32047,1952,2026-04-16,170.61
32048,1952,2026-06-01,185.92
32049,1952,2025-11-10,174.77
32050,1952,2026-08-30,270.75
32051,1952,2025-11-09,219.83
32052,1952,2026-05-03,161.02
32053,1952,2025-12-11,290.69
32054,1952,2026-09-11,238.38
32055,1952,2025-12-23,381.54
32056,1952,2026-01-28,242.13
32057,1952,2025-11-06,198.23
32058,1952,2026-07-17,191.62
32059,1952,2026-08-17,224.17
32060,1952,2025-12-29,247.71
32061,1952,2026-01-24,209.81
32062,1953,2026-08-11,63.8
32063,1953,2025-10-25,106.59
32064,1953,2026-01-06,91.78
32065,1953,2025-10-15,107.35
32066,1953,2026-03-05,204.47
32067,1953,2026-02-28,81.87
32068,1953,2025-12-01,90.9
32069,1953,2025-11-04,69.87
32070,1953,2026-05-09,82.56
32071,1953,2026-01-10,66.35
32072,1953,2025-12-22,55.53
32073,1953,2025-10-15,37.33
32074,1953,2026-03-30,65.82
32075,1954,2026-09-04,164.97
32076,1954,2026-03-02,91.05
32077,1954,2026-01-08,150.63
32078,1954,2025-10-27,94.14
32079,1954,2026-06-01,95.84
32080,1954,2025-10-08,121.45
32081,1954,2025-12-31,78.12
32082,1954,2026-02-22,115.41
32083,1954,2026-07-20,45.44
32084,1954,2025-12-26,111.88
32085,1954,2025-10-12,50.78
32086,1954,2025-09-30,115.5
32087,1954,2026-06-09,22.1
32088,1954,2025-11-18,39.77
32089,1954,2025-10-14,92.17
32090,1954,2026-02-16,92.9
32091,1954,2026-08-12,80.33
32092,1954,2026-07-16,124.57
32093,1955,2026-09-09,45.32
32094,1955,2026-06-06,70.5
32095,1955,2026-01-01,62.53
32096,1955,2026-06-01,63.77
32097,1955,2025-11-02,74.37
32098,1955,2026-07-21,114.04
32099,1955,2025-11-03,102.55
32100,1955,2026-02-14,140.41
32101,1955,2025-11-26,107.01
32102,1955,2026-01-31,68.97
32103,1955,2026-04-11,126.53
32104,1955,2026-01-14,48.57
32105,1955,2026-07-09,139.7
32106,1955,2026-05-22,63.77
32107,1955,2026-01-02,32.03
32108,1955,2026-09-01,114.99
32109,1955,2025-12-20,78.32
32110,1955,2026-08-05,152.69
32111,1955,2026-07-20,138.8
32112,1956,2026-07-02,58.73
32113,1956,2025-11-18,67.7
32114,1956,2025-12-10,24.99
32115,1956,2025-12-17,52.64
32116,1956,2026-04-19,115.08
32117,1956,2026-02-06,143.85
32118,1956,2026-04-15,64.84
32119,1956,2026-01-12,122.81
32120,1956,2025-12-08,28.07
32121,1956,2026-02-27,101.63
32122,1956,2025-11-27,153.38
32123,1956,2026-04-12,113.51
32124,1956,2025-12-09,88.93
32125,1956,2026-05-05,28.56
32126,1956,2026-02-14,210.72
32127,1956,2025-10-31,215.56
32128,1956,2025-12-06,123.37
32129,1956,2026-02-17,163.88
32130,1957,2026-09-01,50.02
32131,1957,2026-02-12,79.92
32132,1957,2026-07-15,34.42
32133,1957,2025-12-13,28.38
32134,1957,2026-08-01,25.19
32135,1957,2026-05-04,47.07
32136,1957,2025-12-08,32.46
32137,1957,2026-06-05,23.22
32138,1957,2026-08-03,93.29
32139,1957,2026-03-30,49.32
32140,1957,2026-01-22,35.55
32141,1957,2026-05-10,95.57
32142,1957,2026-01-20,50.91
32143,1957,2026-02-24,42.35
32144,1957,2026-01-08,49.64
32145,1957,2026-08-22,35.47
32146,1957,2026-06-30,42.26
32147,1957,2026-02-01,58.53
32148,1958,2026-09-10,188.96
32149,1958,2025-10-18,241.12
32150,1958,2026-03-06,104.79
32151,1958,2026-03-12,237.27
32152,1958,2025-11-11,141.69
32153,1958,2026-02-26,216.52
32154,1958,2025-11-08,655.48
32155,1958,2025-11-17,182.05
32156,1958,2026-03-27,125.82
32157,1958,2025-10-01,208.31
32158,1958,2026-07-11,192.78
32159,1958,2026-04-19,179.76
32160,1958,2026-02-24,213.26
32161,1958,2025-11-24,193.24
32162,1958,2025-12-10,120.32
32163,1958,2026-08-11,304.32
32164,1958,2026-01-19,379.25
32165,1958,2026-06-23,177.62
32166,1958,2026-01-03,245.9
32167,1958,2025-11-21,83.65
32168,1958,2026-07-07,208.27
32169,1958,2026-05-10,499.02
32170,1958,2026-08-05,301.0
32171,1958,2026-07-25,225.07
32172,1958,2026-05-26,205.86
32173,1958,2026-07-08,183.57
32174,1958,2026-03-05,253.66
32175,1958,2026-06-22,333.59
32176,1958,2026-06-27,167.57
32177,1958,2025-10-14,294.45
32178,1958,2026-07-05,145.95
32179,1958,2026-01-20,172.5
32180,1958,2025-10-01,127.35
32181,1958,2025-10-18,225.71
32182,1958,2025-12-20,218.04
32183,1958,2025-11-10,251.02
32184,1958,2026-05-08,241.28
32185,1958,2025-10-21,290.77
32186,1958,2026-07-30,536.63
32187,1959,2026-08-29,101.82
32188,1959,2026-07-04,130.79
32189,1959,2026-08-02,63.8
32190,1959,2025-10-20,151.06
32191,1959,2025-12-01,159.1
32192,1959,2026-08-15,111.55
32193,1959,2025-12-23,103.26
32194,1959,2026-04-01,62.98
32195,1959,2025-11-13,137.78
32196,1959,2026-04-23,90.58
32197,1959,2026-06-27,84.64
32198,1959,2025-12-15,137.65
32199,1959,2025-11-15,79.04
32200,1960,2026-09-07,17.83
32201,1960,2026-03-25,34.93
32202,1960,2025-10-30,24.3
32203,1960,2026-07-09,42.83
32204,1961,2026-08-07,19.7
32205,1961,2026-06-12,33.45
32206,1962,2026-09-17,259.18
32207,1962,2026-05-20,41.19
32208,1962,2025-12-04,48.78
32209,1962,2026-07-26,98.34
32210,1962,2026-05-13,57.75
32211,1962,2025-10-19,21.13
32212,1962,2026-05-28,97.54
32213,1962,2026-03-01,52.07
32214,1962,2025-11-03,12.55
32215,1962,2025-10-25,37.47
32216,1962,2025-11-10,32.54
32217,1962,2026-07-09,36.35
32218,1962,2025-12-29,44.29
32219,1962,2025-12-20,62.29
32220,1962,2026-01-27,79.59
32221,1962,2025-12-05,80.91
32222,1962,2026-05-11,92.57
32223,1962,2025-12-16,41.13
32224,1962,2025-12-18,17.57
32225,1962,2025-11-19,14.59
32226,1962,2025-12-11,63.75
32227,1962,2026-02-24,43.8
32228,1962,2026-03-21,88.27
32229,1962,2026-02-19,55.44
32230,1962,2026-05-02,20.43
32231,1963,2026-09-19,58.32
32232,1963,2026-09-06,70.93
32233,1963,2026-07-21,61.47
32234,1963,2025-12-04,57.52
32235,1963,2026-01-24,33.47
32236,1963,2026-02-13,40.65
32237,1963,2025-10-01,25.9
32238,1963,2026-04-03,35.94
32239,1963,2026-03-24,54.53
32240,1963,2026-01-10,53.9
32241,1963,2026-04-30,60.63
32242,1963,2026-07-18,87.25
32243,1963,2025-10-10,24.92
32244,1963,2025-10-06,19.42
32245,1963,2026-06-11,39.98
32246,1963,2026-08-04,87.38
32247,1963,2026-05-24,86.1
32248,1963,2026-05-03,49.21
32249,1963,2026-04-21,39.58
32250,1963,2025-10-04,50.62
32251,1963,2026-03-17,74.5
32252,1963,2025-12-07,31.69
32253,1964,2026-09-04,365.73
32254,1964,2026-08-17,237.61
32255,1964,2026-02-18,190.37
32256,1964,2026-08-02,138.03
32257,1964,2026-07-15,287.02
32258,1964,2025-10-05,228.38
32259,1964,2026-04-10,180.37
32260,1964,2026-06-10,330.61
32261,1964,2025-11-07,575.01
32262,1964,2025-11-17,140.8
32263,1964,2026-06-12,273.02
32264,1964,2025-12-15,223.51
32265,1964,2026-06-03,281.29
32266,1964,2025-12-03,380.45
32267,1964,2026-05-25,398.25
32268,1964,2026-01-31,167.81
32269,1964,2025-10-06,99.56
32270,1964,2026-06-23,201.34
32271,1964,2026-06-22,201.89
32272,1964,2026-06-21,60.85
32273,1964,2026-03-22,331.3
32274,1964,2025-10-18,165.81
32275,1964,2025-11-19,205.18
32276,1964,2026-02-26,162.43
32277,1964,2026-03-26,191.28
32278,1964,2026-01-17,372.94
32279,1964,2025-11-20,218.12
32280,1964,2026-03-06,545.55
32281,1964,2026-03-09,278.72
32282,1964,2026-05-10,287.94
32283,1964,2025-10-22,191.56
32284,1964,2026-01-05,204.4
32285,1964,2026-02-01,334.19
32286,1964,2025-11-13,358.29
32287,1964,2026-01-30,236.75
32288,1964,2026-06-16,269.8
32289,1964,2026-01-09,197.18
32290,1964,2026-07-11,231.85
32291,1965,2026-06-18,26.58
32292,1965,2026-05-04,60.78
32293,1965,2026-02-26,30.35
32294,1965,2026-02-10,38.05
32295,1965,2025-11-16,46.92
32296,1966,2026-08-09,151.28
32297,1966,2026-03-04,157.85
32298,1966,2025-10-05,289.15
32299,1966,2025-10-28,142.84
32300,1966,2025-11-04,139.97
32301,1966,2025-12-27,564.74
32302,1966,2026-06-11,165.68
32303,1966,2026-01-21,92.36
32304,1966,2026-06-23,120.2
32305,1966,2025-10-03,85.65
32306,1966,2026-04-22,441.15
32307,1966,2026-07-26,203.28
32308,1966,2026-07-05,131.45
32309,1966,2026-07-10,270.32
32310,1966,2026-04-24,453.79
32311,1966,2026-06-14,194.44
32312,1966,2025-12-28,437.89
32313,1966,2025-12-30,180.51
32314,1966,2026-05-25,123.67
32315,1966,2026-07-05,474.18
32316,1966,2025-12-05,151.8
32317,1966,2026-07-24,162.82
32318,1967,2026-03-21,25.38
32319,1967,2025-10-09,35.44
32320,1967,2025-12-19,17.49
32321,1967,2026-03-01,110.61
32322,1967,2025-10-30,9.67
32323,1967,2026-02-03,23.31
32324,1967,2025-11-23,37.81
32325,1968,2026-09-06,63.53
32326,1968,2025-11-26,53.44
32327,1968,2026-01-28,119.21
32328,1968,2026-05-04,66.44
32329,1968,2026-08-02,129.52
32330,1968,2026-01-07,78.44
32331,1968,2025-11-07,161.49
32332,1968,2026-08-21,58.52
32333,1968,2026-07-19,53.91
32334,1968,2025-10-23,98.75
32335,1968,2026-08-29,76.95
32336,1968,2026-04-28,96.18
32337,1968,2025-10-26,87.09
32338,1968,2026-02-13,71.37
32339,1968,2026-07-01,79.76
32340,1969,2026-09-14,40.99
32341,1969,2026-09-11,51.44
32342,1969,2025-10-16,78.28
32343,1969,2026-06-20,38.25
32344,1969,2026-09-07,45.31
32345,1969,2026-01-11,37.51
32346,1969,2026-08-27,39.85
32347,1969,2026-04-19,74.6
32348,1969,2026-07-23,54.79
32349,1969,2026-05-16,51.69
32350,1969,2026-05-16,42.32
32351,1969,2026-02-28,30.38
32352,1969,2025-10-04,61.29
32353,1969,2026-01-24,65.36
32354,1969,2026-07-24,66.63
32355,1969,2026-08-01,44.52
32356,1969,2026-05-17,31.59
32357,1969,2025-11-02,59.81
32358,1969,2026-04-12,72.89
32359,1969,2026-05-06,65.41
32360,1969,2026-06-14,31.56
32361,1969,2026-07-07,53.12
32362,1969,2026-03-23,18.68
32363,1970,2026-08-18,68.17
32364,1970,2026-07-07,66.94
32365,1970,2026-05-15,26.44
32366,1970,2026-06-05,30.25
32367,1970,2026-06-06,28.56
32368,1970,2026-02-28,60.67
32369,1970,2026-01-11,32.73
32370,1970,2025-12-10,18.03
32371,1970,2026-07-02,28.58
32372,1970,2026-07-18,37.88
32373,1970,2025-12-28,55.34
32374,1970,2025-12-30,80.51
32375,1970,2026-04-05,69.08
32376,1970,2026-03-02,48.76
32377,1970,2026-06-23,31.02
32378,1970,2026-03-05,18.26
32379,1970,2026-05-08,36.14
32380,1970,2026-01-28,39.56
32381,1970,2025-10-08,47.07
32382,1970,2026-07-25,67.31
32383,1970,2025-10-23,60.87
32384,1970,2026-07-08,46.93
32385,1970,2026-06-24,37.61
32386,1970,2026-06-22,22.68
32387,1970,2026-08-12,31.39
32388,1970,2026-06-30,29.15
32389,1970,2025-12-02,144.51
32390,1970,2026-03-25,110.43
32391,1970,2026-03-29,25.54
32392,1970,2026-02-03,53.7
32393,1970,2026-06-08,24.5
32394,1971,2026-06-03,91.68
32395,1971,2026-05-01,82.99
32396,1971,2025-11-22,76.47
32397,1971,2026-01-07,108.19
32398,1971,2026-05-28,190.29
32399,1972,2026-09-17,33.79
32400,1972,2026-07-26,102.57
32401,1972,2026-07-10,105.87
32402,1972,2026-08-26,73.55
32403,1972,2026-06-06,48.1
32404,1972,2025-12-29,79.32
32405,1972,2025-10-23,100.26
32406,1972,2026-07-07,53.61
32407,1972,2026-04-27,82.01
32408,1972,2026-06-26,87.46
32409,1972,2025-11-15,110.29
32410,1972,2026-05-17,43.96
32411,1972,2026-08-07,68.86
32412,1973,2026-06-25,52.99
32413,1973,2025-11-13,31.15
32414,1973,2026-01-07,39.47
32415,1973,2025-12-15,40.45
32416,1973,2026-05-13,57.42
32417,1974,2026-08-19,50.25
32418,1974,2026-02-27,34.55
32419,1974,2026-07-01,32.25
32420,1974,2025-10-25,71.53
32421,1974,2026-04-20,74.91
32422,1974,2026-01-13,50.26
32423,1974,2026-03-29,50.24
32424,1974,2026-01-01,49.53
32425,1974,2026-04-30,77.17
32426,1974,2026-04-25,63.25
32427,1974,2025-11-08,37.07
32428,1974,2026-02-23,56.58
32429,1974,2025-12-13,22.07
32430,1974,2026-08-07,34.08
32431,1974,2026-05-03,20.48
32432,1974,2026-07-04,30.6
32433,1974,2026-08-08,31.91
32434,1974,2025-10-04,17.62
32435,1974,2025-11-27,76.27
32436,1974,2026-06-12,35.79
32437,1974,2026-05-23,38.91
32438,1974,2026-03-11,30.55
32439,1974,2026-05-13,58.04
32440,1975,2026-09-13,53.58
32441,1975,2025-10-20,529.76
32442,1975,2026-05-10,276.59
32443,1975,2026-03-18,141.22
32444,1975,2026-06-20,181.52
32445,1975,2025-10-10,236.13
32446,1975,2026-02-17,260.07
32447,1975,2026-01-16,112.36
32448,1975,2026-08-06,134.45
32449,1975,2026-01-26,263.02
32450,1975,2025-12-14,161.97
32451,1975,2026-05-06,94.32
32452,1975,2025-12-17,147.08
32453,1975,2026-08-13,208.84
32454,1975,2026-01-29,100.44
32455,1975,2025-12-07,438.27
32456,1975,2026-02-22,358.44
32457,1975,2026-08-31,317.19
32458,1975,2026-03-31,218.76
32459,1975,2025-12-27,120.43
32460,1975,2026-08-11,143.95
32461,1975,2026-05-08,380.89
32462,1975,2025-12-25,146.93
32463,1975,2026-03-29,206.94
32464,1975,2026-04-07,184.34
32465,1975,2026-03-14,195.71
32466,1975,2026-03-03,198.44
32467,1975,2026-06-19,188.61
32468,1975,2026-08-09,171.39
32469,1975,2026-01-21,181.9
32470,1975,2025-12-03,191.18
32471,1975,2026-06-07,137.29
32472,1975,2026-06-03,111.81
32473,1975,2026-07-24,177.77
32474,1976,2026-08-04,53.66
32475,1976,2025-11-12,58.82
32476,1976,2026-04-07,52.79
32477,1976,2026-04-29,80.56
32478,1976,2026-06-09,120.08
32479,1976,2026-05-04,69.92
32480,1976,2026-02-26,74.28
32481,1977,2026-08-27,34.28
32482,1977,2026-03-02,80.34
32483,1977,2026-03-20,76.52
32484,1977,2025-12-25,24.57
32485,1977,2026-01-08,17.14
32486,1977,2026-03-19,48.95
32487,1977,2026-01-28,41.87
32488,1977,2026-07-27,14.57
32489,1977,2026-05-28,47.1
32490,1977,2026-06-11,45.42
32491,1977,2025-12-15,33.82
32492,1977,2026-04-11,90.48
32493,1977,2026-07-07,40.22
32494,1977,2026-02-09,37.24
32495,1977,2026-01-28,44.49
32496,1977,2025-11-13,24.09
32497,1977,2026-01-31,29.45
32498,1977,2025-10-20,12.51
32499,1978,2026-08-16,47.54
32500,1978,2026-06-01,118.62
32501,1978,2026-02-20,53.45
32502,1978,2026-02-28,68.56
32503,1978,2026-01-11,81.38
32504,1978,2026-03-23,155.11
32505,1978,2025-12-10,63.97
32506,1978,2026-02-24,102.48
32507,1978,2026-07-04,43.75
32508,1978,2026-07-26,81.17
32509,1978,2026-06-16,71.21
32510,1978,2025-11-28,155.8
32511,1979,2026-06-05,20.97
32512,1979,2025-12-14,27.32
32513,1979,2025-11-11,28.63
32514,1979,2026-05-23,15.15
32515,1979,2025-12-28,40.85
32516,1979,2026-01-09,22.85
32517,1979,2026-04-18,28.91
32518,1980,2026-05-13,69.55
32519,1980,2026-01-05,67.71
32520,1980,2026-04-03,174.84
32521,1980,2026-01-01,90.29
32522,1980,2026-02-03,54.08
32523,1981,2026-08-17,104.46
32524,1981,2025-11-09,66.06
32525,1981,2025-10-18,107.49
32526,1981,2026-07-20,43.78
32527,1981,2025-11-19,95.9
32528,1981,2025-11-29,116.76
32529,1981,2025-12-18,58.89
32530,1981,2025-09-26,190.02
32531,1981,2025-10-09,38.34
32532,1981,2026-04-18,122.23
32533,1981,2025-10-15,129.83
32534,1981,2026-06-23,60.39
32535,1981,2026-06-13,102.78
32536,1981,2025-12-21,60.55
32537,1982,2026-09-07,69.28
32538,1982,2025-11-04,31.96
32539,1982,2026-04-26,68.89
32540,1982,2025-10-14,57.92
32541,1982,2025-12-27,29.32
32542,1982,2026-01-01,46.24
32543,1982,2026-05-19,43.59
32544,1982,2025-10-13,13.91
32545,1982,2026-01-17,23.73
32546,1982,2025-12-31,73.15
32547,1982,2025-12-02,32.43
32548,1982,2025-09-30,58.47
32549,1982,2026-01-11,79.44
32550,1982,2025-10-09,17.7
32551,1982,2026-06-15,92.83
32552,1982,2026-02-02,41.63
32553,1982,2026-04-03,53.53
32554,1982,2026-02-11,107.59
32555,1982,2025-11-06,69.42
32556,1982,2025-10-31,41.53
32557,1982,2026-08-14,35.38
32558,1982,2025-12-14,36.76
32559,1982,2025-10-11,34.88
32560,1983,2026-08-17,149.19
32561,1983,2026-02-04,87.05
32562,1983,2026-05-26,163.56
32563,1983,2026-05-09,141.33
32564,1983,2026-07-10,106.78
32565,1983,2026-07-14,43.02
32566,1983,2026-04-14,95.27
32567,1983,2026-01-28,90.36
32568,1983,2026-01-31,80.47
32569,1983,2026-02-21,76.17
32570,1983,2026-02-04,126.22
32571,1983,2026-02-14,51.4
32572,1983,2026-01-26,154.02
32573,1984,2026-07-21,64.47
32574,1984,2025-12-13,114.02
32575,1984,2026-06-17,113.04
32576,1984,2026-06-10,137.0
32577,1984,2025-10-30,47.78
32578,1984,2026-05-13,42.72
32579,1984,2026-07-05,86.22
32580,1984,2026-04-08,98.61
32581,1984,2026-03-27,63.51
32582,1985,2026-06-03,23.07
32583,1985,2025-11-21,45.22
32584,1985,2025-10-04,51.91
32585,1985,2025-10-14,22.54
32586,1986,2026-08-15,56.62
32587,1986,2026-03-17,134.16
32588,1986,2026-02-18,88.24
32589,1986,2026-06-30,50.46
32590,1986,2026-01-22,59.37
32591,1986,2026-04-07,74.85
32592,1986,2025-11-17,144.89
32593,1986,2026-03-11,56.51
32594,1986,2025-12-16,40.02
32595,1986,2026-02-07,79.89
32596,1986,2025-10-15,72.6
32597,1986,2025-11-16,145.71
32598,1986,2025-11-16,101.03
32599,1987,2026-05-23,111.23
32600,1987,2025-11-24,126.46
32601,1987,2026-01-15,94.21
32602,1987,2026-02-23,48.75
32603,1988,2026-06-18,32.45
32604,1988,2026-04-05,24.01
32605,1988,2026-05-16,34.87
32606,1988,2026-06-16,27.04
32607,1988,2026-03-05,24.64
32608,1989,2026-08-15,221.78
32609,1989,2026-05-21,143.17
32610,1989,2026-02-13,141.13
32611,1989,2026-05-02,51.83
32612,1989,2026-01-16,126.49
32613,1989,2026-01-06,132.0
32614,1989,2026-01-02,88.23
32615,1989,2026-05-05,35.81
32616,1989,2025-10-25,31.55
32617,1989,2025-10-25,79.36
32618,1989,2026-01-27,70.65
32619,1989,2026-06-03,46.0
32620,1989,2026-04-19,107.13
32621,1990,2026-08-20,80.05
32622,1990,2025-11-20,275.56
32623,1990,2026-01-01,206.27
32624,1990,2026-01-16,323.72
32625,1990,2026-02-11,62.87
32626,1990,2026-06-06,316.57
32627,1990,2025-12-01,101.02
32628,1990,2026-06-08,347.49
32629,1990,2026-03-30,143.7
32630,1990,2025-12-07,253.17
32631,1990,2025-10-26,202.01
32632,1990,2026-08-05,331.55
32633,1990,2025-11-10,224.79
32634,1990,2026-01-04,425.71
32635,1990,2026-06-26,151.88
32636,1990,2026-07-28,131.81
32637,1990,2026-06-18,156.49
32638,1990,2026-07-18,279.25
32639,1990,2026-05-08,284.51
32640,1990,2026-06-02,117.67
32641,1990,2026-07-14,143.38
32642,1990,2026-04-30,239.1
32643,1990,2025-11-22,367.8
32644,1990,2025-09-30,153.1
32645,1990,2025-11-11,110.52
32646,1990,2026-03-23,329.81
32647,1990,2026-01-18,95.62
32648,1990,2026-04-01,267.76
32649,1990,2026-02-13,79.14
32650,1990,2025-12-10,198.93
32651,1990,2026-04-24,179.14
32652,1990,2026-05-24,147.67
32653,1990,2025-11-07,401.37
32654,1990,2026-02-05,202.27
32655,1990,2026-03-04,194.69
32656,1990,2026-01-02,187.08
32657,1990,2026-08-19,148.64
32658,1990,2025-11-12,477.97
32659,1991,2026-09-21,282.49
32660,1991,2026-06-25,117.91
32661,1991,2026-09-03,445.62
32662,1991,2025-10-03,236.77
32663,1991,2026-01-13,207.48
32664,1991,2026-01-20,114.24
32665,1991,2025-11-06,143.15
32666,1991,2026-01-01,176.52
32667,1991,2026-07-13,204.64
32668,1991,2025-11-01,241.89
32669,1991,2026-03-27,176.74
32670,1991,2025-11-17,397.52
32671,1991,2025-11-08,174.71
32672,1991,2026-09-19,226.02
32673,1991,2025-11-18,345.56
32674,1991,2026-08-24,161.81
32675,1991,2025-12-13,111.99
32676,1991,2026-01-24,171.91
32677,1991,2026-07-16,312.37
32678,1991,2025-10-21,213.66
32679,1991,2026-04-17,280.86
32680,1991,2026-05-11,114.77
32681,1991,2025-10-02,100.22
32682,1991,2026-03-05,269.04
32683,1991,2026-06-26,242.59
32684,1991,2025-11-14,137.3
32685,1991,2026-08-04,123.76
32686,1991,2026-02-16,192.48
32687,1992,2026-02-06,38.54
32688,1992,2025-12-13,22.69
32689,1992,2025-09-28,49.72
32690,1992,2025-09-30,21.79
32691,1992,2025-11-28,36.84
32692,1992,2025-10-20,81.46
32693,1992,2025-10-27,22.85
32694,1992,2026-01-27,37.33
32695,1992,2026-01-19,73.11
32696,1992,2025-10-13,46.18
32697,1993,2026-05-24,119.56
32698,1993,2026-05-08,59.3
32699,1993,2025-12-28,58.85
32700,1993,2026-03-30,65.37
32701,1993,2025-12-03,111.31
32702,1993,2026-03-11,147.11
32703,1994,2026-09-22,310.28
32704,1994,2026-07-02,203.32
32705,1994,2026-07-18,390.95
32706,1994,2026-04-12,224.39
32707,1994,2026-02-03,194.11
32708,1994,2025-11-13,196.43
32709,1994,2026-04-27,213.72
32710,1994,2026-09-18,249.81
32711,1994,2026-03-08,137.33
32712,1994,2026-05-10,341.98
32713,1994,2025-11-24,368.18
32714,1994,2026-04-25,624.42
32715,1994,2026-02-13,94.87
32716,1994,2025-11-26,208.6
32717,1994,2026-02-24,143.23
32718,1994,2026-05-04,275.12
32719,1994,2026-05-13,356.38
32720,1994,2026-08-21,209.4
32721,1994,2026-07-13,179.31
32722,1994,2026-08-09,165.85
32723,1994,2026-07-06,189.14
32724,1994,2026-08-10,244.46
32725,1994,2026-01-18,243.76
32726,1994,2026-02-16,404.97
32727,1994,2025-12-12,192.32
32728,1994,2026-03-15,312.07
32729,1994,2026-06-04,138.96
32730,1994,2026-06-24,117.37
32731,1994,2026-08-20,326.81
32732,1994,2026-07-16,250.62
32733,1994,2026-03-25,164.68
32734,1994,2025-10-28,138.08
32735,1994,2026-05-13,168.76
32736,1995,2026-09-21,37.75
32737,1995,2026-02-22,58.78
32738,1995,2025-12-25,40.27
32739,1995,2025-11-05,22.22
32740,1995,2026-05-21,88.62
32741,1995,2026-06-07,45.11
32742,1995,2026-03-28,49.42
32743,1995,2026-01-18,66.81
32744,1995,2025-11-05,41.47
32745,1995,2026-01-11,39.75
32746,1995,2025-11-02,78.16
32747,1995,2026-09-21,31.14
32748,1995,2025-11-11,67.92
32749,1995,2026-05-09,27.06
32750,1996,2026-05-09,20.98
32751,1996,2026-01-23,39.89
32752,1997,2025-11-04,74.45
32753,1997,2025-10-28,83.95
32754,1997,2025-10-07,76.87
32755,1997,2025-10-19,151.2
32756,1997,2025-10-26,109.14
32757,1997,2025-10-24,129.31
32758,1997,2025-10-19,86.97
32759,1997,2025-10-10,140.32
32760,1997,2025-10-12,76.84
32761,1998,2026-07-16,61.51
32762,1998,2026-01-27,156.32
32763,1998,2026-07-01,85.1
32764,1998,2026-04-18,36.91
32765,1998,2026-06-07,140.49
32766,1999,2026-09-03,65.33
32767,1999,2026-08-10,96.18
32768,1999,2026-08-08,159.22
32769,1999,2026-05-29,94.95
32770,1999,2026-07-03,48.91
32771,1999,2026-05-21,89.01
32772,1999,2026-05-30,111.76
32773,1999,2026-07-01,123.87
32774,1999,2025-10-09,113.52
32775,1999,2026-06-02,95.59
32776,1999,2026-08-27,304.82
32777,2000,2026-08-28,99.59
32778,2000,2026-04-07,39.19
32779,2000,2026-06-20,35.01
32780,2000,2025-09-30,13.36
32781,2000,2026-05-28,74.54
32782,2000,2026-04-26,38.04
32783,2000,2026-04-27,64.0
32784,2000,2025-10-06,42.12
32785,2000,2026-07-16,82.07
32786,2000,2026-07-07,83.55
32787,2000,2026-01-24,28.75
32788,2000,2025-10-11,36.52
32789,2000,2026-01-26,58.45
32790,2000,2025-10-08,84.77
32791,2000,2026-03-10,47.35
32792,2000,2026-05-23,49.55
32793,2000,2026-06-30,52.64
32794,2000,2026-06-21,30.34
32795,2000,2025-11-23,36.69
32796,2000,2026-02-06,41.4
32797,2000,2025-11-13,70.6
32798,2000,2026-07-13,100.93
32799,2000,2026-06-17,29.88
32800,2000,2026-05-21,62.26
