CustomerID,Gender,Age,Annual Income,Spending Score,Customer Satisfaction Score,Purchase Frequency,Total Purchase Amount,Last Purchase Date,Recency,Cluster,Category,Recommendation
1,Male,29.0,72.03,39.0,2.6,16.0,1430.3,2026-09-19,6.0,2,Value-focused loyalists,"Budget-friendly offers, bundles and loyalty rewards. Offer a repeat-purchase loyalty benefit."
2,Female,18.0,51.13,48.0,3.4,26.0,1361.85,2026-09-03,22.0,2,Value-focused loyalists,"Budget-friendly offers, bundles and loyalty rewards. Offer a repeat-purchase loyalty benefit."
3,Male,53.0,84.74,60.0,3.3,14.0,1142.23,2026-07-24,63.0,0,Growth opportunity,Special discounts and personalized product campaigns.
4,Male,60.0,32.85,19.0,3.0,6.0,159.7,2026-05-21,127.0,3,At-risk / Engagement segment,Engagement campaigns and introductory value offers. Prioritize a win-back message because average recency exceeds 90 days.
5,Female,37.0,118.04,82.0,3.8,31.0,7268.17,2026-09-16,9.0,1,VIP segment,"Premium membership, luxury offers and early access. Offer a repeat-purchase loyalty benefit."
6,Male,26.0,59.85,33.0,4.0,21.0,1772.26,2026-09-07,18.0,2,Value-focused loyalists,"Budget-friendly offers, bundles and loyalty rewards. Offer a repeat-purchase loyalty benefit."
7,Female,18.0,69.39,40.0,4.0,14.0,1383.43,2026-08-07,49.0,2,Value-focused loyalists,"Budget-friendly offers, bundles and loyalty rewards. Offer a repeat-purchase loyalty benefit."
8,Female,37.0,66.4,47.0,2.8,20.0,1699.43,2026-08-20,36.0,2,Value-focused loyalists,"Budget-friendly offers, bundles and loyalty rewards. Offer a repeat-purchase loyalty benefit."
9,Female,39.0,110.82,76.0,2.2,31.0,7484.75,2026-09-19,6.0,1,VIP segment,"Premium membership, luxury offers and early access. Offer a repeat-purchase loyalty benefit."
10,Male,21.0,33.93,79.0,3.8,19.0,817.89,2026-09-14,11.0,2,Value-focused loyalists,"Budget-friendly offers, bundles and loyalty rewards. Offer a repeat-purchase loyalty benefit."
11,Female,30.0,38.33,85.0,3.2,24.0,1248.55,2026-09-16,9.0,2,Value-focused loyalists,"Budget-friendly offers, bundles and loyalty rewards. Offer a repeat-purchase loyalty benefit."
12,Female,43.0,57.88,80.0,5.0,20.0,2226.73,2026-06-17,100.0,2,Value-focused loyalists,"Budget-friendly offers, bundles and loyalty rewards. Offer a repeat-purchase loyalty benefit."
13,Female,39.0,26.61,22.0,5.0,6.0,260.87,2025-11-09,320.0,3,At-risk / Engagement segment,Engagement campaigns and introductory value offers. Prioritize a win-back message because average recency exceeds 90 days.
14,Female,36.0,85.9,66.0,5.0,17.0,1451.83,2026-07-30,57.0,2,Value-focused loyalists,"Budget-friendly offers, bundles and loyalty rewards. Offer a repeat-purchase loyalty benefit."
15,Female,18.0,69.95,68.0,2.8,27.0,1241.19,2026-08-26,30.0,2,Value-focused loyalists,"Budget-friendly offers, bundles and loyalty rewards. Offer a repeat-purchase loyalty benefit."
16,Male,55.0,83.14,8.0,4.1,11.0,1149.57,2026-07-28,59.0,0,Growth opportunity,Special discounts and personalized product campaigns.
17,Female,28.0,14.37,74.0,4.3,25.0,1261.72,2026-09-03,22.0,2,Value-focused loyalists,"Budget-friendly offers, bundles and loyalty rewards. Offer a repeat-purchase loyalty benefit."
18,Female,51.0,96.6,65.0,4.2,34.0,7420.45,2026-09-21,4.0,1,VIP segment,"Premium membership, luxury offers and early access. Offer a repeat-purchase loyalty benefit."
19,Male,47.0,60.55,53.0,3.3,19.0,1859.35,2026-06-17,100.0,0,Growth opportunity,Special discounts and personalized product campaigns.
20,Female,22.0,42.54,13.0,4.7,4.0,114.11,2026-05-16,132.0,3,At-risk / Engagement segment,Engagement campaigns and introductory value offers. Prioritize a win-back message because average recency exceeds 90 days.
21,Male,22.0,38.28,1.0,3.6,4.0,202.21,2026-06-11,106.0,3,At-risk / Engagement segment,Engagement campaigns and introductory value offers. Prioritize a win-back message because average recency exceeds 90 days.
22,Female,40.0,102.41,49.0,3.7,8.0,844.85,2026-07-19,68.0,0,Growth opportunity,Special discounts and personalized product campaigns.
23,Female,28.0,69.41,47.0,2.3,14.0,1665.59,2026-09-09,16.0,2,Value-focused loyalists,"Budget-friendly offers, bundles and loyalty rewards. Offer a repeat-purchase loyalty benefit."
24,Female,47.0,52.31,33.0,4.1,12.0,1094.57,2026-08-29,27.0,0,Growth opportunity,Special discounts and personalized product campaigns.
25,Female,43.0,58.58,64.0,3.4,9.0,933.26,2026-08-19,37.0,2,Value-focused loyalists,"Budget-friendly offers, bundles and loyalty rewards. Offer a repeat-purchase loyalty benefit."
26,Female,59.0,99.72,19.0,4.0,4.0,509.81,2026-08-29,27.0,0,Growth opportunity,Special discounts and personalized product campaigns.
27,Male,32.0,12.0,91.0,3.8,23.0,1343.76,2026-09-09,16.0,2,Value-focused loyalists,"Budget-friendly offers, bundles and loyalty rewards. Offer a repeat-purchase loyalty benefit."
28,Female,44.0,93.74,75.0,3.8,29.0,6394.2,2026-08-24,32.0,1,VIP segment,"Premium membership, luxury offers and early access. Offer a repeat-purchase loyalty benefit."
29,Male,54.0,94.3,78.0,3.6,32.0,7332.34,2026-09-19,6.0,1,VIP segment,"Premium membership, luxury offers and early access. Offer a repeat-purchase loyalty benefit."
30,Male,41.0,40.7,26.0,4.3,4.0,113.66,2026-03-23,186.0,3,At-risk / Engagement segment,Engagement campaigns and introductory value offers. Prioritize a win-back message because average recency exceeds 90 days.
31,Female,37.0,33.43,29.0,3.4,3.0,89.1,2026-08-14,42.0,3,At-risk / Engagement segment,Engagement campaigns and introductory value offers. Prioritize a win-back message because average recency exceeds 90 days.
32,Male,54.0,70.55,62.0,2.4,13.0,1247.81,2026-08-14,42.0,0,Growth opportunity,Special discounts and personalized product campaigns.
33,Female,49.0,74.24,27.0,4.1,5.0,592.16,2026-08-23,33.0,0,Growth opportunity,Special discounts and personalized product campaigns.
34,Female,25.0,12.0,84.0,2.9,18.0,801.59,2026-08-08,48.0,2,Value-focused loyalists,"Budget-friendly offers, bundles and loyalty rewards. Offer a repeat-purchase loyalty benefit."
35,Female,20.0,41.29,87.0,2.5,21.0,866.94,2026-09-16,9.0,2,Value-focused loyalists,"Budget-friendly offers, bundles and loyalty rewards. Offer a repeat-purchase loyalty benefit."
36,Male,55.0,61.1,30.0,2.7,4.0,335.77,2026-07-19,68.0,0,Growth opportunity,Special discounts and personalized product campaigns.
37,Male,54.0,127.14,82.0,3.8,40.0,9399.63,2026-09-07,18.0,1,VIP segment,"Premium membership, luxury offers and early access. Offer a repeat-purchase loyalty benefit."
38,Female,27.0,12.0,61.0,3.5,26.0,1183.7,2026-08-15,41.0,2,Value-focused loyalists,"Budget-friendly offers, bundles and loyalty rewards. Offer a repeat-purchase loyalty benefit."
39,Male,61.0,111.81,35.0,1.8,3.0,342.93,2026-06-20,97.0,0,Growth opportunity,Special discounts and personalized product campaigns.
40,Male,18.0,17.56,23.0,3.3,4.0,93.77,2026-04-17,161.0,3,At-risk / Engagement segment,Engagement campaigns and introductory value offers. Prioritize a win-back message because average recency exceeds 90 days.
41,Female,27.0,46.68,73.0,4.6,23.0,1119.76,2026-08-28,28.0,2,Value-focused loyalists,"Budget-friendly offers, bundles and loyalty rewards. Offer a repeat-purchase loyalty benefit."
42,Male,39.0,106.91,68.0,3.2,18.0,2098.13,2026-09-01,24.0,1,VIP segment,"Premium membership, luxury offers and early access. Offer a repeat-purchase loyalty benefit."
43,Male,29.0,12.0,5.0,3.5,6.0,224.26,2026-06-13,104.0,3,At-risk / Engagement segment,Engagement campaigns and introductory value offers. Prioritize a win-back message because average recency exceeds 90 days.
44,Male,72.0,109.74,48.0,4.5,5.0,630.36,2026-08-24,32.0,0,Growth opportunity,Special discounts and personalized product campaigns.
45,Other,38.0,36.69,53.0,4.3,11.0,1104.81,2026-09-15,10.0,2,Value-focused loyalists,"Budget-friendly offers, bundles and loyalty rewards. Offer a repeat-purchase loyalty benefit."
46,Female,35.0,67.97,57.0,4.5,15.0,1499.81,2026-08-02,54.0,2,Value-focused loyalists,"Budget-friendly offers, bundles and loyalty rewards. Offer a repeat-purchase loyalty benefit."
47,Female,28.0,29.11,73.0,1.2,32.0,1521.08,2026-09-02,23.0,2,Value-focused loyalists,"Budget-friendly offers, bundles and loyalty rewards. Offer a repeat-purchase loyalty benefit."
48,Male,28.0,101.82,8.0,5.0,8.0,1303.82,2026-04-13,165.0,0,Growth opportunity,Special discounts and personalized product campaigns.
49,Female,28.0,17.24,20.0,4.1,3.0,77.74,2026-05-25,123.0,3,At-risk / Engagement segment,Engagement campaigns and introductory value offers. Prioritize a win-back message because average recency exceeds 90 days.
50,Female,52.0,120.93,88.0,5.0,24.0,4719.35,2026-09-18,7.0,1,VIP segment,"Premium membership, luxury offers and early access. Offer a repeat-purchase loyalty benefit."
51,Other,42.0,79.72,36.0,2.9,2.0,226.46,2026-07-23,64.0,0,Growth opportunity,Special discounts and personalized product campaigns.
52,Female,34.0,127.38,82.0,2.1,29.0,5938.28,2026-09-08,17.0,1,VIP segment,"Premium membership, luxury offers and early access. Offer a repeat-purchase loyalty benefit."
53,Female,52.0,56.27,27.0,3.6,14.0,1558.63,2026-09-08,17.0,0,Growth opportunity,Special discounts and personalized product campaigns.
54,Male,49.0,12.0,4.0,3.4,4.0,196.96,2025-10-30,330.0,3,At-risk / Engagement segment,Engagement campaigns and introductory value offers. Prioritize a win-back message because average recency exceeds 90 days.
55,Female,41.0,52.33,47.0,4.2,5.0,218.61,2026-08-27,29.0,3,At-risk / Engagement segment,Engagement campaigns and introductory value offers. Prioritize a win-back message because average recency exceeds 90 days.
56,Female,34.0,61.06,40.0,4.5,9.0,753.44,2026-08-02,54.0,0,Growth opportunity,Special discounts and personalized product campaigns.
57,Male,26.0,58.71,95.0,3.5,20.0,917.18,2026-08-11,45.0,2,Value-focused loyalists,"Budget-friendly offers, bundles and loyalty rewards. Offer a repeat-purchase loyalty benefit."
58,Female,20.0,49.1,67.0,3.4,24.0,1379.1,2026-09-24,1.0,2,Value-focused loyalists,"Budget-friendly offers, bundles and loyalty rewards. Offer a repeat-purchase loyalty benefit."
59,Female,32.0,98.83,82.0,4.0,29.0,6450.91,2026-09-07,18.0,1,VIP segment,"Premium membership, luxury offers and early access. Offer a repeat-purchase loyalty benefit."
60,Female,32.0,108.81,92.0,3.4,33.0,7386.72,2026-09-16,9.0,1,VIP segment,"Premium membership, luxury offers and early access. Offer a repeat-purchase loyalty benefit."
61,Male,30.0,31.69,12.0,3.3,4.0,183.75,2026-08-18,38.0,3,At-risk / Engagement segment,Engagement campaigns and introductory value offers. Prioritize a win-back message because average recency exceeds 90 days.
62,Female,18.0,53.37,97.0,4.5,22.0,1023.08,2026-08-02,54.0,2,Value-focused loyalists,"Budget-friendly offers, bundles and loyalty rewards. Offer a repeat-purchase loyalty benefit."
63,Male,18.0,38.13,79.0,4.7,31.0,1717.29,2026-07-17,70.0,2,Value-focused loyalists,"Budget-friendly offers, bundles and loyalty rewards. Offer a repeat-purchase loyalty benefit."
64,Female,41.0,64.47,59.0,4.5,14.0,1812.89,2026-08-10,46.0,2,Value-focused loyalists,"Budget-friendly offers, bundles and loyalty rewards. Offer a repeat-purchase loyalty benefit."
65,Female,38.0,27.2,19.0,3.5,2.0,52.02,2026-07-25,62.0,3,At-risk / Engagement segment,Engagement campaigns and introductory value offers. Prioritize a win-back message because average recency exceeds 90 days.
66,Male,45.0,31.29,86.0,1.8,24.0,1190.25,2026-08-31,25.0,2,Value-focused loyalists,"Budget-friendly offers, bundles and loyalty rewards. Offer a repeat-purchase loyalty benefit."
67,Male,21.0,50.26,97.0,3.5,26.0,1209.69,2026-08-19,37.0,2,Value-focused loyalists,"Budget-friendly offers, bundles and loyalty rewards. Offer a repeat-purchase loyalty benefit."
68,Male,51.0,100.05,26.0,3.0,5.0,763.19,2026-07-05,82.0,0,Growth opportunity,Special discounts and personalized product campaigns.
69,Female,45.0,104.47,100.0,3.5,50.0,12607.19,2026-09-04,21.0,1,VIP segment,"Premium membership, luxury offers and early access. Offer a repeat-purchase loyalty benefit."
70,Male,25.0,24.1,71.0,3.0,22.0,1095.5,2026-08-25,31.0,2,Value-focused loyalists,"Budget-friendly offers, bundles and loyalty rewards. Offer a repeat-purchase loyalty benefit."
71,Male,55.0,92.25,37.0,3.6,5.0,546.29,2026-07-09,78.0,0,Growth opportunity,Special discounts and personalized product campaigns.
72,Female,36.0,12.37,84.0,2.7,17.0,754.74,2026-08-19,37.0,2,Value-focused loyalists,"Budget-friendly offers, bundles and loyalty rewards. Offer a repeat-purchase loyalty benefit."
73,Female,42.0,51.49,40.0,2.5,13.0,1482.0,2026-08-29,27.0,2,Value-focused loyalists,"Budget-friendly offers, bundles and loyalty rewards. Offer a repeat-purchase loyalty benefit."
74,Male,45.0,120.98,31.0,4.6,7.0,837.74,2026-07-27,60.0,0,Growth opportunity,Special discounts and personalized product campaigns.
75,Female,38.0,107.11,84.0,2.8,25.0,5579.02,2026-08-24,32.0,1,VIP segment,"Premium membership, luxury offers and early access. Offer a repeat-purchase loyalty benefit."
76,Male,34.0,109.86,18.0,3.6,6.0,594.86,2026-07-07,80.0,0,Growth opportunity,Special discounts and personalized product campaigns.
77,Male,40.0,65.3,32.0,4.4,6.0,743.72,2026-08-19,37.0,0,Growth opportunity,Special discounts and personalized product campaigns.
78,Female,30.0,37.96,24.0,4.4,5.0,134.06,2025-12-13,286.0,3,At-risk / Engagement segment,Engagement campaigns and introductory value offers. Prioritize a win-back message because average recency exceeds 90 days.
79,Female,18.0,29.74,77.0,4.3,30.0,1311.03,2026-08-29,27.0,2,Value-focused loyalists,"Budget-friendly offers, bundles and loyalty rewards. Offer a repeat-purchase loyalty benefit."
80,Female,43.0,55.26,52.0,3.9,11.0,969.98,2026-07-09,78.0,0,Growth opportunity,Special discounts and personalized product campaigns.
81,Female,48.0,32.53,21.0,4.2,4.0,128.76,2025-10-30,330.0,3,At-risk / Engagement segment,Engagement campaigns and introductory value offers. Prioritize a win-back message because average recency exceeds 90 days.
82,Female,19.0,25.06,74.0,4.8,21.0,992.57,2026-08-16,40.0,2,Value-focused loyalists,"Budget-friendly offers, bundles and loyalty rewards. Offer a repeat-purchase loyalty benefit."
83,Male,42.0,32.27,55.0,4.0,16.0,1850.92,2026-06-05,112.0,2,Value-focused loyalists,"Budget-friendly offers, bundles and loyalty rewards. Offer a repeat-purchase loyalty benefit."
84,Female,32.0,122.91,76.0,2.0,33.0,8316.25,2026-09-15,10.0,1,VIP segment,"Premium membership, luxury offers and early access. Offer a repeat-purchase loyalty benefit."
85,Male,39.0,113.4,100.0,3.2,32.0,7232.07,2026-09-24,1.0,1,VIP segment,"Premium membership, luxury offers and early access. Offer a repeat-purchase loyalty benefit."
86,Female,35.0,105.6,67.0,4.2,31.0,7906.62,2026-09-16,9.0,1,VIP segment,"Premium membership, luxury offers and early access. Offer a repeat-purchase loyalty benefit."
87,Female,42.0,16.47,15.0,3.1,4.0,165.8,2026-07-31,56.0,3,At-risk / Engagement segment,Engagement campaigns and introductory value offers. Prioritize a win-back message because average recency exceeds 90 days.
88,Female,21.0,12.0,72.0,5.0,22.0,1047.22,2026-09-01,24.0,2,Value-focused loyalists,"Budget-friendly offers, bundles and loyalty rewards. Offer a repeat-purchase loyalty benefit."
89,Male,52.0,113.13,100.0,3.5,37.0,9300.98,2026-09-10,15.0,1,VIP segment,"Premium membership, luxury offers and early access. Offer a repeat-purchase loyalty benefit."
90,Female,26.0,54.59,62.0,3.7,18.0,858.4,2026-09-14,11.0,2,Value-focused loyalists,"Budget-friendly offers, bundles and loyalty rewards. Offer a repeat-purchase loyalty benefit."
91,Female,36.0,112.84,89.0,4.6,39.0,9412.53,2026-09-01,24.0,1,VIP segment,"Premium membership, luxury offers and early access. Offer a repeat-purchase loyalty benefit."
92,Male,23.0,12.0,25.0,3.4,3.0,104.23,2026-08-07,49.0,3,At-risk / Engagement segment,Engagement campaigns and introductory value offers. Prioritize a win-back message because average recency exceeds 90 days.
93,Male,31.0,35.15,82.0,3.7,15.0,750.62,2026-09-09,16.0,2,Value-focused loyalists,"Budget-friendly offers, bundles and loyalty rewards. Offer a repeat-purchase loyalty benefit."
94,Female,37.0,31.25,93.0,4.4,18.0,1145.05,2026-08-22,34.0,2,Value-focused loyalists,"Budget-friendly offers, bundles and loyalty rewards. Offer a repeat-purchase loyalty benefit."
95,Male,51.0,112.1,43.0,2.3,4.0,451.82,2026-05-30,118.0,0,Growth opportunity,Special discounts and personalized product campaigns.
96,Female,58.0,38.49,17.0,3.4,3.0,100.4,2026-07-01,86.0,3,At-risk / Engagement segment,Engagement campaigns and introductory value offers. Prioritize a win-back message because average recency exceeds 90 days.
97,Female,42.0,12.0,80.0,4.3,24.0,1221.98,2026-09-01,24.0,2,Value-focused loyalists,"Budget-friendly offers, bundles and loyalty rewards. Offer a repeat-purchase loyalty benefit."
98,Male,39.0,117.63,62.0,3.7,34.0,7809.97,2026-09-08,17.0,1,VIP segment,"Premium membership, luxury offers and early access. Offer a repeat-purchase loyalty benefit."
99,Female,39.0,95.95,85.0,4.8,32.0,7089.17,2026-09-17,8.0,1,VIP segment,"Premium membership, luxury offers and early access. Offer a repeat-purchase loyalty benefit."
100,Female,44.0,42.1,43.0,2.3,18.0,1888.03,2026-07-21,66.0,2,Value-focused loyalists,"Budget-friendly offers, bundles and loyalty rewards. Offer a repeat-purchase loyalty benefit."
101,Male,31.0,59.36,51.0,2.2,13.0,1170.41,2026-08-18,38.0,2,Value-focused loyalists,"Budget-friendly offers, bundles and loyalty rewards. Offer a repeat-purchase loyalty benefit."
102,Female,48.0,35.75,2.0,4.3,5.0,132.16,2026-06-13,104.0,3,At-risk / Engagement segment,Engagement campaigns and introductory value offers. Prioritize a win-back message because average recency exceeds 90 days.
103,Male,52.0,77.03,33.0,4.3,3.0,511.98,2026-04-08,170.0,0,Growth opportunity,Special discounts and personalized product campaigns.
104,Male,42.0,71.86,33.0,3.4,19.0,2055.09,2026-08-25,31.0,0,Growth opportunity,Special discounts and personalized product campaigns.
105,Male,46.0,72.69,55.0,3.9,11.0,1253.74,2026-08-25,31.0,0,Growth opportunity,Special discounts and personalized product campaigns.
106,Male,53.0,30.66,7.0,4.2,1.0,23.23,2026-04-11,167.0,3,At-risk / Engagement segment,Engagement campaigns and introductory value offers. Prioritize a win-back message because average recency exceeds 90 days.
107,Male,30.0,19.85,68.0,2.9,21.0,1130.99,2026-09-16,9.0,2,Value-focused loyalists,"Budget-friendly offers, bundles and loyalty rewards. Offer a repeat-purchase loyalty benefit."
108,Other,47.0,86.29,42.0,3.0,4.0,359.81,2026-07-03,84.0,0,Growth opportunity,Special discounts and personalized product campaigns.
109,Female,57.0,124.36,91.0,3.8,32.0,7478.78,2026-09-13,12.0,1,VIP segment,"Premium membership, luxury offers and early access. Offer a repeat-purchase loyalty benefit."
110,Female,49.0,40.84,67.0,4.4,13.0,1287.9,2026-08-19,37.0,2,Value-focused loyalists,"Budget-friendly offers, bundles and loyalty rewards. Offer a repeat-purchase loyalty benefit."
111,Male,25.0,46.9,97.0,2.6,26.0,1256.86,2026-09-07,18.0,2,Value-focused loyalists,"Budget-friendly offers, bundles and loyalty rewards. Offer a repeat-purchase loyalty benefit."
112,Male,48.0,97.69,19.0,3.4,4.0,343.35,2026-01-23,245.0,0,Growth opportunity,Special discounts and personalized product campaigns.
113,Female,50.0,98.66,46.0,3.4,6.0,773.86,2026-07-28,59.0,0,Growth opportunity,Special discounts and personalized product campaigns.
114,Male,32.0,12.0,60.0,4.0,20.0,984.12,2026-08-28,28.0,2,Value-focused loyalists,"Budget-friendly offers, bundles and loyalty rewards. Offer a repeat-purchase loyalty benefit."
115,Female,28.0,107.95,93.0,3.6,34.0,7501.37,2026-09-12,13.0,1,VIP segment,"Premium membership, luxury offers and early access. Offer a repeat-purchase loyalty benefit."
116,Male,24.0,70.59,47.0,3.1,13.0,1246.92,2026-06-06,111.0,2,Value-focused loyalists,"Budget-friendly offers, bundles and loyalty rewards. Offer a repeat-purchase loyalty benefit."
117,Female,27.0,12.0,11.0,4.7,4.0,134.03,2026-01-30,238.0,3,At-risk / Engagement segment,Engagement campaigns and introductory value offers. Prioritize a win-back message because average recency exceeds 90 days.
118,Female,26.0,36.98,29.0,3.1,3.0,94.12,2026-02-15,222.0,3,At-risk / Engagement segment,Engagement campaigns and introductory value offers. Prioritize a win-back message because average recency exceeds 90 days.
119,Female,22.0,33.25,89.0,3.4,14.0,861.04,2026-09-12,13.0,2,Value-focused loyalists,"Budget-friendly offers, bundles and loyalty rewards. Offer a repeat-purchase loyalty benefit."
120,Female,42.0,20.99,33.0,2.2,3.0,72.62,2026-08-25,31.0,3,At-risk / Engagement segment,Engagement campaigns and introductory value offers. Prioritize a win-back message because average recency exceeds 90 days.
121,Female,34.0,41.97,25.0,3.0,3.0,102.46,2026-08-05,51.0,3,At-risk / Engagement segment,Engagement campaigns and introductory value offers. Prioritize a win-back message because average recency exceeds 90 days.
122,Female,38.0,12.0,24.0,4.0,4.0,158.93,2026-07-11,76.0,3,At-risk / Engagement segment,Engagement campaigns and introductory value offers. Prioritize a win-back message because average recency exceeds 90 days.
123,Female,30.0,114.85,90.0,3.9,37.0,8709.57,2026-09-13,12.0,1,VIP segment,"Premium membership, luxury offers and early access. Offer a repeat-purchase loyalty benefit."
124,Female,23.0,54.67,82.0,4.1,25.0,1123.31,2026-09-03,22.0,2,Value-focused loyalists,"Budget-friendly offers, bundles and loyalty rewards. Offer a repeat-purchase loyalty benefit."
125,Female,48.0,130.16,90.0,4.1,41.0,8598.78,2026-09-21,4.0,1,VIP segment,"Premium membership, luxury offers and early access. Offer a repeat-purchase loyalty benefit."
126,Female,34.0,37.46,80.0,5.0,26.0,1346.26,2026-08-22,34.0,2,Value-focused loyalists,"Budget-friendly offers, bundles and loyalty rewards. Offer a repeat-purchase loyalty benefit."
127,Female,41.0,95.78,38.0,3.0,5.0,575.97,2026-05-07,141.0,0,Growth opportunity,Special discounts and personalized product campaigns.
128,Female,44.0,101.1,64.0,2.2,31.0,7031.9,2026-09-13,12.0,1,VIP segment,"Premium membership, luxury offers and early access. Offer a repeat-purchase loyalty benefit."
129,Female,64.0,105.76,82.0,2.7,30.0,6616.89,2026-09-17,8.0,1,VIP segment,"Premium membership, luxury offers and early access. Offer a repeat-purchase loyalty benefit."
130,Female,36.0,37.61,5.0,3.0,2.0,90.64,2026-07-30,57.0,3,At-risk / Engagement segment,Engagement campaigns and introductory value offers. Prioritize a win-back message because average recency exceeds 90 days.
131,Female,35.0,98.7,87.0,2.8,30.0,6607.58,2026-09-09,16.0,1,VIP segment,"Premium membership, luxury offers and early access. Offer a repeat-purchase loyalty benefit."
132,Male,37.0,72.6,73.0,3.7,11.0,1010.72,2026-08-11,45.0,2,Value-focused loyalists,"Budget-friendly offers, bundles and loyalty rewards. Offer a repeat-purchase loyalty benefit."
133,Other,37.0,59.86,16.0,4.7,5.0,211.48,2026-02-12,225.0,3,At-risk / Engagement segment,Engagement campaigns and introductory value offers. Prioritize a win-back message because average recency exceeds 90 days.
134,Male,46.0,99.13,30.0,4.9,5.0,687.59,2026-07-02,85.0,0,Growth opportunity,Special discounts and personalized product campaigns.
135,Male,36.0,12.0,31.0,4.0,3.0,91.04,2026-04-03,175.0,3,At-risk / Engagement segment,Engagement campaigns and introductory value offers. Prioritize a win-back message because average recency exceeds 90 days.
136,Male,28.0,91.17,59.0,5.0,46.0,11060.23,2026-09-05,20.0,1,VIP segment,"Premium membership, luxury offers and early access. Offer a repeat-purchase loyalty benefit."
137,Female,29.0,72.87,47.0,3.3,19.0,1701.17,2026-09-24,1.0,2,Value-focused loyalists,"Budget-friendly offers, bundles and loyalty rewards. Offer a repeat-purchase loyalty benefit."
138,Male,27.0,31.16,82.0,2.2,20.0,973.93,2026-09-11,14.0,2,Value-focused loyalists,"Budget-friendly offers, bundles and loyalty rewards. Offer a repeat-purchase loyalty benefit."
139,Male,37.0,74.28,18.0,4.5,15.0,1814.81,2026-09-02,23.0,0,Growth opportunity,Special discounts and personalized product campaigns.
140,Male,36.0,102.53,72.0,2.0,37.0,8624.11,2026-09-07,18.0,1,VIP segment,"Premium membership, luxury offers and early access. Offer a repeat-purchase loyalty benefit."
141,Male,26.0,43.63,91.0,3.0,21.0,1116.45,2026-09-12,13.0,2,Value-focused loyalists,"Budget-friendly offers, bundles and loyalty rewards. Offer a repeat-purchase loyalty benefit."
142,Female,29.0,29.78,90.0,4.0,23.0,1050.92,2026-09-12,13.0,2,Value-focused loyalists,"Budget-friendly offers, bundles and loyalty rewards. Offer a repeat-purchase loyalty benefit."
143,Male,48.0,51.74,57.0,3.5,16.0,1525.89,2026-08-17,39.0,2,Value-focused loyalists,"Budget-friendly offers, bundles and loyalty rewards. Offer a repeat-purchase loyalty benefit."
144,Male,27.0,26.39,89.0,3.4,19.0,880.53,2026-09-24,1.0,2,Value-focused loyalists,"Budget-friendly offers, bundles and loyalty rewards. Offer a repeat-purchase loyalty benefit."
145,Female,32.0,15.24,81.0,2.6,26.0,1511.08,2026-09-15,10.0,2,Value-focused loyalists,"Budget-friendly offers, bundles and loyalty rewards. Offer a repeat-purchase loyalty benefit."
146,Male,43.0,127.85,35.0,3.6,9.0,967.2,2026-07-03,84.0,0,Growth opportunity,Special discounts and personalized product campaigns.
147,Female,54.0,98.65,24.0,4.5,7.0,815.58,2026-09-07,18.0,0,Growth opportunity,Special discounts and personalized product campaigns.
148,Other,32.0,41.02,79.0,3.6,16.0,989.01,2026-09-11,14.0,2,Value-focused loyalists,"Budget-friendly offers, bundles and loyalty rewards. Offer a repeat-purchase loyalty benefit."
149,Male,37.0,24.48,70.0,2.9,30.0,1609.82,2026-09-15,10.0,2,Value-focused loyalists,"Budget-friendly offers, bundles and loyalty rewards. Offer a repeat-purchase loyalty benefit."
150,Female,49.0,95.27,99.0,2.5,34.0,7896.44,2026-09-10,15.0,1,VIP segment,"Premium membership, luxury offers and early access. Offer a repeat-purchase loyalty benefit."
151,Male,45.0,58.73,71.0,2.9,8.0,610.91,2026-09-03,22.0,2,Value-focused loyalists,"Budget-friendly offers, bundles and loyalty rewards. Offer a repeat-purchase loyalty benefit."
152,Female,38.0,77.42,70.0,3.9,8.0,853.81,2026-06-26,91.0,0,Growth opportunity,Special discounts and personalized product campaigns.
153,Male,44.0,102.71,79.0,3.9,29.0,7000.43,2026-09-05,20.0,1,VIP segment,"Premium membership, luxury offers and early access. Offer a repeat-purchase loyalty benefit."
154,Male,39.0,19.81,67.0,2.9,19.0,979.97,2026-08-31,25.0,2,Value-focused loyalists,"Budget-friendly offers, bundles and loyalty rewards. Offer a repeat-purchase loyalty benefit."
155,Male,35.0,112.18,99.0,1.7,35.0,7743.43,2026-09-15,10.0,1,VIP segment,"Premium membership, luxury offers and early access. Offer a repeat-purchase loyalty benefit."
156,Male,30.0,36.99,29.0,4.0,4.0,147.99,2026-04-26,152.0,3,At-risk / Engagement segment,Engagement campaigns and introductory value offers. Prioritize a win-back message because average recency exceeds 90 days.
157,Female,50.0,123.0,32.0,2.8,6.0,494.29,2026-08-26,30.0,0,Growth opportunity,Special discounts and personalized product campaigns.
158,Female,40.0,34.95,14.0,4.2,2.0,63.33,2026-05-12,136.0,3,At-risk / Engagement segment,Engagement campaigns and introductory value offers. Prioritize a win-back message because average recency exceeds 90 days.
159,Female,28.0,39.02,27.0,3.0,5.0,185.83,2025-10-30,330.0,3,At-risk / Engagement segment,Engagement campaigns and introductory value offers. Prioritize a win-back message because average recency exceeds 90 days.
160,Female,38.0,72.07,40.0,2.8,11.0,1050.14,2026-08-10,46.0,0,Growth opportunity,Special discounts and personalized product campaigns.
161,Female,41.0,93.86,92.0,3.7,42.0,11512.99,2026-09-09,16.0,1,VIP segment,"Premium membership, luxury offers and early access. Offer a repeat-purchase loyalty benefit."
162,Female,18.0,48.51,70.0,5.0,15.0,1477.52,2026-08-26,30.0,2,Value-focused loyalists,"Budget-friendly offers, bundles and loyalty rewards. Offer a repeat-purchase loyalty benefit."
163,Female,46.0,84.83,48.0,4.2,5.0,434.23,2026-02-02,235.0,0,Growth opportunity,Special discounts and personalized product campaigns.
164,Female,40.0,91.35,93.0,3.7,35.0,8602.73,2026-09-21,4.0,1,VIP segment,"Premium membership, luxury offers and early access. Offer a repeat-purchase loyalty benefit."
165,Male,26.0,43.14,61.0,3.9,21.0,1047.78,2026-09-17,8.0,2,Value-focused loyalists,"Budget-friendly offers, bundles and loyalty rewards. Offer a repeat-purchase loyalty benefit."
166,Female,42.0,36.06,80.0,2.1,22.0,1142.84,2026-09-02,23.0,2,Value-focused loyalists,"Budget-friendly offers, bundles and loyalty rewards. Offer a repeat-purchase loyalty benefit."
167,Male,27.0,63.11,79.0,2.6,11.0,1166.43,2026-08-15,41.0,2,Value-focused loyalists,"Budget-friendly offers, bundles and loyalty rewards. Offer a repeat-purchase loyalty benefit."
168,Female,31.0,25.7,43.0,1.5,14.0,1530.25,2026-06-25,92.0,2,Value-focused loyalists,"Budget-friendly offers, bundles and loyalty rewards. Offer a repeat-purchase loyalty benefit."
169,Female,22.0,128.78,27.0,5.0,6.0,804.3,2026-09-05,20.0,0,Growth opportunity,Special discounts and personalized product campaigns.
170,Male,34.0,49.48,70.0,4.9,18.0,2055.1,2026-07-09,78.0,2,Value-focused loyalists,"Budget-friendly offers, bundles and loyalty rewards. Offer a repeat-purchase loyalty benefit."
171,Female,44.0,128.73,35.0,3.9,3.0,418.31,2026-05-17,131.0,0,Growth opportunity,Special discounts and personalized product campaigns.
172,Female,23.0,12.0,100.0,3.7,13.0,558.63,2026-08-08,48.0,2,Value-focused loyalists,"Budget-friendly offers, bundles and loyalty rewards. Offer a repeat-purchase loyalty benefit."
173,Male,59.0,88.63,19.0,2.3,6.0,698.64,2026-08-03,53.0,0,Growth opportunity,Special discounts and personalized product campaigns.
174,Female,48.0,31.16,41.0,3.4,13.0,1267.75,2026-08-31,25.0,2,Value-focused loyalists,"Budget-friendly offers, bundles and loyalty rewards. Offer a repeat-purchase loyalty benefit."
175,Female,43.0,115.07,99.0,5.0,33.0,7896.5,2026-09-14,11.0,1,VIP segment,"Premium membership, luxury offers and early access. Offer a repeat-purchase loyalty benefit."
176,Male,38.0,94.58,70.0,3.7,23.0,5975.37,2026-09-15,10.0,1,VIP segment,"Premium membership, luxury offers and early access. Offer a repeat-purchase loyalty benefit."
177,Female,38.0,16.98,76.0,3.1,17.0,906.2,2026-09-12,13.0,2,Value-focused loyalists,"Budget-friendly offers, bundles and loyalty rewards. Offer a repeat-purchase loyalty benefit."
178,Male,39.0,42.78,52.0,2.1,18.0,1779.06,2026-09-05,20.0,2,Value-focused loyalists,"Budget-friendly offers, bundles and loyalty rewards. Offer a repeat-purchase loyalty benefit."
179,Female,31.0,72.88,65.0,4.8,12.0,1293.47,2026-08-17,39.0,2,Value-focused loyalists,"Budget-friendly offers, bundles and loyalty rewards. Offer a repeat-purchase loyalty benefit."
180,Male,19.0,39.96,29.0,3.5,5.0,219.71,2026-04-06,172.0,3,At-risk / Engagement segment,Engagement campaigns and introductory value offers. Prioritize a win-back message because average recency exceeds 90 days.
181,Male,35.0,87.37,58.0,2.1,10.0,1138.04,2026-09-13,12.0,2,Value-focused loyalists,"Budget-friendly offers, bundles and loyalty rewards. Offer a repeat-purchase loyalty benefit."
182,Male,47.0,52.4,48.0,2.8,12.0,1485.71,2026-09-16,9.0,2,Value-focused loyalists,"Budget-friendly offers, bundles and loyalty rewards. Offer a repeat-purchase loyalty benefit."
183,Male,51.0,35.06,93.0,2.5,27.0,1282.52,2026-09-02,23.0,2,Value-focused loyalists,"Budget-friendly offers, bundles and loyalty rewards. Offer a repeat-purchase loyalty benefit."
184,Female,49.0,81.95,76.0,3.5,2.0,206.84,2026-08-09,47.0,0,Growth opportunity,Special discounts and personalized product campaigns.
185,Male,31.0,57.31,61.0,3.8,17.0,2033.06,2026-08-15,41.0,2,Value-focused loyalists,"Budget-friendly offers, bundles and loyalty rewards. Offer a repeat-purchase loyalty benefit."
186,Female,24.0,22.74,23.0,3.2,4.0,171.67,2026-06-01,116.0,3,At-risk / Engagement segment,Engagement campaigns and introductory value offers. Prioritize a win-back message because average recency exceeds 90 days.
187,Male,34.0,38.5,62.0,4.3,14.0,606.42,2026-09-10,15.0,2,Value-focused loyalists,"Budget-friendly offers, bundles and loyalty rewards. Offer a repeat-purchase loyalty benefit."
188,Male,24.0,124.24,76.0,3.7,34.0,7360.0,2026-09-03,22.0,1,VIP segment,"Premium membership, luxury offers and early access. Offer a repeat-purchase loyalty benefit."
189,Female,42.0,43.87,19.0,4.5,9.0,358.95,2026-07-17,70.0,3,At-risk / Engagement segment,Engagement campaigns and introductory value offers. Prioritize a win-back message because average recency exceeds 90 days.
190,Male,56.0,88.2,22.0,3.3,7.0,887.93,2026-04-22,156.0,0,Growth opportunity,Special discounts and personalized product campaigns.
191,Female,43.0,75.98,53.0,5.0,20.0,2019.44,2026-08-13,43.0,2,Value-focused loyalists,"Budget-friendly offers, bundles and loyalty rewards. Offer a repeat-purchase loyalty benefit."
192,Male,46.0,99.38,49.0,3.1,8.0,798.22,2026-03-20,189.0,0,Growth opportunity,Special discounts and personalized product campaigns.
193,Male,48.0,105.46,99.0,2.8,26.0,6353.65,2026-08-21,35.0,1,VIP segment,"Premium membership, luxury offers and early access. Offer a repeat-purchase loyalty benefit."
194,Female,41.0,52.08,51.0,2.7,14.0,1526.46,2026-08-18,38.0,2,Value-focused loyalists,"Budget-friendly offers, bundles and loyalty rewards. Offer a repeat-purchase loyalty benefit."
195,Male,34.0,102.16,70.0,3.4,34.0,8471.32,2026-09-17,8.0,1,VIP segment,"Premium membership, luxury offers and early access. Offer a repeat-purchase loyalty benefit."
196,Male,61.0,134.39,100.0,2.1,36.0,8360.49,2026-09-13,12.0,1,VIP segment,"Premium membership, luxury offers and early access. Offer a repeat-purchase loyalty benefit."
197,Female,32.0,34.3,21.0,3.9,2.0,44.51,2026-06-27,90.0,3,At-risk / Engagement segment,Engagement campaigns and introductory value offers. Prioritize a win-back message because average recency exceeds 90 days.
198,Male,47.0,64.44,32.0,2.0,19.0,1560.29,2026-08-08,48.0,0,Growth opportunity,Special discounts and personalized product campaigns.
199,Female,24.0,96.33,37.0,3.7,6.0,834.29,2026-08-05,51.0,0,Growth opportunity,Special discounts and personalized product campaigns.
200,Male,61.0,134.24,40.0,2.5,6.0,692.71,2026-08-19,37.0,0,Growth opportunity,Special discounts and personalized product campaigns.
201,Female,54.0,80.27,24.0,3.3,22.0,2226.29,2026-09-04,21.0,0,Growth opportunity,Special discounts and personalized product campaigns.
202,Male,39.0,51.91,43.0,4.1,12.0,1327.01,2026-08-21,35.0,2,Value-focused loyalists,"Budget-friendly offers, bundles and loyalty rewards. Offer a repeat-purchase loyalty benefit."
203,Male,34.0,28.17,77.0,5.0,21.0,1104.09,2026-09-19,6.0,2,Value-focused loyalists,"Budget-friendly offers, bundles and loyalty rewards. Offer a repeat-purchase loyalty benefit."
204,Female,48.0,107.0,93.0,2.7,33.0,9301.55,2026-09-21,4.0,1,VIP segment,"Premium membership, luxury offers and early access. Offer a repeat-purchase loyalty benefit."
205,Female,36.0,112.04,78.0,3.5,33.0,7484.86,2026-09-07,18.0,1,VIP segment,"Premium membership, luxury offers and early access. Offer a repeat-purchase loyalty benefit."
206,Male,53.0,90.18,18.0,3.0,6.0,827.51,2026-07-15,72.0,0,Growth opportunity,Special discounts and personalized product campaigns.
207,Male,34.0,116.14,93.0,2.9,37.0,10485.18,2026-09-24,1.0,1,VIP segment,"Premium membership, luxury offers and early access. Offer a repeat-purchase loyalty benefit."
208,Female,30.0,50.33,16.0,3.0,3.0,94.06,2025-12-23,276.0,3,At-risk / Engagement segment,Engagement campaigns and introductory value offers. Prioritize a win-back message because average recency exceeds 90 days.
209,Female,53.0,91.61,91.0,4.3,37.0,7777.51,2026-09-19,6.0,1,VIP segment,"Premium membership, luxury offers and early access. Offer a repeat-purchase loyalty benefit."
210,Female,38.0,16.21,65.0,3.2,28.0,1323.77,2026-08-26,30.0,2,Value-focused loyalists,"Budget-friendly offers, bundles and loyalty rewards. Offer a repeat-purchase loyalty benefit."
211,Other,29.0,23.24,6.0,5.0,1.0,33.39,2026-07-02,85.0,3,At-risk / Engagement segment,Engagement campaigns and introductory value offers. Prioritize a win-back message because average recency exceeds 90 days.
212,Female,29.0,23.88,31.0,4.0,2.0,33.7,2026-05-05,143.0,3,At-risk / Engagement segment,Engagement campaigns and introductory value offers. Prioritize a win-back message because average recency exceeds 90 days.
213,Male,42.0,127.98,31.0,2.7,4.0,331.41,2026-07-31,56.0,0,Growth opportunity,Special discounts and personalized product campaigns.
214,Female,46.0,76.02,64.0,3.3,15.0,1669.15,2026-08-04,52.0,0,Growth opportunity,Special discounts and personalized product campaigns.
215,Male,26.0,43.22,16.0,2.9,5.0,168.48,2026-05-10,138.0,3,At-risk / Engagement segment,Engagement campaigns and introductory value offers. Prioritize a win-back message because average recency exceeds 90 days.
216,Female,40.0,26.3,12.0,4.3,1.0,22.47,2026-07-25,62.0,3,At-risk / Engagement segment,Engagement campaigns and introductory value offers. Prioritize a win-back message because average recency exceeds 90 days.
217,Female,49.0,105.99,100.0,2.2,30.0,7346.88,2026-09-24,1.0,1,VIP segment,"Premium membership, luxury offers and early access. Offer a repeat-purchase loyalty benefit."
218,Male,41.0,89.68,66.0,2.5,26.0,5477.72,2026-09-22,3.0,1,VIP segment,"Premium membership, luxury offers and early access. Offer a repeat-purchase loyalty benefit."
219,Male,49.0,72.94,68.0,3.1,14.0,1552.22,2026-08-06,50.0,0,Growth opportunity,Special discounts and personalized product campaigns.
220,Female,25.0,38.87,94.0,4.2,16.0,710.82,2026-08-28,28.0,2,Value-focused loyalists,"Budget-friendly offers, bundles and loyalty rewards. Offer a repeat-purchase loyalty benefit."
221,Female,46.0,118.0,38.0,4.6,10.0,962.23,2026-08-18,38.0,0,Growth opportunity,Special discounts and personalized product campaigns.
222,Female,18.0,29.05,70.0,4.8,31.0,1420.44,2026-08-15,41.0,2,Value-focused loyalists,"Budget-friendly offers, bundles and loyalty rewards. Offer a repeat-purchase loyalty benefit."
223,Female,46.0,28.02,12.0,4.1,1.0,27.47,2026-07-01,86.0,3,At-risk / Engagement segment,Engagement campaigns and introductory value offers. Prioritize a win-back message because average recency exceeds 90 days.
224,Female,31.0,64.38,50.0,3.5,19.0,1706.45,2026-09-10,15.0,2,Value-focused loyalists,"Budget-friendly offers, bundles and loyalty rewards. Offer a repeat-purchase loyalty benefit."
225,Male,51.0,112.49,12.0,4.3,6.0,540.95,2025-11-25,304.0,0,Growth opportunity,Special discounts and personalized product campaigns.
226,Female,38.0,41.42,41.0,2.6,10.0,842.18,2026-07-14,73.0,0,Growth opportunity,Special discounts and personalized product campaigns.
227,Male,31.0,120.3,92.0,2.0,28.0,7192.91,2026-09-21,4.0,1,VIP segment,"Premium membership, luxury offers and early access. Offer a repeat-purchase loyalty benefit."
228,Female,22.0,31.71,86.0,4.0,26.0,1207.28,2026-09-16,9.0,2,Value-focused loyalists,"Budget-friendly offers, bundles and loyalty rewards. Offer a repeat-purchase loyalty benefit."
229,Female,50.0,15.18,9.0,2.7,5.0,178.26,2026-03-25,184.0,3,At-risk / Engagement segment,Engagement campaigns and introductory value offers. Prioritize a win-back message because average recency exceeds 90 days.
230,Male,44.0,80.82,92.0,3.5,30.0,7347.18,2026-09-16,9.0,1,VIP segment,"Premium membership, luxury offers and early access. Offer a repeat-purchase loyalty benefit."
231,Female,32.0,108.09,89.0,3.7,30.0,6681.64,2026-09-12,13.0,1,VIP segment,"Premium membership, luxury offers and early access. Offer a repeat-purchase loyalty benefit."
232,Male,31.0,52.27,96.0,3.8,23.0,1184.67,2026-09-20,5.0,2,Value-focused loyalists,"Budget-friendly offers, bundles and loyalty rewards. Offer a repeat-purchase loyalty benefit."
233,Female,38.0,85.45,60.0,4.4,14.0,1727.21,2026-08-19,37.0,2,Value-focused loyalists,"Budget-friendly offers, bundles and loyalty rewards. Offer a repeat-purchase loyalty benefit."
234,Male,71.0,34.98,35.0,4.3,4.0,108.36,2026-07-10,77.0,0,Growth opportunity,Special discounts and personalized product campaigns.
235,Male,42.0,89.47,59.0,3.8,24.0,2578.37,2026-08-09,47.0,2,Value-focused loyalists,"Budget-friendly offers, bundles and loyalty rewards. Offer a repeat-purchase loyalty benefit."
236,Male,35.0,61.4,65.0,3.2,11.0,1244.41,2026-08-22,34.0,2,Value-focused loyalists,"Budget-friendly offers, bundles and loyalty rewards. Offer a repeat-purchase loyalty benefit."
237,Female,42.0,45.35,63.0,3.7,25.0,1195.55,2026-08-26,30.0,2,Value-focused loyalists,"Budget-friendly offers, bundles and loyalty rewards. Offer a repeat-purchase loyalty benefit."
238,Female,21.0,55.68,52.0,3.1,20.0,1733.79,2026-08-14,42.0,2,Value-focused loyalists,"Budget-friendly offers, bundles and loyalty rewards. Offer a repeat-purchase loyalty benefit."
239,Female,43.0,102.8,84.0,3.4,35.0,8467.47,2026-09-17,8.0,1,VIP segment,"Premium membership, luxury offers and early access. Offer a repeat-purchase loyalty benefit."
240,Male,62.0,100.51,81.0,5.0,26.0,6025.72,2026-09-24,1.0,1,VIP segment,"Premium membership, luxury offers and early access. Offer a repeat-purchase loyalty benefit."
241,Female,38.0,33.15,58.0,3.8,15.0,1488.35,2026-08-22,34.0,2,Value-focused loyalists,"Budget-friendly offers, bundles and loyalty rewards. Offer a repeat-purchase loyalty benefit."
242,Female,22.0,80.02,61.0,4.0,15.0,1669.61,2026-09-15,10.0,2,Value-focused loyalists,"Budget-friendly offers, bundles and loyalty rewards. Offer a repeat-purchase loyalty benefit."
243,Female,44.0,91.02,33.0,3.0,11.0,1159.43,2026-08-25,31.0,0,Growth opportunity,Special discounts and personalized product campaigns.
244,Female,43.0,20.78,76.0,4.5,22.0,1110.89,2026-07-21,66.0,2,Value-focused loyalists,"Budget-friendly offers, bundles and loyalty rewards. Offer a repeat-purchase loyalty benefit."
245,Female,40.0,13.48,13.0,4.2,1.0,17.9,2026-01-10,258.0,3,At-risk / Engagement segment,Engagement campaigns and introductory value offers. Prioritize a win-back message because average recency exceeds 90 days.
246,Female,31.0,59.14,66.0,4.3,16.0,1875.16,2026-07-17,70.0,2,Value-focused loyalists,"Budget-friendly offers, bundles and loyalty rewards. Offer a repeat-purchase loyalty benefit."
247,Female,29.0,54.69,26.0,3.8,6.0,190.96,2026-06-06,111.0,3,At-risk / Engagement segment,Engagement campaigns and introductory value offers. Prioritize a win-back message because average recency exceeds 90 days.
248,Male,22.0,61.31,66.0,4.5,25.0,1246.59,2026-08-26,30.0,2,Value-focused loyalists,"Budget-friendly offers, bundles and loyalty rewards. Offer a repeat-purchase loyalty benefit."
249,Female,32.0,12.0,76.0,4.7,30.0,1711.84,2026-08-05,51.0,2,Value-focused loyalists,"Budget-friendly offers, bundles and loyalty rewards. Offer a repeat-purchase loyalty benefit."
250,Female,41.0,27.04,57.0,3.8,23.0,1325.85,2026-09-09,16.0,2,Value-focused loyalists,"Budget-friendly offers, bundles and loyalty rewards. Offer a repeat-purchase loyalty benefit."
251,Male,47.0,15.52,22.0,3.5,4.0,147.25,2026-06-20,97.0,3,At-risk / Engagement segment,Engagement campaigns and introductory value offers. Prioritize a win-back message because average recency exceeds 90 days.
252,Male,44.0,75.84,51.0,4.4,11.0,1123.3,2026-08-06,50.0,0,Growth opportunity,Special discounts and personalized product campaigns.
253,Female,18.0,36.01,71.0,2.8,35.0,1724.85,2026-09-11,14.0,2,Value-focused loyalists,"Budget-friendly offers, bundles and loyalty rewards. Offer a repeat-purchase loyalty benefit."
254,Male,35.0,91.09,47.0,3.0,3.0,280.95,2026-06-08,109.0,0,Growth opportunity,Special discounts and personalized product campaigns.
255,Male,53.0,101.02,14.0,3.6,6.0,707.25,2026-06-23,94.0,0,Growth opportunity,Special discounts and personalized product campaigns.
256,Male,23.0,23.32,30.0,2.1,7.0,269.88,2026-04-03,175.0,3,At-risk / Engagement segment,Engagement campaigns and introductory value offers. Prioritize a win-back message because average recency exceeds 90 days.
257,Male,37.0,84.6,79.0,4.3,14.0,1125.75,2026-07-13,74.0,2,Value-focused loyalists,"Budget-friendly offers, bundles and loyalty rewards. Offer a repeat-purchase loyalty benefit."
258,Male,45.0,117.66,97.0,2.8,40.0,9578.46,2026-09-20,5.0,1,VIP segment,"Premium membership, luxury offers and early access. Offer a repeat-purchase loyalty benefit."
259,Female,31.0,119.38,84.0,3.2,35.0,9959.13,2026-09-15,10.0,1,VIP segment,"Premium membership, luxury offers and early access. Offer a repeat-purchase loyalty benefit."
260,Female,26.0,12.0,8.0,3.4,3.0,78.55,2026-01-01,267.0,3,At-risk / Engagement segment,Engagement campaigns and introductory value offers. Prioritize a win-back message because average recency exceeds 90 days.
261,Male,41.0,109.06,68.0,3.6,31.0,6838.32,2026-09-12,13.0,1,VIP segment,"Premium membership, luxury offers and early access. Offer a repeat-purchase loyalty benefit."
262,Other,44.0,91.16,48.0,3.3,18.0,1999.23,2026-09-03,22.0,0,Growth opportunity,Special discounts and personalized product campaigns.
263,Female,59.0,118.57,20.0,3.5,5.0,490.28,2026-05-17,131.0,0,Growth opportunity,Special discounts and personalized product campaigns.
264,Female,48.0,84.14,75.0,3.5,37.0,8613.2,2026-09-21,4.0,1,VIP segment,"Premium membership, luxury offers and early access. Offer a repeat-purchase loyalty benefit."
265,Male,40.0,57.61,49.0,3.2,15.0,1839.57,2026-08-11,45.0,2,Value-focused loyalists,"Budget-friendly offers, bundles and loyalty rewards. Offer a repeat-purchase loyalty benefit."
266,Female,35.0,93.18,83.0,2.9,29.0,8130.44,2026-09-18,7.0,1,VIP segment,"Premium membership, luxury offers and early access. Offer a repeat-purchase loyalty benefit."
267,Male,37.0,123.96,34.0,4.5,7.0,1131.74,2026-08-07,49.0,0,Growth opportunity,Special discounts and personalized product campaigns.
268,Male,37.0,113.42,69.0,1.8,40.0,10055.0,2026-09-18,7.0,1,VIP segment,"Premium membership, luxury offers and early access. Offer a repeat-purchase loyalty benefit."
269,Male,46.0,99.25,76.0,3.4,36.0,9314.47,2026-09-16,9.0,1,VIP segment,"Premium membership, luxury offers and early access. Offer a repeat-purchase loyalty benefit."
270,Male,45.0,110.48,82.0,3.2,26.0,6957.94,2026-09-19,6.0,1,VIP segment,"Premium membership, luxury offers and early access. Offer a repeat-purchase loyalty benefit."
271,Male,21.0,73.5,82.0,4.0,32.0,7988.95,2026-09-19,6.0,1,VIP segment,"Premium membership, luxury offers and early access. Offer a repeat-purchase loyalty benefit."
272,Male,34.0,94.81,100.0,2.4,30.0,7061.19,2026-09-16,9.0,1,VIP segment,"Premium membership, luxury offers and early access. Offer a repeat-purchase loyalty benefit."
273,Male,54.0,110.51,87.0,3.2,33.0,8140.23,2026-09-12,13.0,1,VIP segment,"Premium membership, luxury offers and early access. Offer a repeat-purchase loyalty benefit."
274,Male,37.0,41.84,3.0,3.5,3.0,135.71,2026-05-24,124.0,3,At-risk / Engagement segment,Engagement campaigns and introductory value offers. Prioritize a win-back message because average recency exceeds 90 days.
275,Male,22.0,12.0,27.0,4.5,2.0,54.87,2026-05-20,128.0,3,At-risk / Engagement segment,Engagement campaigns and introductory value offers. Prioritize a win-back message because average recency exceeds 90 days.
276,Female,52.0,26.66,85.0,3.9,30.0,1379.86,2026-09-10,15.0,2,Value-focused loyalists,"Budget-friendly offers, bundles and loyalty rewards. Offer a repeat-purchase loyalty benefit."
277,Male,48.0,114.14,26.0,2.6,6.0,508.7,2026-03-15,194.0,0,Growth opportunity,Special discounts and personalized product campaigns.
278,Female,32.0,12.0,63.0,3.2,25.0,1321.3,2026-08-22,34.0,2,Value-focused loyalists,"Budget-friendly offers, bundles and loyalty rewards. Offer a repeat-purchase loyalty benefit."
279,Male,43.0,65.21,74.0,4.4,12.0,1055.14,2026-08-06,50.0,2,Value-focused loyalists,"Budget-friendly offers, bundles and loyalty rewards. Offer a repeat-purchase loyalty benefit."
280,Male,35.0,62.92,40.0,2.6,16.0,1416.43,2026-09-09,16.0,2,Value-focused loyalists,"Budget-friendly offers, bundles and loyalty rewards. Offer a repeat-purchase loyalty benefit."
281,Female,35.0,134.0,92.0,3.5,33.0,9307.19,2026-09-01,24.0,1,VIP segment,"Premium membership, luxury offers and early access. Offer a repeat-purchase loyalty benefit."
282,Female,69.0,96.78,30.0,3.6,9.0,1003.81,2026-02-06,231.0,0,Growth opportunity,Special discounts and personalized product campaigns.
283,Female,58.0,97.6,35.0,3.3,7.0,644.98,2026-06-15,102.0,0,Growth opportunity,Special discounts and personalized product campaigns.
284,Male,56.0,111.97,48.0,5.0,7.0,666.86,2026-07-02,85.0,0,Growth opportunity,Special discounts and personalized product campaigns.
285,Female,34.0,13.43,85.0,3.2,29.0,1422.58,2026-09-16,9.0,2,Value-focused loyalists,"Budget-friendly offers, bundles and loyalty rewards. Offer a repeat-purchase loyalty benefit."
286,Female,18.0,28.91,71.0,4.0,26.0,1143.31,2026-09-13,12.0,2,Value-focused loyalists,"Budget-friendly offers, bundles and loyalty rewards. Offer a repeat-purchase loyalty benefit."
287,Male,55.0,103.62,97.0,2.9,29.0,5909.74,2026-09-14,11.0,1,VIP segment,"Premium membership, luxury offers and early access. Offer a repeat-purchase loyalty benefit."
288,Male,20.0,30.06,70.0,4.0,19.0,772.07,2026-07-25,62.0,2,Value-focused loyalists,"Budget-friendly offers, bundles and loyalty rewards. Offer a repeat-purchase loyalty benefit."
289,Female,31.0,43.88,80.0,4.3,23.0,1271.18,2026-08-30,26.0,2,Value-focused loyalists,"Budget-friendly offers, bundles and loyalty rewards. Offer a repeat-purchase loyalty benefit."
290,Female,26.0,117.76,68.0,3.1,31.0,6614.85,2026-09-07,18.0,1,VIP segment,"Premium membership, luxury offers and early access. Offer a repeat-purchase loyalty benefit."
291,Male,19.0,51.52,41.0,3.6,17.0,1668.55,2026-09-20,5.0,2,Value-focused loyalists,"Budget-friendly offers, bundles and loyalty rewards. Offer a repeat-purchase loyalty benefit."
292,Male,45.0,111.91,85.0,2.8,32.0,7913.86,2026-09-12,13.0,1,VIP segment,"Premium membership, luxury offers and early access. Offer a repeat-purchase loyalty benefit."
293,Male,31.0,82.87,57.0,2.6,12.0,1078.47,2026-09-20,5.0,2,Value-focused loyalists,"Budget-friendly offers, bundles and loyalty rewards. Offer a repeat-purchase loyalty benefit."
294,Female,22.0,98.36,64.0,4.5,33.0,8075.05,2026-09-13,12.0,1,VIP segment,"Premium membership, luxury offers and early access. Offer a repeat-purchase loyalty benefit."
295,Female,44.0,64.03,59.0,3.1,15.0,1692.92,2026-09-18,7.0,2,Value-focused loyalists,"Budget-friendly offers, bundles and loyalty rewards. Offer a repeat-purchase loyalty benefit."
296,Female,60.0,59.3,43.0,1.5,11.0,993.45,2026-09-06,19.0,0,Growth opportunity,Special discounts and personalized product campaigns.
297,Male,53.0,61.12,68.0,5.0,17.0,1550.03,2026-09-13,12.0,2,Value-focused loyalists,"Budget-friendly offers, bundles and loyalty rewards. Offer a repeat-purchase loyalty benefit."
298,Female,36.0,39.17,49.0,2.9,9.0,1085.33,2026-08-24,32.0,2,Value-focused loyalists,"Budget-friendly offers, bundles and loyalty rewards. Offer a repeat-purchase loyalty benefit."
299,Female,39.0,81.75,40.0,3.4,15.0,1560.61,2026-08-12,44.0,0,Growth opportunity,Special discounts and personalized product campaigns.
300,Male,45.0,19.16,23.0,5.0,6.0,179.79,2026-04-04,174.0,3,At-risk / Engagement segment,Engagement campaigns and introductory value offers. Prioritize a win-back message because average recency exceeds 90 days.
301,Male,50.0,76.37,42.0,3.5,13.0,1119.83,2026-08-28,28.0,0,Growth opportunity,Special discounts and personalized product campaigns.
302,Male,39.0,101.3,99.0,3.5,32.0,7560.22,2026-09-13,12.0,1,VIP segment,"Premium membership, luxury offers and early access. Offer a repeat-purchase loyalty benefit."
303,Female,28.0,23.24,78.0,2.6,23.0,1036.45,2026-08-24,32.0,2,Value-focused loyalists,"Budget-friendly offers, bundles and loyalty rewards. Offer a repeat-purchase loyalty benefit."
304,Female,31.0,48.98,76.0,2.2,22.0,1000.78,2026-08-27,29.0,2,Value-focused loyalists,"Budget-friendly offers, bundles and loyalty rewards. Offer a repeat-purchase loyalty benefit."
305,Female,45.0,75.91,60.0,3.5,13.0,1245.94,2026-09-04,21.0,0,Growth opportunity,Special discounts and personalized product campaigns.
306,Female,27.0,34.92,66.0,3.9,24.0,1286.85,2026-09-10,15.0,2,Value-focused loyalists,"Budget-friendly offers, bundles and loyalty rewards. Offer a repeat-purchase loyalty benefit."
307,Male,27.0,42.66,63.0,3.9,25.0,1219.21,2026-09-19,6.0,2,Value-focused loyalists,"Budget-friendly offers, bundles and loyalty rewards. Offer a repeat-purchase loyalty benefit."
308,Female,50.0,25.96,27.0,3.2,4.0,153.48,2026-01-09,259.0,3,At-risk / Engagement segment,Engagement campaigns and introductory value offers. Prioritize a win-back message because average recency exceeds 90 days.
309,Male,60.0,99.88,15.0,3.6,8.0,876.01,2026-08-28,28.0,0,Growth opportunity,Special discounts and personalized product campaigns.
310,Male,47.0,100.74,71.0,2.0,34.0,7386.29,2026-09-14,11.0,1,VIP segment,"Premium membership, luxury offers and early access. Offer a repeat-purchase loyalty benefit."
311,Other,45.0,44.66,88.0,4.0,19.0,835.69,2026-09-20,5.0,2,Value-focused loyalists,"Budget-friendly offers, bundles and loyalty rewards. Offer a repeat-purchase loyalty benefit."
312,Female,24.0,22.29,84.0,3.7,37.0,2107.34,2026-08-04,52.0,2,Value-focused loyalists,"Budget-friendly offers, bundles and loyalty rewards. Offer a repeat-purchase loyalty benefit."
313,Female,64.0,120.79,13.0,5.0,8.0,1118.03,2026-06-28,89.0,0,Growth opportunity,Special discounts and personalized product campaigns.
314,Female,33.0,27.58,71.0,3.6,29.0,1568.0,2026-09-17,8.0,2,Value-focused loyalists,"Budget-friendly offers, bundles and loyalty rewards. Offer a repeat-purchase loyalty benefit."
315,Female,61.0,32.29,67.0,2.8,15.0,812.95,2026-09-18,7.0,2,Value-focused loyalists,"Budget-friendly offers, bundles and loyalty rewards. Offer a repeat-purchase loyalty benefit."
316,Female,36.0,110.62,49.0,3.6,7.0,861.74,2026-09-08,17.0,0,Growth opportunity,Special discounts and personalized product campaigns.
317,Female,21.0,32.33,89.0,3.3,21.0,1001.24,2026-09-19,6.0,2,Value-focused loyalists,"Budget-friendly offers, bundles and loyalty rewards. Offer a repeat-purchase loyalty benefit."
318,Male,40.0,25.83,17.0,4.0,4.0,129.99,2026-04-16,162.0,3,At-risk / Engagement segment,Engagement campaigns and introductory value offers. Prioritize a win-back message because average recency exceeds 90 days.
319,Male,52.0,99.58,35.0,3.6,6.0,589.43,2026-08-16,40.0,0,Growth opportunity,Special discounts and personalized product campaigns.
320,Male,59.0,74.51,37.0,2.5,15.0,1495.47,2026-08-20,36.0,0,Growth opportunity,Special discounts and personalized product campaigns.
321,Female,32.0,52.72,45.0,2.2,17.0,1828.33,2026-08-03,53.0,2,Value-focused loyalists,"Budget-friendly offers, bundles and loyalty rewards. Offer a repeat-purchase loyalty benefit."
322,Female,37.0,30.23,79.0,3.8,21.0,977.51,2026-09-17,8.0,2,Value-focused loyalists,"Budget-friendly offers, bundles and loyalty rewards. Offer a repeat-purchase loyalty benefit."
323,Female,60.0,100.14,33.0,4.8,4.0,600.87,2026-06-16,101.0,0,Growth opportunity,Special discounts and personalized product campaigns.
324,Female,35.0,44.1,77.0,3.7,26.0,1243.52,2026-08-29,27.0,2,Value-focused loyalists,"Budget-friendly offers, bundles and loyalty rewards. Offer a repeat-purchase loyalty benefit."
325,Female,29.0,60.6,56.0,4.3,17.0,1503.67,2026-09-12,13.0,2,Value-focused loyalists,"Budget-friendly offers, bundles and loyalty rewards. Offer a repeat-purchase loyalty benefit."
326,Other,50.0,55.32,23.0,4.5,11.0,341.01,2026-04-04,174.0,0,Growth opportunity,Special discounts and personalized product campaigns.
327,Female,51.0,59.81,51.0,3.8,14.0,1658.39,2026-07-06,81.0,0,Growth opportunity,Special discounts and personalized product campaigns.
328,Female,34.0,28.67,74.0,2.9,22.0,996.49,2026-09-04,21.0,2,Value-focused loyalists,"Budget-friendly offers, bundles and loyalty rewards. Offer a repeat-purchase loyalty benefit."
329,Male,38.0,27.61,17.0,3.8,3.0,99.04,2026-05-15,133.0,3,At-risk / Engagement segment,Engagement campaigns and introductory value offers. Prioritize a win-back message because average recency exceeds 90 days.
330,Male,50.0,81.57,31.0,4.6,5.0,396.48,2026-07-10,77.0,0,Growth opportunity,Special discounts and personalized product campaigns.
331,Male,35.0,15.49,27.0,4.1,4.0,173.18,2025-12-06,293.0,3,At-risk / Engagement segment,Engagement campaigns and introductory value offers. Prioritize a win-back message because average recency exceeds 90 days.
332,Female,54.0,92.57,30.0,4.2,5.0,520.18,2026-07-28,59.0,0,Growth opportunity,Special discounts and personalized product campaigns.
333,Male,36.0,45.9,8.0,3.2,4.0,131.39,2026-05-14,134.0,3,At-risk / Engagement segment,Engagement campaigns and introductory value offers. Prioritize a win-back message because average recency exceeds 90 days.
334,Female,31.0,61.54,41.0,3.4,18.0,1739.14,2026-09-15,10.0,2,Value-focused loyalists,"Budget-friendly offers, bundles and loyalty rewards. Offer a repeat-purchase loyalty benefit."
335,Female,32.0,103.21,89.0,3.5,31.0,5896.89,2026-09-17,8.0,1,VIP segment,"Premium membership, luxury offers and early access. Offer a repeat-purchase loyalty benefit."
336,Male,28.0,47.17,40.0,3.6,5.0,225.32,2026-06-21,96.0,3,At-risk / Engagement segment,Engagement campaigns and introductory value offers. Prioritize a win-back message because average recency exceeds 90 days.
337,Male,44.0,131.72,86.0,4.6,31.0,7916.45,2026-09-14,11.0,1,VIP segment,"Premium membership, luxury offers and early access. Offer a repeat-purchase loyalty benefit."
338,Female,36.0,47.58,17.0,1.6,5.0,169.53,2026-05-23,125.0,3,At-risk / Engagement segment,Engagement campaigns and introductory value offers. Prioritize a win-back message because average recency exceeds 90 days.
339,Male,44.0,98.06,87.0,3.6,30.0,7699.98,2026-09-21,4.0,1,VIP segment,"Premium membership, luxury offers and early access. Offer a repeat-purchase loyalty benefit."
340,Female,44.0,55.07,39.0,3.5,17.0,1578.25,2026-08-30,26.0,2,Value-focused loyalists,"Budget-friendly offers, bundles and loyalty rewards. Offer a repeat-purchase loyalty benefit."
341,Female,36.0,135.39,100.0,2.4,33.0,6877.57,2026-09-22,3.0,1,VIP segment,"Premium membership, luxury offers and early access. Offer a repeat-purchase loyalty benefit."
342,Female,54.0,65.38,55.0,4.2,13.0,1377.39,2026-07-19,68.0,0,Growth opportunity,Special discounts and personalized product campaigns.
343,Male,36.0,58.25,45.0,3.0,10.0,1008.42,2026-09-13,12.0,2,Value-focused loyalists,"Budget-friendly offers, bundles and loyalty rewards. Offer a repeat-purchase loyalty benefit."
344,Female,32.0,40.06,20.0,3.3,6.0,214.45,2026-02-25,212.0,3,At-risk / Engagement segment,Engagement campaigns and introductory value offers. Prioritize a win-back message because average recency exceeds 90 days.
345,Male,44.0,76.1,47.0,5.0,16.0,1437.26,2026-08-24,32.0,0,Growth opportunity,Special discounts and personalized product campaigns.
346,Female,21.0,54.0,69.0,4.5,14.0,1325.41,2026-09-06,19.0,2,Value-focused loyalists,"Budget-friendly offers, bundles and loyalty rewards. Offer a repeat-purchase loyalty benefit."
347,Male,31.0,65.07,51.0,4.1,14.0,1139.3,2026-09-09,16.0,2,Value-focused loyalists,"Budget-friendly offers, bundles and loyalty rewards. Offer a repeat-purchase loyalty benefit."
348,Male,58.0,112.97,30.0,3.9,5.0,391.98,2026-07-22,65.0,0,Growth opportunity,Special discounts and personalized product campaigns.
349,Female,19.0,13.76,29.0,3.5,4.0,156.59,2026-02-26,211.0,3,At-risk / Engagement segment,Engagement campaigns and introductory value offers. Prioritize a win-back message because average recency exceeds 90 days.
350,Female,53.0,110.17,75.0,5.0,27.0,7180.16,2026-09-05,20.0,1,VIP segment,"Premium membership, luxury offers and early access. Offer a repeat-purchase loyalty benefit."
351,Female,51.0,14.4,24.0,4.3,4.0,128.27,2026-07-03,84.0,3,At-risk / Engagement segment,Engagement campaigns and introductory value offers. Prioritize a win-back message because average recency exceeds 90 days.
352,Male,38.0,96.23,87.0,3.0,25.0,6411.09,2026-09-16,9.0,1,VIP segment,"Premium membership, luxury offers and early access. Offer a repeat-purchase loyalty benefit."
353,Female,31.0,24.12,59.0,2.4,28.0,1432.63,2026-09-07,18.0,2,Value-focused loyalists,"Budget-friendly offers, bundles and loyalty rewards. Offer a repeat-purchase loyalty benefit."
354,Male,39.0,38.68,81.0,4.1,20.0,863.15,2026-08-12,44.0,2,Value-focused loyalists,"Budget-friendly offers, bundles and loyalty rewards. Offer a repeat-purchase loyalty benefit."
355,Female,23.0,27.49,77.0,3.6,19.0,871.49,2026-08-28,28.0,2,Value-focused loyalists,"Budget-friendly offers, bundles and loyalty rewards. Offer a repeat-purchase loyalty benefit."
356,Male,37.0,22.92,80.0,2.4,21.0,951.95,2026-09-11,14.0,2,Value-focused loyalists,"Budget-friendly offers, bundles and loyalty rewards. Offer a repeat-purchase loyalty benefit."
357,Female,32.0,62.72,53.0,4.0,8.0,785.57,2026-08-30,26.0,2,Value-focused loyalists,"Budget-friendly offers, bundles and loyalty rewards. Offer a repeat-purchase loyalty benefit."
358,Male,34.0,45.94,56.0,3.4,9.0,735.9,2026-09-09,16.0,2,Value-focused loyalists,"Budget-friendly offers, bundles and loyalty rewards. Offer a repeat-purchase loyalty benefit."
359,Other,20.0,38.0,94.0,4.1,16.0,796.03,2026-09-06,19.0,2,Value-focused loyalists,"Budget-friendly offers, bundles and loyalty rewards. Offer a repeat-purchase loyalty benefit."
360,Female,39.0,45.84,8.0,4.0,3.0,81.54,2026-05-11,137.0,3,At-risk / Engagement segment,Engagement campaigns and introductory value offers. Prioritize a win-back message because average recency exceeds 90 days.
361,Male,51.0,60.89,49.0,3.1,24.0,2247.15,2026-08-08,48.0,0,Growth opportunity,Special discounts and personalized product campaigns.
362,Female,40.0,107.16,92.0,4.1,36.0,7259.59,2026-09-22,3.0,1,VIP segment,"Premium membership, luxury offers and early access. Offer a repeat-purchase loyalty benefit."
363,Female,29.0,115.23,90.0,3.2,38.0,9328.18,2026-08-28,28.0,1,VIP segment,"Premium membership, luxury offers and early access. Offer a repeat-purchase loyalty benefit."
364,Male,31.0,81.6,90.0,3.2,40.0,10288.56,2026-08-10,46.0,1,VIP segment,"Premium membership, luxury offers and early access. Offer a repeat-purchase loyalty benefit."
365,Male,40.0,37.52,55.0,3.1,3.0,61.11,2026-06-29,88.0,3,At-risk / Engagement segment,Engagement campaigns and introductory value offers. Prioritize a win-back message because average recency exceeds 90 days.
366,Male,46.0,75.43,85.0,4.6,22.0,1179.54,2026-08-31,25.0,2,Value-focused loyalists,"Budget-friendly offers, bundles and loyalty rewards. Offer a repeat-purchase loyalty benefit."
367,Female,43.0,60.28,67.0,3.4,11.0,1085.2,2026-07-25,62.0,2,Value-focused loyalists,"Budget-friendly offers, bundles and loyalty rewards. Offer a repeat-purchase loyalty benefit."
368,Female,32.0,28.33,18.0,4.8,6.0,178.09,2026-06-10,107.0,3,At-risk / Engagement segment,Engagement campaigns and introductory value offers. Prioritize a win-back message because average recency exceeds 90 days.
369,Female,56.0,110.41,16.0,5.0,6.0,754.51,2026-08-09,47.0,0,Growth opportunity,Special discounts and personalized product campaigns.
370,Male,37.0,85.03,49.0,3.0,9.0,845.9,2026-06-20,97.0,0,Growth opportunity,Special discounts and personalized product campaigns.
371,Female,35.0,75.65,62.0,1.1,17.0,1658.82,2026-09-15,10.0,2,Value-focused loyalists,"Budget-friendly offers, bundles and loyalty rewards. Offer a repeat-purchase loyalty benefit."
372,Female,38.0,69.82,33.0,4.5,6.0,536.58,2026-08-08,48.0,0,Growth opportunity,Special discounts and personalized product campaigns.
373,Female,42.0,39.89,83.0,3.3,24.0,1201.83,2026-09-11,14.0,2,Value-focused loyalists,"Budget-friendly offers, bundles and loyalty rewards. Offer a repeat-purchase loyalty benefit."
374,Female,23.0,136.01,25.0,2.9,5.0,577.2,2026-04-14,164.0,0,Growth opportunity,Special discounts and personalized product campaigns.
375,Female,50.0,118.71,80.0,3.1,37.0,8090.26,2026-09-04,21.0,1,VIP segment,"Premium membership, luxury offers and early access. Offer a repeat-purchase loyalty benefit."
376,Female,37.0,93.84,82.0,3.2,27.0,6441.68,2026-09-09,16.0,1,VIP segment,"Premium membership, luxury offers and early access. Offer a repeat-purchase loyalty benefit."
377,Male,35.0,65.95,62.0,4.7,13.0,1203.36,2026-06-06,111.0,2,Value-focused loyalists,"Budget-friendly offers, bundles and loyalty rewards. Offer a repeat-purchase loyalty benefit."
378,Male,45.0,14.07,88.0,3.7,24.0,1125.59,2026-09-09,16.0,2,Value-focused loyalists,"Budget-friendly offers, bundles and loyalty rewards. Offer a repeat-purchase loyalty benefit."
379,Female,21.0,49.26,66.0,4.7,29.0,1554.97,2026-09-19,6.0,2,Value-focused loyalists,"Budget-friendly offers, bundles and loyalty rewards. Offer a repeat-purchase loyalty benefit."
380,Male,29.0,16.62,31.0,4.0,5.0,232.41,2026-05-27,121.0,3,At-risk / Engagement segment,Engagement campaigns and introductory value offers. Prioritize a win-back message because average recency exceeds 90 days.
381,Male,27.0,33.04,70.0,3.3,21.0,1207.17,2026-08-30,26.0,2,Value-focused loyalists,"Budget-friendly offers, bundles and loyalty rewards. Offer a repeat-purchase loyalty benefit."
382,Female,43.0,49.99,59.0,3.3,16.0,1458.0,2026-09-23,2.0,2,Value-focused loyalists,"Budget-friendly offers, bundles and loyalty rewards. Offer a repeat-purchase loyalty benefit."
383,Female,35.0,54.35,51.0,4.1,17.0,2006.43,2026-06-29,88.0,2,Value-focused loyalists,"Budget-friendly offers, bundles and loyalty rewards. Offer a repeat-purchase loyalty benefit."
384,Female,18.0,52.81,97.0,4.3,22.0,962.99,2026-09-13,12.0,2,Value-focused loyalists,"Budget-friendly offers, bundles and loyalty rewards. Offer a repeat-purchase loyalty benefit."
385,Female,19.0,33.45,73.0,4.4,21.0,985.94,2026-07-19,68.0,2,Value-focused loyalists,"Budget-friendly offers, bundles and loyalty rewards. Offer a repeat-purchase loyalty benefit."
386,Male,52.0,54.17,55.0,3.4,17.0,1479.99,2026-09-06,19.0,2,Value-focused loyalists,"Budget-friendly offers, bundles and loyalty rewards. Offer a repeat-purchase loyalty benefit."
387,Other,37.0,13.97,29.0,3.7,5.0,176.37,2026-05-13,135.0,3,At-risk / Engagement segment,Engagement campaigns and introductory value offers. Prioritize a win-back message because average recency exceeds 90 days.
388,Female,44.0,35.8,43.0,4.1,17.0,2009.53,2026-09-04,21.0,2,Value-focused loyalists,"Budget-friendly offers, bundles and loyalty rewards. Offer a repeat-purchase loyalty benefit."
389,Male,39.0,92.48,83.0,3.3,27.0,5865.98,2026-09-12,13.0,1,VIP segment,"Premium membership, luxury offers and early access. Offer a repeat-purchase loyalty benefit."
390,Female,32.0,63.57,50.0,2.6,16.0,1663.19,2026-05-18,130.0,2,Value-focused loyalists,"Budget-friendly offers, bundles and loyalty rewards. Offer a repeat-purchase loyalty benefit."
391,Male,53.0,43.72,16.0,2.9,5.0,156.52,2026-04-25,153.0,3,At-risk / Engagement segment,Engagement campaigns and introductory value offers. Prioritize a win-back message because average recency exceeds 90 days.
392,Male,40.0,102.16,79.0,3.4,34.0,9129.91,2026-09-19,6.0,1,VIP segment,"Premium membership, luxury offers and early access. Offer a repeat-purchase loyalty benefit."
393,Female,32.0,51.99,35.0,4.2,3.0,89.81,2026-07-10,77.0,3,At-risk / Engagement segment,Engagement campaigns and introductory value offers. Prioritize a win-back message because average recency exceeds 90 days.
394,Female,47.0,19.95,15.0,4.7,3.0,114.72,2025-10-30,330.0,3,At-risk / Engagement segment,Engagement campaigns and introductory value offers. Prioritize a win-back message because average recency exceeds 90 days.
395,Male,35.0,106.67,91.0,2.4,36.0,9577.27,2026-09-22,3.0,1,VIP segment,"Premium membership, luxury offers and early access. Offer a repeat-purchase loyalty benefit."
396,Other,22.0,16.89,82.0,3.1,21.0,1107.56,2026-09-10,15.0,2,Value-focused loyalists,"Budget-friendly offers, bundles and loyalty rewards. Offer a repeat-purchase loyalty benefit."
397,Female,39.0,75.87,36.0,3.3,17.0,1320.6,2026-09-18,7.0,2,Value-focused loyalists,"Budget-friendly offers, bundles and loyalty rewards. Offer a repeat-purchase loyalty benefit."
398,Female,48.0,129.37,34.0,4.3,3.0,518.49,2026-08-02,54.0,0,Growth opportunity,Special discounts and personalized product campaigns.
399,Female,31.0,12.0,61.0,3.2,20.0,915.57,2026-09-09,16.0,2,Value-focused loyalists,"Budget-friendly offers, bundles and loyalty rewards. Offer a repeat-purchase loyalty benefit."
400,Male,49.0,27.15,86.0,3.2,27.0,1196.62,2026-08-30,26.0,2,Value-focused loyalists,"Budget-friendly offers, bundles and loyalty rewards. Offer a repeat-purchase loyalty benefit."
401,Male,51.0,117.71,22.0,2.4,8.0,918.86,2026-09-10,15.0,0,Growth opportunity,Special discounts and personalized product campaigns.
402,Male,18.0,41.74,53.0,4.0,15.0,1700.81,2026-07-14,73.0,2,Value-focused loyalists,"Budget-friendly offers, bundles and loyalty rewards. Offer a repeat-purchase loyalty benefit."
403,Male,42.0,69.93,37.0,3.5,11.0,1422.15,2026-08-16,40.0,0,Growth opportunity,Special discounts and personalized product campaigns.
404,Male,42.0,127.1,85.0,3.0,33.0,6412.69,2026-09-11,14.0,1,VIP segment,"Premium membership, luxury offers and early access. Offer a repeat-purchase loyalty benefit."
405,Male,39.0,63.1,64.0,3.4,14.0,1857.9,2026-07-19,68.0,2,Value-focused loyalists,"Budget-friendly offers, bundles and loyalty rewards. Offer a repeat-purchase loyalty benefit."
406,Female,41.0,69.7,43.0,4.6,11.0,1308.33,2026-08-04,52.0,0,Growth opportunity,Special discounts and personalized product campaigns.
407,Male,48.0,124.65,21.0,2.7,5.0,491.68,2026-04-30,148.0,0,Growth opportunity,Special discounts and personalized product campaigns.
408,Female,38.0,89.28,58.0,2.9,15.0,2052.75,2026-06-18,99.0,0,Growth opportunity,Special discounts and personalized product campaigns.
409,Female,48.0,109.13,90.0,4.7,28.0,6643.26,2026-09-21,4.0,1,VIP segment,"Premium membership, luxury offers and early access. Offer a repeat-purchase loyalty benefit."
410,Male,34.0,54.55,24.0,3.7,15.0,1666.75,2026-07-19,68.0,0,Growth opportunity,Special discounts and personalized product campaigns.
411,Male,27.0,17.12,46.0,4.2,2.0,62.62,2026-08-11,45.0,3,At-risk / Engagement segment,Engagement campaigns and introductory value offers. Prioritize a win-back message because average recency exceeds 90 days.
412,Male,66.0,43.68,28.0,3.9,4.0,107.6,2026-05-15,133.0,3,At-risk / Engagement segment,Engagement campaigns and introductory value offers. Prioritize a win-back message because average recency exceeds 90 days.
413,Female,35.0,90.8,92.0,3.6,30.0,6236.69,2026-09-17,8.0,1,VIP segment,"Premium membership, luxury offers and early access. Offer a repeat-purchase loyalty benefit."
414,Male,40.0,58.46,51.0,3.3,10.0,1307.1,2026-08-23,33.0,2,Value-focused loyalists,"Budget-friendly offers, bundles and loyalty rewards. Offer a repeat-purchase loyalty benefit."
415,Female,27.0,111.44,62.0,4.3,35.0,8934.85,2026-09-07,18.0,1,VIP segment,"Premium membership, luxury offers and early access. Offer a repeat-purchase loyalty benefit."
416,Female,49.0,92.96,36.0,4.6,3.0,549.41,2026-07-30,57.0,0,Growth opportunity,Special discounts and personalized product campaigns.
417,Female,33.0,113.92,77.0,4.5,29.0,6772.85,2026-09-15,10.0,1,VIP segment,"Premium membership, luxury offers and early access. Offer a repeat-purchase loyalty benefit."
418,Male,35.0,97.9,60.0,2.6,25.0,2670.52,2026-08-30,26.0,1,VIP segment,"Premium membership, luxury offers and early access. Offer a repeat-purchase loyalty benefit."
419,Female,58.0,98.3,25.0,4.7,2.0,220.31,2026-06-19,98.0,0,Growth opportunity,Special discounts and personalized product campaigns.
420,Male,44.0,55.9,56.0,3.3,12.0,1115.99,2026-08-12,44.0,0,Growth opportunity,Special discounts and personalized product campaigns.
421,Female,42.0,44.21,13.0,3.0,3.0,177.42,2026-07-12,75.0,3,At-risk / Engagement segment,Engagement campaigns and introductory value offers. Prioritize a win-back message because average recency exceeds 90 days.
422,Female,24.0,113.35,94.0,3.5,39.0,9754.37,2026-09-21,4.0,1,VIP segment,"Premium membership, luxury offers and early access. Offer a repeat-purchase loyalty benefit."
423,Male,60.0,130.15,70.0,4.3,29.0,6944.69,2026-09-14,11.0,1,VIP segment,"Premium membership, luxury offers and early access. Offer a repeat-purchase loyalty benefit."
424,Female,30.0,112.31,100.0,4.1,29.0,7175.91,2026-09-24,1.0,1,VIP segment,"Premium membership, luxury offers and early access. Offer a repeat-purchase loyalty benefit."
425,Male,51.0,26.52,49.0,3.4,7.0,195.3,2026-07-24,63.0,3,At-risk / Engagement segment,Engagement campaigns and introductory value offers. Prioritize a win-back message because average recency exceeds 90 days.
426,Male,49.0,37.03,73.0,4.3,13.0,1451.24,2026-08-23,33.0,2,Value-focused loyalists,"Budget-friendly offers, bundles and loyalty rewards. Offer a repeat-purchase loyalty benefit."
427,Female,54.0,77.32,43.0,3.7,5.0,551.96,2026-09-12,13.0,0,Growth opportunity,Special discounts and personalized product campaigns.
428,Male,30.0,36.3,52.0,3.1,11.0,1009.13,2026-07-20,67.0,2,Value-focused loyalists,"Budget-friendly offers, bundles and loyalty rewards. Offer a repeat-purchase loyalty benefit."
429,Male,44.0,115.31,98.0,3.0,27.0,6150.68,2026-09-12,13.0,1,VIP segment,"Premium membership, luxury offers and early access. Offer a repeat-purchase loyalty benefit."
430,Male,34.0,42.93,52.0,3.9,16.0,1324.38,2026-06-27,90.0,2,Value-focused loyalists,"Budget-friendly offers, bundles and loyalty rewards. Offer a repeat-purchase loyalty benefit."
431,Male,39.0,79.58,34.0,3.5,19.0,1779.32,2026-08-07,49.0,0,Growth opportunity,Special discounts and personalized product campaigns.
432,Male,37.0,62.42,71.0,2.4,11.0,1072.32,2026-07-20,67.0,2,Value-focused loyalists,"Budget-friendly offers, bundles and loyalty rewards. Offer a repeat-purchase loyalty benefit."
433,Male,18.0,26.58,36.0,4.3,3.0,82.79,2026-08-12,44.0,3,At-risk / Engagement segment,Engagement campaigns and introductory value offers. Prioritize a win-back message because average recency exceeds 90 days.
434,Female,50.0,50.19,53.0,3.2,17.0,1606.81,2026-08-09,47.0,0,Growth opportunity,Special discounts and personalized product campaigns.
435,Male,41.0,118.71,69.0,5.0,30.0,6318.44,2026-09-09,16.0,1,VIP segment,"Premium membership, luxury offers and early access. Offer a repeat-purchase loyalty benefit."
436,Male,43.0,88.74,21.0,2.4,3.0,207.28,2026-07-18,69.0,0,Growth opportunity,Special discounts and personalized product campaigns.
437,Male,36.0,96.2,62.0,3.4,29.0,6881.93,2026-09-24,1.0,1,VIP segment,"Premium membership, luxury offers and early access. Offer a repeat-purchase loyalty benefit."
438,Male,32.0,48.64,89.0,3.0,16.0,746.21,2026-09-14,11.0,2,Value-focused loyalists,"Budget-friendly offers, bundles and loyalty rewards. Offer a repeat-purchase loyalty benefit."
439,Female,27.0,34.96,3.0,2.8,5.0,188.0,2026-07-26,61.0,3,At-risk / Engagement segment,Engagement campaigns and introductory value offers. Prioritize a win-back message because average recency exceeds 90 days.
440,Male,18.0,26.71,25.0,3.2,4.0,84.01,2026-06-01,116.0,3,At-risk / Engagement segment,Engagement campaigns and introductory value offers. Prioritize a win-back message because average recency exceeds 90 days.
441,Other,43.0,70.98,43.0,5.0,12.0,1265.82,2026-08-21,35.0,0,Growth opportunity,Special discounts and personalized product campaigns.
442,Female,47.0,110.13,67.0,3.7,31.0,7060.3,2026-09-15,10.0,1,VIP segment,"Premium membership, luxury offers and early access. Offer a repeat-purchase loyalty benefit."
443,Female,34.0,35.36,25.0,2.9,3.0,70.73,2026-07-01,86.0,3,At-risk / Engagement segment,Engagement campaigns and introductory value offers. Prioritize a win-back message because average recency exceeds 90 days.
444,Male,37.0,88.56,24.0,2.0,5.0,493.7,2026-06-23,94.0,0,Growth opportunity,Special discounts and personalized product campaigns.
445,Female,49.0,128.99,38.0,2.1,5.0,606.27,2026-01-05,263.0,0,Growth opportunity,Special discounts and personalized product campaigns.
446,Male,21.0,21.89,7.0,3.1,4.0,188.43,2026-02-13,224.0,3,At-risk / Engagement segment,Engagement campaigns and introductory value offers. Prioritize a win-back message because average recency exceeds 90 days.
447,Female,29.0,83.78,44.0,3.1,13.0,1756.98,2026-08-10,46.0,2,Value-focused loyalists,"Budget-friendly offers, bundles and loyalty rewards. Offer a repeat-purchase loyalty benefit."
448,Female,28.0,27.36,1.0,3.4,3.0,118.55,2026-05-26,122.0,3,At-risk / Engagement segment,Engagement campaigns and introductory value offers. Prioritize a win-back message because average recency exceeds 90 days.
449,Male,50.0,121.3,58.0,1.7,35.0,7631.45,2026-09-11,14.0,1,VIP segment,"Premium membership, luxury offers and early access. Offer a repeat-purchase loyalty benefit."
450,Male,32.0,40.28,44.0,3.5,5.0,164.12,2026-07-13,74.0,3,At-risk / Engagement segment,Engagement campaigns and introductory value offers. Prioritize a win-back message because average recency exceeds 90 days.
451,Male,38.0,126.06,100.0,4.5,27.0,6474.09,2026-09-02,23.0,1,VIP segment,"Premium membership, luxury offers and early access. Offer a repeat-purchase loyalty benefit."
452,Male,59.0,50.23,54.0,5.0,18.0,2218.7,2026-08-05,51.0,0,Growth opportunity,Special discounts and personalized product campaigns.
453,Male,40.0,45.06,12.0,2.0,4.0,136.55,2026-05-20,128.0,3,At-risk / Engagement segment,Engagement campaigns and introductory value offers. Prioritize a win-back message because average recency exceeds 90 days.
454,Male,45.0,135.85,80.0,2.9,36.0,8906.24,2026-09-14,11.0,1,VIP segment,"Premium membership, luxury offers and early access. Offer a repeat-purchase loyalty benefit."
455,Male,38.0,106.38,94.0,2.9,38.0,8618.97,2026-08-22,34.0,1,VIP segment,"Premium membership, luxury offers and early access. Offer a repeat-purchase loyalty benefit."
456,Male,42.0,100.49,22.0,3.7,9.0,807.85,2026-07-09,78.0,0,Growth opportunity,Special discounts and personalized product campaigns.
457,Male,18.0,54.67,56.0,2.6,14.0,1356.16,2026-06-07,110.0,2,Value-focused loyalists,"Budget-friendly offers, bundles and loyalty rewards. Offer a repeat-purchase loyalty benefit."
458,Female,38.0,27.15,78.0,5.0,29.0,1660.94,2026-08-29,27.0,2,Value-focused loyalists,"Budget-friendly offers, bundles and loyalty rewards. Offer a repeat-purchase loyalty benefit."
459,Female,43.0,85.96,46.0,3.6,12.0,993.84,2026-08-25,31.0,0,Growth opportunity,Special discounts and personalized product campaigns.
460,Male,34.0,15.94,16.0,3.5,5.0,134.82,2026-02-20,217.0,3,At-risk / Engagement segment,Engagement campaigns and introductory value offers. Prioritize a win-back message because average recency exceeds 90 days.
461,Male,27.0,18.81,82.0,5.0,27.0,1320.1,2026-08-03,53.0,2,Value-focused loyalists,"Budget-friendly offers, bundles and loyalty rewards. Offer a repeat-purchase loyalty benefit."
462,Male,49.0,132.55,72.0,3.6,36.0,8326.81,2026-09-14,11.0,1,VIP segment,"Premium membership, luxury offers and early access. Offer a repeat-purchase loyalty benefit."
463,Female,23.0,70.74,58.0,3.9,14.0,1401.2,2026-07-15,72.0,2,Value-focused loyalists,"Budget-friendly offers, bundles and loyalty rewards. Offer a repeat-purchase loyalty benefit."
464,Male,42.0,129.69,22.0,3.0,10.0,1018.11,2026-09-21,4.0,0,Growth opportunity,Special discounts and personalized product campaigns.
465,Female,18.0,25.69,80.0,2.4,21.0,1148.8,2026-09-21,4.0,2,Value-focused loyalists,"Budget-friendly offers, bundles and loyalty rewards. Offer a repeat-purchase loyalty benefit."
466,Male,54.0,31.77,39.0,3.1,4.0,93.41,2026-04-12,166.0,3,At-risk / Engagement segment,Engagement campaigns and introductory value offers. Prioritize a win-back message because average recency exceeds 90 days.
467,Male,45.0,20.75,20.0,5.0,3.0,87.4,2026-04-22,156.0,3,At-risk / Engagement segment,Engagement campaigns and introductory value offers. Prioritize a win-back message because average recency exceeds 90 days.
468,Male,18.0,64.01,64.0,4.1,14.0,1184.43,2026-08-26,30.0,2,Value-focused loyalists,"Budget-friendly offers, bundles and loyalty rewards. Offer a repeat-purchase loyalty benefit."
469,Male,27.0,85.16,62.0,3.8,31.0,7278.14,2026-09-14,11.0,1,VIP segment,"Premium membership, luxury offers and early access. Offer a repeat-purchase loyalty benefit."
470,Female,27.0,41.59,72.0,2.8,21.0,1115.03,2026-09-18,7.0,2,Value-focused loyalists,"Budget-friendly offers, bundles and loyalty rewards. Offer a repeat-purchase loyalty benefit."
471,Female,23.0,36.53,78.0,4.4,28.0,1370.76,2026-09-14,11.0,2,Value-focused loyalists,"Budget-friendly offers, bundles and loyalty rewards. Offer a repeat-purchase loyalty benefit."
472,Male,18.0,31.19,100.0,2.4,22.0,1131.13,2026-08-17,39.0,2,Value-focused loyalists,"Budget-friendly offers, bundles and loyalty rewards. Offer a repeat-purchase loyalty benefit."
473,Male,61.0,104.53,60.0,2.3,30.0,7760.6,2026-08-08,48.0,1,VIP segment,"Premium membership, luxury offers and early access. Offer a repeat-purchase loyalty benefit."
474,Male,45.0,97.47,83.0,3.1,35.0,8203.41,2026-09-12,13.0,1,VIP segment,"Premium membership, luxury offers and early access. Offer a repeat-purchase loyalty benefit."
475,Female,53.0,110.19,45.0,5.0,6.0,847.78,2026-07-14,73.0,0,Growth opportunity,Special discounts and personalized product campaigns.
476,Female,41.0,83.6,19.0,5.0,9.0,1310.12,2026-04-28,150.0,0,Growth opportunity,Special discounts and personalized product campaigns.
477,Female,35.0,39.17,75.0,3.2,16.0,886.56,2026-08-18,38.0,2,Value-focused loyalists,"Budget-friendly offers, bundles and loyalty rewards. Offer a repeat-purchase loyalty benefit."
478,Female,32.0,59.04,26.0,3.0,5.0,125.96,2026-03-06,203.0,3,At-risk / Engagement segment,Engagement campaigns and introductory value offers. Prioritize a win-back message because average recency exceeds 90 days.
479,Female,33.0,50.8,24.0,2.2,4.0,133.3,2026-06-03,114.0,3,At-risk / Engagement segment,Engagement campaigns and introductory value offers. Prioritize a win-back message because average recency exceeds 90 days.
480,Male,34.0,12.0,97.0,3.7,29.0,1632.64,2026-09-06,19.0,2,Value-focused loyalists,"Budget-friendly offers, bundles and loyalty rewards. Offer a repeat-purchase loyalty benefit."
481,Male,18.0,24.49,83.0,3.7,17.0,821.55,2026-09-19,6.0,2,Value-focused loyalists,"Budget-friendly offers, bundles and loyalty rewards. Offer a repeat-purchase loyalty benefit."
482,Female,64.0,105.9,44.0,4.3,9.0,908.33,2026-05-14,134.0,0,Growth opportunity,Special discounts and personalized product campaigns.
483,Female,38.0,29.02,18.0,4.4,7.0,199.8,2026-08-30,26.0,3,At-risk / Engagement segment,Engagement campaigns and introductory value offers. Prioritize a win-back message because average recency exceeds 90 days.
484,Female,61.0,80.41,19.0,3.4,9.0,1455.45,2026-01-22,246.0,0,Growth opportunity,Special discounts and personalized product campaigns.
485,Male,31.0,115.39,81.0,4.1,51.0,11056.98,2026-09-18,7.0,1,VIP segment,"Premium membership, luxury offers and early access. Offer a repeat-purchase loyalty benefit."
486,Female,19.0,31.86,64.0,3.0,26.0,1407.53,2026-08-22,34.0,2,Value-focused loyalists,"Budget-friendly offers, bundles and loyalty rewards. Offer a repeat-purchase loyalty benefit."
487,Male,18.0,58.8,84.0,4.1,27.0,1234.61,2026-09-03,22.0,2,Value-focused loyalists,"Budget-friendly offers, bundles and loyalty rewards. Offer a repeat-purchase loyalty benefit."
488,Male,51.0,96.45,23.0,3.2,3.0,316.97,2026-05-04,144.0,0,Growth opportunity,Special discounts and personalized product campaigns.
489,Female,29.0,48.35,70.0,4.0,39.0,1919.25,2026-08-03,53.0,2,Value-focused loyalists,"Budget-friendly offers, bundles and loyalty rewards. Offer a repeat-purchase loyalty benefit."
490,Male,23.0,14.26,84.0,3.9,24.0,1369.31,2026-09-14,11.0,2,Value-focused loyalists,"Budget-friendly offers, bundles and loyalty rewards. Offer a repeat-purchase loyalty benefit."
491,Male,26.0,15.61,8.0,3.7,3.0,104.87,2026-09-05,20.0,3,At-risk / Engagement segment,Engagement campaigns and introductory value offers. Prioritize a win-back message because average recency exceeds 90 days.
492,Female,23.0,40.1,31.0,4.3,4.0,130.7,2026-01-12,256.0,3,At-risk / Engagement segment,Engagement campaigns and introductory value offers. Prioritize a win-back message because average recency exceeds 90 days.
493,Female,36.0,45.17,16.0,2.3,3.0,135.37,2025-10-30,330.0,3,At-risk / Engagement segment,Engagement campaigns and introductory value offers. Prioritize a win-back message because average recency exceeds 90 days.
494,Male,43.0,86.6,42.0,2.7,10.0,1456.63,2026-09-14,11.0,0,Growth opportunity,Special discounts and personalized product campaigns.
495,Male,32.0,62.34,48.0,3.4,9.0,1240.06,2026-09-15,10.0,2,Value-focused loyalists,"Budget-friendly offers, bundles and loyalty rewards. Offer a repeat-purchase loyalty benefit."
496,Male,43.0,12.66,86.0,2.4,22.0,1048.48,2026-07-13,74.0,2,Value-focused loyalists,"Budget-friendly offers, bundles and loyalty rewards. Offer a repeat-purchase loyalty benefit."
497,Male,27.0,29.46,80.0,3.3,15.0,674.63,2026-08-22,34.0,2,Value-focused loyalists,"Budget-friendly offers, bundles and loyalty rewards. Offer a repeat-purchase loyalty benefit."
498,Female,49.0,41.72,31.0,3.3,3.0,80.15,2026-07-24,63.0,3,At-risk / Engagement segment,Engagement campaigns and introductory value offers. Prioritize a win-back message because average recency exceeds 90 days.
499,Male,23.0,25.91,79.0,4.7,19.0,1131.48,2026-09-03,22.0,2,Value-focused loyalists,"Budget-friendly offers, bundles and loyalty rewards. Offer a repeat-purchase loyalty benefit."
500,Male,30.0,28.51,58.0,3.7,26.0,1330.33,2026-08-22,34.0,2,Value-focused loyalists,"Budget-friendly offers, bundles and loyalty rewards. Offer a repeat-purchase loyalty benefit."
501,Female,35.0,14.18,34.0,4.5,9.0,321.08,2026-06-28,89.0,3,At-risk / Engagement segment,Engagement campaigns and introductory value offers. Prioritize a win-back message because average recency exceeds 90 days.
502,Male,22.0,52.92,52.0,3.9,11.0,1087.99,2026-09-16,9.0,2,Value-focused loyalists,"Budget-friendly offers, bundles and loyalty rewards. Offer a repeat-purchase loyalty benefit."
503,Male,53.0,86.61,62.0,3.1,14.0,1778.82,2026-08-14,42.0,0,Growth opportunity,Special discounts and personalized product campaigns.
504,Male,27.0,33.02,86.0,3.7,19.0,1168.88,2026-09-19,6.0,2,Value-focused loyalists,"Budget-friendly offers, bundles and loyalty rewards. Offer a repeat-purchase loyalty benefit."
505,Female,35.0,17.97,69.0,4.2,27.0,1388.08,2026-09-13,12.0,2,Value-focused loyalists,"Budget-friendly offers, bundles and loyalty rewards. Offer a repeat-purchase loyalty benefit."
506,Female,31.0,57.59,42.0,4.6,9.0,903.5,2026-08-13,43.0,2,Value-focused loyalists,"Budget-friendly offers, bundles and loyalty rewards. Offer a repeat-purchase loyalty benefit."
507,Male,46.0,77.64,36.0,3.5,3.0,237.52,2026-07-11,76.0,0,Growth opportunity,Special discounts and personalized product campaigns.
508,Male,30.0,47.8,49.0,2.2,22.0,1956.8,2026-08-15,41.0,2,Value-focused loyalists,"Budget-friendly offers, bundles and loyalty rewards. Offer a repeat-purchase loyalty benefit."
509,Male,40.0,51.04,89.0,2.1,19.0,915.25,2026-09-08,17.0,2,Value-focused loyalists,"Budget-friendly offers, bundles and loyalty rewards. Offer a repeat-purchase loyalty benefit."
510,Male,45.0,108.01,82.0,3.3,33.0,7648.28,2026-09-22,3.0,1,VIP segment,"Premium membership, luxury offers and early access. Offer a repeat-purchase loyalty benefit."
511,Female,46.0,136.47,96.0,1.6,28.0,6450.27,2026-09-19,6.0,1,VIP segment,"Premium membership, luxury offers and early access. Offer a repeat-purchase loyalty benefit."
512,Female,53.0,60.67,58.0,5.0,16.0,1759.83,2026-09-05,20.0,0,Growth opportunity,Special discounts and personalized product campaigns.
513,Female,54.0,109.5,87.0,4.1,27.0,5800.73,2026-09-02,23.0,1,VIP segment,"Premium membership, luxury offers and early access. Offer a repeat-purchase loyalty benefit."
514,Female,56.0,108.97,24.0,3.1,9.0,1126.62,2026-08-29,27.0,0,Growth opportunity,Special discounts and personalized product campaigns.
515,Female,34.0,62.58,31.0,2.7,10.0,1130.17,2026-07-20,67.0,0,Growth opportunity,Special discounts and personalized product campaigns.
516,Male,35.0,112.87,98.0,4.5,32.0,7502.41,2026-07-23,64.0,1,VIP segment,"Premium membership, luxury offers and early access. Offer a repeat-purchase loyalty benefit."
517,Female,38.0,99.31,27.0,2.7,3.0,299.06,2026-08-30,26.0,0,Growth opportunity,Special discounts and personalized product campaigns.
518,Female,43.0,50.8,28.0,2.7,4.0,116.15,2026-02-21,216.0,3,At-risk / Engagement segment,Engagement campaigns and introductory value offers. Prioritize a win-back message because average recency exceeds 90 days.
519,Male,44.0,123.51,85.0,2.9,25.0,5313.12,2026-09-20,5.0,1,VIP segment,"Premium membership, luxury offers and early access. Offer a repeat-purchase loyalty benefit."
520,Female,25.0,46.13,54.0,3.7,15.0,1498.58,2026-09-21,4.0,2,Value-focused loyalists,"Budget-friendly offers, bundles and loyalty rewards. Offer a repeat-purchase loyalty benefit."
521,Female,37.0,79.39,74.0,4.1,14.0,1290.59,2026-07-25,62.0,2,Value-focused loyalists,"Budget-friendly offers, bundles and loyalty rewards. Offer a repeat-purchase loyalty benefit."
522,Male,18.0,28.33,92.0,4.6,38.0,1825.79,2026-09-01,24.0,2,Value-focused loyalists,"Budget-friendly offers, bundles and loyalty rewards. Offer a repeat-purchase loyalty benefit."
523,Female,41.0,97.34,85.0,4.5,31.0,7427.84,2026-09-11,14.0,1,VIP segment,"Premium membership, luxury offers and early access. Offer a repeat-purchase loyalty benefit."
524,Male,19.0,32.76,25.0,3.6,5.0,120.44,2026-06-15,102.0,3,At-risk / Engagement segment,Engagement campaigns and introductory value offers. Prioritize a win-back message because average recency exceeds 90 days.
525,Male,47.0,107.16,76.0,4.5,21.0,5819.93,2026-09-12,13.0,1,VIP segment,"Premium membership, luxury offers and early access. Offer a repeat-purchase loyalty benefit."
526,Female,32.0,53.54,76.0,3.0,21.0,1055.07,2026-08-19,37.0,2,Value-focused loyalists,"Budget-friendly offers, bundles and loyalty rewards. Offer a repeat-purchase loyalty benefit."
527,Male,58.0,66.77,57.0,2.1,12.0,996.15,2026-07-11,76.0,0,Growth opportunity,Special discounts and personalized product campaigns.
528,Male,47.0,64.88,63.0,3.0,15.0,1393.19,2026-08-20,36.0,2,Value-focused loyalists,"Budget-friendly offers, bundles and loyalty rewards. Offer a repeat-purchase loyalty benefit."
529,Male,35.0,74.61,62.0,2.9,12.0,1089.94,2026-05-09,139.0,0,Growth opportunity,Special discounts and personalized product campaigns.
530,Male,56.0,115.3,15.0,3.1,8.0,723.36,2026-04-14,164.0,0,Growth opportunity,Special discounts and personalized product campaigns.
531,Male,22.0,40.97,34.0,2.8,5.0,193.4,2026-02-08,229.0,3,At-risk / Engagement segment,Engagement campaigns and introductory value offers. Prioritize a win-back message because average recency exceeds 90 days.
532,Male,26.0,49.87,21.0,3.2,3.0,66.38,2026-08-09,47.0,3,At-risk / Engagement segment,Engagement campaigns and introductory value offers. Prioritize a win-back message because average recency exceeds 90 days.
533,Male,31.0,40.52,66.0,4.1,26.0,1227.41,2026-08-19,37.0,2,Value-focused loyalists,"Budget-friendly offers, bundles and loyalty rewards. Offer a repeat-purchase loyalty benefit."
534,Female,18.0,32.35,38.0,5.0,3.0,94.03,2026-05-06,142.0,3,At-risk / Engagement segment,Engagement campaigns and introductory value offers. Prioritize a win-back message because average recency exceeds 90 days.
535,Male,42.0,127.35,100.0,2.1,40.0,8425.87,2026-09-09,16.0,1,VIP segment,"Premium membership, luxury offers and early access. Offer a repeat-purchase loyalty benefit."
536,Male,38.0,98.73,31.0,2.5,4.0,576.42,2026-09-05,20.0,0,Growth opportunity,Special discounts and personalized product campaigns.
537,Male,29.0,32.47,87.0,2.9,16.0,662.79,2026-09-08,17.0,2,Value-focused loyalists,"Budget-friendly offers, bundles and loyalty rewards. Offer a repeat-purchase loyalty benefit."
538,Female,31.0,134.1,93.0,4.3,22.0,4774.79,2026-09-13,12.0,1,VIP segment,"Premium membership, luxury offers and early access. Offer a repeat-purchase loyalty benefit."
539,Female,46.0,132.71,100.0,3.4,40.0,10565.85,2026-09-18,7.0,1,VIP segment,"Premium membership, luxury offers and early access. Offer a repeat-purchase loyalty benefit."
540,Male,39.0,61.89,62.0,3.0,24.0,2392.95,2026-09-13,12.0,2,Value-focused loyalists,"Budget-friendly offers, bundles and loyalty rewards. Offer a repeat-purchase loyalty benefit."
541,Male,53.0,55.65,37.0,4.2,11.0,1008.07,2026-06-11,106.0,0,Growth opportunity,Special discounts and personalized product campaigns.
542,Female,28.0,52.48,100.0,4.4,23.0,975.11,2026-09-02,23.0,2,Value-focused loyalists,"Budget-friendly offers, bundles and loyalty rewards. Offer a repeat-purchase loyalty benefit."
543,Female,31.0,73.21,66.0,3.6,11.0,1034.11,2026-08-20,36.0,2,Value-focused loyalists,"Budget-friendly offers, bundles and loyalty rewards. Offer a repeat-purchase loyalty benefit."
544,Female,37.0,66.42,47.0,2.9,16.0,1309.06,2026-08-12,44.0,2,Value-focused loyalists,"Budget-friendly offers, bundles and loyalty rewards. Offer a repeat-purchase loyalty benefit."
545,Male,29.0,105.49,72.0,3.8,38.0,9636.53,2026-09-17,8.0,1,VIP segment,"Premium membership, luxury offers and early access. Offer a repeat-purchase loyalty benefit."
546,Female,32.0,36.64,84.0,3.4,28.0,1533.48,2026-09-01,24.0,2,Value-focused loyalists,"Budget-friendly offers, bundles and loyalty rewards. Offer a repeat-purchase loyalty benefit."
547,Male,34.0,31.7,75.0,3.4,30.0,1440.79,2026-08-16,40.0,2,Value-focused loyalists,"Budget-friendly offers, bundles and loyalty rewards. Offer a repeat-purchase loyalty benefit."
548,Female,67.0,100.7,88.0,3.2,33.0,8112.91,2026-09-05,20.0,1,VIP segment,"Premium membership, luxury offers and early access. Offer a repeat-purchase loyalty benefit."
549,Female,30.0,31.81,31.0,4.4,8.0,260.94,2026-01-17,251.0,3,At-risk / Engagement segment,Engagement campaigns and introductory value offers. Prioritize a win-back message because average recency exceeds 90 days.
550,Female,25.0,35.72,71.0,3.8,17.0,825.63,2026-09-23,2.0,2,Value-focused loyalists,"Budget-friendly offers, bundles and loyalty rewards. Offer a repeat-purchase loyalty benefit."
551,Male,22.0,26.74,65.0,4.5,19.0,868.72,2026-08-12,44.0,2,Value-focused loyalists,"Budget-friendly offers, bundles and loyalty rewards. Offer a repeat-purchase loyalty benefit."
552,Male,44.0,122.65,89.0,4.7,32.0,7254.29,2026-09-19,6.0,1,VIP segment,"Premium membership, luxury offers and early access. Offer a repeat-purchase loyalty benefit."
553,Male,52.0,118.04,22.0,4.0,7.0,1097.6,2026-07-29,58.0,0,Growth opportunity,Special discounts and personalized product campaigns.
554,Male,38.0,75.58,55.0,3.2,17.0,1464.19,2026-09-10,15.0,2,Value-focused loyalists,"Budget-friendly offers, bundles and loyalty rewards. Offer a repeat-purchase loyalty benefit."
555,Female,53.0,106.13,68.0,4.5,37.0,7501.48,2026-09-16,9.0,1,VIP segment,"Premium membership, luxury offers and early access. Offer a repeat-purchase loyalty benefit."
556,Male,42.0,110.58,25.0,4.0,5.0,571.78,2026-04-22,156.0,0,Growth opportunity,Special discounts and personalized product campaigns.
557,Female,58.0,101.09,37.0,5.0,4.0,466.62,2026-05-27,121.0,0,Growth opportunity,Special discounts and personalized product campaigns.
558,Female,33.0,14.7,85.0,3.9,24.0,1230.57,2026-09-08,17.0,2,Value-focused loyalists,"Budget-friendly offers, bundles and loyalty rewards. Offer a repeat-purchase loyalty benefit."
559,Female,36.0,39.42,13.0,4.2,7.0,276.45,2026-08-17,39.0,3,At-risk / Engagement segment,Engagement campaigns and introductory value offers. Prioritize a win-back message because average recency exceeds 90 days.
560,Female,25.0,34.05,64.0,3.8,34.0,1666.31,2026-08-14,42.0,2,Value-focused loyalists,"Budget-friendly offers, bundles and loyalty rewards. Offer a repeat-purchase loyalty benefit."
561,Male,66.0,146.31,84.0,3.5,32.0,7453.29,2026-09-13,12.0,1,VIP segment,"Premium membership, luxury offers and early access. Offer a repeat-purchase loyalty benefit."
562,Male,40.0,120.4,35.0,3.4,15.0,1416.71,2026-09-09,16.0,0,Growth opportunity,Special discounts and personalized product campaigns.
563,Male,42.0,71.96,58.0,3.9,12.0,1112.51,2026-05-30,118.0,0,Growth opportunity,Special discounts and personalized product campaigns.
564,Male,28.0,33.49,16.0,4.0,4.0,148.73,2026-04-18,160.0,3,At-risk / Engagement segment,Engagement campaigns and introductory value offers. Prioritize a win-back message because average recency exceeds 90 days.
565,Male,54.0,32.29,26.0,4.6,6.0,238.18,2026-07-25,62.0,3,At-risk / Engagement segment,Engagement campaigns and introductory value offers. Prioritize a win-back message because average recency exceeds 90 days.
566,Female,45.0,15.95,40.0,3.9,3.0,129.48,2026-02-10,227.0,3,At-risk / Engagement segment,Engagement campaigns and introductory value offers. Prioritize a win-back message because average recency exceeds 90 days.
567,Female,32.0,37.65,55.0,3.2,9.0,732.34,2026-07-31,56.0,2,Value-focused loyalists,"Budget-friendly offers, bundles and loyalty rewards. Offer a repeat-purchase loyalty benefit."
568,Female,47.0,97.78,64.0,3.3,36.0,8272.61,2026-09-18,7.0,1,VIP segment,"Premium membership, luxury offers and early access. Offer a repeat-purchase loyalty benefit."
569,Male,31.0,31.33,80.0,2.5,21.0,995.86,2026-09-08,17.0,2,Value-focused loyalists,"Budget-friendly offers, bundles and loyalty rewards. Offer a repeat-purchase loyalty benefit."
570,Other,23.0,12.0,100.0,5.0,17.0,754.21,2026-08-30,26.0,2,Value-focused loyalists,"Budget-friendly offers, bundles and loyalty rewards. Offer a repeat-purchase loyalty benefit."
571,Female,56.0,92.38,13.0,3.1,5.0,488.02,2026-04-20,158.0,0,Growth opportunity,Special discounts and personalized product campaigns.
572,Male,43.0,58.53,53.0,4.4,17.0,1689.01,2026-09-20,5.0,2,Value-focused loyalists,"Budget-friendly offers, bundles and loyalty rewards. Offer a repeat-purchase loyalty benefit."
573,Male,30.0,28.98,75.0,3.8,26.0,1291.99,2026-09-09,16.0,2,Value-focused loyalists,"Budget-friendly offers, bundles and loyalty rewards. Offer a repeat-purchase loyalty benefit."
574,Male,39.0,52.74,54.0,3.9,9.0,973.88,2026-08-07,49.0,2,Value-focused loyalists,"Budget-friendly offers, bundles and loyalty rewards. Offer a repeat-purchase loyalty benefit."
575,Male,43.0,57.22,55.0,3.5,10.0,867.88,2026-09-18,7.0,2,Value-focused loyalists,"Budget-friendly offers, bundles and loyalty rewards. Offer a repeat-purchase loyalty benefit."
576,Male,30.0,56.13,92.0,2.9,26.0,1263.03,2026-07-23,64.0,2,Value-focused loyalists,"Budget-friendly offers, bundles and loyalty rewards. Offer a repeat-purchase loyalty benefit."
577,Male,40.0,71.27,54.0,2.8,17.0,1796.61,2026-07-30,57.0,2,Value-focused loyalists,"Budget-friendly offers, bundles and loyalty rewards. Offer a repeat-purchase loyalty benefit."
578,Male,30.0,22.16,37.0,5.0,4.0,87.95,2026-08-16,40.0,3,At-risk / Engagement segment,Engagement campaigns and introductory value offers. Prioritize a win-back message because average recency exceeds 90 days.
579,Female,56.0,61.04,52.0,3.7,21.0,2365.49,2026-08-20,36.0,0,Growth opportunity,Special discounts and personalized product campaigns.
580,Male,37.0,99.6,24.0,4.6,2.0,302.07,2026-05-10,138.0,0,Growth opportunity,Special discounts and personalized product campaigns.
581,Female,32.0,21.25,70.0,4.8,25.0,1428.79,2026-09-10,15.0,2,Value-focused loyalists,"Budget-friendly offers, bundles and loyalty rewards. Offer a repeat-purchase loyalty benefit."
582,Male,25.0,21.23,56.0,3.3,24.0,1121.9,2026-08-12,44.0,2,Value-focused loyalists,"Budget-friendly offers, bundles and loyalty rewards. Offer a repeat-purchase loyalty benefit."
583,Female,60.0,124.15,87.0,4.0,42.0,8299.78,2026-09-16,9.0,1,VIP segment,"Premium membership, luxury offers and early access. Offer a repeat-purchase loyalty benefit."
584,Female,19.0,26.12,100.0,3.6,26.0,1316.78,2026-07-27,60.0,2,Value-focused loyalists,"Budget-friendly offers, bundles and loyalty rewards. Offer a repeat-purchase loyalty benefit."
585,Female,32.0,46.67,58.0,2.6,13.0,1409.31,2026-08-24,32.0,2,Value-focused loyalists,"Budget-friendly offers, bundles and loyalty rewards. Offer a repeat-purchase loyalty benefit."
586,Female,26.0,29.4,30.0,3.4,5.0,146.75,2026-06-10,107.0,3,At-risk / Engagement segment,Engagement campaigns and introductory value offers. Prioritize a win-back message because average recency exceeds 90 days.
587,Female,45.0,111.65,79.0,4.1,28.0,6015.79,2026-09-14,11.0,1,VIP segment,"Premium membership, luxury offers and early access. Offer a repeat-purchase loyalty benefit."
588,Female,34.0,72.38,25.0,3.2,6.0,578.9,2026-08-25,31.0,0,Growth opportunity,Special discounts and personalized product campaigns.
589,Female,43.0,99.43,40.0,3.3,6.0,617.57,2026-09-06,19.0,0,Growth opportunity,Special discounts and personalized product campaigns.
590,Female,20.0,122.15,100.0,3.5,28.0,6383.14,2026-09-17,8.0,1,VIP segment,"Premium membership, luxury offers and early access. Offer a repeat-purchase loyalty benefit."
591,Male,41.0,68.32,71.0,5.0,15.0,1514.95,2026-07-23,64.0,2,Value-focused loyalists,"Budget-friendly offers, bundles and loyalty rewards. Offer a repeat-purchase loyalty benefit."
592,Male,23.0,63.22,88.0,2.0,17.0,631.39,2026-09-12,13.0,2,Value-focused loyalists,"Budget-friendly offers, bundles and loyalty rewards. Offer a repeat-purchase loyalty benefit."
593,Male,33.0,117.52,28.0,4.0,5.0,648.5,2026-05-10,138.0,0,Growth opportunity,Special discounts and personalized product campaigns.
594,Female,47.0,50.29,25.0,3.4,4.0,134.99,2026-03-29,180.0,3,At-risk / Engagement segment,Engagement campaigns and introductory value offers. Prioritize a win-back message because average recency exceeds 90 days.
595,Female,29.0,149.2,75.0,3.1,26.0,7254.83,2026-08-23,33.0,1,VIP segment,"Premium membership, luxury offers and early access. Offer a repeat-purchase loyalty benefit."
596,Male,56.0,110.61,11.0,3.4,6.0,725.69,2026-03-29,180.0,0,Growth opportunity,Special discounts and personalized product campaigns.
597,Female,29.0,32.28,8.0,4.2,2.0,23.92,2026-06-29,88.0,3,At-risk / Engagement segment,Engagement campaigns and introductory value offers. Prioritize a win-back message because average recency exceeds 90 days.
598,Female,52.0,43.63,23.0,4.2,5.0,150.41,2026-04-30,148.0,3,At-risk / Engagement segment,Engagement campaigns and introductory value offers. Prioritize a win-back message because average recency exceeds 90 days.
599,Male,46.0,54.17,49.0,3.8,8.0,1040.94,2026-09-01,24.0,0,Growth opportunity,Special discounts and personalized product campaigns.
600,Male,26.0,31.51,4.0,4.5,3.0,150.68,2025-12-29,270.0,3,At-risk / Engagement segment,Engagement campaigns and introductory value offers. Prioritize a win-back message because average recency exceeds 90 days.
601,Female,19.0,22.93,78.0,4.7,21.0,1297.37,2026-08-08,48.0,2,Value-focused loyalists,"Budget-friendly offers, bundles and loyalty rewards. Offer a repeat-purchase loyalty benefit."
602,Male,45.0,67.57,49.0,4.3,21.0,2079.35,2026-07-10,77.0,0,Growth opportunity,Special discounts and personalized product campaigns.
603,Female,36.0,52.87,39.0,3.1,9.0,898.41,2026-09-16,9.0,2,Value-focused loyalists,"Budget-friendly offers, bundles and loyalty rewards. Offer a repeat-purchase loyalty benefit."
604,Male,34.0,20.38,18.0,4.0,7.0,289.38,2026-08-16,40.0,3,At-risk / Engagement segment,Engagement campaigns and introductory value offers. Prioritize a win-back message because average recency exceeds 90 days.
605,Female,52.0,67.79,49.0,4.0,7.0,573.18,2026-09-04,21.0,0,Growth opportunity,Special discounts and personalized product campaigns.
606,Female,32.0,60.07,46.0,2.9,16.0,1485.87,2026-09-13,12.0,2,Value-focused loyalists,"Budget-friendly offers, bundles and loyalty rewards. Offer a repeat-purchase loyalty benefit."
607,Male,40.0,35.01,64.0,2.3,13.0,1404.85,2026-08-17,39.0,2,Value-focused loyalists,"Budget-friendly offers, bundles and loyalty rewards. Offer a repeat-purchase loyalty benefit."
608,Female,52.0,89.62,61.0,1.9,29.0,7040.07,2026-09-14,11.0,1,VIP segment,"Premium membership, luxury offers and early access. Offer a repeat-purchase loyalty benefit."
609,Male,44.0,13.94,1.0,3.7,1.0,28.47,2026-06-01,116.0,3,At-risk / Engagement segment,Engagement campaigns and introductory value offers. Prioritize a win-back message because average recency exceeds 90 days.
610,Female,26.0,19.64,78.0,3.9,25.0,1204.28,2026-09-06,19.0,2,Value-focused loyalists,"Budget-friendly offers, bundles and loyalty rewards. Offer a repeat-purchase loyalty benefit."
611,Male,25.0,37.8,79.0,2.6,14.0,836.62,2026-08-26,30.0,2,Value-focused loyalists,"Budget-friendly offers, bundles and loyalty rewards. Offer a repeat-purchase loyalty benefit."
612,Male,19.0,33.07,27.0,4.5,2.0,68.42,2026-09-02,23.0,3,At-risk / Engagement segment,Engagement campaigns and introductory value offers. Prioritize a win-back message because average recency exceeds 90 days.
613,Male,28.0,76.91,47.0,3.7,9.0,976.14,2026-05-04,144.0,0,Growth opportunity,Special discounts and personalized product campaigns.
614,Male,42.0,72.54,42.0,4.7,11.0,1140.5,2026-08-30,26.0,0,Growth opportunity,Special discounts and personalized product campaigns.
615,Female,47.0,115.01,28.0,3.9,8.0,734.9,2026-06-30,87.0,0,Growth opportunity,Special discounts and personalized product campaigns.
616,Male,37.0,38.52,17.0,2.7,2.0,57.52,2026-04-22,156.0,3,At-risk / Engagement segment,Engagement campaigns and introductory value offers. Prioritize a win-back message because average recency exceeds 90 days.
617,Female,46.0,32.94,41.0,4.0,3.0,115.83,2026-01-22,246.0,3,At-risk / Engagement segment,Engagement campaigns and introductory value offers. Prioritize a win-back message because average recency exceeds 90 days.
618,Male,36.0,115.39,24.0,4.2,6.0,621.83,2026-09-13,12.0,0,Growth opportunity,Special discounts and personalized product campaigns.
619,Male,40.0,122.87,83.0,3.1,23.0,5843.98,2026-09-24,1.0,1,VIP segment,"Premium membership, luxury offers and early access. Offer a repeat-purchase loyalty benefit."
620,Male,44.0,115.27,100.0,2.4,33.0,7429.72,2026-09-19,6.0,1,VIP segment,"Premium membership, luxury offers and early access. Offer a repeat-purchase loyalty benefit."
621,Male,32.0,79.8,51.0,3.7,21.0,2329.12,2026-07-15,72.0,2,Value-focused loyalists,"Budget-friendly offers, bundles and loyalty rewards. Offer a repeat-purchase loyalty benefit."
622,Male,42.0,12.0,85.0,2.7,19.0,914.79,2026-09-20,5.0,2,Value-focused loyalists,"Budget-friendly offers, bundles and loyalty rewards. Offer a repeat-purchase loyalty benefit."
623,Female,48.0,57.93,61.0,4.6,8.0,817.05,2026-08-23,33.0,0,Growth opportunity,Special discounts and personalized product campaigns.
624,Male,31.0,27.72,87.0,3.3,20.0,867.51,2026-09-07,18.0,2,Value-focused loyalists,"Budget-friendly offers, bundles and loyalty rewards. Offer a repeat-purchase loyalty benefit."
625,Male,57.0,78.14,56.0,5.0,12.0,1027.66,2026-09-16,9.0,0,Growth opportunity,Special discounts and personalized product campaigns.
626,Female,18.0,54.0,80.0,1.8,33.0,1572.23,2026-09-13,12.0,2,Value-focused loyalists,"Budget-friendly offers, bundles and loyalty rewards. Offer a repeat-purchase loyalty benefit."
627,Male,39.0,41.7,54.0,3.7,17.0,2077.45,2026-07-27,60.0,2,Value-focused loyalists,"Budget-friendly offers, bundles and loyalty rewards. Offer a repeat-purchase loyalty benefit."
628,Female,46.0,129.76,77.0,4.8,23.0,6294.8,2026-09-16,9.0,1,VIP segment,"Premium membership, luxury offers and early access. Offer a repeat-purchase loyalty benefit."
629,Female,19.0,15.6,82.0,2.8,19.0,864.98,2026-09-09,16.0,2,Value-focused loyalists,"Budget-friendly offers, bundles and loyalty rewards. Offer a repeat-purchase loyalty benefit."
630,Female,42.0,46.02,77.0,3.5,15.0,1685.65,2026-09-03,22.0,2,Value-focused loyalists,"Budget-friendly offers, bundles and loyalty rewards. Offer a repeat-purchase loyalty benefit."
631,Female,28.0,58.72,68.0,3.3,16.0,1544.39,2026-09-04,21.0,2,Value-focused loyalists,"Budget-friendly offers, bundles and loyalty rewards. Offer a repeat-purchase loyalty benefit."
632,Male,46.0,57.55,57.0,3.0,15.0,1739.97,2026-07-09,78.0,0,Growth opportunity,Special discounts and personalized product campaigns.
633,Male,53.0,88.18,94.0,3.8,31.0,6365.69,2026-09-12,13.0,1,VIP segment,"Premium membership, luxury offers and early access. Offer a repeat-purchase loyalty benefit."
634,Male,31.0,41.1,68.0,2.5,15.0,622.53,2026-09-08,17.0,2,Value-focused loyalists,"Budget-friendly offers, bundles and loyalty rewards. Offer a repeat-purchase loyalty benefit."
635,Male,23.0,119.51,81.0,3.5,39.0,9268.18,2026-09-01,24.0,1,VIP segment,"Premium membership, luxury offers and early access. Offer a repeat-purchase loyalty benefit."
636,Female,32.0,124.76,95.0,4.0,28.0,6888.04,2026-09-15,10.0,1,VIP segment,"Premium membership, luxury offers and early access. Offer a repeat-purchase loyalty benefit."
637,Female,42.0,23.93,40.0,3.4,4.0,96.98,2026-08-09,47.0,3,At-risk / Engagement segment,Engagement campaigns and introductory value offers. Prioritize a win-back message because average recency exceeds 90 days.
638,Female,36.0,29.45,13.0,2.7,6.0,220.69,2026-07-11,76.0,3,At-risk / Engagement segment,Engagement campaigns and introductory value offers. Prioritize a win-back message because average recency exceeds 90 days.
639,Male,18.0,61.57,47.0,4.5,15.0,1461.71,2026-08-14,42.0,2,Value-focused loyalists,"Budget-friendly offers, bundles and loyalty rewards. Offer a repeat-purchase loyalty benefit."
640,Female,51.0,85.63,79.0,4.2,9.0,902.93,2026-07-22,65.0,0,Growth opportunity,Special discounts and personalized product campaigns.
641,Male,37.0,12.0,23.0,2.7,1.0,49.94,2026-03-28,181.0,3,At-risk / Engagement segment,Engagement campaigns and introductory value offers. Prioritize a win-back message because average recency exceeds 90 days.
642,Male,31.0,48.6,75.0,2.5,15.0,1462.25,2026-09-16,9.0,2,Value-focused loyalists,"Budget-friendly offers, bundles and loyalty rewards. Offer a repeat-purchase loyalty benefit."
643,Male,52.0,110.08,86.0,2.8,26.0,5653.44,2026-09-22,3.0,1,VIP segment,"Premium membership, luxury offers and early access. Offer a repeat-purchase loyalty benefit."
644,Male,41.0,84.8,31.0,4.1,5.0,687.74,2026-08-11,45.0,0,Growth opportunity,Special discounts and personalized product campaigns.
645,Female,29.0,26.38,18.0,3.8,6.0,274.29,2026-03-25,184.0,3,At-risk / Engagement segment,Engagement campaigns and introductory value offers. Prioritize a win-back message because average recency exceeds 90 days.
646,Male,43.0,60.23,64.0,4.3,17.0,1524.73,2026-08-10,46.0,2,Value-focused loyalists,"Budget-friendly offers, bundles and loyalty rewards. Offer a repeat-purchase loyalty benefit."
647,Male,60.0,100.79,100.0,3.3,33.0,7588.96,2026-09-20,5.0,1,VIP segment,"Premium membership, luxury offers and early access. Offer a repeat-purchase loyalty benefit."
648,Male,44.0,32.9,66.0,2.8,18.0,750.66,2026-08-29,27.0,2,Value-focused loyalists,"Budget-friendly offers, bundles and loyalty rewards. Offer a repeat-purchase loyalty benefit."
649,Male,40.0,38.79,18.0,4.4,3.0,106.92,2026-05-24,124.0,3,At-risk / Engagement segment,Engagement campaigns and introductory value offers. Prioritize a win-back message because average recency exceeds 90 days.
650,Male,47.0,106.69,95.0,3.1,37.0,8569.59,2026-09-21,4.0,1,VIP segment,"Premium membership, luxury offers and early access. Offer a repeat-purchase loyalty benefit."
651,Other,36.0,25.66,76.0,3.8,24.0,1323.44,2026-09-23,2.0,2,Value-focused loyalists,"Budget-friendly offers, bundles and loyalty rewards. Offer a repeat-purchase loyalty benefit."
652,Female,26.0,59.68,47.0,2.3,14.0,1312.16,2026-09-12,13.0,2,Value-focused loyalists,"Budget-friendly offers, bundles and loyalty rewards. Offer a repeat-purchase loyalty benefit."
653,Male,42.0,29.9,34.0,3.1,3.0,93.65,2026-04-27,151.0,3,At-risk / Engagement segment,Engagement campaigns and introductory value offers. Prioritize a win-back message because average recency exceeds 90 days.
654,Male,41.0,75.64,41.0,4.5,1.0,154.34,2026-07-07,80.0,3,At-risk / Engagement segment,Engagement campaigns and introductory value offers. Prioritize a win-back message because average recency exceeds 90 days.
655,Female,42.0,68.46,48.0,3.0,15.0,1378.24,2026-08-22,34.0,0,Growth opportunity,Special discounts and personalized product campaigns.
656,Male,46.0,93.69,31.0,4.3,7.0,977.68,2026-03-14,195.0,0,Growth opportunity,Special discounts and personalized product campaigns.
657,Female,44.0,79.66,38.0,1.6,15.0,1674.32,2026-08-21,35.0,0,Growth opportunity,Special discounts and personalized product campaigns.
658,Male,49.0,108.27,17.0,3.1,3.0,377.95,2026-08-20,36.0,0,Growth opportunity,Special discounts and personalized product campaigns.
659,Female,18.0,46.38,23.0,3.5,5.0,136.93,2026-06-13,104.0,3,At-risk / Engagement segment,Engagement campaigns and introductory value offers. Prioritize a win-back message because average recency exceeds 90 days.
660,Female,30.0,17.85,78.0,5.0,21.0,1266.01,2026-09-17,8.0,2,Value-focused loyalists,"Budget-friendly offers, bundles and loyalty rewards. Offer a repeat-purchase loyalty benefit."
661,Male,54.0,94.8,16.0,2.6,5.0,472.32,2026-07-07,80.0,0,Growth opportunity,Special discounts and personalized product campaigns.
662,Female,43.0,44.61,44.0,4.2,10.0,871.8,2026-08-31,25.0,2,Value-focused loyalists,"Budget-friendly offers, bundles and loyalty rewards. Offer a repeat-purchase loyalty benefit."
663,Female,47.0,90.13,15.0,4.5,6.0,448.45,2026-06-12,105.0,0,Growth opportunity,Special discounts and personalized product campaigns.
664,Female,58.0,127.53,89.0,3.0,40.0,8410.4,2026-09-07,18.0,1,VIP segment,"Premium membership, luxury offers and early access. Offer a repeat-purchase loyalty benefit."
665,Male,51.0,120.82,4.0,3.3,13.0,1390.4,2026-04-02,176.0,0,Growth opportunity,Special discounts and personalized product campaigns.
666,Male,40.0,13.93,10.0,3.7,7.0,178.28,2026-08-08,48.0,3,At-risk / Engagement segment,Engagement campaigns and introductory value offers. Prioritize a win-back message because average recency exceeds 90 days.
667,Male,49.0,55.58,31.0,2.3,13.0,1299.15,2026-09-16,9.0,0,Growth opportunity,Special discounts and personalized product campaigns.
668,Female,43.0,60.93,58.0,3.2,15.0,1483.74,2026-08-21,35.0,2,Value-focused loyalists,"Budget-friendly offers, bundles and loyalty rewards. Offer a repeat-purchase loyalty benefit."
669,Male,39.0,108.2,6.0,4.7,6.0,826.43,2026-04-15,163.0,0,Growth opportunity,Special discounts and personalized product campaigns.
670,Female,18.0,12.0,78.0,4.0,34.0,1920.27,2026-09-23,2.0,2,Value-focused loyalists,"Budget-friendly offers, bundles and loyalty rewards. Offer a repeat-purchase loyalty benefit."
671,Male,37.0,87.56,100.0,3.5,27.0,6310.58,2026-09-18,7.0,1,VIP segment,"Premium membership, luxury offers and early access. Offer a repeat-purchase loyalty benefit."
672,Female,36.0,38.85,98.0,3.7,24.0,1198.56,2026-07-27,60.0,2,Value-focused loyalists,"Budget-friendly offers, bundles and loyalty rewards. Offer a repeat-purchase loyalty benefit."
673,Female,35.0,34.71,31.0,4.1,13.0,1114.84,2026-07-20,67.0,2,Value-focused loyalists,"Budget-friendly offers, bundles and loyalty rewards. Offer a repeat-purchase loyalty benefit."
674,Female,44.0,23.74,26.0,4.3,5.0,142.63,2026-04-15,163.0,3,At-risk / Engagement segment,Engagement campaigns and introductory value offers. Prioritize a win-back message because average recency exceeds 90 days.
675,Male,37.0,32.27,10.0,3.1,5.0,164.59,2026-06-27,90.0,3,At-risk / Engagement segment,Engagement campaigns and introductory value offers. Prioritize a win-back message because average recency exceeds 90 days.
676,Male,41.0,37.82,64.0,4.9,24.0,1205.66,2026-08-11,45.0,2,Value-focused loyalists,"Budget-friendly offers, bundles and loyalty rewards. Offer a repeat-purchase loyalty benefit."
677,Female,36.0,60.02,52.0,4.7,19.0,2000.79,2026-09-03,22.0,2,Value-focused loyalists,"Budget-friendly offers, bundles and loyalty rewards. Offer a repeat-purchase loyalty benefit."
678,Male,33.0,26.88,93.0,4.2,31.0,1685.36,2026-09-16,9.0,2,Value-focused loyalists,"Budget-friendly offers, bundles and loyalty rewards. Offer a repeat-purchase loyalty benefit."
679,Male,47.0,121.82,91.0,2.9,40.0,9586.19,2026-09-18,7.0,1,VIP segment,"Premium membership, luxury offers and early access. Offer a repeat-purchase loyalty benefit."
680,Female,43.0,35.99,69.0,2.7,29.0,1305.73,2026-08-06,50.0,2,Value-focused loyalists,"Budget-friendly offers, bundles and loyalty rewards. Offer a repeat-purchase loyalty benefit."
681,Male,25.0,100.94,92.0,3.3,25.0,4922.48,2026-09-08,17.0,1,VIP segment,"Premium membership, luxury offers and early access. Offer a repeat-purchase loyalty benefit."
682,Male,43.0,100.53,1.0,3.7,4.0,448.81,2026-08-12,44.0,0,Growth opportunity,Special discounts and personalized product campaigns.
683,Female,50.0,115.36,75.0,2.1,39.0,8736.74,2026-09-05,20.0,1,VIP segment,"Premium membership, luxury offers and early access. Offer a repeat-purchase loyalty benefit."
684,Male,43.0,56.06,68.0,4.0,20.0,1120.66,2026-08-21,35.0,2,Value-focused loyalists,"Budget-friendly offers, bundles and loyalty rewards. Offer a repeat-purchase loyalty benefit."
685,Female,38.0,41.01,23.0,4.7,3.0,72.46,2026-02-14,223.0,3,At-risk / Engagement segment,Engagement campaigns and introductory value offers. Prioritize a win-back message because average recency exceeds 90 days.
686,Male,45.0,117.0,26.0,4.1,12.0,1430.68,2026-03-25,184.0,0,Growth opportunity,Special discounts and personalized product campaigns.
687,Female,36.0,23.45,76.0,3.0,24.0,1127.1,2026-08-04,52.0,2,Value-focused loyalists,"Budget-friendly offers, bundles and loyalty rewards. Offer a repeat-purchase loyalty benefit."
688,Male,48.0,54.66,51.0,2.9,16.0,1979.95,2026-08-10,46.0,0,Growth opportunity,Special discounts and personalized product campaigns.
689,Female,32.0,26.7,22.0,3.9,3.0,118.59,2026-09-23,2.0,3,At-risk / Engagement segment,Engagement campaigns and introductory value offers. Prioritize a win-back message because average recency exceeds 90 days.
690,Male,31.0,29.99,84.0,3.5,28.0,1437.49,2026-09-02,23.0,2,Value-focused loyalists,"Budget-friendly offers, bundles and loyalty rewards. Offer a repeat-purchase loyalty benefit."
691,Male,60.0,85.89,30.0,4.0,6.0,525.61,2026-07-03,84.0,0,Growth opportunity,Special discounts and personalized product campaigns.
692,Female,58.0,79.72,50.0,4.1,13.0,1221.27,2026-08-03,53.0,0,Growth opportunity,Special discounts and personalized product campaigns.
693,Male,55.0,112.37,33.0,4.5,9.0,857.46,2026-09-09,16.0,0,Growth opportunity,Special discounts and personalized product campaigns.
694,Other,48.0,95.72,38.0,2.6,7.0,686.88,2026-06-23,94.0,0,Growth opportunity,Special discounts and personalized product campaigns.
695,Male,38.0,70.98,46.0,3.8,7.0,831.65,2026-09-05,20.0,0,Growth opportunity,Special discounts and personalized product campaigns.
696,Female,34.0,35.12,77.0,3.3,19.0,1067.04,2026-09-10,15.0,2,Value-focused loyalists,"Budget-friendly offers, bundles and loyalty rewards. Offer a repeat-purchase loyalty benefit."
697,Male,35.0,40.08,36.0,3.5,2.0,45.9,2026-02-10,227.0,3,At-risk / Engagement segment,Engagement campaigns and introductory value offers. Prioritize a win-back message because average recency exceeds 90 days.
698,Female,38.0,12.0,9.0,4.3,4.0,128.68,2026-06-11,106.0,3,At-risk / Engagement segment,Engagement campaigns and introductory value offers. Prioritize a win-back message because average recency exceeds 90 days.
699,Female,25.0,27.96,44.0,4.4,2.0,94.64,2025-10-30,330.0,3,At-risk / Engagement segment,Engagement campaigns and introductory value offers. Prioritize a win-back message because average recency exceeds 90 days.
700,Male,61.0,99.19,12.0,4.8,3.0,263.69,2026-01-23,245.0,0,Growth opportunity,Special discounts and personalized product campaigns.
701,Male,37.0,108.73,24.0,4.0,11.0,1060.79,2026-07-05,82.0,0,Growth opportunity,Special discounts and personalized product campaigns.
702,Male,44.0,91.2,17.0,3.5,4.0,448.61,2026-07-13,74.0,0,Growth opportunity,Special discounts and personalized product campaigns.
703,Female,43.0,75.0,100.0,3.4,19.0,4065.97,2026-09-19,6.0,1,VIP segment,"Premium membership, luxury offers and early access. Offer a repeat-purchase loyalty benefit."
704,Male,59.0,46.86,47.0,2.1,6.0,770.25,2026-08-26,30.0,0,Growth opportunity,Special discounts and personalized product campaigns.
705,Male,44.0,99.15,22.0,4.7,5.0,465.97,2026-09-13,12.0,0,Growth opportunity,Special discounts and personalized product campaigns.
706,Female,21.0,32.89,74.0,3.3,22.0,1014.24,2026-08-05,51.0,2,Value-focused loyalists,"Budget-friendly offers, bundles and loyalty rewards. Offer a repeat-purchase loyalty benefit."
707,Male,33.0,85.57,54.0,4.0,16.0,1284.92,2026-08-29,27.0,2,Value-focused loyalists,"Budget-friendly offers, bundles and loyalty rewards. Offer a repeat-purchase loyalty benefit."
708,Female,56.0,70.16,49.0,4.2,14.0,1293.74,2026-08-12,44.0,0,Growth opportunity,Special discounts and personalized product campaigns.
709,Female,18.0,33.14,76.0,2.5,21.0,1319.88,2026-09-24,1.0,2,Value-focused loyalists,"Budget-friendly offers, bundles and loyalty rewards. Offer a repeat-purchase loyalty benefit."
710,Male,18.0,31.55,36.0,2.8,27.0,1278.39,2026-09-20,5.0,2,Value-focused loyalists,"Budget-friendly offers, bundles and loyalty rewards. Offer a repeat-purchase loyalty benefit."
711,Male,66.0,77.46,54.0,4.9,16.0,1823.17,2026-08-14,42.0,0,Growth opportunity,Special discounts and personalized product campaigns.
712,Female,42.0,21.74,22.0,3.8,3.0,108.49,2025-10-30,330.0,3,At-risk / Engagement segment,Engagement campaigns and introductory value offers. Prioritize a win-back message because average recency exceeds 90 days.
713,Female,28.0,60.04,65.0,3.1,15.0,1608.13,2026-07-24,63.0,2,Value-focused loyalists,"Budget-friendly offers, bundles and loyalty rewards. Offer a repeat-purchase loyalty benefit."
714,Female,39.0,46.75,69.0,3.5,16.0,1622.46,2026-09-04,21.0,2,Value-focused loyalists,"Budget-friendly offers, bundles and loyalty rewards. Offer a repeat-purchase loyalty benefit."
715,Male,40.0,81.86,51.0,4.5,15.0,1566.11,2026-08-19,37.0,0,Growth opportunity,Special discounts and personalized product campaigns.
716,Female,56.0,105.49,38.0,4.4,6.0,754.91,2026-09-15,10.0,0,Growth opportunity,Special discounts and personalized product campaigns.
717,Male,46.0,22.09,65.0,2.4,20.0,842.1,2026-09-09,16.0,2,Value-focused loyalists,"Budget-friendly offers, bundles and loyalty rewards. Offer a repeat-purchase loyalty benefit."
718,Other,46.0,108.4,93.0,5.0,37.0,8760.59,2026-09-18,7.0,1,VIP segment,"Premium membership, luxury offers and early access. Offer a repeat-purchase loyalty benefit."
719,Female,31.0,37.14,15.0,4.4,3.0,85.05,2026-07-12,75.0,3,At-risk / Engagement segment,Engagement campaigns and introductory value offers. Prioritize a win-back message because average recency exceeds 90 days.
720,Male,47.0,58.49,39.0,3.5,14.0,1458.49,2026-09-18,7.0,2,Value-focused loyalists,"Budget-friendly offers, bundles and loyalty rewards. Offer a repeat-purchase loyalty benefit."
721,Male,21.0,24.52,76.0,2.6,24.0,1235.05,2026-09-06,19.0,2,Value-focused loyalists,"Budget-friendly offers, bundles and loyalty rewards. Offer a repeat-purchase loyalty benefit."
722,Male,18.0,22.84,95.0,4.5,23.0,1166.21,2026-08-18,38.0,2,Value-focused loyalists,"Budget-friendly offers, bundles and loyalty rewards. Offer a repeat-purchase loyalty benefit."
723,Female,24.0,114.75,86.0,4.0,39.0,10292.92,2026-09-16,9.0,1,VIP segment,"Premium membership, luxury offers and early access. Offer a repeat-purchase loyalty benefit."
724,Female,23.0,56.99,71.0,2.4,15.0,1603.9,2026-09-07,18.0,2,Value-focused loyalists,"Budget-friendly offers, bundles and loyalty rewards. Offer a repeat-purchase loyalty benefit."
725,Female,33.0,103.65,75.0,3.4,25.0,4607.87,2026-09-21,4.0,1,VIP segment,"Premium membership, luxury offers and early access. Offer a repeat-purchase loyalty benefit."
726,Male,30.0,91.3,97.0,5.0,36.0,7963.44,2026-08-29,27.0,1,VIP segment,"Premium membership, luxury offers and early access. Offer a repeat-purchase loyalty benefit."
727,Male,51.0,101.09,20.0,3.6,9.0,1197.44,2026-05-02,146.0,0,Growth opportunity,Special discounts and personalized product campaigns.
728,Female,30.0,107.46,87.0,3.0,27.0,6961.59,2026-09-18,7.0,1,VIP segment,"Premium membership, luxury offers and early access. Offer a repeat-purchase loyalty benefit."
729,Female,18.0,27.5,81.0,2.7,26.0,1129.49,2026-08-30,26.0,2,Value-focused loyalists,"Budget-friendly offers, bundles and loyalty rewards. Offer a repeat-purchase loyalty benefit."
730,Male,18.0,34.78,86.0,5.0,18.0,789.84,2026-09-18,7.0,2,Value-focused loyalists,"Budget-friendly offers, bundles and loyalty rewards. Offer a repeat-purchase loyalty benefit."
731,Female,43.0,110.47,31.0,4.3,5.0,492.1,2026-09-11,14.0,0,Growth opportunity,Special discounts and personalized product campaigns.
732,Female,36.0,119.82,75.0,4.8,44.0,11823.14,2026-09-06,19.0,1,VIP segment,"Premium membership, luxury offers and early access. Offer a repeat-purchase loyalty benefit."
733,Male,57.0,117.74,95.0,3.8,35.0,8802.43,2026-09-23,2.0,1,VIP segment,"Premium membership, luxury offers and early access. Offer a repeat-purchase loyalty benefit."
734,Female,22.0,28.63,99.0,4.7,20.0,1038.05,2026-08-15,41.0,2,Value-focused loyalists,"Budget-friendly offers, bundles and loyalty rewards. Offer a repeat-purchase loyalty benefit."
735,Female,51.0,102.06,77.0,2.9,40.0,8493.55,2026-09-23,2.0,1,VIP segment,"Premium membership, luxury offers and early access. Offer a repeat-purchase loyalty benefit."
736,Female,36.0,15.39,1.0,3.7,5.0,127.09,2026-07-07,80.0,3,At-risk / Engagement segment,Engagement campaigns and introductory value offers. Prioritize a win-back message because average recency exceeds 90 days.
737,Female,48.0,91.7,34.0,3.8,13.0,1413.17,2026-08-03,53.0,0,Growth opportunity,Special discounts and personalized product campaigns.
738,Male,40.0,100.28,24.0,4.8,3.0,374.16,2026-09-03,22.0,0,Growth opportunity,Special discounts and personalized product campaigns.
739,Male,27.0,20.99,76.0,3.9,23.0,1333.2,2026-09-07,18.0,2,Value-focused loyalists,"Budget-friendly offers, bundles and loyalty rewards. Offer a repeat-purchase loyalty benefit."
740,Male,20.0,33.34,85.0,3.1,30.0,1275.21,2026-07-27,60.0,2,Value-focused loyalists,"Budget-friendly offers, bundles and loyalty rewards. Offer a repeat-purchase loyalty benefit."
741,Female,44.0,96.48,79.0,3.7,36.0,9186.58,2026-09-02,23.0,1,VIP segment,"Premium membership, luxury offers and early access. Offer a repeat-purchase loyalty benefit."
742,Male,40.0,86.75,81.0,2.2,26.0,5649.35,2026-09-24,1.0,1,VIP segment,"Premium membership, luxury offers and early access. Offer a repeat-purchase loyalty benefit."
743,Female,30.0,73.47,52.0,1.6,13.0,983.37,2026-08-06,50.0,2,Value-focused loyalists,"Budget-friendly offers, bundles and loyalty rewards. Offer a repeat-purchase loyalty benefit."
744,Male,52.0,103.36,100.0,4.3,35.0,9384.25,2026-09-15,10.0,1,VIP segment,"Premium membership, luxury offers and early access. Offer a repeat-purchase loyalty benefit."
745,Female,32.0,20.28,78.0,3.3,17.0,845.48,2026-09-03,22.0,2,Value-focused loyalists,"Budget-friendly offers, bundles and loyalty rewards. Offer a repeat-purchase loyalty benefit."
746,Male,24.0,16.69,63.0,3.4,24.0,1198.41,2026-09-05,20.0,2,Value-focused loyalists,"Budget-friendly offers, bundles and loyalty rewards. Offer a repeat-purchase loyalty benefit."
747,Female,49.0,105.92,14.0,4.3,5.0,374.5,2026-06-20,97.0,0,Growth opportunity,Special discounts and personalized product campaigns.
748,Female,27.0,51.25,80.0,4.8,26.0,1464.61,2026-08-24,32.0,2,Value-focused loyalists,"Budget-friendly offers, bundles and loyalty rewards. Offer a repeat-purchase loyalty benefit."
749,Male,30.0,56.36,39.0,4.1,16.0,1656.49,2026-07-24,63.0,2,Value-focused loyalists,"Budget-friendly offers, bundles and loyalty rewards. Offer a repeat-purchase loyalty benefit."
750,Female,40.0,58.98,34.0,5.0,13.0,1078.61,2026-07-02,85.0,0,Growth opportunity,Special discounts and personalized product campaigns.
751,Female,42.0,115.0,36.0,4.0,3.0,327.9,2026-05-21,127.0,0,Growth opportunity,Special discounts and personalized product campaigns.
752,Male,39.0,74.65,36.0,3.9,3.0,228.87,2026-06-10,107.0,3,At-risk / Engagement segment,Engagement campaigns and introductory value offers. Prioritize a win-back message because average recency exceeds 90 days.
753,Male,32.0,127.54,24.0,3.8,5.0,463.09,2026-04-01,177.0,0,Growth opportunity,Special discounts and personalized product campaigns.
754,Female,24.0,66.22,82.0,2.5,16.0,789.95,2026-09-12,13.0,2,Value-focused loyalists,"Budget-friendly offers, bundles and loyalty rewards. Offer a repeat-purchase loyalty benefit."
755,Male,42.0,12.0,24.0,4.4,4.0,154.02,2026-05-16,132.0,3,At-risk / Engagement segment,Engagement campaigns and introductory value offers. Prioritize a win-back message because average recency exceeds 90 days.
756,Male,41.0,98.63,35.0,1.5,4.0,436.23,2026-06-24,93.0,0,Growth opportunity,Special discounts and personalized product campaigns.
757,Male,73.0,89.93,35.0,3.1,6.0,826.32,2026-07-19,68.0,0,Growth opportunity,Special discounts and personalized product campaigns.
758,Male,48.0,58.29,22.0,3.6,13.0,1266.15,2026-08-19,37.0,0,Growth opportunity,Special discounts and personalized product campaigns.
759,Male,55.0,104.14,81.0,2.9,26.0,5879.01,2026-09-13,12.0,1,VIP segment,"Premium membership, luxury offers and early access. Offer a repeat-purchase loyalty benefit."
760,Male,36.0,43.36,84.0,3.2,20.0,981.13,2026-09-21,4.0,2,Value-focused loyalists,"Budget-friendly offers, bundles and loyalty rewards. Offer a repeat-purchase loyalty benefit."
761,Male,55.0,28.42,17.0,5.0,2.0,42.49,2026-07-17,70.0,3,At-risk / Engagement segment,Engagement campaigns and introductory value offers. Prioritize a win-back message because average recency exceeds 90 days.
762,Male,34.0,97.25,84.0,4.5,31.0,7814.77,2026-09-17,8.0,1,VIP segment,"Premium membership, luxury offers and early access. Offer a repeat-purchase loyalty benefit."
763,Female,18.0,107.59,93.0,3.0,24.0,6006.65,2026-09-24,1.0,1,VIP segment,"Premium membership, luxury offers and early access. Offer a repeat-purchase loyalty benefit."
764,Female,38.0,117.21,85.0,3.2,24.0,4900.59,2026-09-12,13.0,1,VIP segment,"Premium membership, luxury offers and early access. Offer a repeat-purchase loyalty benefit."
765,Female,45.0,45.43,71.0,2.5,17.0,1770.47,2026-09-17,8.0,2,Value-focused loyalists,"Budget-friendly offers, bundles and loyalty rewards. Offer a repeat-purchase loyalty benefit."
766,Male,44.0,86.95,98.0,4.2,43.0,10108.54,2026-09-14,11.0,1,VIP segment,"Premium membership, luxury offers and early access. Offer a repeat-purchase loyalty benefit."
767,Female,51.0,127.9,27.0,3.4,2.0,206.97,2026-08-15,41.0,0,Growth opportunity,Special discounts and personalized product campaigns.
768,Male,55.0,101.01,82.0,1.9,29.0,6693.39,2026-09-10,15.0,1,VIP segment,"Premium membership, luxury offers and early access. Offer a repeat-purchase loyalty benefit."
769,Male,46.0,108.08,50.0,3.7,41.0,9128.53,2026-09-17,8.0,1,VIP segment,"Premium membership, luxury offers and early access. Offer a repeat-purchase loyalty benefit."
770,Other,44.0,24.43,18.0,4.0,4.0,173.94,2026-06-21,96.0,3,At-risk / Engagement segment,Engagement campaigns and introductory value offers. Prioritize a win-back message because average recency exceeds 90 days.
771,Female,39.0,107.67,12.0,4.4,4.0,548.77,2026-04-13,165.0,0,Growth opportunity,Special discounts and personalized product campaigns.
772,Male,18.0,56.82,81.0,3.5,25.0,1209.9,2026-09-02,23.0,2,Value-focused loyalists,"Budget-friendly offers, bundles and loyalty rewards. Offer a repeat-purchase loyalty benefit."
773,Male,52.0,38.12,24.0,3.3,5.0,238.34,2026-08-21,35.0,3,At-risk / Engagement segment,Engagement campaigns and introductory value offers. Prioritize a win-back message because average recency exceeds 90 days.
774,Female,40.0,40.74,61.0,5.0,13.0,1257.5,2026-07-11,76.0,2,Value-focused loyalists,"Budget-friendly offers, bundles and loyalty rewards. Offer a repeat-purchase loyalty benefit."
775,Male,36.0,90.62,100.0,3.6,44.0,10162.71,2026-09-22,3.0,1,VIP segment,"Premium membership, luxury offers and early access. Offer a repeat-purchase loyalty benefit."
776,Female,33.0,56.41,53.0,4.2,18.0,1879.31,2026-09-09,16.0,2,Value-focused loyalists,"Budget-friendly offers, bundles and loyalty rewards. Offer a repeat-purchase loyalty benefit."
777,Male,30.0,26.24,49.0,3.1,6.0,150.16,2026-07-19,68.0,3,At-risk / Engagement segment,Engagement campaigns and introductory value offers. Prioritize a win-back message because average recency exceeds 90 days.
778,Male,35.0,85.89,87.0,4.2,29.0,7287.29,2026-09-04,21.0,1,VIP segment,"Premium membership, luxury offers and early access. Offer a repeat-purchase loyalty benefit."
779,Female,26.0,73.47,37.0,2.4,19.0,1782.84,2026-08-22,34.0,2,Value-focused loyalists,"Budget-friendly offers, bundles and loyalty rewards. Offer a repeat-purchase loyalty benefit."
780,Female,24.0,46.79,46.0,3.2,15.0,1236.48,2026-09-04,21.0,2,Value-focused loyalists,"Budget-friendly offers, bundles and loyalty rewards. Offer a repeat-purchase loyalty benefit."
781,Female,46.0,120.91,24.0,2.6,11.0,1490.4,2026-06-21,96.0,0,Growth opportunity,Special discounts and personalized product campaigns.
782,Female,33.0,87.49,60.0,3.1,14.0,1176.43,2026-09-07,18.0,2,Value-focused loyalists,"Budget-friendly offers, bundles and loyalty rewards. Offer a repeat-purchase loyalty benefit."
783,Male,39.0,28.52,67.0,4.7,19.0,943.71,2026-07-06,81.0,2,Value-focused loyalists,"Budget-friendly offers, bundles and loyalty rewards. Offer a repeat-purchase loyalty benefit."
784,Female,39.0,36.15,18.0,3.1,7.0,307.89,2026-05-21,127.0,3,At-risk / Engagement segment,Engagement campaigns and introductory value offers. Prioritize a win-back message because average recency exceeds 90 days.
785,Female,42.0,44.75,51.0,4.2,13.0,1289.6,2026-08-10,46.0,2,Value-focused loyalists,"Budget-friendly offers, bundles and loyalty rewards. Offer a repeat-purchase loyalty benefit."
786,Male,21.0,40.73,73.0,4.9,27.0,1365.43,2026-09-21,4.0,2,Value-focused loyalists,"Budget-friendly offers, bundles and loyalty rewards. Offer a repeat-purchase loyalty benefit."
787,Male,38.0,55.03,63.0,3.6,13.0,1371.91,2026-06-20,97.0,2,Value-focused loyalists,"Budget-friendly offers, bundles and loyalty rewards. Offer a repeat-purchase loyalty benefit."
788,Male,52.0,84.78,36.0,4.4,10.0,1404.53,2026-03-27,182.0,0,Growth opportunity,Special discounts and personalized product campaigns.
789,Male,46.0,57.95,67.0,4.1,18.0,1863.94,2026-09-06,19.0,2,Value-focused loyalists,"Budget-friendly offers, bundles and loyalty rewards. Offer a repeat-purchase loyalty benefit."
790,Female,35.0,23.48,18.0,3.7,5.0,215.7,2025-12-01,298.0,3,At-risk / Engagement segment,Engagement campaigns and introductory value offers. Prioritize a win-back message because average recency exceeds 90 days.
791,Male,59.0,95.45,42.0,4.2,3.0,310.91,2026-08-31,25.0,0,Growth opportunity,Special discounts and personalized product campaigns.
792,Female,28.0,45.3,62.0,5.0,22.0,1042.14,2026-09-07,18.0,2,Value-focused loyalists,"Budget-friendly offers, bundles and loyalty rewards. Offer a repeat-purchase loyalty benefit."
793,Male,56.0,89.01,11.0,3.1,6.0,602.33,2026-07-27,60.0,0,Growth opportunity,Special discounts and personalized product campaigns.
794,Other,37.0,134.29,69.0,2.8,32.0,7746.77,2026-09-19,6.0,1,VIP segment,"Premium membership, luxury offers and early access. Offer a repeat-purchase loyalty benefit."
795,Male,24.0,91.45,84.0,2.7,30.0,8177.25,2026-09-17,8.0,1,VIP segment,"Premium membership, luxury offers and early access. Offer a repeat-purchase loyalty benefit."
796,Male,51.0,122.62,42.0,4.4,4.0,484.09,2026-06-16,101.0,0,Growth opportunity,Special discounts and personalized product campaigns.
797,Male,49.0,95.77,77.0,4.6,31.0,6861.92,2026-09-11,14.0,1,VIP segment,"Premium membership, luxury offers and early access. Offer a repeat-purchase loyalty benefit."
798,Female,48.0,109.99,78.0,3.1,39.0,9022.16,2026-09-08,17.0,1,VIP segment,"Premium membership, luxury offers and early access. Offer a repeat-purchase loyalty benefit."
799,Male,40.0,23.14,19.0,1.8,3.0,109.68,2025-12-25,274.0,3,At-risk / Engagement segment,Engagement campaigns and introductory value offers. Prioritize a win-back message because average recency exceeds 90 days.
800,Male,33.0,25.19,29.0,3.0,4.0,121.74,2026-03-29,180.0,3,At-risk / Engagement segment,Engagement campaigns and introductory value offers. Prioritize a win-back message because average recency exceeds 90 days.
801,Other,28.0,41.22,16.0,4.1,4.0,118.35,2026-08-04,52.0,3,At-risk / Engagement segment,Engagement campaigns and introductory value offers. Prioritize a win-back message because average recency exceeds 90 days.
802,Male,54.0,121.0,22.0,3.5,7.0,694.97,2026-06-12,105.0,0,Growth opportunity,Special discounts and personalized product campaigns.
803,Female,43.0,78.67,37.0,3.8,18.0,1657.92,2026-07-21,66.0,0,Growth opportunity,Special discounts and personalized product campaigns.
804,Male,30.0,24.33,15.0,3.2,6.0,222.2,2026-07-03,84.0,3,At-risk / Engagement segment,Engagement campaigns and introductory value offers. Prioritize a win-back message because average recency exceeds 90 days.
805,Female,53.0,112.58,98.0,4.5,36.0,9237.02,2026-09-21,4.0,1,VIP segment,"Premium membership, luxury offers and early access. Offer a repeat-purchase loyalty benefit."
806,Female,33.0,99.05,85.0,3.9,28.0,6219.52,2026-09-19,6.0,1,VIP segment,"Premium membership, luxury offers and early access. Offer a repeat-purchase loyalty benefit."
807,Female,30.0,16.12,13.0,4.1,3.0,103.98,2026-09-14,11.0,3,At-risk / Engagement segment,Engagement campaigns and introductory value offers. Prioritize a win-back message because average recency exceeds 90 days.
808,Male,58.0,93.95,99.0,3.7,31.0,8303.67,2026-09-18,7.0,1,VIP segment,"Premium membership, luxury offers and early access. Offer a repeat-purchase loyalty benefit."
809,Female,37.0,25.87,71.0,4.0,30.0,1563.31,2026-09-17,8.0,2,Value-focused loyalists,"Budget-friendly offers, bundles and loyalty rewards. Offer a repeat-purchase loyalty benefit."
810,Female,35.0,65.49,70.0,4.0,11.0,1610.11,2026-08-22,34.0,2,Value-focused loyalists,"Budget-friendly offers, bundles and loyalty rewards. Offer a repeat-purchase loyalty benefit."
811,Female,45.0,83.23,100.0,2.8,33.0,8504.97,2026-08-19,37.0,1,VIP segment,"Premium membership, luxury offers and early access. Offer a repeat-purchase loyalty benefit."
812,Male,44.0,109.35,85.0,3.9,40.0,8895.05,2026-09-20,5.0,1,VIP segment,"Premium membership, luxury offers and early access. Offer a repeat-purchase loyalty benefit."
813,Male,18.0,83.22,35.0,4.3,23.0,2429.81,2026-09-09,16.0,2,Value-focused loyalists,"Budget-friendly offers, bundles and loyalty rewards. Offer a repeat-purchase loyalty benefit."
814,Female,27.0,45.71,49.0,4.6,4.0,114.9,2026-06-06,111.0,3,At-risk / Engagement segment,Engagement campaigns and introductory value offers. Prioritize a win-back message because average recency exceeds 90 days.
815,Female,41.0,101.81,89.0,4.0,34.0,8192.43,2026-09-16,9.0,1,VIP segment,"Premium membership, luxury offers and early access. Offer a repeat-purchase loyalty benefit."
816,Male,35.0,42.44,49.0,2.8,15.0,1560.67,2026-09-20,5.0,2,Value-focused loyalists,"Budget-friendly offers, bundles and loyalty rewards. Offer a repeat-purchase loyalty benefit."
817,Female,41.0,68.44,64.0,2.9,12.0,1426.45,2026-09-10,15.0,2,Value-focused loyalists,"Budget-friendly offers, bundles and loyalty rewards. Offer a repeat-purchase loyalty benefit."
818,Male,39.0,12.0,86.0,3.2,26.0,1324.2,2026-09-21,4.0,2,Value-focused loyalists,"Budget-friendly offers, bundles and loyalty rewards. Offer a repeat-purchase loyalty benefit."
819,Female,33.0,45.54,38.0,3.8,1.0,53.21,2026-06-13,104.0,3,At-risk / Engagement segment,Engagement campaigns and introductory value offers. Prioritize a win-back message because average recency exceeds 90 days.
820,Male,37.0,97.01,20.0,3.5,7.0,774.13,2026-07-18,69.0,0,Growth opportunity,Special discounts and personalized product campaigns.
821,Female,45.0,135.64,88.0,2.6,29.0,6809.12,2026-09-23,2.0,1,VIP segment,"Premium membership, luxury offers and early access. Offer a repeat-purchase loyalty benefit."
822,Male,33.0,12.0,8.0,2.6,4.0,128.55,2026-08-11,45.0,3,At-risk / Engagement segment,Engagement campaigns and introductory value offers. Prioritize a win-back message because average recency exceeds 90 days.
823,Female,46.0,112.85,36.0,1.8,10.0,878.66,2026-07-17,70.0,0,Growth opportunity,Special discounts and personalized product campaigns.
824,Male,33.0,28.59,22.0,1.0,2.0,65.41,2026-02-27,210.0,3,At-risk / Engagement segment,Engagement campaigns and introductory value offers. Prioritize a win-back message because average recency exceeds 90 days.
825,Other,61.0,57.37,56.0,3.5,6.0,433.38,2026-08-20,36.0,0,Growth opportunity,Special discounts and personalized product campaigns.
826,Male,20.0,90.82,82.0,5.0,32.0,7575.28,2026-09-11,14.0,1,VIP segment,"Premium membership, luxury offers and early access. Offer a repeat-purchase loyalty benefit."
827,Female,32.0,38.34,19.0,5.0,3.0,78.71,2026-09-05,20.0,3,At-risk / Engagement segment,Engagement campaigns and introductory value offers. Prioritize a win-back message because average recency exceeds 90 days.
828,Female,48.0,109.47,18.0,2.8,6.0,548.88,2026-04-03,175.0,0,Growth opportunity,Special discounts and personalized product campaigns.
829,Male,31.0,86.99,62.0,3.7,9.0,1064.9,2026-08-22,34.0,2,Value-focused loyalists,"Budget-friendly offers, bundles and loyalty rewards. Offer a repeat-purchase loyalty benefit."
830,Male,57.0,114.11,46.0,2.4,11.0,1281.12,2026-08-01,55.0,0,Growth opportunity,Special discounts and personalized product campaigns.
831,Female,44.0,21.69,15.0,2.5,1.0,13.55,2026-05-14,134.0,3,At-risk / Engagement segment,Engagement campaigns and introductory value offers. Prioritize a win-back message because average recency exceeds 90 days.
832,Female,28.0,17.95,85.0,2.6,18.0,919.14,2026-09-15,10.0,2,Value-focused loyalists,"Budget-friendly offers, bundles and loyalty rewards. Offer a repeat-purchase loyalty benefit."
833,Female,25.0,12.84,83.0,3.4,20.0,946.24,2026-08-06,50.0,2,Value-focused loyalists,"Budget-friendly offers, bundles and loyalty rewards. Offer a repeat-purchase loyalty benefit."
834,Male,35.0,50.63,22.0,3.4,9.0,286.71,2026-07-04,83.0,3,At-risk / Engagement segment,Engagement campaigns and introductory value offers. Prioritize a win-back message because average recency exceeds 90 days.
835,Male,35.0,19.11,4.0,3.8,4.0,123.07,2026-02-21,216.0,3,At-risk / Engagement segment,Engagement campaigns and introductory value offers. Prioritize a win-back message because average recency exceeds 90 days.
836,Male,27.0,52.72,62.0,4.2,28.0,1334.77,2026-08-31,25.0,2,Value-focused loyalists,"Budget-friendly offers, bundles and loyalty rewards. Offer a repeat-purchase loyalty benefit."
837,Male,34.0,37.35,13.0,3.3,5.0,161.01,2026-05-12,136.0,3,At-risk / Engagement segment,Engagement campaigns and introductory value offers. Prioritize a win-back message because average recency exceeds 90 days.
838,Female,42.0,66.62,27.0,3.6,14.0,1582.53,2026-09-11,14.0,0,Growth opportunity,Special discounts and personalized product campaigns.
839,Female,36.0,27.7,95.0,2.7,22.0,1068.35,2026-09-09,16.0,2,Value-focused loyalists,"Budget-friendly offers, bundles and loyalty rewards. Offer a repeat-purchase loyalty benefit."
840,Female,18.0,41.25,82.0,2.5,16.0,780.16,2026-08-24,32.0,2,Value-focused loyalists,"Budget-friendly offers, bundles and loyalty rewards. Offer a repeat-purchase loyalty benefit."
841,Male,31.0,109.78,84.0,2.3,47.0,10910.43,2026-09-18,7.0,1,VIP segment,"Premium membership, luxury offers and early access. Offer a repeat-purchase loyalty benefit."
842,Female,22.0,56.83,27.0,4.2,16.0,1415.97,2026-09-07,18.0,2,Value-focused loyalists,"Budget-friendly offers, bundles and loyalty rewards. Offer a repeat-purchase loyalty benefit."
843,Female,37.0,41.74,56.0,3.3,18.0,965.62,2026-08-31,25.0,2,Value-focused loyalists,"Budget-friendly offers, bundles and loyalty rewards. Offer a repeat-purchase loyalty benefit."
844,Female,31.0,29.98,78.0,2.0,21.0,967.77,2026-09-19,6.0,2,Value-focused loyalists,"Budget-friendly offers, bundles and loyalty rewards. Offer a repeat-purchase loyalty benefit."
845,Female,47.0,98.82,100.0,3.5,28.0,7140.9,2026-09-05,20.0,1,VIP segment,"Premium membership, luxury offers and early access. Offer a repeat-purchase loyalty benefit."
846,Male,25.0,70.4,45.0,2.5,9.0,860.51,2026-09-12,13.0,2,Value-focused loyalists,"Budget-friendly offers, bundles and loyalty rewards. Offer a repeat-purchase loyalty benefit."
847,Female,46.0,31.1,88.0,5.0,20.0,815.79,2026-09-13,12.0,2,Value-focused loyalists,"Budget-friendly offers, bundles and loyalty rewards. Offer a repeat-purchase loyalty benefit."
848,Female,30.0,36.84,16.0,3.1,2.0,65.65,2026-07-18,69.0,3,At-risk / Engagement segment,Engagement campaigns and introductory value offers. Prioritize a win-back message because average recency exceeds 90 days.
849,Male,44.0,103.65,85.0,4.2,39.0,9618.14,2026-09-06,19.0,1,VIP segment,"Premium membership, luxury offers and early access. Offer a repeat-purchase loyalty benefit."
850,Female,48.0,45.07,68.0,4.5,14.0,1284.26,2026-08-25,31.0,2,Value-focused loyalists,"Budget-friendly offers, bundles and loyalty rewards. Offer a repeat-purchase loyalty benefit."
851,Female,32.0,134.29,80.0,2.8,37.0,7762.13,2026-09-18,7.0,1,VIP segment,"Premium membership, luxury offers and early access. Offer a repeat-purchase loyalty benefit."
852,Female,43.0,121.65,20.0,3.7,9.0,848.04,2026-07-12,75.0,0,Growth opportunity,Special discounts and personalized product campaigns.
853,Male,41.0,74.37,70.0,4.1,19.0,1667.15,2026-07-07,80.0,2,Value-focused loyalists,"Budget-friendly offers, bundles and loyalty rewards. Offer a repeat-purchase loyalty benefit."
854,Female,68.0,56.57,54.0,3.7,11.0,1185.66,2026-08-12,44.0,0,Growth opportunity,Special discounts and personalized product campaigns.
855,Male,51.0,95.8,41.0,3.9,5.0,640.13,2026-06-23,94.0,0,Growth opportunity,Special discounts and personalized product campaigns.
856,Male,44.0,51.35,70.0,2.5,27.0,1671.06,2026-08-25,31.0,2,Value-focused loyalists,"Budget-friendly offers, bundles and loyalty rewards. Offer a repeat-purchase loyalty benefit."
857,Male,48.0,25.05,39.0,4.1,5.0,143.17,2025-10-30,330.0,3,At-risk / Engagement segment,Engagement campaigns and introductory value offers. Prioritize a win-back message because average recency exceeds 90 days.
858,Female,43.0,53.14,56.0,3.2,15.0,1130.52,2026-08-30,26.0,2,Value-focused loyalists,"Budget-friendly offers, bundles and loyalty rewards. Offer a repeat-purchase loyalty benefit."
859,Male,18.0,58.21,83.0,3.9,33.0,1652.83,2026-09-18,7.0,2,Value-focused loyalists,"Budget-friendly offers, bundles and loyalty rewards. Offer a repeat-purchase loyalty benefit."
860,Female,39.0,31.33,80.0,4.4,30.0,1804.81,2026-09-12,13.0,2,Value-focused loyalists,"Budget-friendly offers, bundles and loyalty rewards. Offer a repeat-purchase loyalty benefit."
861,Female,21.0,54.76,16.0,4.2,2.0,56.14,2026-06-16,101.0,3,At-risk / Engagement segment,Engagement campaigns and introductory value offers. Prioritize a win-back message because average recency exceeds 90 days.
862,Male,52.0,12.0,22.0,3.9,2.0,51.15,2026-02-26,211.0,3,At-risk / Engagement segment,Engagement campaigns and introductory value offers. Prioritize a win-back message because average recency exceeds 90 days.
863,Female,41.0,69.25,48.0,4.1,7.0,757.98,2026-09-09,16.0,0,Growth opportunity,Special discounts and personalized product campaigns.
864,Female,18.0,61.0,90.0,4.2,26.0,1307.02,2026-08-28,28.0,2,Value-focused loyalists,"Budget-friendly offers, bundles and loyalty rewards. Offer a repeat-purchase loyalty benefit."
865,Female,39.0,110.42,82.0,4.9,41.0,10143.8,2026-09-21,4.0,1,VIP segment,"Premium membership, luxury offers and early access. Offer a repeat-purchase loyalty benefit."
866,Female,46.0,58.3,35.0,3.6,14.0,1314.07,2026-08-04,52.0,0,Growth opportunity,Special discounts and personalized product campaigns.
867,Female,37.0,45.65,33.0,3.7,23.0,1950.49,2026-06-28,89.0,2,Value-focused loyalists,"Budget-friendly offers, bundles and loyalty rewards. Offer a repeat-purchase loyalty benefit."
868,Male,46.0,77.15,32.0,4.4,12.0,1105.35,2026-08-22,34.0,0,Growth opportunity,Special discounts and personalized product campaigns.
869,Male,33.0,99.22,91.0,3.2,30.0,6734.86,2026-09-18,7.0,1,VIP segment,"Premium membership, luxury offers and early access. Offer a repeat-purchase loyalty benefit."
870,Female,35.0,98.67,14.0,2.5,7.0,665.01,2026-04-05,173.0,0,Growth opportunity,Special discounts and personalized product campaigns.
871,Male,35.0,12.72,26.0,4.0,4.0,94.34,2025-12-07,292.0,3,At-risk / Engagement segment,Engagement campaigns and introductory value offers. Prioritize a win-back message because average recency exceeds 90 days.
872,Female,42.0,131.8,86.0,3.4,31.0,7337.94,2026-09-24,1.0,1,VIP segment,"Premium membership, luxury offers and early access. Offer a repeat-purchase loyalty benefit."
873,Female,36.0,78.17,52.0,2.6,14.0,1574.83,2026-08-15,41.0,2,Value-focused loyalists,"Budget-friendly offers, bundles and loyalty rewards. Offer a repeat-purchase loyalty benefit."
874,Female,40.0,31.56,83.0,4.0,22.0,1124.39,2026-08-26,30.0,2,Value-focused loyalists,"Budget-friendly offers, bundles and loyalty rewards. Offer a repeat-purchase loyalty benefit."
875,Female,27.0,13.84,24.0,4.8,3.0,86.17,2026-04-28,150.0,3,At-risk / Engagement segment,Engagement campaigns and introductory value offers. Prioritize a win-back message because average recency exceeds 90 days.
876,Female,42.0,83.5,20.0,2.2,8.0,559.08,2026-07-23,64.0,0,Growth opportunity,Special discounts and personalized product campaigns.
877,Female,29.0,26.88,74.0,4.5,15.0,727.46,2026-09-12,13.0,2,Value-focused loyalists,"Budget-friendly offers, bundles and loyalty rewards. Offer a repeat-purchase loyalty benefit."
878,Female,32.0,84.53,33.0,1.4,10.0,1292.39,2026-04-15,163.0,0,Growth opportunity,Special discounts and personalized product campaigns.
879,Male,23.0,12.0,42.0,3.3,6.0,189.62,2026-06-07,110.0,3,At-risk / Engagement segment,Engagement campaigns and introductory value offers. Prioritize a win-back message because average recency exceeds 90 days.
880,Female,36.0,20.96,42.0,5.0,5.0,176.07,2026-04-10,168.0,3,At-risk / Engagement segment,Engagement campaigns and introductory value offers. Prioritize a win-back message because average recency exceeds 90 days.
881,Female,48.0,12.0,62.0,3.3,25.0,1290.71,2026-09-22,3.0,2,Value-focused loyalists,"Budget-friendly offers, bundles and loyalty rewards. Offer a repeat-purchase loyalty benefit."
882,Female,42.0,21.28,18.0,3.7,9.0,366.21,2025-10-30,330.0,3,At-risk / Engagement segment,Engagement campaigns and introductory value offers. Prioritize a win-back message because average recency exceeds 90 days.
883,Male,22.0,72.42,34.0,4.2,11.0,1253.71,2026-08-27,29.0,2,Value-focused loyalists,"Budget-friendly offers, bundles and loyalty rewards. Offer a repeat-purchase loyalty benefit."
884,Female,18.0,26.74,96.0,2.1,30.0,1320.22,2026-09-06,19.0,2,Value-focused loyalists,"Budget-friendly offers, bundles and loyalty rewards. Offer a repeat-purchase loyalty benefit."
885,Male,55.0,104.98,40.0,3.7,3.0,475.94,2026-07-03,84.0,0,Growth opportunity,Special discounts and personalized product campaigns.
886,Female,27.0,21.87,82.0,3.7,23.0,1092.63,2026-09-23,2.0,2,Value-focused loyalists,"Budget-friendly offers, bundles and loyalty rewards. Offer a repeat-purchase loyalty benefit."
887,Female,39.0,32.91,80.0,5.0,23.0,1021.94,2026-09-09,16.0,2,Value-focused loyalists,"Budget-friendly offers, bundles and loyalty rewards. Offer a repeat-purchase loyalty benefit."
888,Male,33.0,136.89,100.0,2.5,24.0,5996.04,2026-08-22,34.0,1,VIP segment,"Premium membership, luxury offers and early access. Offer a repeat-purchase loyalty benefit."
889,Female,46.0,105.12,99.0,3.3,31.0,7859.54,2026-09-15,10.0,1,VIP segment,"Premium membership, luxury offers and early access. Offer a repeat-purchase loyalty benefit."
890,Female,44.0,35.38,36.0,2.8,7.0,256.19,2026-06-04,113.0,3,At-risk / Engagement segment,Engagement campaigns and introductory value offers. Prioritize a win-back message because average recency exceeds 90 days.
891,Female,44.0,78.08,33.0,2.7,7.0,697.43,2026-08-17,39.0,0,Growth opportunity,Special discounts and personalized product campaigns.
892,Other,35.0,83.28,49.0,4.6,17.0,1569.91,2026-08-14,42.0,2,Value-focused loyalists,"Budget-friendly offers, bundles and loyalty rewards. Offer a repeat-purchase loyalty benefit."
893,Male,48.0,93.32,37.0,3.6,8.0,1073.44,2026-08-04,52.0,0,Growth opportunity,Special discounts and personalized product campaigns.
894,Male,47.0,124.71,94.0,3.1,31.0,7368.71,2026-09-12,13.0,1,VIP segment,"Premium membership, luxury offers and early access. Offer a repeat-purchase loyalty benefit."
895,Other,36.0,28.28,20.0,3.2,7.0,217.34,2026-01-11,257.0,3,At-risk / Engagement segment,Engagement campaigns and introductory value offers. Prioritize a win-back message because average recency exceeds 90 days.
896,Female,49.0,70.56,49.0,3.1,16.0,1630.81,2026-09-01,24.0,0,Growth opportunity,Special discounts and personalized product campaigns.
897,Male,43.0,109.39,42.0,3.2,14.0,1698.9,2026-08-04,52.0,0,Growth opportunity,Special discounts and personalized product campaigns.
898,Female,35.0,93.67,48.0,2.5,5.0,551.57,2026-05-14,134.0,0,Growth opportunity,Special discounts and personalized product campaigns.
899,Male,68.0,115.29,19.0,3.4,9.0,1081.93,2026-07-22,65.0,0,Growth opportunity,Special discounts and personalized product campaigns.
900,Female,22.0,21.37,75.0,3.3,23.0,1303.01,2026-08-31,25.0,2,Value-focused loyalists,"Budget-friendly offers, bundles and loyalty rewards. Offer a repeat-purchase loyalty benefit."
901,Female,22.0,42.89,82.0,3.0,18.0,871.94,2026-09-02,23.0,2,Value-focused loyalists,"Budget-friendly offers, bundles and loyalty rewards. Offer a repeat-purchase loyalty benefit."
902,Male,47.0,94.54,34.0,3.7,8.0,911.16,2026-06-29,88.0,0,Growth opportunity,Special discounts and personalized product campaigns.
903,Female,43.0,114.89,78.0,3.8,29.0,6533.65,2026-09-09,16.0,1,VIP segment,"Premium membership, luxury offers and early access. Offer a repeat-purchase loyalty benefit."
904,Other,24.0,25.53,100.0,3.1,29.0,1298.72,2026-09-10,15.0,2,Value-focused loyalists,"Budget-friendly offers, bundles and loyalty rewards. Offer a repeat-purchase loyalty benefit."
905,Female,39.0,62.7,58.0,3.5,9.0,756.8,2026-09-16,9.0,2,Value-focused loyalists,"Budget-friendly offers, bundles and loyalty rewards. Offer a repeat-purchase loyalty benefit."
906,Male,36.0,14.95,28.0,5.0,1.0,17.02,2026-04-21,157.0,3,At-risk / Engagement segment,Engagement campaigns and introductory value offers. Prioritize a win-back message because average recency exceeds 90 days.
907,Male,30.0,35.47,99.0,5.0,25.0,1062.56,2026-08-15,41.0,2,Value-focused loyalists,"Budget-friendly offers, bundles and loyalty rewards. Offer a repeat-purchase loyalty benefit."
908,Female,18.0,110.62,79.0,2.7,40.0,9637.3,2026-09-20,5.0,1,VIP segment,"Premium membership, luxury offers and early access. Offer a repeat-purchase loyalty benefit."
909,Male,67.0,92.44,27.0,2.8,5.0,637.19,2026-05-25,123.0,0,Growth opportunity,Special discounts and personalized product campaigns.
910,Male,47.0,99.23,13.0,2.7,4.0,500.87,2026-05-27,121.0,0,Growth opportunity,Special discounts and personalized product campaigns.
911,Male,45.0,63.88,51.0,4.5,18.0,1748.75,2026-08-18,38.0,2,Value-focused loyalists,"Budget-friendly offers, bundles and loyalty rewards. Offer a repeat-purchase loyalty benefit."
912,Female,25.0,53.37,35.0,3.3,14.0,1184.97,2026-08-04,52.0,2,Value-focused loyalists,"Budget-friendly offers, bundles and loyalty rewards. Offer a repeat-purchase loyalty benefit."
913,Male,34.0,60.2,62.0,3.8,24.0,2154.63,2026-09-06,19.0,2,Value-focused loyalists,"Budget-friendly offers, bundles and loyalty rewards. Offer a repeat-purchase loyalty benefit."
914,Male,32.0,47.92,58.0,5.0,13.0,1461.54,2026-09-13,12.0,2,Value-focused loyalists,"Budget-friendly offers, bundles and loyalty rewards. Offer a repeat-purchase loyalty benefit."
915,Female,54.0,94.84,50.0,3.6,19.0,1657.76,2026-08-21,35.0,0,Growth opportunity,Special discounts and personalized product campaigns.
916,Female,33.0,76.83,52.0,4.2,18.0,2471.9,2026-08-22,34.0,2,Value-focused loyalists,"Budget-friendly offers, bundles and loyalty rewards. Offer a repeat-purchase loyalty benefit."
917,Female,50.0,113.82,93.0,4.0,23.0,5281.95,2026-09-23,2.0,1,VIP segment,"Premium membership, luxury offers and early access. Offer a repeat-purchase loyalty benefit."
918,Male,35.0,126.41,70.0,3.1,35.0,8411.93,2026-09-05,20.0,1,VIP segment,"Premium membership, luxury offers and early access. Offer a repeat-purchase loyalty benefit."
919,Female,43.0,72.29,30.0,4.5,7.0,553.99,2026-02-10,227.0,0,Growth opportunity,Special discounts and personalized product campaigns.
920,Male,26.0,12.0,86.0,2.9,30.0,1322.35,2026-09-11,14.0,2,Value-focused loyalists,"Budget-friendly offers, bundles and loyalty rewards. Offer a repeat-purchase loyalty benefit."
921,Other,55.0,104.41,63.0,4.7,33.0,7800.79,2026-09-09,16.0,1,VIP segment,"Premium membership, luxury offers and early access. Offer a repeat-purchase loyalty benefit."
922,Female,20.0,42.7,61.0,3.1,16.0,1358.64,2026-08-11,45.0,2,Value-focused loyalists,"Budget-friendly offers, bundles and loyalty rewards. Offer a repeat-purchase loyalty benefit."
923,Female,23.0,26.69,2.0,3.2,5.0,226.82,2025-10-30,330.0,3,At-risk / Engagement segment,Engagement campaigns and introductory value offers. Prioritize a win-back message because average recency exceeds 90 days.
924,Male,18.0,34.88,77.0,2.7,25.0,1056.41,2026-09-06,19.0,2,Value-focused loyalists,"Budget-friendly offers, bundles and loyalty rewards. Offer a repeat-purchase loyalty benefit."
925,Female,31.0,122.89,70.0,2.8,21.0,4985.35,2026-09-10,15.0,1,VIP segment,"Premium membership, luxury offers and early access. Offer a repeat-purchase loyalty benefit."
926,Male,40.0,84.06,45.0,3.2,8.0,886.62,2026-03-06,203.0,0,Growth opportunity,Special discounts and personalized product campaigns.
927,Male,26.0,115.59,70.0,1.5,35.0,8113.9,2026-09-23,2.0,1,VIP segment,"Premium membership, luxury offers and early access. Offer a repeat-purchase loyalty benefit."
928,Male,32.0,62.2,33.0,3.4,14.0,1090.97,2026-09-20,5.0,2,Value-focused loyalists,"Budget-friendly offers, bundles and loyalty rewards. Offer a repeat-purchase loyalty benefit."
929,Female,18.0,34.87,24.0,3.2,3.0,79.65,2025-10-30,330.0,3,At-risk / Engagement segment,Engagement campaigns and introductory value offers. Prioritize a win-back message because average recency exceeds 90 days.
930,Male,26.0,22.72,17.0,4.3,5.0,189.8,2026-05-09,139.0,3,At-risk / Engagement segment,Engagement campaigns and introductory value offers. Prioritize a win-back message because average recency exceeds 90 days.
931,Male,60.0,119.36,10.0,4.0,5.0,580.34,2026-06-07,110.0,0,Growth opportunity,Special discounts and personalized product campaigns.
932,Female,32.0,30.55,84.0,3.0,26.0,1147.37,2026-09-14,11.0,2,Value-focused loyalists,"Budget-friendly offers, bundles and loyalty rewards. Offer a repeat-purchase loyalty benefit."
933,Male,30.0,56.84,54.0,3.2,27.0,1304.37,2026-09-03,22.0,2,Value-focused loyalists,"Budget-friendly offers, bundles and loyalty rewards. Offer a repeat-purchase loyalty benefit."
934,Male,29.0,50.93,41.0,3.4,17.0,1538.42,2026-07-10,77.0,2,Value-focused loyalists,"Budget-friendly offers, bundles and loyalty rewards. Offer a repeat-purchase loyalty benefit."
935,Male,24.0,72.4,46.0,4.9,8.0,545.51,2026-08-25,31.0,2,Value-focused loyalists,"Budget-friendly offers, bundles and loyalty rewards. Offer a repeat-purchase loyalty benefit."
936,Female,37.0,99.16,38.0,2.9,4.0,466.97,2026-08-27,29.0,0,Growth opportunity,Special discounts and personalized product campaigns.
937,Female,39.0,57.41,69.0,3.0,9.0,793.15,2026-08-30,26.0,2,Value-focused loyalists,"Budget-friendly offers, bundles and loyalty rewards. Offer a repeat-purchase loyalty benefit."
938,Female,51.0,118.85,97.0,2.6,33.0,7684.68,2026-08-27,29.0,1,VIP segment,"Premium membership, luxury offers and early access. Offer a repeat-purchase loyalty benefit."
939,Female,48.0,57.81,51.0,2.3,18.0,1651.08,2026-07-01,86.0,0,Growth opportunity,Special discounts and personalized product campaigns.
940,Female,48.0,72.73,55.0,3.9,42.0,9790.9,2026-09-06,19.0,1,VIP segment,"Premium membership, luxury offers and early access. Offer a repeat-purchase loyalty benefit."
941,Other,41.0,57.12,33.0,3.8,2.0,226.93,2026-09-07,18.0,3,At-risk / Engagement segment,Engagement campaigns and introductory value offers. Prioritize a win-back message because average recency exceeds 90 days.
942,Female,39.0,79.81,71.0,4.7,16.0,1775.25,2026-07-14,73.0,2,Value-focused loyalists,"Budget-friendly offers, bundles and loyalty rewards. Offer a repeat-purchase loyalty benefit."
943,Male,39.0,127.22,99.0,4.5,35.0,8912.03,2026-09-07,18.0,1,VIP segment,"Premium membership, luxury offers and early access. Offer a repeat-purchase loyalty benefit."
944,Female,26.0,58.42,84.0,5.0,26.0,1130.78,2026-08-12,44.0,2,Value-focused loyalists,"Budget-friendly offers, bundles and loyalty rewards. Offer a repeat-purchase loyalty benefit."
945,Female,48.0,31.75,64.0,3.5,20.0,1109.38,2026-09-17,8.0,2,Value-focused loyalists,"Budget-friendly offers, bundles and loyalty rewards. Offer a repeat-purchase loyalty benefit."
946,Female,30.0,81.9,22.0,3.4,8.0,907.13,2026-05-01,147.0,0,Growth opportunity,Special discounts and personalized product campaigns.
947,Female,34.0,24.13,45.0,2.5,2.0,74.99,2026-07-19,68.0,3,At-risk / Engagement segment,Engagement campaigns and introductory value offers. Prioritize a win-back message because average recency exceeds 90 days.
948,Male,51.0,62.16,36.0,4.2,12.0,1069.44,2026-09-09,16.0,0,Growth opportunity,Special discounts and personalized product campaigns.
949,Male,24.0,47.9,39.0,3.7,11.0,975.03,2026-06-18,99.0,2,Value-focused loyalists,"Budget-friendly offers, bundles and loyalty rewards. Offer a repeat-purchase loyalty benefit."
950,Male,42.0,123.08,39.0,4.2,3.0,442.19,2026-05-13,135.0,0,Growth opportunity,Special discounts and personalized product campaigns.
951,Female,23.0,63.35,73.0,2.6,18.0,982.14,2026-09-15,10.0,2,Value-focused loyalists,"Budget-friendly offers, bundles and loyalty rewards. Offer a repeat-purchase loyalty benefit."
952,Male,46.0,106.7,14.0,3.9,5.0,552.46,2026-09-05,20.0,0,Growth opportunity,Special discounts and personalized product campaigns.
953,Female,32.0,99.85,46.0,3.8,4.0,382.0,2026-06-03,114.0,0,Growth opportunity,Special discounts and personalized product campaigns.
954,Male,48.0,91.87,90.0,3.7,31.0,7466.24,2026-09-03,22.0,1,VIP segment,"Premium membership, luxury offers and early access. Offer a repeat-purchase loyalty benefit."
955,Male,46.0,83.65,48.0,3.0,11.0,916.86,2026-08-21,35.0,0,Growth opportunity,Special discounts and personalized product campaigns.
956,Female,44.0,63.07,39.0,4.6,17.0,1784.66,2026-09-07,18.0,2,Value-focused loyalists,"Budget-friendly offers, bundles and loyalty rewards. Offer a repeat-purchase loyalty benefit."
957,Female,30.0,57.95,78.0,5.0,13.0,1151.8,2026-08-16,40.0,2,Value-focused loyalists,"Budget-friendly offers, bundles and loyalty rewards. Offer a repeat-purchase loyalty benefit."
958,Female,29.0,38.74,78.0,2.7,39.0,2114.82,2026-09-04,21.0,2,Value-focused loyalists,"Budget-friendly offers, bundles and loyalty rewards. Offer a repeat-purchase loyalty benefit."
959,Female,19.0,23.8,95.0,4.2,20.0,1102.12,2026-08-31,25.0,2,Value-focused loyalists,"Budget-friendly offers, bundles and loyalty rewards. Offer a repeat-purchase loyalty benefit."
960,Male,25.0,34.06,89.0,1.2,25.0,1218.2,2026-09-14,11.0,2,Value-focused loyalists,"Budget-friendly offers, bundles and loyalty rewards. Offer a repeat-purchase loyalty benefit."
961,Male,50.0,12.0,72.0,4.2,33.0,1747.07,2026-08-25,31.0,2,Value-focused loyalists,"Budget-friendly offers, bundles and loyalty rewards. Offer a repeat-purchase loyalty benefit."
962,Male,29.0,47.22,72.0,2.0,22.0,1177.33,2026-09-20,5.0,2,Value-focused loyalists,"Budget-friendly offers, bundles and loyalty rewards. Offer a repeat-purchase loyalty benefit."
963,Female,30.0,108.54,100.0,3.2,34.0,8518.65,2026-09-02,23.0,1,VIP segment,"Premium membership, luxury offers and early access. Offer a repeat-purchase loyalty benefit."
964,Male,44.0,126.22,100.0,2.5,29.0,7860.44,2026-09-24,1.0,1,VIP segment,"Premium membership, luxury offers and early access. Offer a repeat-purchase loyalty benefit."
965,Female,25.0,59.18,30.0,3.4,9.0,748.39,2026-08-03,53.0,2,Value-focused loyalists,"Budget-friendly offers, bundles and loyalty rewards. Offer a repeat-purchase loyalty benefit."
966,Male,18.0,30.09,85.0,4.3,20.0,1068.54,2026-09-16,9.0,2,Value-focused loyalists,"Budget-friendly offers, bundles and loyalty rewards. Offer a repeat-purchase loyalty benefit."
967,Female,29.0,45.03,52.0,2.0,21.0,2264.01,2026-09-21,4.0,2,Value-focused loyalists,"Budget-friendly offers, bundles and loyalty rewards. Offer a repeat-purchase loyalty benefit."
968,Female,38.0,120.64,72.0,3.3,31.0,6547.96,2026-09-22,3.0,1,VIP segment,"Premium membership, luxury offers and early access. Offer a repeat-purchase loyalty benefit."
969,Male,37.0,19.74,81.0,3.2,26.0,1351.29,2026-08-21,35.0,2,Value-focused loyalists,"Budget-friendly offers, bundles and loyalty rewards. Offer a repeat-purchase loyalty benefit."
970,Female,54.0,93.19,12.0,4.9,11.0,869.5,2026-04-29,149.0,0,Growth opportunity,Special discounts and personalized product campaigns.
971,Female,53.0,100.01,22.0,4.0,7.0,905.49,2026-07-14,73.0,0,Growth opportunity,Special discounts and personalized product campaigns.
972,Male,31.0,111.7,74.0,2.6,30.0,7014.24,2026-09-15,10.0,1,VIP segment,"Premium membership, luxury offers and early access. Offer a repeat-purchase loyalty benefit."
973,Female,37.0,86.11,78.0,3.2,26.0,6422.09,2026-09-23,2.0,1,VIP segment,"Premium membership, luxury offers and early access. Offer a repeat-purchase loyalty benefit."
974,Male,42.0,58.77,52.0,4.9,8.0,897.71,2026-08-26,30.0,0,Growth opportunity,Special discounts and personalized product campaigns.
975,Male,42.0,111.13,16.0,4.2,9.0,1012.78,2026-08-21,35.0,0,Growth opportunity,Special discounts and personalized product campaigns.
976,Male,33.0,24.7,41.0,2.8,7.0,211.67,2026-07-12,75.0,3,At-risk / Engagement segment,Engagement campaigns and introductory value offers. Prioritize a win-back message because average recency exceeds 90 days.
977,Male,32.0,28.85,84.0,3.4,25.0,1197.91,2026-08-18,38.0,2,Value-focused loyalists,"Budget-friendly offers, bundles and loyalty rewards. Offer a repeat-purchase loyalty benefit."
978,Male,25.0,34.27,100.0,3.4,25.0,1283.5,2026-09-11,14.0,2,Value-focused loyalists,"Budget-friendly offers, bundles and loyalty rewards. Offer a repeat-purchase loyalty benefit."
979,Male,30.0,30.24,76.0,3.1,21.0,1046.1,2026-09-22,3.0,2,Value-focused loyalists,"Budget-friendly offers, bundles and loyalty rewards. Offer a repeat-purchase loyalty benefit."
980,Male,64.0,85.57,21.0,2.1,2.0,165.31,2026-05-17,131.0,0,Growth opportunity,Special discounts and personalized product campaigns.
981,Male,37.0,61.49,74.0,3.0,9.0,763.54,2026-07-11,76.0,2,Value-focused loyalists,"Budget-friendly offers, bundles and loyalty rewards. Offer a repeat-purchase loyalty benefit."
982,Female,51.0,75.92,46.0,4.8,12.0,1051.12,2026-07-27,60.0,0,Growth opportunity,Special discounts and personalized product campaigns.
983,Female,42.0,15.28,20.0,3.3,3.0,117.66,2026-07-27,60.0,3,At-risk / Engagement segment,Engagement campaigns and introductory value offers. Prioritize a win-back message because average recency exceeds 90 days.
984,Male,18.0,26.76,87.0,3.5,23.0,939.21,2026-08-06,50.0,2,Value-focused loyalists,"Budget-friendly offers, bundles and loyalty rewards. Offer a repeat-purchase loyalty benefit."
985,Female,31.0,90.66,69.0,3.7,31.0,6171.84,2026-08-21,35.0,1,VIP segment,"Premium membership, luxury offers and early access. Offer a repeat-purchase loyalty benefit."
986,Female,31.0,75.18,62.0,5.0,20.0,2058.55,2026-09-14,11.0,2,Value-focused loyalists,"Budget-friendly offers, bundles and loyalty rewards. Offer a repeat-purchase loyalty benefit."
987,Female,39.0,98.71,35.0,3.6,9.0,888.02,2026-07-13,74.0,0,Growth opportunity,Special discounts and personalized product campaigns.
988,Male,41.0,98.1,99.0,4.5,29.0,5940.46,2026-09-20,5.0,1,VIP segment,"Premium membership, luxury offers and early access. Offer a repeat-purchase loyalty benefit."
989,Female,54.0,101.29,39.0,3.1,8.0,1409.81,2026-07-05,82.0,0,Growth opportunity,Special discounts and personalized product campaigns.
990,Male,52.0,45.15,69.0,3.4,15.0,1517.67,2026-08-10,46.0,2,Value-focused loyalists,"Budget-friendly offers, bundles and loyalty rewards. Offer a repeat-purchase loyalty benefit."
991,Male,39.0,15.53,21.0,3.6,1.0,18.78,2026-08-13,43.0,3,At-risk / Engagement segment,Engagement campaigns and introductory value offers. Prioritize a win-back message because average recency exceeds 90 days.
992,Male,32.0,12.0,12.0,2.9,5.0,228.06,2026-07-09,78.0,3,At-risk / Engagement segment,Engagement campaigns and introductory value offers. Prioritize a win-back message because average recency exceeds 90 days.
993,Female,18.0,47.07,78.0,3.4,14.0,1401.35,2026-09-16,9.0,2,Value-focused loyalists,"Budget-friendly offers, bundles and loyalty rewards. Offer a repeat-purchase loyalty benefit."
994,Male,49.0,119.0,10.0,4.4,6.0,776.12,2026-07-31,56.0,0,Growth opportunity,Special discounts and personalized product campaigns.
995,Male,39.0,51.74,36.0,2.9,15.0,1754.36,2026-08-27,29.0,2,Value-focused loyalists,"Budget-friendly offers, bundles and loyalty rewards. Offer a repeat-purchase loyalty benefit."
996,Female,30.0,38.53,85.0,3.6,21.0,951.94,2026-08-27,29.0,2,Value-focused loyalists,"Budget-friendly offers, bundles and loyalty rewards. Offer a repeat-purchase loyalty benefit."
997,Male,57.0,18.29,41.0,4.2,7.0,219.86,2026-07-17,70.0,3,At-risk / Engagement segment,Engagement campaigns and introductory value offers. Prioritize a win-back message because average recency exceeds 90 days.
998,Female,54.0,120.63,86.0,2.9,26.0,5281.22,2026-09-12,13.0,1,VIP segment,"Premium membership, luxury offers and early access. Offer a repeat-purchase loyalty benefit."
999,Male,47.0,47.63,65.0,4.5,16.0,1793.68,2026-09-05,20.0,2,Value-focused loyalists,"Budget-friendly offers, bundles and loyalty rewards. Offer a repeat-purchase loyalty benefit."
1000,Female,38.0,100.55,4.0,3.7,3.0,295.06,2026-07-08,79.0,0,Growth opportunity,Special discounts and personalized product campaigns.
1001,Male,37.0,110.74,78.0,3.5,27.0,6483.52,2026-09-21,4.0,1,VIP segment,"Premium membership, luxury offers and early access. Offer a repeat-purchase loyalty benefit."
1002,Male,27.0,64.59,56.0,1.9,25.0,1068.3,2026-07-20,67.0,2,Value-focused loyalists,"Budget-friendly offers, bundles and loyalty rewards. Offer a repeat-purchase loyalty benefit."
1003,Female,34.0,118.83,93.0,3.3,29.0,6624.36,2026-09-08,17.0,1,VIP segment,"Premium membership, luxury offers and early access. Offer a repeat-purchase loyalty benefit."
1004,Male,47.0,101.7,65.0,3.9,25.0,5629.1,2026-09-10,15.0,1,VIP segment,"Premium membership, luxury offers and early access. Offer a repeat-purchase loyalty benefit."
1005,Female,40.0,39.59,7.0,5.0,2.0,101.83,2026-06-14,103.0,3,At-risk / Engagement segment,Engagement campaigns and introductory value offers. Prioritize a win-back message because average recency exceeds 90 days.
1006,Male,18.0,61.93,84.0,4.1,14.0,695.41,2026-09-15,10.0,2,Value-focused loyalists,"Budget-friendly offers, bundles and loyalty rewards. Offer a repeat-purchase loyalty benefit."
1007,Male,51.0,39.19,66.0,4.6,10.0,763.62,2026-07-19,68.0,0,Growth opportunity,Special discounts and personalized product campaigns.
1008,Female,49.0,88.21,26.0,2.6,5.0,364.58,2026-04-19,159.0,0,Growth opportunity,Special discounts and personalized product campaigns.
1009,Female,19.0,26.68,29.0,3.5,3.0,97.82,2026-07-20,67.0,3,At-risk / Engagement segment,Engagement campaigns and introductory value offers. Prioritize a win-back message because average recency exceeds 90 days.
1010,Male,27.0,26.16,84.0,4.6,14.0,590.67,2026-09-15,10.0,2,Value-focused loyalists,"Budget-friendly offers, bundles and loyalty rewards. Offer a repeat-purchase loyalty benefit."
1011,Female,39.0,25.34,19.0,2.8,5.0,208.88,2026-07-12,75.0,3,At-risk / Engagement segment,Engagement campaigns and introductory value offers. Prioritize a win-back message because average recency exceeds 90 days.
1012,Male,46.0,12.0,9.0,4.4,9.0,264.96,2026-04-03,175.0,3,At-risk / Engagement segment,Engagement campaigns and introductory value offers. Prioritize a win-back message because average recency exceeds 90 days.
1013,Male,25.0,51.66,85.0,4.2,26.0,1276.32,2026-09-14,11.0,2,Value-focused loyalists,"Budget-friendly offers, bundles and loyalty rewards. Offer a repeat-purchase loyalty benefit."
1014,Male,47.0,42.08,60.0,3.8,14.0,1540.64,2026-09-15,10.0,2,Value-focused loyalists,"Budget-friendly offers, bundles and loyalty rewards. Offer a repeat-purchase loyalty benefit."
1015,Female,50.0,97.2,39.0,3.3,4.0,486.96,2026-08-25,31.0,0,Growth opportunity,Special discounts and personalized product campaigns.
1016,Male,29.0,124.64,88.0,2.8,29.0,6666.97,2026-09-16,9.0,1,VIP segment,"Premium membership, luxury offers and early access. Offer a repeat-purchase loyalty benefit."
1017,Male,22.0,29.58,8.0,5.0,3.0,71.38,2026-06-28,89.0,3,At-risk / Engagement segment,Engagement campaigns and introductory value offers. Prioritize a win-back message because average recency exceeds 90 days.
1018,Female,50.0,48.29,61.0,4.1,11.0,1079.4,2026-08-29,27.0,0,Growth opportunity,Special discounts and personalized product campaigns.
1019,Female,54.0,91.12,84.0,3.9,38.0,9112.54,2026-09-15,10.0,1,VIP segment,"Premium membership, luxury offers and early access. Offer a repeat-purchase loyalty benefit."
1020,Female,31.0,28.78,72.0,3.2,21.0,1109.08,2026-09-15,10.0,2,Value-focused loyalists,"Budget-friendly offers, bundles and loyalty rewards. Offer a repeat-purchase loyalty benefit."
1021,Female,54.0,51.4,49.0,3.6,16.0,1248.23,2026-08-18,38.0,0,Growth opportunity,Special discounts and personalized product campaigns.
1022,Male,47.0,32.87,14.0,3.7,5.0,224.13,2026-02-14,223.0,3,At-risk / Engagement segment,Engagement campaigns and introductory value offers. Prioritize a win-back message because average recency exceeds 90 days.
1023,Female,46.0,42.38,64.0,3.9,16.0,1579.44,2026-08-15,41.0,2,Value-focused loyalists,"Budget-friendly offers, bundles and loyalty rewards. Offer a repeat-purchase loyalty benefit."
1024,Male,19.0,43.38,61.0,4.2,29.0,1750.93,2026-09-13,12.0,2,Value-focused loyalists,"Budget-friendly offers, bundles and loyalty rewards. Offer a repeat-purchase loyalty benefit."
1025,Female,53.0,31.62,10.0,2.9,3.0,75.93,2026-05-19,129.0,3,At-risk / Engagement segment,Engagement campaigns and introductory value offers. Prioritize a win-back message because average recency exceeds 90 days.
1026,Female,53.0,102.66,24.0,2.4,4.0,535.41,2026-05-15,133.0,0,Growth opportunity,Special discounts and personalized product campaigns.
1027,Female,35.0,82.18,72.0,3.7,18.0,1579.65,2026-09-18,7.0,2,Value-focused loyalists,"Budget-friendly offers, bundles and loyalty rewards. Offer a repeat-purchase loyalty benefit."
1028,Male,21.0,25.87,91.0,2.1,19.0,964.12,2026-09-17,8.0,2,Value-focused loyalists,"Budget-friendly offers, bundles and loyalty rewards. Offer a repeat-purchase loyalty benefit."
1029,Male,39.0,19.84,2.0,3.3,4.0,122.25,2026-03-26,183.0,3,At-risk / Engagement segment,Engagement campaigns and introductory value offers. Prioritize a win-back message because average recency exceeds 90 days.
1030,Female,18.0,24.33,94.0,3.2,23.0,1065.93,2026-09-13,12.0,2,Value-focused loyalists,"Budget-friendly offers, bundles and loyalty rewards. Offer a repeat-purchase loyalty benefit."
1031,Male,35.0,29.3,94.0,4.0,28.0,1529.15,2026-09-18,7.0,2,Value-focused loyalists,"Budget-friendly offers, bundles and loyalty rewards. Offer a repeat-purchase loyalty benefit."
1032,Female,26.0,28.73,8.0,5.0,4.0,139.8,2026-03-04,205.0,3,At-risk / Engagement segment,Engagement campaigns and introductory value offers. Prioritize a win-back message because average recency exceeds 90 days.
1033,Female,32.0,20.37,48.0,1.9,17.0,918.08,2026-09-19,6.0,2,Value-focused loyalists,"Budget-friendly offers, bundles and loyalty rewards. Offer a repeat-purchase loyalty benefit."
1034,Female,34.0,33.68,52.0,5.0,14.0,1316.47,2026-08-22,34.0,2,Value-focused loyalists,"Budget-friendly offers, bundles and loyalty rewards. Offer a repeat-purchase loyalty benefit."
1035,Other,25.0,24.15,91.0,3.4,30.0,1485.91,2026-09-18,7.0,2,Value-focused loyalists,"Budget-friendly offers, bundles and loyalty rewards. Offer a repeat-purchase loyalty benefit."
1036,Male,28.0,35.04,41.0,3.9,6.0,167.34,2026-03-21,188.0,3,At-risk / Engagement segment,Engagement campaigns and introductory value offers. Prioritize a win-back message because average recency exceeds 90 days.
1037,Male,46.0,101.91,18.0,2.4,7.0,1163.62,2025-12-19,280.0,0,Growth opportunity,Special discounts and personalized product campaigns.
1038,Female,47.0,48.79,99.0,4.4,29.0,1491.0,2026-09-01,24.0,2,Value-focused loyalists,"Budget-friendly offers, bundles and loyalty rewards. Offer a repeat-purchase loyalty benefit."
1039,Female,42.0,59.38,51.0,3.6,25.0,1244.06,2026-08-30,26.0,2,Value-focused loyalists,"Budget-friendly offers, bundles and loyalty rewards. Offer a repeat-purchase loyalty benefit."
1040,Male,46.0,120.63,80.0,3.5,42.0,8993.65,2026-09-14,11.0,1,VIP segment,"Premium membership, luxury offers and early access. Offer a repeat-purchase loyalty benefit."
1041,Female,42.0,129.36,79.0,2.0,33.0,6643.47,2026-08-23,33.0,1,VIP segment,"Premium membership, luxury offers and early access. Offer a repeat-purchase loyalty benefit."
1042,Male,44.0,40.73,36.0,3.7,4.0,125.59,2026-08-18,38.0,3,At-risk / Engagement segment,Engagement campaigns and introductory value offers. Prioritize a win-back message because average recency exceeds 90 days.
1043,Male,47.0,53.94,38.0,4.3,5.0,128.82,2026-01-27,241.0,3,At-risk / Engagement segment,Engagement campaigns and introductory value offers. Prioritize a win-back message because average recency exceeds 90 days.
1044,Female,28.0,55.91,33.0,3.4,4.0,95.17,2026-04-18,160.0,3,At-risk / Engagement segment,Engagement campaigns and introductory value offers. Prioritize a win-back message because average recency exceeds 90 days.
1045,Male,41.0,123.32,68.0,4.6,27.0,5953.17,2026-09-11,14.0,1,VIP segment,"Premium membership, luxury offers and early access. Offer a repeat-purchase loyalty benefit."
1046,Male,30.0,109.89,38.0,4.6,11.0,1445.18,2026-08-01,55.0,0,Growth opportunity,Special discounts and personalized product campaigns.
1047,Female,59.0,97.13,34.0,3.1,5.0,507.42,2026-04-25,153.0,0,Growth opportunity,Special discounts and personalized product campaigns.
1048,Male,60.0,61.42,33.0,5.0,15.0,1534.01,2026-07-26,61.0,0,Growth opportunity,Special discounts and personalized product campaigns.
1049,Male,40.0,57.27,28.0,3.6,21.0,2202.4,2026-07-25,62.0,0,Growth opportunity,Special discounts and personalized product campaigns.
1050,Female,27.0,108.7,40.0,3.6,4.0,494.52,2026-06-06,111.0,0,Growth opportunity,Special discounts and personalized product campaigns.
1051,Male,42.0,19.92,20.0,3.7,3.0,106.69,2025-11-06,323.0,3,At-risk / Engagement segment,Engagement campaigns and introductory value offers. Prioritize a win-back message because average recency exceeds 90 days.
1052,Female,33.0,107.32,69.0,3.7,26.0,6632.97,2026-09-09,16.0,1,VIP segment,"Premium membership, luxury offers and early access. Offer a repeat-purchase loyalty benefit."
1053,Male,41.0,67.03,26.0,1.4,7.0,911.42,2026-08-26,30.0,0,Growth opportunity,Special discounts and personalized product campaigns.
1054,Male,48.0,134.12,88.0,3.4,29.0,7032.65,2026-09-20,5.0,1,VIP segment,"Premium membership, luxury offers and early access. Offer a repeat-purchase loyalty benefit."
1055,Male,51.0,96.91,27.0,2.4,5.0,575.03,2026-03-27,182.0,0,Growth opportunity,Special discounts and personalized product campaigns.
1056,Male,31.0,36.38,3.0,5.0,7.0,243.68,2026-03-03,206.0,3,At-risk / Engagement segment,Engagement campaigns and introductory value offers. Prioritize a win-back message because average recency exceeds 90 days.
1057,Male,33.0,82.41,76.0,4.9,13.0,1518.76,2026-08-25,31.0,2,Value-focused loyalists,"Budget-friendly offers, bundles and loyalty rewards. Offer a repeat-purchase loyalty benefit."
1058,Female,49.0,104.2,40.0,4.3,6.0,770.97,2026-05-11,137.0,0,Growth opportunity,Special discounts and personalized product campaigns.
1059,Female,24.0,52.22,74.0,3.4,19.0,879.3,2026-08-20,36.0,2,Value-focused loyalists,"Budget-friendly offers, bundles and loyalty rewards. Offer a repeat-purchase loyalty benefit."
1060,Female,25.0,12.62,18.0,2.7,2.0,42.12,2026-05-12,136.0,3,At-risk / Engagement segment,Engagement campaigns and introductory value offers. Prioritize a win-back message because average recency exceeds 90 days.
1061,Male,36.0,95.56,57.0,3.0,15.0,1776.24,2026-09-03,22.0,2,Value-focused loyalists,"Budget-friendly offers, bundles and loyalty rewards. Offer a repeat-purchase loyalty benefit."
1062,Female,39.0,45.22,8.0,5.0,2.0,59.56,2026-03-14,195.0,3,At-risk / Engagement segment,Engagement campaigns and introductory value offers. Prioritize a win-back message because average recency exceeds 90 days.
1063,Female,46.0,102.93,32.0,3.0,6.0,1032.75,2026-02-23,214.0,0,Growth opportunity,Special discounts and personalized product campaigns.
1064,Male,22.0,49.95,6.0,1.6,2.0,54.27,2026-05-14,134.0,3,At-risk / Engagement segment,Engagement campaigns and introductory value offers. Prioritize a win-back message because average recency exceeds 90 days.
1065,Female,58.0,83.64,27.0,4.5,5.0,481.11,2026-04-03,175.0,0,Growth opportunity,Special discounts and personalized product campaigns.
1066,Female,18.0,57.96,39.0,4.9,11.0,1070.36,2026-08-21,35.0,2,Value-focused loyalists,"Budget-friendly offers, bundles and loyalty rewards. Offer a repeat-purchase loyalty benefit."
1067,Female,24.0,52.22,65.0,5.0,23.0,1107.92,2026-09-01,24.0,2,Value-focused loyalists,"Budget-friendly offers, bundles and loyalty rewards. Offer a repeat-purchase loyalty benefit."
1068,Female,30.0,12.0,42.0,4.5,2.0,49.34,2026-07-12,75.0,3,At-risk / Engagement segment,Engagement campaigns and introductory value offers. Prioritize a win-back message because average recency exceeds 90 days.
1069,Male,43.0,117.85,85.0,4.6,27.0,6281.48,2026-09-23,2.0,1,VIP segment,"Premium membership, luxury offers and early access. Offer a repeat-purchase loyalty benefit."
1070,Female,34.0,39.45,80.0,3.6,21.0,953.13,2026-09-19,6.0,2,Value-focused loyalists,"Budget-friendly offers, bundles and loyalty rewards. Offer a repeat-purchase loyalty benefit."
1071,Female,50.0,89.57,29.0,1.8,24.0,2360.83,2026-08-17,39.0,0,Growth opportunity,Special discounts and personalized product campaigns.
1072,Male,29.0,12.0,15.0,3.6,2.0,80.98,2026-08-15,41.0,3,At-risk / Engagement segment,Engagement campaigns and introductory value offers. Prioritize a win-back message because average recency exceeds 90 days.
1073,Male,34.0,54.53,84.0,4.1,27.0,1376.31,2026-09-16,9.0,2,Value-focused loyalists,"Budget-friendly offers, bundles and loyalty rewards. Offer a repeat-purchase loyalty benefit."
1074,Male,41.0,54.17,55.0,3.5,14.0,1469.83,2026-08-03,53.0,2,Value-focused loyalists,"Budget-friendly offers, bundles and loyalty rewards. Offer a repeat-purchase loyalty benefit."
1075,Male,22.0,55.74,27.0,3.4,9.0,743.17,2026-08-28,28.0,2,Value-focused loyalists,"Budget-friendly offers, bundles and loyalty rewards. Offer a repeat-purchase loyalty benefit."
1076,Male,67.0,82.89,30.0,2.8,7.0,883.81,2026-09-15,10.0,0,Growth opportunity,Special discounts and personalized product campaigns.
1077,Female,18.0,16.77,82.0,2.7,18.0,870.78,2026-09-05,20.0,2,Value-focused loyalists,"Budget-friendly offers, bundles and loyalty rewards. Offer a repeat-purchase loyalty benefit."
1078,Male,32.0,37.65,93.0,5.0,25.0,1367.95,2026-09-04,21.0,2,Value-focused loyalists,"Budget-friendly offers, bundles and loyalty rewards. Offer a repeat-purchase loyalty benefit."
1079,Male,40.0,14.43,14.0,5.0,1.0,37.77,2026-01-15,253.0,3,At-risk / Engagement segment,Engagement campaigns and introductory value offers. Prioritize a win-back message because average recency exceeds 90 days.
1080,Female,51.0,110.36,1.0,3.6,9.0,1046.56,2026-06-20,97.0,0,Growth opportunity,Special discounts and personalized product campaigns.
1081,Female,43.0,90.72,16.0,3.8,4.0,394.23,2026-07-28,59.0,0,Growth opportunity,Special discounts and personalized product campaigns.
1082,Female,47.0,45.02,40.0,2.8,23.0,2546.6,2026-08-20,36.0,2,Value-focused loyalists,"Budget-friendly offers, bundles and loyalty rewards. Offer a repeat-purchase loyalty benefit."
1083,Male,23.0,54.61,62.0,4.1,12.0,1144.96,2026-09-01,24.0,2,Value-focused loyalists,"Budget-friendly offers, bundles and loyalty rewards. Offer a repeat-purchase loyalty benefit."
1084,Male,38.0,66.71,20.0,5.0,13.0,1425.42,2026-07-27,60.0,0,Growth opportunity,Special discounts and personalized product campaigns.
1085,Male,33.0,58.12,48.0,2.3,18.0,1759.76,2026-06-24,93.0,2,Value-focused loyalists,"Budget-friendly offers, bundles and loyalty rewards. Offer a repeat-purchase loyalty benefit."
1086,Female,29.0,30.48,39.0,4.0,5.0,148.05,2025-11-14,315.0,3,At-risk / Engagement segment,Engagement campaigns and introductory value offers. Prioritize a win-back message because average recency exceeds 90 days.
1087,Female,43.0,71.75,53.0,4.1,6.0,661.75,2026-07-10,77.0,0,Growth opportunity,Special discounts and personalized product campaigns.
1088,Female,50.0,77.15,64.0,4.0,17.0,1771.03,2026-09-08,17.0,2,Value-focused loyalists,"Budget-friendly offers, bundles and loyalty rewards. Offer a repeat-purchase loyalty benefit."
1089,Male,25.0,27.66,58.0,5.0,19.0,934.42,2026-08-19,37.0,2,Value-focused loyalists,"Budget-friendly offers, bundles and loyalty rewards. Offer a repeat-purchase loyalty benefit."
1090,Male,36.0,17.38,59.0,5.0,20.0,968.87,2026-09-06,19.0,2,Value-focused loyalists,"Budget-friendly offers, bundles and loyalty rewards. Offer a repeat-purchase loyalty benefit."
1091,Male,48.0,101.07,45.0,3.4,10.0,1519.41,2026-04-26,152.0,0,Growth opportunity,Special discounts and personalized product campaigns.
1092,Male,27.0,36.59,23.0,4.2,3.0,77.31,2026-02-16,221.0,3,At-risk / Engagement segment,Engagement campaigns and introductory value offers. Prioritize a win-back message because average recency exceeds 90 days.
1093,Male,45.0,79.55,29.0,3.7,7.0,984.94,2026-08-19,37.0,0,Growth opportunity,Special discounts and personalized product campaigns.
1094,Male,45.0,87.53,15.0,3.1,6.0,561.65,2026-07-09,78.0,0,Growth opportunity,Special discounts and personalized product campaigns.
1095,Female,29.0,19.93,23.0,3.8,2.0,57.16,2026-01-08,260.0,3,At-risk / Engagement segment,Engagement campaigns and introductory value offers. Prioritize a win-back message because average recency exceeds 90 days.
1096,Female,32.0,29.09,64.0,4.2,23.0,1187.41,2026-08-08,48.0,2,Value-focused loyalists,"Budget-friendly offers, bundles and loyalty rewards. Offer a repeat-purchase loyalty benefit."
1097,Female,50.0,89.35,42.0,3.8,4.0,537.26,2026-06-27,90.0,0,Growth opportunity,Special discounts and personalized product campaigns.
1098,Female,23.0,71.9,86.0,2.9,12.0,1152.62,2026-09-05,20.0,2,Value-focused loyalists,"Budget-friendly offers, bundles and loyalty rewards. Offer a repeat-purchase loyalty benefit."
1099,Female,22.0,39.53,59.0,3.2,14.0,1697.22,2026-09-12,13.0,2,Value-focused loyalists,"Budget-friendly offers, bundles and loyalty rewards. Offer a repeat-purchase loyalty benefit."
1100,Female,46.0,87.88,76.0,3.2,30.0,7150.44,2026-08-27,29.0,1,VIP segment,"Premium membership, luxury offers and early access. Offer a repeat-purchase loyalty benefit."
1101,Male,34.0,105.33,54.0,2.9,34.0,7178.83,2026-09-04,21.0,1,VIP segment,"Premium membership, luxury offers and early access. Offer a repeat-purchase loyalty benefit."
1102,Female,51.0,97.54,8.0,3.9,4.0,461.2,2026-08-09,47.0,0,Growth opportunity,Special discounts and personalized product campaigns.
1103,Male,47.0,41.63,72.0,4.0,15.0,1597.98,2026-08-17,39.0,2,Value-focused loyalists,"Budget-friendly offers, bundles and loyalty rewards. Offer a repeat-purchase loyalty benefit."
1104,Male,26.0,53.51,41.0,4.4,15.0,1506.53,2026-09-14,11.0,2,Value-focused loyalists,"Budget-friendly offers, bundles and loyalty rewards. Offer a repeat-purchase loyalty benefit."
1105,Male,28.0,104.39,80.0,2.9,26.0,6314.69,2026-09-16,9.0,1,VIP segment,"Premium membership, luxury offers and early access. Offer a repeat-purchase loyalty benefit."
1106,Male,56.0,56.49,61.0,3.1,18.0,1809.17,2026-08-14,42.0,0,Growth opportunity,Special discounts and personalized product campaigns.
1107,Female,46.0,112.13,100.0,4.9,28.0,6694.55,2026-09-24,1.0,1,VIP segment,"Premium membership, luxury offers and early access. Offer a repeat-purchase loyalty benefit."
1108,Male,24.0,22.74,76.0,3.5,21.0,951.32,2026-09-13,12.0,2,Value-focused loyalists,"Budget-friendly offers, bundles and loyalty rewards. Offer a repeat-purchase loyalty benefit."
1109,Female,30.0,82.69,48.0,3.6,16.0,2064.53,2026-06-13,104.0,2,Value-focused loyalists,"Budget-friendly offers, bundles and loyalty rewards. Offer a repeat-purchase loyalty benefit."
1110,Male,43.0,106.83,29.0,3.5,10.0,1217.99,2026-05-29,119.0,0,Growth opportunity,Special discounts and personalized product campaigns.
1111,Female,30.0,98.7,76.0,4.6,31.0,7673.83,2026-09-22,3.0,1,VIP segment,"Premium membership, luxury offers and early access. Offer a repeat-purchase loyalty benefit."
1112,Female,37.0,33.32,71.0,4.6,18.0,991.06,2026-08-10,46.0,2,Value-focused loyalists,"Budget-friendly offers, bundles and loyalty rewards. Offer a repeat-purchase loyalty benefit."
1113,Male,28.0,31.74,27.0,4.5,3.0,86.64,2026-05-17,131.0,3,At-risk / Engagement segment,Engagement campaigns and introductory value offers. Prioritize a win-back message because average recency exceeds 90 days.
1114,Male,50.0,79.01,55.0,3.6,13.0,1162.67,2026-08-29,27.0,0,Growth opportunity,Special discounts and personalized product campaigns.
1115,Female,35.0,53.59,79.0,2.9,11.0,1060.6,2026-05-23,125.0,2,Value-focused loyalists,"Budget-friendly offers, bundles and loyalty rewards. Offer a repeat-purchase loyalty benefit."
1116,Male,32.0,120.74,89.0,5.0,41.0,9610.04,2026-09-10,15.0,1,VIP segment,"Premium membership, luxury offers and early access. Offer a repeat-purchase loyalty benefit."
1117,Female,38.0,110.59,98.0,4.3,29.0,5621.88,2026-09-18,7.0,1,VIP segment,"Premium membership, luxury offers and early access. Offer a repeat-purchase loyalty benefit."
1118,Male,18.0,82.88,40.0,3.2,11.0,870.09,2026-09-09,16.0,2,Value-focused loyalists,"Budget-friendly offers, bundles and loyalty rewards. Offer a repeat-purchase loyalty benefit."
1119,Female,47.0,118.07,34.0,4.8,3.0,331.14,2025-11-24,305.0,0,Growth opportunity,Special discounts and personalized product campaigns.
1120,Female,37.0,64.76,44.0,3.1,15.0,1428.48,2026-09-07,18.0,2,Value-focused loyalists,"Budget-friendly offers, bundles and loyalty rewards. Offer a repeat-purchase loyalty benefit."
1121,Female,44.0,26.33,27.0,4.8,6.0,365.07,2026-06-24,93.0,3,At-risk / Engagement segment,Engagement campaigns and introductory value offers. Prioritize a win-back message because average recency exceeds 90 days.
1122,Female,23.0,117.09,92.0,4.9,38.0,8022.38,2026-09-14,11.0,1,VIP segment,"Premium membership, luxury offers and early access. Offer a repeat-purchase loyalty benefit."
1123,Female,51.0,59.47,54.0,2.8,15.0,1798.36,2026-05-29,119.0,0,Growth opportunity,Special discounts and personalized product campaigns.
1124,Female,50.0,133.52,100.0,4.1,41.0,10727.94,2026-09-16,9.0,1,VIP segment,"Premium membership, luxury offers and early access. Offer a repeat-purchase loyalty benefit."
1125,Female,41.0,33.1,95.0,4.3,28.0,1468.33,2026-08-22,34.0,2,Value-focused loyalists,"Budget-friendly offers, bundles and loyalty rewards. Offer a repeat-purchase loyalty benefit."
1126,Female,27.0,26.32,92.0,5.0,23.0,1105.12,2026-08-28,28.0,2,Value-focused loyalists,"Budget-friendly offers, bundles and loyalty rewards. Offer a repeat-purchase loyalty benefit."
1127,Male,38.0,25.57,87.0,3.0,24.0,1078.3,2026-09-05,20.0,2,Value-focused loyalists,"Budget-friendly offers, bundles and loyalty rewards. Offer a repeat-purchase loyalty benefit."
1128,Female,21.0,13.02,43.0,4.8,4.0,99.3,2026-03-23,186.0,3,At-risk / Engagement segment,Engagement campaigns and introductory value offers. Prioritize a win-back message because average recency exceeds 90 days.
1129,Male,43.0,37.79,5.0,3.6,4.0,131.9,2026-01-24,244.0,3,At-risk / Engagement segment,Engagement campaigns and introductory value offers. Prioritize a win-back message because average recency exceeds 90 days.
1130,Male,31.0,50.52,69.0,2.5,14.0,1109.32,2026-09-06,19.0,2,Value-focused loyalists,"Budget-friendly offers, bundles and loyalty rewards. Offer a repeat-purchase loyalty benefit."
1131,Female,22.0,77.37,41.0,3.5,11.0,1115.79,2026-08-23,33.0,2,Value-focused loyalists,"Budget-friendly offers, bundles and loyalty rewards. Offer a repeat-purchase loyalty benefit."
1132,Male,18.0,13.9,71.0,3.6,26.0,1139.1,2026-08-16,40.0,2,Value-focused loyalists,"Budget-friendly offers, bundles and loyalty rewards. Offer a repeat-purchase loyalty benefit."
1133,Female,42.0,111.78,91.0,2.7,33.0,8208.68,2026-09-13,12.0,1,VIP segment,"Premium membership, luxury offers and early access. Offer a repeat-purchase loyalty benefit."
1134,Female,28.0,46.1,37.0,3.9,4.0,120.51,2026-06-20,97.0,3,At-risk / Engagement segment,Engagement campaigns and introductory value offers. Prioritize a win-back message because average recency exceeds 90 days.
1135,Male,43.0,31.87,39.0,4.4,13.0,1247.48,2026-09-13,12.0,2,Value-focused loyalists,"Budget-friendly offers, bundles and loyalty rewards. Offer a repeat-purchase loyalty benefit."
1136,Male,30.0,128.26,22.0,3.8,4.0,382.65,2026-08-06,50.0,0,Growth opportunity,Special discounts and personalized product campaigns.
1137,Male,18.0,26.05,79.0,3.1,27.0,1250.2,2026-09-20,5.0,2,Value-focused loyalists,"Budget-friendly offers, bundles and loyalty rewards. Offer a repeat-purchase loyalty benefit."
1138,Female,42.0,33.98,76.0,3.5,24.0,1276.37,2026-09-18,7.0,2,Value-focused loyalists,"Budget-friendly offers, bundles and loyalty rewards. Offer a repeat-purchase loyalty benefit."
1139,Male,51.0,118.0,94.0,3.6,31.0,6217.47,2026-09-09,16.0,1,VIP segment,"Premium membership, luxury offers and early access. Offer a repeat-purchase loyalty benefit."
1140,Female,26.0,40.17,63.0,3.8,5.0,114.05,2026-01-24,244.0,3,At-risk / Engagement segment,Engagement campaigns and introductory value offers. Prioritize a win-back message because average recency exceeds 90 days.
1141,Female,48.0,103.83,33.0,4.5,8.0,825.65,2026-09-15,10.0,0,Growth opportunity,Special discounts and personalized product campaigns.
1142,Female,49.0,75.96,44.0,3.8,12.0,1310.81,2026-09-23,2.0,2,Value-focused loyalists,"Budget-friendly offers, bundles and loyalty rewards. Offer a repeat-purchase loyalty benefit."
1143,Other,43.0,69.27,37.0,2.4,19.0,2094.5,2026-08-25,31.0,0,Growth opportunity,Special discounts and personalized product campaigns.
1144,Female,40.0,86.65,49.0,3.1,14.0,1250.37,2026-09-04,21.0,0,Growth opportunity,Special discounts and personalized product campaigns.
1145,Male,39.0,39.31,67.0,3.7,25.0,1224.32,2026-09-06,19.0,2,Value-focused loyalists,"Budget-friendly offers, bundles and loyalty rewards. Offer a repeat-purchase loyalty benefit."
1146,Male,41.0,127.5,34.0,4.6,6.0,523.5,2026-08-23,33.0,0,Growth opportunity,Special discounts and personalized product campaigns.
1147,Male,36.0,42.62,27.0,4.7,1.0,43.44,2026-04-06,172.0,3,At-risk / Engagement segment,Engagement campaigns and introductory value offers. Prioritize a win-back message because average recency exceeds 90 days.
1148,Male,39.0,36.72,47.0,5.0,12.0,1290.0,2026-05-29,119.0,2,Value-focused loyalists,"Budget-friendly offers, bundles and loyalty rewards. Offer a repeat-purchase loyalty benefit."
1149,Male,25.0,68.56,100.0,3.7,17.0,831.36,2026-09-05,20.0,2,Value-focused loyalists,"Budget-friendly offers, bundles and loyalty rewards. Offer a repeat-purchase loyalty benefit."
1150,Female,35.0,53.96,44.0,4.2,11.0,1395.55,2026-07-14,73.0,2,Value-focused loyalists,"Budget-friendly offers, bundles and loyalty rewards. Offer a repeat-purchase loyalty benefit."
1151,Female,43.0,130.94,83.0,2.4,30.0,7489.53,2026-09-17,8.0,1,VIP segment,"Premium membership, luxury offers and early access. Offer a repeat-purchase loyalty benefit."
1152,Male,39.0,62.38,61.0,4.0,18.0,1878.36,2026-09-05,20.0,2,Value-focused loyalists,"Budget-friendly offers, bundles and loyalty rewards. Offer a repeat-purchase loyalty benefit."
1153,Female,32.0,124.86,95.0,2.7,30.0,7385.75,2026-09-18,7.0,1,VIP segment,"Premium membership, luxury offers and early access. Offer a repeat-purchase loyalty benefit."
1154,Female,50.0,100.36,99.0,3.5,26.0,6031.48,2026-09-13,12.0,1,VIP segment,"Premium membership, luxury offers and early access. Offer a repeat-purchase loyalty benefit."
1155,Female,18.0,40.76,83.0,5.0,23.0,1154.75,2026-09-13,12.0,2,Value-focused loyalists,"Budget-friendly offers, bundles and loyalty rewards. Offer a repeat-purchase loyalty benefit."
1156,Female,40.0,106.46,97.0,3.9,32.0,6869.53,2026-09-06,19.0,1,VIP segment,"Premium membership, luxury offers and early access. Offer a repeat-purchase loyalty benefit."
1157,Female,39.0,132.11,76.0,2.9,36.0,8482.0,2026-09-18,7.0,1,VIP segment,"Premium membership, luxury offers and early access. Offer a repeat-purchase loyalty benefit."
1158,Female,46.0,116.14,95.0,3.9,35.0,8019.1,2026-09-24,1.0,1,VIP segment,"Premium membership, luxury offers and early access. Offer a repeat-purchase loyalty benefit."
1159,Male,18.0,45.1,89.0,3.2,23.0,1254.42,2026-08-23,33.0,2,Value-focused loyalists,"Budget-friendly offers, bundles and loyalty rewards. Offer a repeat-purchase loyalty benefit."
1160,Female,48.0,31.7,71.0,2.8,12.0,1081.05,2026-07-31,56.0,2,Value-focused loyalists,"Budget-friendly offers, bundles and loyalty rewards. Offer a repeat-purchase loyalty benefit."
1161,Other,35.0,108.8,64.0,5.0,34.0,7307.51,2026-08-25,31.0,1,VIP segment,"Premium membership, luxury offers and early access. Offer a repeat-purchase loyalty benefit."
1162,Male,48.0,35.75,11.0,4.5,2.0,29.88,2026-02-02,235.0,3,At-risk / Engagement segment,Engagement campaigns and introductory value offers. Prioritize a win-back message because average recency exceeds 90 days.
1163,Female,34.0,65.13,63.0,3.9,16.0,1655.67,2026-08-13,43.0,2,Value-focused loyalists,"Budget-friendly offers, bundles and loyalty rewards. Offer a repeat-purchase loyalty benefit."
1164,Male,42.0,123.46,52.0,3.3,29.0,6540.96,2026-09-18,7.0,1,VIP segment,"Premium membership, luxury offers and early access. Offer a repeat-purchase loyalty benefit."
1165,Male,61.0,104.88,90.0,3.3,37.0,8214.58,2026-09-16,9.0,1,VIP segment,"Premium membership, luxury offers and early access. Offer a repeat-purchase loyalty benefit."
1166,Male,36.0,62.68,66.0,4.9,6.0,699.56,2026-04-26,152.0,0,Growth opportunity,Special discounts and personalized product campaigns.
1167,Female,51.0,78.54,46.0,3.9,17.0,1871.71,2026-09-09,16.0,0,Growth opportunity,Special discounts and personalized product campaigns.
1168,Female,28.0,12.0,73.0,1.0,12.0,539.01,2026-09-04,21.0,2,Value-focused loyalists,"Budget-friendly offers, bundles and loyalty rewards. Offer a repeat-purchase loyalty benefit."
1169,Female,43.0,70.25,40.0,5.0,12.0,931.7,2026-09-15,10.0,0,Growth opportunity,Special discounts and personalized product campaigns.
1170,Male,43.0,105.33,78.0,3.8,36.0,8864.53,2026-09-17,8.0,1,VIP segment,"Premium membership, luxury offers and early access. Offer a repeat-purchase loyalty benefit."
1171,Other,36.0,19.23,72.0,3.9,31.0,1274.78,2026-08-30,26.0,2,Value-focused loyalists,"Budget-friendly offers, bundles and loyalty rewards. Offer a repeat-purchase loyalty benefit."
1172,Male,29.0,34.71,14.0,4.5,5.0,151.76,2025-11-09,320.0,3,At-risk / Engagement segment,Engagement campaigns and introductory value offers. Prioritize a win-back message because average recency exceeds 90 days.
1173,Male,38.0,117.18,19.0,4.0,7.0,669.13,2026-07-07,80.0,0,Growth opportunity,Special discounts and personalized product campaigns.
1174,Other,30.0,44.55,19.0,4.2,2.0,48.43,2026-02-06,231.0,3,At-risk / Engagement segment,Engagement campaigns and introductory value offers. Prioritize a win-back message because average recency exceeds 90 days.
1175,Male,29.0,30.11,75.0,3.2,24.0,1071.5,2026-09-04,21.0,2,Value-focused loyalists,"Budget-friendly offers, bundles and loyalty rewards. Offer a repeat-purchase loyalty benefit."
1176,Female,34.0,42.26,44.0,2.6,2.0,64.85,2025-11-30,299.0,3,At-risk / Engagement segment,Engagement campaigns and introductory value offers. Prioritize a win-back message because average recency exceeds 90 days.
1177,Male,35.0,44.15,73.0,3.8,19.0,1130.77,2026-08-15,41.0,2,Value-focused loyalists,"Budget-friendly offers, bundles and loyalty rewards. Offer a repeat-purchase loyalty benefit."
1178,Female,41.0,30.78,82.0,4.8,28.0,1346.97,2026-09-12,13.0,2,Value-focused loyalists,"Budget-friendly offers, bundles and loyalty rewards. Offer a repeat-purchase loyalty benefit."
1179,Female,38.0,90.3,21.0,3.0,6.0,579.69,2026-08-08,48.0,0,Growth opportunity,Special discounts and personalized product campaigns.
1180,Male,41.0,91.11,21.0,3.0,4.0,525.75,2026-02-12,225.0,0,Growth opportunity,Special discounts and personalized product campaigns.
1181,Male,22.0,41.73,2.0,4.6,6.0,196.96,2025-10-30,330.0,3,At-risk / Engagement segment,Engagement campaigns and introductory value offers. Prioritize a win-back message because average recency exceeds 90 days.
1182,Female,62.0,109.41,65.0,3.2,34.0,8085.06,2026-09-08,17.0,1,VIP segment,"Premium membership, luxury offers and early access. Offer a repeat-purchase loyalty benefit."
1183,Male,45.0,95.35,70.0,3.3,39.0,9743.06,2026-09-11,14.0,1,VIP segment,"Premium membership, luxury offers and early access. Offer a repeat-purchase loyalty benefit."
1184,Female,47.0,86.41,86.0,3.3,31.0,7159.67,2026-09-16,9.0,1,VIP segment,"Premium membership, luxury offers and early access. Offer a repeat-purchase loyalty benefit."
1185,Female,29.0,121.65,97.0,3.5,33.0,7406.58,2026-09-21,4.0,1,VIP segment,"Premium membership, luxury offers and early access. Offer a repeat-purchase loyalty benefit."
1186,Female,39.0,54.35,32.0,2.3,5.0,463.6,2026-09-18,7.0,0,Growth opportunity,Special discounts and personalized product campaigns.
1187,Male,33.0,36.63,71.0,3.1,32.0,1576.33,2026-09-02,23.0,2,Value-focused loyalists,"Budget-friendly offers, bundles and loyalty rewards. Offer a repeat-purchase loyalty benefit."
1188,Male,36.0,79.36,37.0,3.8,13.0,1529.05,2026-09-17,8.0,2,Value-focused loyalists,"Budget-friendly offers, bundles and loyalty rewards. Offer a repeat-purchase loyalty benefit."
1189,Female,53.0,91.68,81.0,3.8,42.0,8098.13,2026-09-23,2.0,1,VIP segment,"Premium membership, luxury offers and early access. Offer a repeat-purchase loyalty benefit."
1190,Female,59.0,29.37,35.0,4.6,1.0,20.73,2026-09-06,19.0,3,At-risk / Engagement segment,Engagement campaigns and introductory value offers. Prioritize a win-back message because average recency exceeds 90 days.
1191,Female,19.0,29.61,73.0,5.0,22.0,1269.81,2026-08-29,27.0,2,Value-focused loyalists,"Budget-friendly offers, bundles and loyalty rewards. Offer a repeat-purchase loyalty benefit."
1192,Female,18.0,37.32,77.0,4.9,25.0,1108.55,2026-08-20,36.0,2,Value-focused loyalists,"Budget-friendly offers, bundles and loyalty rewards. Offer a repeat-purchase loyalty benefit."
1193,Male,30.0,79.35,70.0,4.4,11.0,977.9,2026-07-05,82.0,2,Value-focused loyalists,"Budget-friendly offers, bundles and loyalty rewards. Offer a repeat-purchase loyalty benefit."
1194,Male,55.0,43.39,58.0,3.5,13.0,1228.16,2026-08-21,35.0,0,Growth opportunity,Special discounts and personalized product campaigns.
1195,Male,49.0,69.98,44.0,3.1,9.0,799.2,2026-08-17,39.0,0,Growth opportunity,Special discounts and personalized product campaigns.
1196,Female,47.0,114.44,30.0,3.6,9.0,1010.02,2026-05-12,136.0,0,Growth opportunity,Special discounts and personalized product campaigns.
1197,Male,48.0,97.39,18.0,4.1,4.0,383.56,2026-05-07,141.0,0,Growth opportunity,Special discounts and personalized product campaigns.
1198,Female,28.0,28.08,27.0,4.3,3.0,119.14,2026-03-07,202.0,3,At-risk / Engagement segment,Engagement campaigns and introductory value offers. Prioritize a win-back message because average recency exceeds 90 days.
1199,Female,57.0,105.86,34.0,4.1,3.0,308.99,2026-09-12,13.0,0,Growth opportunity,Special discounts and personalized product campaigns.
1200,Male,32.0,34.83,6.0,3.5,2.0,46.69,2026-01-23,245.0,3,At-risk / Engagement segment,Engagement campaigns and introductory value offers. Prioritize a win-back message because average recency exceeds 90 days.
1201,Male,25.0,40.15,80.0,4.3,32.0,1427.29,2026-09-09,16.0,2,Value-focused loyalists,"Budget-friendly offers, bundles and loyalty rewards. Offer a repeat-purchase loyalty benefit."
1202,Male,34.0,39.86,77.0,4.7,26.0,1228.33,2026-09-13,12.0,2,Value-focused loyalists,"Budget-friendly offers, bundles and loyalty rewards. Offer a repeat-purchase loyalty benefit."
1203,Male,37.0,48.25,60.0,4.3,14.0,1194.92,2026-09-18,7.0,2,Value-focused loyalists,"Budget-friendly offers, bundles and loyalty rewards. Offer a repeat-purchase loyalty benefit."
1204,Male,34.0,43.86,32.0,3.6,6.0,170.24,2026-07-14,73.0,3,At-risk / Engagement segment,Engagement campaigns and introductory value offers. Prioritize a win-back message because average recency exceeds 90 days.
1205,Male,42.0,126.33,90.0,2.9,32.0,8064.68,2026-09-20,5.0,1,VIP segment,"Premium membership, luxury offers and early access. Offer a repeat-purchase loyalty benefit."
1206,Female,50.0,112.61,80.0,2.9,33.0,8750.27,2026-08-23,33.0,1,VIP segment,"Premium membership, luxury offers and early access. Offer a repeat-purchase loyalty benefit."
1207,Female,52.0,12.0,33.0,3.0,1.0,18.33,2026-06-28,89.0,3,At-risk / Engagement segment,Engagement campaigns and introductory value offers. Prioritize a win-back message because average recency exceeds 90 days.
1208,Female,34.0,30.39,68.0,3.8,21.0,893.57,2026-09-09,16.0,2,Value-focused loyalists,"Budget-friendly offers, bundles and loyalty rewards. Offer a repeat-purchase loyalty benefit."
1209,Female,56.0,102.72,12.0,4.0,3.0,299.76,2026-03-05,204.0,0,Growth opportunity,Special discounts and personalized product campaigns.
1210,Female,26.0,15.98,40.0,2.4,25.0,1186.61,2026-09-18,7.0,2,Value-focused loyalists,"Budget-friendly offers, bundles and loyalty rewards. Offer a repeat-purchase loyalty benefit."
1211,Female,29.0,24.96,21.0,3.2,5.0,156.3,2026-06-28,89.0,3,At-risk / Engagement segment,Engagement campaigns and introductory value offers. Prioritize a win-back message because average recency exceeds 90 days.
1212,Male,46.0,42.27,43.0,3.8,23.0,2631.03,2026-08-14,42.0,2,Value-focused loyalists,"Budget-friendly offers, bundles and loyalty rewards. Offer a repeat-purchase loyalty benefit."
1213,Male,30.0,40.5,83.0,2.8,27.0,1302.61,2026-09-05,20.0,2,Value-focused loyalists,"Budget-friendly offers, bundles and loyalty rewards. Offer a repeat-purchase loyalty benefit."
1214,Male,18.0,34.32,54.0,4.0,17.0,921.87,2026-08-12,44.0,2,Value-focused loyalists,"Budget-friendly offers, bundles and loyalty rewards. Offer a repeat-purchase loyalty benefit."
1215,Female,45.0,76.96,20.0,3.3,5.0,618.69,2026-08-30,26.0,0,Growth opportunity,Special discounts and personalized product campaigns.
1216,Male,27.0,36.92,84.0,3.0,23.0,1073.81,2026-08-25,31.0,2,Value-focused loyalists,"Budget-friendly offers, bundles and loyalty rewards. Offer a repeat-purchase loyalty benefit."
1217,Female,43.0,99.21,16.0,3.6,10.0,1273.21,2026-08-07,49.0,0,Growth opportunity,Special discounts and personalized product campaigns.
1218,Female,43.0,39.23,83.0,3.9,27.0,1399.47,2026-08-07,49.0,2,Value-focused loyalists,"Budget-friendly offers, bundles and loyalty rewards. Offer a repeat-purchase loyalty benefit."
1219,Female,41.0,24.52,15.0,2.9,5.0,125.43,2026-08-17,39.0,3,At-risk / Engagement segment,Engagement campaigns and introductory value offers. Prioritize a win-back message because average recency exceeds 90 days.
1220,Female,56.0,98.78,84.0,3.4,35.0,8350.42,2026-09-16,9.0,1,VIP segment,"Premium membership, luxury offers and early access. Offer a repeat-purchase loyalty benefit."
1221,Female,45.0,99.21,91.0,4.0,26.0,6000.99,2026-09-19,6.0,1,VIP segment,"Premium membership, luxury offers and early access. Offer a repeat-purchase loyalty benefit."
1222,Male,49.0,92.47,39.0,3.0,7.0,810.55,2026-08-22,34.0,0,Growth opportunity,Special discounts and personalized product campaigns.
1223,Male,30.0,62.26,54.0,2.2,15.0,1626.92,2026-07-04,83.0,2,Value-focused loyalists,"Budget-friendly offers, bundles and loyalty rewards. Offer a repeat-purchase loyalty benefit."
1224,Male,36.0,32.07,12.0,2.3,3.0,159.66,2026-08-19,37.0,3,At-risk / Engagement segment,Engagement campaigns and introductory value offers. Prioritize a win-back message because average recency exceeds 90 days.
1225,Female,42.0,107.33,79.0,3.2,31.0,6790.55,2026-09-17,8.0,1,VIP segment,"Premium membership, luxury offers and early access. Offer a repeat-purchase loyalty benefit."
1226,Male,25.0,56.07,61.0,2.5,8.0,631.81,2026-09-10,15.0,2,Value-focused loyalists,"Budget-friendly offers, bundles and loyalty rewards. Offer a repeat-purchase loyalty benefit."
1227,Male,23.0,27.08,66.0,3.3,26.0,1352.21,2026-08-15,41.0,2,Value-focused loyalists,"Budget-friendly offers, bundles and loyalty rewards. Offer a repeat-purchase loyalty benefit."
1228,Female,25.0,67.11,76.0,5.0,29.0,1201.81,2026-09-13,12.0,2,Value-focused loyalists,"Budget-friendly offers, bundles and loyalty rewards. Offer a repeat-purchase loyalty benefit."
1229,Male,43.0,51.21,48.0,2.4,19.0,1893.35,2026-08-12,44.0,2,Value-focused loyalists,"Budget-friendly offers, bundles and loyalty rewards. Offer a repeat-purchase loyalty benefit."
1230,Female,47.0,102.19,83.0,3.4,29.0,6404.25,2026-09-12,13.0,1,VIP segment,"Premium membership, luxury offers and early access. Offer a repeat-purchase loyalty benefit."
1231,Female,42.0,146.11,16.0,5.0,6.0,886.31,2026-07-05,82.0,0,Growth opportunity,Special discounts and personalized product campaigns.
1232,Female,41.0,35.89,1.0,3.9,2.0,58.55,2025-11-03,326.0,3,At-risk / Engagement segment,Engagement campaigns and introductory value offers. Prioritize a win-back message because average recency exceeds 90 days.
1233,Male,46.0,80.68,34.0,3.3,6.0,713.7,2026-07-03,84.0,0,Growth opportunity,Special discounts and personalized product campaigns.
1234,Female,18.0,41.8,34.0,3.5,8.0,266.6,2026-05-06,142.0,3,At-risk / Engagement segment,Engagement campaigns and introductory value offers. Prioritize a win-back message because average recency exceeds 90 days.
1235,Female,43.0,87.26,6.0,4.0,8.0,823.47,2026-07-27,60.0,0,Growth opportunity,Special discounts and personalized product campaigns.
1236,Female,53.0,122.73,88.0,5.0,29.0,6303.83,2026-09-19,6.0,1,VIP segment,"Premium membership, luxury offers and early access. Offer a repeat-purchase loyalty benefit."
1237,Male,31.0,97.05,41.0,3.1,8.0,834.15,2026-05-09,139.0,0,Growth opportunity,Special discounts and personalized product campaigns.
1238,Female,29.0,25.84,85.0,3.0,21.0,1027.09,2026-09-09,16.0,2,Value-focused loyalists,"Budget-friendly offers, bundles and loyalty rewards. Offer a repeat-purchase loyalty benefit."
1239,Female,58.0,132.53,79.0,2.4,30.0,6698.85,2026-09-14,11.0,1,VIP segment,"Premium membership, luxury offers and early access. Offer a repeat-purchase loyalty benefit."
1240,Female,34.0,117.93,73.0,3.7,30.0,6426.13,2026-09-04,21.0,1,VIP segment,"Premium membership, luxury offers and early access. Offer a repeat-purchase loyalty benefit."
1241,Male,39.0,75.62,54.0,2.4,11.0,807.49,2026-09-20,5.0,2,Value-focused loyalists,"Budget-friendly offers, bundles and loyalty rewards. Offer a repeat-purchase loyalty benefit."
1242,Male,35.0,106.09,31.0,3.2,6.0,978.09,2026-08-21,35.0,0,Growth opportunity,Special discounts and personalized product campaigns.
1243,Male,44.0,25.78,79.0,2.8,22.0,1091.8,2026-09-14,11.0,2,Value-focused loyalists,"Budget-friendly offers, bundles and loyalty rewards. Offer a repeat-purchase loyalty benefit."
1244,Female,41.0,118.56,82.0,4.5,32.0,6121.87,2026-09-11,14.0,1,VIP segment,"Premium membership, luxury offers and early access. Offer a repeat-purchase loyalty benefit."
1245,Female,48.0,116.93,15.0,3.2,7.0,691.25,2026-06-24,93.0,0,Growth opportunity,Special discounts and personalized product campaigns.
1246,Male,62.0,101.89,33.0,3.9,9.0,1211.58,2026-06-04,113.0,0,Growth opportunity,Special discounts and personalized product campaigns.
1247,Female,43.0,55.22,28.0,2.2,5.0,151.36,2026-08-30,26.0,3,At-risk / Engagement segment,Engagement campaigns and introductory value offers. Prioritize a win-back message because average recency exceeds 90 days.
1248,Male,39.0,111.91,30.0,3.7,4.0,500.57,2026-06-09,108.0,0,Growth opportunity,Special discounts and personalized product campaigns.
1249,Male,33.0,64.97,54.0,2.6,10.0,781.53,2026-07-28,59.0,2,Value-focused loyalists,"Budget-friendly offers, bundles and loyalty rewards. Offer a repeat-purchase loyalty benefit."
1250,Female,44.0,65.52,73.0,3.2,12.0,922.05,2026-09-03,22.0,2,Value-focused loyalists,"Budget-friendly offers, bundles and loyalty rewards. Offer a repeat-purchase loyalty benefit."
1251,Male,36.0,111.92,77.0,5.0,30.0,7600.62,2026-09-13,12.0,1,VIP segment,"Premium membership, luxury offers and early access. Offer a repeat-purchase loyalty benefit."
1252,Male,21.0,92.48,99.0,4.4,26.0,5801.7,2026-09-14,11.0,1,VIP segment,"Premium membership, luxury offers and early access. Offer a repeat-purchase loyalty benefit."
1253,Female,41.0,108.74,75.0,3.5,31.0,6873.48,2026-09-19,6.0,1,VIP segment,"Premium membership, luxury offers and early access. Offer a repeat-purchase loyalty benefit."
1254,Female,21.0,33.1,35.0,5.0,6.0,203.12,2026-03-22,187.0,3,At-risk / Engagement segment,Engagement campaigns and introductory value offers. Prioritize a win-back message because average recency exceeds 90 days.
1255,Female,58.0,104.17,99.0,2.8,35.0,7286.74,2026-09-16,9.0,1,VIP segment,"Premium membership, luxury offers and early access. Offer a repeat-purchase loyalty benefit."
1256,Male,41.0,66.73,49.0,4.6,17.0,1738.44,2026-05-19,129.0,0,Growth opportunity,Special discounts and personalized product campaigns.
1257,Female,27.0,30.3,42.0,2.3,1.0,28.44,2026-09-14,11.0,3,At-risk / Engagement segment,Engagement campaigns and introductory value offers. Prioritize a win-back message because average recency exceeds 90 days.
1258,Female,32.0,72.83,59.0,3.4,10.0,768.45,2026-09-12,13.0,2,Value-focused loyalists,"Budget-friendly offers, bundles and loyalty rewards. Offer a repeat-purchase loyalty benefit."
1259,Male,18.0,41.28,67.0,2.5,18.0,1095.92,2026-09-13,12.0,2,Value-focused loyalists,"Budget-friendly offers, bundles and loyalty rewards. Offer a repeat-purchase loyalty benefit."
1260,Female,28.0,64.34,49.0,3.8,15.0,1599.67,2026-06-23,94.0,2,Value-focused loyalists,"Budget-friendly offers, bundles and loyalty rewards. Offer a repeat-purchase loyalty benefit."
1261,Female,52.0,90.86,98.0,3.6,37.0,7887.29,2026-09-05,20.0,1,VIP segment,"Premium membership, luxury offers and early access. Offer a repeat-purchase loyalty benefit."
1262,Male,50.0,57.07,89.0,3.3,28.0,1430.85,2026-09-13,12.0,2,Value-focused loyalists,"Budget-friendly offers, bundles and loyalty rewards. Offer a repeat-purchase loyalty benefit."
1263,Female,55.0,98.01,15.0,4.5,6.0,815.86,2026-08-19,37.0,0,Growth opportunity,Special discounts and personalized product campaigns.
1264,Female,38.0,60.87,51.0,3.1,8.0,736.81,2026-06-01,116.0,0,Growth opportunity,Special discounts and personalized product campaigns.
1265,Female,24.0,27.2,80.0,3.9,34.0,1455.85,2026-09-06,19.0,2,Value-focused loyalists,"Budget-friendly offers, bundles and loyalty rewards. Offer a repeat-purchase loyalty benefit."
1266,Female,29.0,55.16,47.0,4.3,16.0,1865.86,2026-09-11,14.0,2,Value-focused loyalists,"Budget-friendly offers, bundles and loyalty rewards. Offer a repeat-purchase loyalty benefit."
1267,Female,63.0,131.62,100.0,2.3,30.0,6542.51,2026-08-29,27.0,1,VIP segment,"Premium membership, luxury offers and early access. Offer a repeat-purchase loyalty benefit."
1268,Male,37.0,81.4,56.0,3.0,13.0,1039.43,2026-08-15,41.0,2,Value-focused loyalists,"Budget-friendly offers, bundles and loyalty rewards. Offer a repeat-purchase loyalty benefit."
1269,Male,49.0,38.22,77.0,3.6,22.0,1070.15,2026-08-22,34.0,2,Value-focused loyalists,"Budget-friendly offers, bundles and loyalty rewards. Offer a repeat-purchase loyalty benefit."
1270,Female,42.0,30.49,92.0,4.1,16.0,693.83,2026-08-04,52.0,2,Value-focused loyalists,"Budget-friendly offers, bundles and loyalty rewards. Offer a repeat-purchase loyalty benefit."
1271,Male,22.0,70.67,49.0,4.8,7.0,826.45,2026-09-13,12.0,2,Value-focused loyalists,"Budget-friendly offers, bundles and loyalty rewards. Offer a repeat-purchase loyalty benefit."
1272,Male,21.0,33.03,90.0,3.4,25.0,1210.07,2026-08-31,25.0,2,Value-focused loyalists,"Budget-friendly offers, bundles and loyalty rewards. Offer a repeat-purchase loyalty benefit."
1273,Male,21.0,29.34,58.0,3.3,18.0,885.69,2026-09-24,1.0,2,Value-focused loyalists,"Budget-friendly offers, bundles and loyalty rewards. Offer a repeat-purchase loyalty benefit."
1274,Male,35.0,34.73,17.0,2.9,6.0,198.55,2026-05-11,137.0,3,At-risk / Engagement segment,Engagement campaigns and introductory value offers. Prioritize a win-back message because average recency exceeds 90 days.
1275,Male,41.0,103.82,97.0,3.9,25.0,6166.53,2026-09-05,20.0,1,VIP segment,"Premium membership, luxury offers and early access. Offer a repeat-purchase loyalty benefit."
1276,Male,78.0,103.53,47.0,3.3,4.0,581.31,2026-07-05,82.0,0,Growth opportunity,Special discounts and personalized product campaigns.
1277,Female,37.0,102.86,19.0,3.4,6.0,585.25,2026-08-05,51.0,0,Growth opportunity,Special discounts and personalized product campaigns.
1278,Male,44.0,118.44,73.0,3.5,30.0,6738.25,2026-09-04,21.0,1,VIP segment,"Premium membership, luxury offers and early access. Offer a repeat-purchase loyalty benefit."
1279,Female,45.0,53.33,60.0,4.1,12.0,1121.35,2026-09-19,6.0,2,Value-focused loyalists,"Budget-friendly offers, bundles and loyalty rewards. Offer a repeat-purchase loyalty benefit."
1280,Female,36.0,39.94,15.0,3.1,7.0,244.42,2026-05-16,132.0,3,At-risk / Engagement segment,Engagement campaigns and introductory value offers. Prioritize a win-back message because average recency exceeds 90 days.
1281,Male,49.0,87.31,25.0,2.9,5.0,590.42,2026-08-03,53.0,0,Growth opportunity,Special discounts and personalized product campaigns.
1282,Female,18.0,23.98,89.0,4.0,25.0,1156.61,2026-09-19,6.0,2,Value-focused loyalists,"Budget-friendly offers, bundles and loyalty rewards. Offer a repeat-purchase loyalty benefit."
1283,Female,29.0,24.6,71.0,1.0,19.0,1074.37,2026-08-29,27.0,2,Value-focused loyalists,"Budget-friendly offers, bundles and loyalty rewards. Offer a repeat-purchase loyalty benefit."
1284,Female,41.0,14.99,1.0,3.1,7.0,220.9,2026-05-20,128.0,3,At-risk / Engagement segment,Engagement campaigns and introductory value offers. Prioritize a win-back message because average recency exceeds 90 days.
1285,Female,42.0,76.22,37.0,2.6,22.0,2176.9,2026-08-12,44.0,0,Growth opportunity,Special discounts and personalized product campaigns.
1286,Male,45.0,48.43,53.0,4.6,10.0,908.52,2026-08-21,35.0,0,Growth opportunity,Special discounts and personalized product campaigns.
1287,Male,42.0,22.22,56.0,3.2,18.0,901.83,2026-08-19,37.0,2,Value-focused loyalists,"Budget-friendly offers, bundles and loyalty rewards. Offer a repeat-purchase loyalty benefit."
1288,Female,57.0,117.58,24.0,3.1,3.0,551.97,2026-06-23,94.0,0,Growth opportunity,Special discounts and personalized product campaigns.
1289,Female,29.0,24.01,61.0,3.6,22.0,1019.49,2026-08-27,29.0,2,Value-focused loyalists,"Budget-friendly offers, bundles and loyalty rewards. Offer a repeat-purchase loyalty benefit."
1290,Female,18.0,29.37,98.0,3.1,21.0,1309.33,2026-07-24,63.0,2,Value-focused loyalists,"Budget-friendly offers, bundles and loyalty rewards. Offer a repeat-purchase loyalty benefit."
1291,Female,22.0,17.83,100.0,3.3,21.0,1218.47,2026-08-29,27.0,2,Value-focused loyalists,"Budget-friendly offers, bundles and loyalty rewards. Offer a repeat-purchase loyalty benefit."
1292,Male,34.0,41.66,9.0,3.7,4.0,92.04,2026-03-15,194.0,3,At-risk / Engagement segment,Engagement campaigns and introductory value offers. Prioritize a win-back message because average recency exceeds 90 days.
1293,Male,31.0,43.85,81.0,3.2,23.0,1090.92,2026-09-21,4.0,2,Value-focused loyalists,"Budget-friendly offers, bundles and loyalty rewards. Offer a repeat-purchase loyalty benefit."
1294,Male,43.0,110.35,16.0,3.2,7.0,814.66,2026-08-26,30.0,0,Growth opportunity,Special discounts and personalized product campaigns.
1295,Female,39.0,107.53,24.0,2.7,4.0,530.19,2026-06-17,100.0,0,Growth opportunity,Special discounts and personalized product campaigns.
1296,Male,18.0,33.03,100.0,2.6,18.0,1059.02,2026-09-14,11.0,2,Value-focused loyalists,"Budget-friendly offers, bundles and loyalty rewards. Offer a repeat-purchase loyalty benefit."
1297,Male,25.0,102.66,78.0,3.7,33.0,7768.63,2026-09-23,2.0,1,VIP segment,"Premium membership, luxury offers and early access. Offer a repeat-purchase loyalty benefit."
1298,Male,40.0,98.59,81.0,3.9,38.0,10212.65,2026-09-14,11.0,1,VIP segment,"Premium membership, luxury offers and early access. Offer a repeat-purchase loyalty benefit."
1299,Female,21.0,48.06,11.0,2.4,3.0,117.08,2026-02-16,221.0,3,At-risk / Engagement segment,Engagement campaigns and introductory value offers. Prioritize a win-back message because average recency exceeds 90 days.
1300,Female,18.0,42.71,92.0,4.2,25.0,1165.49,2026-08-22,34.0,2,Value-focused loyalists,"Budget-friendly offers, bundles and loyalty rewards. Offer a repeat-purchase loyalty benefit."
1301,Male,44.0,90.29,1.0,4.2,9.0,1276.06,2026-08-20,36.0,0,Growth opportunity,Special discounts and personalized product campaigns.
1302,Female,18.0,32.56,73.0,4.4,18.0,771.58,2026-09-10,15.0,2,Value-focused loyalists,"Budget-friendly offers, bundles and loyalty rewards. Offer a repeat-purchase loyalty benefit."
1303,Female,40.0,25.8,21.0,3.9,5.0,150.43,2026-06-25,92.0,3,At-risk / Engagement segment,Engagement campaigns and introductory value offers. Prioritize a win-back message because average recency exceeds 90 days.
1304,Other,55.0,84.21,20.0,4.1,9.0,1080.76,2026-08-05,51.0,0,Growth opportunity,Special discounts and personalized product campaigns.
1305,Male,34.0,64.49,63.0,5.0,13.0,1326.82,2026-09-02,23.0,2,Value-focused loyalists,"Budget-friendly offers, bundles and loyalty rewards. Offer a repeat-purchase loyalty benefit."
1306,Female,35.0,56.18,67.0,3.3,15.0,1481.75,2026-08-23,33.0,2,Value-focused loyalists,"Budget-friendly offers, bundles and loyalty rewards. Offer a repeat-purchase loyalty benefit."
1307,Female,41.0,16.66,5.0,2.7,6.0,264.2,2026-06-26,91.0,3,At-risk / Engagement segment,Engagement campaigns and introductory value offers. Prioritize a win-back message because average recency exceeds 90 days.
1308,Female,29.0,12.0,47.0,2.3,5.0,242.62,2026-04-14,164.0,3,At-risk / Engagement segment,Engagement campaigns and introductory value offers. Prioritize a win-back message because average recency exceeds 90 days.
1309,Male,34.0,88.11,67.0,5.0,27.0,6598.42,2026-09-20,5.0,1,VIP segment,"Premium membership, luxury offers and early access. Offer a repeat-purchase loyalty benefit."
1310,Female,51.0,56.8,68.0,5.0,10.0,1175.98,2026-07-29,58.0,0,Growth opportunity,Special discounts and personalized product campaigns.
1311,Male,37.0,30.81,80.0,2.8,22.0,968.12,2026-09-06,19.0,2,Value-focused loyalists,"Budget-friendly offers, bundles and loyalty rewards. Offer a repeat-purchase loyalty benefit."
1312,Male,45.0,49.75,47.0,3.0,16.0,1578.08,2026-06-23,94.0,0,Growth opportunity,Special discounts and personalized product campaigns.
1313,Male,37.0,41.11,73.0,3.3,24.0,1148.23,2026-09-12,13.0,2,Value-focused loyalists,"Budget-friendly offers, bundles and loyalty rewards. Offer a repeat-purchase loyalty benefit."
1314,Male,22.0,109.08,84.0,4.6,37.0,8483.55,2026-09-05,20.0,1,VIP segment,"Premium membership, luxury offers and early access. Offer a repeat-purchase loyalty benefit."
1315,Female,56.0,118.08,87.0,2.5,35.0,8194.86,2026-09-22,3.0,1,VIP segment,"Premium membership, luxury offers and early access. Offer a repeat-purchase loyalty benefit."
1316,Female,40.0,27.44,11.0,1.9,7.0,227.68,2026-06-29,88.0,3,At-risk / Engagement segment,Engagement campaigns and introductory value offers. Prioritize a win-back message because average recency exceeds 90 days.
1317,Male,38.0,20.98,75.0,5.0,25.0,1288.16,2026-09-08,17.0,2,Value-focused loyalists,"Budget-friendly offers, bundles and loyalty rewards. Offer a repeat-purchase loyalty benefit."
1318,Female,46.0,111.6,75.0,3.9,28.0,7431.27,2026-09-20,5.0,1,VIP segment,"Premium membership, luxury offers and early access. Offer a repeat-purchase loyalty benefit."
1319,Female,36.0,12.32,7.0,4.0,2.0,46.98,2026-07-24,63.0,3,At-risk / Engagement segment,Engagement campaigns and introductory value offers. Prioritize a win-back message because average recency exceeds 90 days.
1320,Female,36.0,69.55,43.0,3.4,13.0,1277.04,2026-08-20,36.0,2,Value-focused loyalists,"Budget-friendly offers, bundles and loyalty rewards. Offer a repeat-purchase loyalty benefit."
1321,Female,32.0,18.88,64.0,4.0,25.0,1455.56,2026-09-07,18.0,2,Value-focused loyalists,"Budget-friendly offers, bundles and loyalty rewards. Offer a repeat-purchase loyalty benefit."
1322,Female,25.0,44.86,73.0,2.3,23.0,990.79,2026-09-14,11.0,2,Value-focused loyalists,"Budget-friendly offers, bundles and loyalty rewards. Offer a repeat-purchase loyalty benefit."
1323,Male,51.0,105.26,89.0,2.9,34.0,8848.96,2026-09-06,19.0,1,VIP segment,"Premium membership, luxury offers and early access. Offer a repeat-purchase loyalty benefit."
1324,Male,23.0,76.88,54.0,3.7,12.0,1395.26,2026-09-13,12.0,2,Value-focused loyalists,"Budget-friendly offers, bundles and loyalty rewards. Offer a repeat-purchase loyalty benefit."
1325,Male,43.0,84.28,52.0,1.7,7.0,837.33,2026-08-20,36.0,0,Growth opportunity,Special discounts and personalized product campaigns.
1326,Male,59.0,52.51,26.0,3.3,9.0,1147.21,2026-09-05,20.0,0,Growth opportunity,Special discounts and personalized product campaigns.
1327,Female,22.0,37.33,84.0,3.3,19.0,1115.57,2026-08-09,47.0,2,Value-focused loyalists,"Budget-friendly offers, bundles and loyalty rewards. Offer a repeat-purchase loyalty benefit."
1328,Male,26.0,48.39,78.0,3.3,22.0,993.96,2026-08-11,45.0,2,Value-focused loyalists,"Budget-friendly offers, bundles and loyalty rewards. Offer a repeat-purchase loyalty benefit."
1329,Male,39.0,123.33,38.0,3.1,6.0,469.5,2026-08-28,28.0,0,Growth opportunity,Special discounts and personalized product campaigns.
1330,Female,45.0,110.58,93.0,2.8,36.0,8648.31,2026-09-18,7.0,1,VIP segment,"Premium membership, luxury offers and early access. Offer a repeat-purchase loyalty benefit."
1331,Male,32.0,87.73,51.0,2.1,11.0,1075.75,2026-08-19,37.0,2,Value-focused loyalists,"Budget-friendly offers, bundles and loyalty rewards. Offer a repeat-purchase loyalty benefit."
1332,Female,26.0,27.94,80.0,3.7,26.0,1268.43,2026-09-02,23.0,2,Value-focused loyalists,"Budget-friendly offers, bundles and loyalty rewards. Offer a repeat-purchase loyalty benefit."
1333,Female,36.0,47.38,69.0,3.3,24.0,1298.44,2026-08-13,43.0,2,Value-focused loyalists,"Budget-friendly offers, bundles and loyalty rewards. Offer a repeat-purchase loyalty benefit."
1334,Female,32.0,48.81,60.0,2.4,12.0,1023.1,2026-09-16,9.0,2,Value-focused loyalists,"Budget-friendly offers, bundles and loyalty rewards. Offer a repeat-purchase loyalty benefit."
1335,Female,47.0,67.88,30.0,3.7,14.0,1302.81,2026-08-19,37.0,0,Growth opportunity,Special discounts and personalized product campaigns.
1336,Female,47.0,29.22,62.0,3.3,16.0,1393.78,2026-09-15,10.0,2,Value-focused loyalists,"Budget-friendly offers, bundles and loyalty rewards. Offer a repeat-purchase loyalty benefit."
1337,Male,59.0,84.3,28.0,3.2,3.0,766.9,2026-08-21,35.0,0,Growth opportunity,Special discounts and personalized product campaigns.
1338,Male,37.0,36.53,16.0,1.8,3.0,81.08,2026-04-02,176.0,3,At-risk / Engagement segment,Engagement campaigns and introductory value offers. Prioritize a win-back message because average recency exceeds 90 days.
1339,Female,71.0,43.63,50.0,4.2,16.0,1883.34,2026-09-04,21.0,0,Growth opportunity,Special discounts and personalized product campaigns.
1340,Male,39.0,37.98,76.0,2.6,17.0,813.49,2026-09-16,9.0,2,Value-focused loyalists,"Budget-friendly offers, bundles and loyalty rewards. Offer a repeat-purchase loyalty benefit."
1341,Female,45.0,122.69,100.0,3.7,34.0,8362.36,2026-09-20,5.0,1,VIP segment,"Premium membership, luxury offers and early access. Offer a repeat-purchase loyalty benefit."
1342,Male,30.0,54.98,92.0,2.9,19.0,1886.23,2026-08-31,25.0,2,Value-focused loyalists,"Budget-friendly offers, bundles and loyalty rewards. Offer a repeat-purchase loyalty benefit."
1343,Female,27.0,18.43,93.0,3.3,15.0,728.87,2026-08-15,41.0,2,Value-focused loyalists,"Budget-friendly offers, bundles and loyalty rewards. Offer a repeat-purchase loyalty benefit."
1344,Female,42.0,25.36,71.0,4.6,23.0,1253.12,2026-09-14,11.0,2,Value-focused loyalists,"Budget-friendly offers, bundles and loyalty rewards. Offer a repeat-purchase loyalty benefit."
1345,Male,56.0,48.48,61.0,4.1,11.0,1237.92,2026-08-28,28.0,0,Growth opportunity,Special discounts and personalized product campaigns.
1346,Male,51.0,28.58,30.0,4.6,1.0,31.23,2026-07-22,65.0,3,At-risk / Engagement segment,Engagement campaigns and introductory value offers. Prioritize a win-back message because average recency exceeds 90 days.
1347,Male,36.0,33.43,67.0,3.9,31.0,1554.63,2026-08-29,27.0,2,Value-focused loyalists,"Budget-friendly offers, bundles and loyalty rewards. Offer a repeat-purchase loyalty benefit."
1348,Male,18.0,27.72,63.0,3.9,28.0,1306.79,2026-09-11,14.0,2,Value-focused loyalists,"Budget-friendly offers, bundles and loyalty rewards. Offer a repeat-purchase loyalty benefit."
1349,Male,33.0,55.44,77.0,2.1,24.0,1201.78,2026-09-15,10.0,2,Value-focused loyalists,"Budget-friendly offers, bundles and loyalty rewards. Offer a repeat-purchase loyalty benefit."
1350,Female,30.0,99.93,94.0,3.3,27.0,6810.34,2026-09-23,2.0,1,VIP segment,"Premium membership, luxury offers and early access. Offer a repeat-purchase loyalty benefit."
1351,Female,24.0,81.48,34.0,3.4,13.0,1261.5,2026-09-10,15.0,2,Value-focused loyalists,"Budget-friendly offers, bundles and loyalty rewards. Offer a repeat-purchase loyalty benefit."
1352,Female,41.0,47.42,44.0,4.6,12.0,1448.63,2026-08-15,41.0,2,Value-focused loyalists,"Budget-friendly offers, bundles and loyalty rewards. Offer a repeat-purchase loyalty benefit."
1353,Female,53.0,101.02,35.0,3.2,8.0,983.11,2026-09-11,14.0,0,Growth opportunity,Special discounts and personalized product campaigns.
1354,Female,57.0,116.56,29.0,3.8,7.0,703.55,2026-04-20,158.0,0,Growth opportunity,Special discounts and personalized product campaigns.
1355,Male,44.0,77.84,70.0,3.8,10.0,867.08,2026-08-29,27.0,0,Growth opportunity,Special discounts and personalized product campaigns.
1356,Female,47.0,104.12,67.0,4.6,32.0,8071.72,2026-09-12,13.0,1,VIP segment,"Premium membership, luxury offers and early access. Offer a repeat-purchase loyalty benefit."
1357,Male,18.0,39.77,100.0,3.5,18.0,1009.39,2026-08-28,28.0,2,Value-focused loyalists,"Budget-friendly offers, bundles and loyalty rewards. Offer a repeat-purchase loyalty benefit."
1358,Female,27.0,37.9,60.0,4.3,20.0,980.73,2026-08-01,55.0,2,Value-focused loyalists,"Budget-friendly offers, bundles and loyalty rewards. Offer a repeat-purchase loyalty benefit."
1359,Male,21.0,22.44,1.0,2.2,4.0,176.86,2026-05-25,123.0,3,At-risk / Engagement segment,Engagement campaigns and introductory value offers. Prioritize a win-back message because average recency exceeds 90 days.
1360,Male,22.0,118.62,83.0,2.2,31.0,6808.89,2026-09-05,20.0,1,VIP segment,"Premium membership, luxury offers and early access. Offer a repeat-purchase loyalty benefit."
1361,Female,43.0,56.07,8.0,1.7,2.0,96.39,2026-05-25,123.0,3,At-risk / Engagement segment,Engagement campaigns and introductory value offers. Prioritize a win-back message because average recency exceeds 90 days.
1362,Female,20.0,38.6,78.0,4.3,25.0,1309.92,2026-09-21,4.0,2,Value-focused loyalists,"Budget-friendly offers, bundles and loyalty rewards. Offer a repeat-purchase loyalty benefit."
1363,Male,45.0,37.93,21.0,4.2,7.0,182.9,2026-06-08,109.0,3,At-risk / Engagement segment,Engagement campaigns and introductory value offers. Prioritize a win-back message because average recency exceeds 90 days.
1364,Male,53.0,119.41,82.0,4.4,44.0,10625.62,2026-09-11,14.0,1,VIP segment,"Premium membership, luxury offers and early access. Offer a repeat-purchase loyalty benefit."
1365,Female,22.0,12.0,68.0,3.0,26.0,1353.04,2026-09-08,17.0,2,Value-focused loyalists,"Budget-friendly offers, bundles and loyalty rewards. Offer a repeat-purchase loyalty benefit."
1366,Female,34.0,38.44,83.0,3.1,29.0,1686.75,2026-08-27,29.0,2,Value-focused loyalists,"Budget-friendly offers, bundles and loyalty rewards. Offer a repeat-purchase loyalty benefit."
1367,Male,41.0,85.77,24.0,3.5,3.0,437.85,2026-08-09,47.0,0,Growth opportunity,Special discounts and personalized product campaigns.
1368,Male,24.0,101.74,97.0,4.8,28.0,6395.24,2026-09-09,16.0,1,VIP segment,"Premium membership, luxury offers and early access. Offer a repeat-purchase loyalty benefit."
1369,Female,49.0,130.27,26.0,5.0,2.0,270.38,2026-03-07,202.0,0,Growth opportunity,Special discounts and personalized product campaigns.
1370,Female,43.0,96.45,16.0,4.3,3.0,567.72,2026-07-01,86.0,0,Growth opportunity,Special discounts and personalized product campaigns.
1371,Male,38.0,99.64,64.0,3.9,36.0,8140.07,2026-09-18,7.0,1,VIP segment,"Premium membership, luxury offers and early access. Offer a repeat-purchase loyalty benefit."
1372,Female,59.0,78.14,51.0,4.7,13.0,1461.56,2026-08-28,28.0,0,Growth opportunity,Special discounts and personalized product campaigns.
1373,Male,18.0,18.73,63.0,3.4,19.0,789.9,2026-09-23,2.0,2,Value-focused loyalists,"Budget-friendly offers, bundles and loyalty rewards. Offer a repeat-purchase loyalty benefit."
1374,Female,43.0,55.74,37.0,3.3,9.0,742.34,2026-08-13,43.0,0,Growth opportunity,Special discounts and personalized product campaigns.
1375,Male,29.0,79.49,59.0,3.5,15.0,1467.0,2026-08-31,25.0,2,Value-focused loyalists,"Budget-friendly offers, bundles and loyalty rewards. Offer a repeat-purchase loyalty benefit."
1376,Female,51.0,110.6,63.0,2.8,29.0,6818.84,2026-09-17,8.0,1,VIP segment,"Premium membership, luxury offers and early access. Offer a repeat-purchase loyalty benefit."
1377,Female,39.0,12.0,39.0,3.5,3.0,85.55,2026-05-18,130.0,3,At-risk / Engagement segment,Engagement campaigns and introductory value offers. Prioritize a win-back message because average recency exceeds 90 days.
1378,Male,43.0,69.62,55.0,2.7,11.0,1188.35,2026-06-12,105.0,0,Growth opportunity,Special discounts and personalized product campaigns.
1379,Female,27.0,24.45,21.0,4.5,2.0,53.04,2026-03-10,199.0,3,At-risk / Engagement segment,Engagement campaigns and introductory value offers. Prioritize a win-back message because average recency exceeds 90 days.
1380,Male,20.0,53.56,66.0,4.1,32.0,1528.01,2026-09-19,6.0,2,Value-focused loyalists,"Budget-friendly offers, bundles and loyalty rewards. Offer a repeat-purchase loyalty benefit."
1381,Female,37.0,23.51,87.0,4.8,22.0,1151.39,2026-09-09,16.0,2,Value-focused loyalists,"Budget-friendly offers, bundles and loyalty rewards. Offer a repeat-purchase loyalty benefit."
1382,Male,60.0,124.72,84.0,2.2,34.0,8509.78,2026-09-20,5.0,1,VIP segment,"Premium membership, luxury offers and early access. Offer a repeat-purchase loyalty benefit."
1383,Male,33.0,56.86,70.0,5.0,26.0,1310.97,2026-09-20,5.0,2,Value-focused loyalists,"Budget-friendly offers, bundles and loyalty rewards. Offer a repeat-purchase loyalty benefit."
1384,Male,30.0,50.09,55.0,2.3,14.0,1325.8,2026-08-26,30.0,2,Value-focused loyalists,"Budget-friendly offers, bundles and loyalty rewards. Offer a repeat-purchase loyalty benefit."
1385,Female,42.0,59.3,33.0,2.6,14.0,1285.86,2026-09-04,21.0,0,Growth opportunity,Special discounts and personalized product campaigns.
1386,Male,66.0,115.44,64.0,3.1,27.0,5928.63,2026-09-13,12.0,1,VIP segment,"Premium membership, luxury offers and early access. Offer a repeat-purchase loyalty benefit."
1387,Male,37.0,18.0,9.0,4.7,3.0,45.95,2026-07-23,64.0,3,At-risk / Engagement segment,Engagement campaigns and introductory value offers. Prioritize a win-back message because average recency exceeds 90 days.
1388,Male,63.0,103.78,32.0,3.8,8.0,865.99,2026-08-19,37.0,0,Growth opportunity,Special discounts and personalized product campaigns.
1389,Female,32.0,58.85,53.0,3.4,12.0,1150.9,2026-08-06,50.0,2,Value-focused loyalists,"Budget-friendly offers, bundles and loyalty rewards. Offer a repeat-purchase loyalty benefit."
1390,Female,42.0,106.57,97.0,2.9,35.0,7091.21,2026-09-24,1.0,1,VIP segment,"Premium membership, luxury offers and early access. Offer a repeat-purchase loyalty benefit."
1391,Female,45.0,62.69,42.0,2.4,19.0,2156.91,2026-09-09,16.0,2,Value-focused loyalists,"Budget-friendly offers, bundles and loyalty rewards. Offer a repeat-purchase loyalty benefit."
1392,Male,43.0,63.0,60.0,4.6,13.0,1139.44,2026-08-31,25.0,2,Value-focused loyalists,"Budget-friendly offers, bundles and loyalty rewards. Offer a repeat-purchase loyalty benefit."
1393,Male,34.0,112.29,83.0,4.3,37.0,8493.72,2026-09-17,8.0,1,VIP segment,"Premium membership, luxury offers and early access. Offer a repeat-purchase loyalty benefit."
1394,Female,34.0,101.62,73.0,4.7,33.0,7438.73,2026-09-18,7.0,1,VIP segment,"Premium membership, luxury offers and early access. Offer a repeat-purchase loyalty benefit."
1395,Male,49.0,54.23,58.0,3.9,18.0,1489.54,2026-08-07,49.0,2,Value-focused loyalists,"Budget-friendly offers, bundles and loyalty rewards. Offer a repeat-purchase loyalty benefit."
1396,Male,54.0,108.34,83.0,1.4,37.0,9238.27,2026-09-19,6.0,1,VIP segment,"Premium membership, luxury offers and early access. Offer a repeat-purchase loyalty benefit."
1397,Female,43.0,31.37,70.0,2.5,26.0,1358.18,2026-09-08,17.0,2,Value-focused loyalists,"Budget-friendly offers, bundles and loyalty rewards. Offer a repeat-purchase loyalty benefit."
1398,Female,57.0,55.86,54.0,4.0,14.0,1162.91,2026-09-09,16.0,0,Growth opportunity,Special discounts and personalized product campaigns.
1399,Male,29.0,36.54,76.0,3.3,24.0,1120.84,2026-09-14,11.0,2,Value-focused loyalists,"Budget-friendly offers, bundles and loyalty rewards. Offer a repeat-purchase loyalty benefit."
1400,Male,25.0,12.0,76.0,3.1,28.0,1128.35,2026-09-09,16.0,2,Value-focused loyalists,"Budget-friendly offers, bundles and loyalty rewards. Offer a repeat-purchase loyalty benefit."
1401,Female,42.0,21.77,73.0,2.7,25.0,1174.49,2026-08-23,33.0,2,Value-focused loyalists,"Budget-friendly offers, bundles and loyalty rewards. Offer a repeat-purchase loyalty benefit."
1402,Male,49.0,106.08,68.0,4.4,27.0,5953.23,2026-09-23,2.0,1,VIP segment,"Premium membership, luxury offers and early access. Offer a repeat-purchase loyalty benefit."
1403,Male,29.0,50.01,54.0,4.0,17.0,1714.71,2026-07-23,64.0,2,Value-focused loyalists,"Budget-friendly offers, bundles and loyalty rewards. Offer a repeat-purchase loyalty benefit."
1404,Male,38.0,122.81,18.0,4.0,10.0,834.06,2026-02-09,228.0,0,Growth opportunity,Special discounts and personalized product campaigns.
1405,Male,53.0,100.26,16.0,3.1,4.0,444.62,2026-08-16,40.0,0,Growth opportunity,Special discounts and personalized product campaigns.
1406,Male,46.0,102.47,25.0,3.7,4.0,616.5,2026-05-31,117.0,0,Growth opportunity,Special discounts and personalized product campaigns.
1407,Male,39.0,55.23,62.0,2.5,11.0,1375.25,2026-09-06,19.0,2,Value-focused loyalists,"Budget-friendly offers, bundles and loyalty rewards. Offer a repeat-purchase loyalty benefit."
1408,Female,53.0,109.78,86.0,3.5,31.0,6863.41,2026-09-14,11.0,1,VIP segment,"Premium membership, luxury offers and early access. Offer a repeat-purchase loyalty benefit."
1409,Male,47.0,44.99,47.0,1.5,21.0,1967.79,2026-08-16,40.0,2,Value-focused loyalists,"Budget-friendly offers, bundles and loyalty rewards. Offer a repeat-purchase loyalty benefit."
1410,Female,49.0,27.62,15.0,2.3,5.0,127.62,2026-05-15,133.0,3,At-risk / Engagement segment,Engagement campaigns and introductory value offers. Prioritize a win-back message because average recency exceeds 90 days.
1411,Male,20.0,48.88,61.0,3.3,12.0,1345.71,2026-09-10,15.0,2,Value-focused loyalists,"Budget-friendly offers, bundles and loyalty rewards. Offer a repeat-purchase loyalty benefit."
1412,Female,42.0,58.12,24.0,5.0,14.0,1522.06,2026-08-04,52.0,0,Growth opportunity,Special discounts and personalized product campaigns.
1413,Male,46.0,26.16,63.0,2.1,13.0,1185.83,2026-09-18,7.0,2,Value-focused loyalists,"Budget-friendly offers, bundles and loyalty rewards. Offer a repeat-purchase loyalty benefit."
1414,Female,24.0,46.21,31.0,2.5,14.0,1209.32,2026-09-15,10.0,2,Value-focused loyalists,"Budget-friendly offers, bundles and loyalty rewards. Offer a repeat-purchase loyalty benefit."
1415,Female,35.0,130.49,67.0,3.8,33.0,7124.81,2026-09-21,4.0,1,VIP segment,"Premium membership, luxury offers and early access. Offer a repeat-purchase loyalty benefit."
1416,Female,31.0,73.63,47.0,5.0,19.0,2144.3,2026-08-28,28.0,2,Value-focused loyalists,"Budget-friendly offers, bundles and loyalty rewards. Offer a repeat-purchase loyalty benefit."
1417,Male,28.0,50.47,100.0,3.8,17.0,755.49,2026-08-01,55.0,2,Value-focused loyalists,"Budget-friendly offers, bundles and loyalty rewards. Offer a repeat-purchase loyalty benefit."
1418,Male,44.0,51.43,98.0,4.2,29.0,1278.16,2026-09-13,12.0,2,Value-focused loyalists,"Budget-friendly offers, bundles and loyalty rewards. Offer a repeat-purchase loyalty benefit."
1419,Female,59.0,71.42,61.0,3.3,15.0,1522.25,2026-08-16,40.0,0,Growth opportunity,Special discounts and personalized product campaigns.
1420,Male,31.0,55.66,57.0,3.2,17.0,1515.67,2026-06-21,96.0,2,Value-focused loyalists,"Budget-friendly offers, bundles and loyalty rewards. Offer a repeat-purchase loyalty benefit."
1421,Male,41.0,15.48,1.0,3.7,6.0,177.39,2026-07-27,60.0,3,At-risk / Engagement segment,Engagement campaigns and introductory value offers. Prioritize a win-back message because average recency exceeds 90 days.
1422,Female,34.0,48.05,80.0,3.0,24.0,1183.52,2026-07-16,71.0,2,Value-focused loyalists,"Budget-friendly offers, bundles and loyalty rewards. Offer a repeat-purchase loyalty benefit."
1423,Male,32.0,32.9,71.0,4.2,16.0,676.67,2026-08-29,27.0,2,Value-focused loyalists,"Budget-friendly offers, bundles and loyalty rewards. Offer a repeat-purchase loyalty benefit."
1424,Female,32.0,66.92,68.0,2.2,14.0,645.07,2026-08-31,25.0,2,Value-focused loyalists,"Budget-friendly offers, bundles and loyalty rewards. Offer a repeat-purchase loyalty benefit."
1425,Female,31.0,26.89,80.0,4.4,29.0,1202.26,2026-09-07,18.0,2,Value-focused loyalists,"Budget-friendly offers, bundles and loyalty rewards. Offer a repeat-purchase loyalty benefit."
1426,Male,45.0,59.62,72.0,3.6,32.0,1523.6,2026-09-22,3.0,1,VIP segment,"Premium membership, luxury offers and early access. Offer a repeat-purchase loyalty benefit."
1427,Female,53.0,107.8,94.0,3.4,42.0,11033.26,2026-09-15,10.0,1,VIP segment,"Premium membership, luxury offers and early access. Offer a repeat-purchase loyalty benefit."
1428,Male,31.0,128.7,61.0,2.2,38.0,8596.48,2026-09-13,12.0,1,VIP segment,"Premium membership, luxury offers and early access. Offer a repeat-purchase loyalty benefit."
1429,Male,47.0,85.75,54.0,2.8,7.0,708.37,2026-06-16,101.0,0,Growth opportunity,Special discounts and personalized product campaigns.
1430,Male,37.0,17.68,67.0,4.6,32.0,1658.58,2026-09-11,14.0,2,Value-focused loyalists,"Budget-friendly offers, bundles and loyalty rewards. Offer a repeat-purchase loyalty benefit."
1431,Male,42.0,55.21,48.0,3.4,18.0,1674.68,2026-08-14,42.0,2,Value-focused loyalists,"Budget-friendly offers, bundles and loyalty rewards. Offer a repeat-purchase loyalty benefit."
1432,Male,47.0,15.54,26.0,3.8,4.0,134.56,2026-08-18,38.0,3,At-risk / Engagement segment,Engagement campaigns and introductory value offers. Prioritize a win-back message because average recency exceeds 90 days.
1433,Other,44.0,92.78,71.0,2.9,35.0,7677.54,2026-09-21,4.0,1,VIP segment,"Premium membership, luxury offers and early access. Offer a repeat-purchase loyalty benefit."
1434,Female,44.0,119.34,86.0,3.6,29.0,6466.5,2026-09-05,20.0,1,VIP segment,"Premium membership, luxury offers and early access. Offer a repeat-purchase loyalty benefit."
1435,Female,49.0,97.25,25.0,2.4,6.0,596.57,2026-01-12,256.0,0,Growth opportunity,Special discounts and personalized product campaigns.
1436,Male,19.0,62.73,45.0,3.7,13.0,1301.08,2026-09-11,14.0,2,Value-focused loyalists,"Budget-friendly offers, bundles and loyalty rewards. Offer a repeat-purchase loyalty benefit."
1437,Female,47.0,107.79,22.0,3.9,8.0,833.85,2026-06-23,94.0,0,Growth opportunity,Special discounts and personalized product campaigns.
1438,Female,21.0,12.0,76.0,3.9,20.0,967.76,2026-08-15,41.0,2,Value-focused loyalists,"Budget-friendly offers, bundles and loyalty rewards. Offer a repeat-purchase loyalty benefit."
1439,Female,27.0,80.01,44.0,2.8,13.0,1098.34,2026-07-30,57.0,2,Value-focused loyalists,"Budget-friendly offers, bundles and loyalty rewards. Offer a repeat-purchase loyalty benefit."
1440,Male,53.0,57.11,53.0,3.3,12.0,1082.75,2026-09-16,9.0,0,Growth opportunity,Special discounts and personalized product campaigns.
1441,Female,53.0,107.45,25.0,4.1,8.0,1011.26,2026-05-11,137.0,0,Growth opportunity,Special discounts and personalized product campaigns.
1442,Female,42.0,118.69,77.0,3.4,30.0,6568.25,2026-09-21,4.0,1,VIP segment,"Premium membership, luxury offers and early access. Offer a repeat-purchase loyalty benefit."
1443,Female,36.0,129.19,100.0,3.4,17.0,4276.71,2026-09-13,12.0,1,VIP segment,"Premium membership, luxury offers and early access. Offer a repeat-purchase loyalty benefit."
1444,Female,45.0,108.53,89.0,5.0,30.0,8190.98,2026-09-10,15.0,1,VIP segment,"Premium membership, luxury offers and early access. Offer a repeat-purchase loyalty benefit."
1445,Male,58.0,70.27,23.0,2.8,6.0,613.04,2026-05-26,122.0,0,Growth opportunity,Special discounts and personalized product campaigns.
1446,Female,20.0,32.8,80.0,4.5,22.0,1128.57,2026-09-12,13.0,2,Value-focused loyalists,"Budget-friendly offers, bundles and loyalty rewards. Offer a repeat-purchase loyalty benefit."
1447,Male,39.0,64.81,41.0,2.6,8.0,749.4,2026-08-10,46.0,0,Growth opportunity,Special discounts and personalized product campaigns.
1448,Male,37.0,17.52,73.0,4.2,27.0,1346.45,2026-08-13,43.0,2,Value-focused loyalists,"Budget-friendly offers, bundles and loyalty rewards. Offer a repeat-purchase loyalty benefit."
1449,Female,18.0,32.06,18.0,4.2,5.0,168.36,2026-03-05,204.0,3,At-risk / Engagement segment,Engagement campaigns and introductory value offers. Prioritize a win-back message because average recency exceeds 90 days.
1450,Male,47.0,94.95,13.0,3.2,5.0,810.8,2026-07-05,82.0,0,Growth opportunity,Special discounts and personalized product campaigns.
1451,Male,35.0,43.2,58.0,2.6,20.0,2646.9,2026-08-14,42.0,2,Value-focused loyalists,"Budget-friendly offers, bundles and loyalty rewards. Offer a repeat-purchase loyalty benefit."
1452,Male,35.0,39.4,16.0,1.9,9.0,288.85,2025-11-04,325.0,3,At-risk / Engagement segment,Engagement campaigns and introductory value offers. Prioritize a win-back message because average recency exceeds 90 days.
1453,Female,34.0,54.11,49.0,3.1,9.0,835.25,2026-08-06,50.0,2,Value-focused loyalists,"Budget-friendly offers, bundles and loyalty rewards. Offer a repeat-purchase loyalty benefit."
1454,Female,40.0,56.31,46.0,4.0,14.0,1323.13,2026-08-24,32.0,2,Value-focused loyalists,"Budget-friendly offers, bundles and loyalty rewards. Offer a repeat-purchase loyalty benefit."
1455,Other,67.0,93.52,64.0,2.7,9.0,1061.6,2026-09-04,21.0,0,Growth opportunity,Special discounts and personalized product campaigns.
1456,Male,39.0,127.3,76.0,3.7,28.0,5605.17,2026-09-07,18.0,1,VIP segment,"Premium membership, luxury offers and early access. Offer a repeat-purchase loyalty benefit."
1457,Male,51.0,99.43,3.0,2.3,8.0,1013.93,2026-09-03,22.0,0,Growth opportunity,Special discounts and personalized product campaigns.
1458,Male,48.0,33.11,59.0,3.4,23.0,1122.18,2026-08-19,37.0,2,Value-focused loyalists,"Budget-friendly offers, bundles and loyalty rewards. Offer a repeat-purchase loyalty benefit."
1459,Female,33.0,55.83,62.0,2.6,9.0,962.21,2026-09-04,21.0,2,Value-focused loyalists,"Budget-friendly offers, bundles and loyalty rewards. Offer a repeat-purchase loyalty benefit."
1460,Male,46.0,38.48,94.0,3.5,25.0,1247.15,2026-07-22,65.0,2,Value-focused loyalists,"Budget-friendly offers, bundles and loyalty rewards. Offer a repeat-purchase loyalty benefit."
1461,Female,39.0,80.89,45.0,3.2,19.0,1585.82,2026-08-04,52.0,0,Growth opportunity,Special discounts and personalized product campaigns.
1462,Male,46.0,41.07,93.0,2.6,32.0,1602.18,2026-08-11,45.0,2,Value-focused loyalists,"Budget-friendly offers, bundles and loyalty rewards. Offer a repeat-purchase loyalty benefit."
1463,Female,56.0,109.62,37.0,3.0,8.0,689.91,2025-12-06,293.0,0,Growth opportunity,Special discounts and personalized product campaigns.
1464,Female,51.0,108.49,26.0,2.8,9.0,874.2,2026-07-10,77.0,0,Growth opportunity,Special discounts and personalized product campaigns.
1465,Male,35.0,12.0,19.0,2.5,5.0,145.13,2025-10-30,330.0,3,At-risk / Engagement segment,Engagement campaigns and introductory value offers. Prioritize a win-back message because average recency exceeds 90 days.
1466,Male,30.0,17.73,24.0,4.5,6.0,145.1,2026-05-14,134.0,3,At-risk / Engagement segment,Engagement campaigns and introductory value offers. Prioritize a win-back message because average recency exceeds 90 days.
1467,Male,29.0,29.13,89.0,3.3,20.0,1008.29,2026-09-18,7.0,2,Value-focused loyalists,"Budget-friendly offers, bundles and loyalty rewards. Offer a repeat-purchase loyalty benefit."
1468,Female,57.0,89.84,33.0,1.7,4.0,480.9,2026-06-22,95.0,0,Growth opportunity,Special discounts and personalized product campaigns.
1469,Female,36.0,15.1,14.0,3.1,4.0,142.57,2026-06-01,116.0,3,At-risk / Engagement segment,Engagement campaigns and introductory value offers. Prioritize a win-back message because average recency exceeds 90 days.
1470,Male,39.0,83.79,82.0,4.4,22.0,4275.28,2026-09-14,11.0,1,VIP segment,"Premium membership, luxury offers and early access. Offer a repeat-purchase loyalty benefit."
1471,Female,36.0,43.15,77.0,3.0,18.0,1646.95,2026-08-06,50.0,2,Value-focused loyalists,"Budget-friendly offers, bundles and loyalty rewards. Offer a repeat-purchase loyalty benefit."
1472,Female,58.0,96.41,31.0,4.9,2.0,221.8,2026-03-12,197.0,0,Growth opportunity,Special discounts and personalized product campaigns.
1473,Male,54.0,109.03,94.0,2.9,41.0,9310.21,2026-09-21,4.0,1,VIP segment,"Premium membership, luxury offers and early access. Offer a repeat-purchase loyalty benefit."
1474,Female,21.0,20.9,84.0,4.0,22.0,985.25,2026-09-05,20.0,2,Value-focused loyalists,"Budget-friendly offers, bundles and loyalty rewards. Offer a repeat-purchase loyalty benefit."
1475,Male,21.0,33.1,81.0,4.5,20.0,814.38,2026-09-15,10.0,2,Value-focused loyalists,"Budget-friendly offers, bundles and loyalty rewards. Offer a repeat-purchase loyalty benefit."
1476,Female,32.0,25.93,79.0,4.0,20.0,1112.5,2026-09-02,23.0,2,Value-focused loyalists,"Budget-friendly offers, bundles and loyalty rewards. Offer a repeat-purchase loyalty benefit."
1477,Male,43.0,47.27,89.0,2.4,18.0,904.53,2026-09-16,9.0,2,Value-focused loyalists,"Budget-friendly offers, bundles and loyalty rewards. Offer a repeat-purchase loyalty benefit."
1478,Male,50.0,59.74,62.0,2.8,16.0,1721.12,2026-08-26,30.0,2,Value-focused loyalists,"Budget-friendly offers, bundles and loyalty rewards. Offer a repeat-purchase loyalty benefit."
1479,Male,18.0,41.75,81.0,4.6,21.0,1032.53,2026-09-06,19.0,2,Value-focused loyalists,"Budget-friendly offers, bundles and loyalty rewards. Offer a repeat-purchase loyalty benefit."
1480,Male,25.0,34.84,70.0,2.9,19.0,820.7,2026-08-19,37.0,2,Value-focused loyalists,"Budget-friendly offers, bundles and loyalty rewards. Offer a repeat-purchase loyalty benefit."
1481,Female,19.0,12.37,83.0,4.4,27.0,1383.24,2026-09-20,5.0,2,Value-focused loyalists,"Budget-friendly offers, bundles and loyalty rewards. Offer a repeat-purchase loyalty benefit."
1482,Male,39.0,108.73,83.0,3.2,29.0,6968.56,2026-09-09,16.0,1,VIP segment,"Premium membership, luxury offers and early access. Offer a repeat-purchase loyalty benefit."
1483,Male,52.0,12.7,18.0,3.7,4.0,113.14,2026-06-19,98.0,3,At-risk / Engagement segment,Engagement campaigns and introductory value offers. Prioritize a win-back message because average recency exceeds 90 days.
1484,Male,34.0,98.49,60.0,2.4,10.0,1195.92,2026-07-21,66.0,0,Growth opportunity,Special discounts and personalized product campaigns.
1485,Male,20.0,19.57,4.0,3.1,5.0,119.59,2026-06-24,93.0,3,At-risk / Engagement segment,Engagement campaigns and introductory value offers. Prioritize a win-back message because average recency exceeds 90 days.
1486,Male,34.0,115.35,96.0,2.9,33.0,9163.44,2026-09-19,6.0,1,VIP segment,"Premium membership, luxury offers and early access. Offer a repeat-purchase loyalty benefit."
1487,Male,42.0,43.21,43.0,3.8,8.0,726.29,2026-07-12,75.0,0,Growth opportunity,Special discounts and personalized product campaigns.
1488,Male,34.0,32.21,80.0,3.7,24.0,1264.89,2026-09-01,24.0,2,Value-focused loyalists,"Budget-friendly offers, bundles and loyalty rewards. Offer a repeat-purchase loyalty benefit."
1489,Female,43.0,70.01,84.0,4.0,11.0,1312.73,2026-09-03,22.0,2,Value-focused loyalists,"Budget-friendly offers, bundles and loyalty rewards. Offer a repeat-purchase loyalty benefit."
1490,Male,40.0,44.71,66.0,3.2,27.0,1205.47,2026-08-07,49.0,2,Value-focused loyalists,"Budget-friendly offers, bundles and loyalty rewards. Offer a repeat-purchase loyalty benefit."
1491,Male,24.0,99.3,75.0,2.8,24.0,6269.35,2026-09-22,3.0,1,VIP segment,"Premium membership, luxury offers and early access. Offer a repeat-purchase loyalty benefit."
1492,Female,51.0,62.25,53.0,3.8,19.0,1496.83,2026-09-11,14.0,2,Value-focused loyalists,"Budget-friendly offers, bundles and loyalty rewards. Offer a repeat-purchase loyalty benefit."
1493,Male,33.0,32.58,12.0,2.7,4.0,175.7,2026-07-30,57.0,3,At-risk / Engagement segment,Engagement campaigns and introductory value offers. Prioritize a win-back message because average recency exceeds 90 days.
1494,Male,46.0,83.66,64.0,4.5,18.0,1803.26,2026-07-29,58.0,0,Growth opportunity,Special discounts and personalized product campaigns.
1495,Female,18.0,12.0,72.0,3.5,21.0,1192.08,2026-09-12,13.0,2,Value-focused loyalists,"Budget-friendly offers, bundles and loyalty rewards. Offer a repeat-purchase loyalty benefit."
1496,Male,36.0,17.24,30.0,3.3,2.0,72.35,2026-09-19,6.0,3,At-risk / Engagement segment,Engagement campaigns and introductory value offers. Prioritize a win-back message because average recency exceeds 90 days.
1497,Male,41.0,101.26,37.0,4.0,17.0,1425.22,2026-09-21,4.0,1,VIP segment,"Premium membership, luxury offers and early access. Offer a repeat-purchase loyalty benefit."
1498,Male,48.0,26.18,1.0,3.5,6.0,198.24,2026-07-31,56.0,3,At-risk / Engagement segment,Engagement campaigns and introductory value offers. Prioritize a win-back message because average recency exceeds 90 days.
1499,Female,32.0,73.53,25.0,2.2,13.0,1495.76,2026-08-25,31.0,0,Growth opportunity,Special discounts and personalized product campaigns.
1500,Male,36.0,21.84,3.0,2.7,2.0,54.62,2026-05-15,133.0,3,At-risk / Engagement segment,Engagement campaigns and introductory value offers. Prioritize a win-back message because average recency exceeds 90 days.
1501,Female,25.0,12.0,40.0,4.5,3.0,124.67,2026-04-06,172.0,3,At-risk / Engagement segment,Engagement campaigns and introductory value offers. Prioritize a win-back message because average recency exceeds 90 days.
1502,Male,44.0,65.37,35.0,3.7,15.0,2089.16,2026-09-16,9.0,2,Value-focused loyalists,"Budget-friendly offers, bundles and loyalty rewards. Offer a repeat-purchase loyalty benefit."
1503,Female,36.0,43.34,66.0,2.2,16.0,767.97,2026-09-20,5.0,2,Value-focused loyalists,"Budget-friendly offers, bundles and loyalty rewards. Offer a repeat-purchase loyalty benefit."
1504,Male,41.0,19.24,83.0,3.9,27.0,1320.91,2026-07-15,72.0,2,Value-focused loyalists,"Budget-friendly offers, bundles and loyalty rewards. Offer a repeat-purchase loyalty benefit."
1505,Male,34.0,55.41,46.0,3.1,13.0,999.15,2026-08-31,25.0,2,Value-focused loyalists,"Budget-friendly offers, bundles and loyalty rewards. Offer a repeat-purchase loyalty benefit."
1506,Male,37.0,44.93,60.0,2.9,20.0,981.16,2026-08-31,25.0,2,Value-focused loyalists,"Budget-friendly offers, bundles and loyalty rewards. Offer a repeat-purchase loyalty benefit."
1507,Male,50.0,12.0,46.0,2.6,4.0,101.66,2026-05-27,121.0,3,At-risk / Engagement segment,Engagement campaigns and introductory value offers. Prioritize a win-back message because average recency exceeds 90 days.
1508,Male,18.0,13.5,66.0,4.4,23.0,1251.71,2026-09-21,4.0,2,Value-focused loyalists,"Budget-friendly offers, bundles and loyalty rewards. Offer a repeat-purchase loyalty benefit."
1509,Male,54.0,96.81,26.0,1.9,6.0,909.27,2026-09-22,3.0,0,Growth opportunity,Special discounts and personalized product campaigns.
1510,Female,46.0,19.47,19.0,2.9,6.0,234.25,2025-10-30,330.0,3,At-risk / Engagement segment,Engagement campaigns and introductory value offers. Prioritize a win-back message because average recency exceeds 90 days.
1511,Male,39.0,105.89,93.0,3.7,29.0,6575.26,2026-09-07,18.0,1,VIP segment,"Premium membership, luxury offers and early access. Offer a repeat-purchase loyalty benefit."
1512,Male,36.0,82.31,34.0,4.9,7.0,944.12,2026-08-12,44.0,0,Growth opportunity,Special discounts and personalized product campaigns.
1513,Other,45.0,33.0,12.0,4.1,4.0,128.73,2026-07-26,61.0,3,At-risk / Engagement segment,Engagement campaigns and introductory value offers. Prioritize a win-back message because average recency exceeds 90 days.
1514,Male,24.0,27.91,18.0,2.9,5.0,205.19,2026-01-20,248.0,3,At-risk / Engagement segment,Engagement campaigns and introductory value offers. Prioritize a win-back message because average recency exceeds 90 days.
1515,Male,37.0,69.69,50.0,4.9,13.0,1186.5,2026-09-03,22.0,2,Value-focused loyalists,"Budget-friendly offers, bundles and loyalty rewards. Offer a repeat-purchase loyalty benefit."
1516,Male,48.0,102.81,37.0,2.4,5.0,425.23,2026-08-18,38.0,0,Growth opportunity,Special discounts and personalized product campaigns.
1517,Male,49.0,112.89,70.0,3.8,34.0,7823.87,2026-09-20,5.0,1,VIP segment,"Premium membership, luxury offers and early access. Offer a repeat-purchase loyalty benefit."
1518,Female,33.0,41.75,77.0,4.0,7.0,659.96,2026-06-26,91.0,2,Value-focused loyalists,"Budget-friendly offers, bundles and loyalty rewards. Offer a repeat-purchase loyalty benefit."
1519,Male,35.0,116.9,75.0,2.9,27.0,6601.22,2026-09-12,13.0,1,VIP segment,"Premium membership, luxury offers and early access. Offer a repeat-purchase loyalty benefit."
1520,Male,49.0,95.37,28.0,4.2,7.0,771.31,2026-04-23,155.0,0,Growth opportunity,Special discounts and personalized product campaigns.
1521,Male,58.0,97.67,14.0,3.2,8.0,745.66,2026-06-06,111.0,0,Growth opportunity,Special discounts and personalized product campaigns.
1522,Male,51.0,46.68,62.0,4.2,21.0,931.83,2026-08-18,38.0,2,Value-focused loyalists,"Budget-friendly offers, bundles and loyalty rewards. Offer a repeat-purchase loyalty benefit."
1523,Female,24.0,51.93,43.0,2.0,17.0,1635.28,2026-08-21,35.0,2,Value-focused loyalists,"Budget-friendly offers, bundles and loyalty rewards. Offer a repeat-purchase loyalty benefit."
1524,Female,42.0,80.92,41.0,3.9,15.0,1398.41,2026-09-20,5.0,2,Value-focused loyalists,"Budget-friendly offers, bundles and loyalty rewards. Offer a repeat-purchase loyalty benefit."
1525,Male,25.0,50.22,17.0,3.2,4.0,114.85,2026-08-28,28.0,3,At-risk / Engagement segment,Engagement campaigns and introductory value offers. Prioritize a win-back message because average recency exceeds 90 days.
1526,Female,52.0,120.54,72.0,4.6,22.0,5352.3,2026-08-27,29.0,1,VIP segment,"Premium membership, luxury offers and early access. Offer a repeat-purchase loyalty benefit."
1527,Female,39.0,86.27,36.0,3.6,8.0,1036.03,2026-04-23,155.0,0,Growth opportunity,Special discounts and personalized product campaigns.
1528,Female,21.0,12.0,69.0,4.7,31.0,1503.07,2026-09-13,12.0,2,Value-focused loyalists,"Budget-friendly offers, bundles and loyalty rewards. Offer a repeat-purchase loyalty benefit."
1529,Male,36.0,125.1,73.0,4.0,25.0,5505.72,2026-09-24,1.0,1,VIP segment,"Premium membership, luxury offers and early access. Offer a repeat-purchase loyalty benefit."
1530,Female,47.0,101.56,23.0,3.5,9.0,1028.22,2026-09-04,21.0,0,Growth opportunity,Special discounts and personalized product campaigns.
1531,Female,51.0,89.57,40.0,4.3,6.0,915.64,2026-08-07,49.0,0,Growth opportunity,Special discounts and personalized product campaigns.
1532,Female,47.0,126.43,87.0,4.3,25.0,5801.51,2026-09-12,13.0,1,VIP segment,"Premium membership, luxury offers and early access. Offer a repeat-purchase loyalty benefit."
1533,Female,28.0,19.94,77.0,4.0,28.0,1383.31,2026-09-02,23.0,2,Value-focused loyalists,"Budget-friendly offers, bundles and loyalty rewards. Offer a repeat-purchase loyalty benefit."
1534,Female,23.0,24.06,5.0,1.7,4.0,131.47,2026-05-12,136.0,3,At-risk / Engagement segment,Engagement campaigns and introductory value offers. Prioritize a win-back message because average recency exceeds 90 days.
1535,Male,49.0,117.35,70.0,2.8,24.0,6069.78,2026-09-22,3.0,1,VIP segment,"Premium membership, luxury offers and early access. Offer a repeat-purchase loyalty benefit."
1536,Male,27.0,16.41,63.0,4.8,28.0,1253.98,2026-08-28,28.0,2,Value-focused loyalists,"Budget-friendly offers, bundles and loyalty rewards. Offer a repeat-purchase loyalty benefit."
1537,Female,51.0,60.47,69.0,2.5,15.0,1295.5,2026-09-12,13.0,2,Value-focused loyalists,"Budget-friendly offers, bundles and loyalty rewards. Offer a repeat-purchase loyalty benefit."
1538,Male,29.0,45.25,28.0,4.4,3.0,108.29,2025-10-30,330.0,3,At-risk / Engagement segment,Engagement campaigns and introductory value offers. Prioritize a win-back message because average recency exceeds 90 days.
1539,Female,23.0,64.96,43.0,4.2,13.0,1220.75,2026-08-22,34.0,2,Value-focused loyalists,"Budget-friendly offers, bundles and loyalty rewards. Offer a repeat-purchase loyalty benefit."
1540,Female,28.0,49.46,71.0,3.0,20.0,883.76,2026-09-12,13.0,2,Value-focused loyalists,"Budget-friendly offers, bundles and loyalty rewards. Offer a repeat-purchase loyalty benefit."
1541,Male,52.0,77.87,43.0,1.9,13.0,1389.22,2026-08-09,47.0,0,Growth opportunity,Special discounts and personalized product campaigns.
1542,Male,50.0,100.11,17.0,3.1,9.0,1049.95,2026-07-09,78.0,0,Growth opportunity,Special discounts and personalized product campaigns.
1543,Male,26.0,12.0,84.0,5.0,20.0,1050.92,2026-08-13,43.0,2,Value-focused loyalists,"Budget-friendly offers, bundles and loyalty rewards. Offer a repeat-purchase loyalty benefit."
1544,Female,33.0,94.52,81.0,2.9,37.0,9516.24,2026-09-05,20.0,1,VIP segment,"Premium membership, luxury offers and early access. Offer a repeat-purchase loyalty benefit."
1545,Female,46.0,42.69,100.0,2.9,26.0,1136.87,2026-08-24,32.0,2,Value-focused loyalists,"Budget-friendly offers, bundles and loyalty rewards. Offer a repeat-purchase loyalty benefit."
1546,Female,18.0,12.0,93.0,2.8,28.0,1474.57,2026-09-07,18.0,2,Value-focused loyalists,"Budget-friendly offers, bundles and loyalty rewards. Offer a repeat-purchase loyalty benefit."
1547,Female,41.0,95.43,44.0,4.6,1.0,129.13,2026-06-13,104.0,3,At-risk / Engagement segment,Engagement campaigns and introductory value offers. Prioritize a win-back message because average recency exceeds 90 days.
1548,Other,42.0,34.74,30.0,3.4,2.0,50.87,2026-09-21,4.0,3,At-risk / Engagement segment,Engagement campaigns and introductory value offers. Prioritize a win-back message because average recency exceeds 90 days.
1549,Female,29.0,120.57,23.0,3.1,4.0,443.7,2026-06-15,102.0,0,Growth opportunity,Special discounts and personalized product campaigns.
1550,Male,61.0,91.95,35.0,4.8,7.0,697.92,2026-07-19,68.0,0,Growth opportunity,Special discounts and personalized product campaigns.
1551,Male,48.0,100.99,80.0,4.1,26.0,5303.58,2026-09-17,8.0,1,VIP segment,"Premium membership, luxury offers and early access. Offer a repeat-purchase loyalty benefit."
1552,Male,37.0,31.27,98.0,2.8,25.0,1329.81,2026-09-10,15.0,2,Value-focused loyalists,"Budget-friendly offers, bundles and loyalty rewards. Offer a repeat-purchase loyalty benefit."
1553,Female,54.0,104.91,33.0,2.6,6.0,731.86,2026-07-28,59.0,0,Growth opportunity,Special discounts and personalized product campaigns.
1554,Male,26.0,29.84,81.0,4.6,28.0,1476.26,2026-08-22,34.0,2,Value-focused loyalists,"Budget-friendly offers, bundles and loyalty rewards. Offer a repeat-purchase loyalty benefit."
1555,Female,37.0,114.69,30.0,3.6,5.0,763.89,2026-01-30,238.0,0,Growth opportunity,Special discounts and personalized product campaigns.
1556,Male,38.0,50.81,74.0,2.3,14.0,1478.59,2026-09-02,23.0,2,Value-focused loyalists,"Budget-friendly offers, bundles and loyalty rewards. Offer a repeat-purchase loyalty benefit."
1557,Male,29.0,63.68,36.0,2.1,21.0,2569.66,2026-09-06,19.0,2,Value-focused loyalists,"Budget-friendly offers, bundles and loyalty rewards. Offer a repeat-purchase loyalty benefit."
1558,Male,33.0,38.23,100.0,2.7,27.0,1390.14,2026-07-28,59.0,2,Value-focused loyalists,"Budget-friendly offers, bundles and loyalty rewards. Offer a repeat-purchase loyalty benefit."
1559,Male,44.0,24.4,20.0,2.5,1.0,29.2,2026-07-21,66.0,3,At-risk / Engagement segment,Engagement campaigns and introductory value offers. Prioritize a win-back message because average recency exceeds 90 days.
1560,Male,54.0,73.76,36.0,1.9,12.0,1293.9,2026-08-12,44.0,0,Growth opportunity,Special discounts and personalized product campaigns.
1561,Male,43.0,64.09,44.0,2.7,10.0,973.29,2026-07-24,63.0,0,Growth opportunity,Special discounts and personalized product campaigns.
1562,Male,45.0,41.04,2.0,2.8,10.0,306.99,2026-08-12,44.0,3,At-risk / Engagement segment,Engagement campaigns and introductory value offers. Prioritize a win-back message because average recency exceeds 90 days.
1563,Male,36.0,64.72,61.0,3.2,16.0,1347.48,2026-08-18,38.0,2,Value-focused loyalists,"Budget-friendly offers, bundles and loyalty rewards. Offer a repeat-purchase loyalty benefit."
1564,Female,34.0,67.27,41.0,5.0,13.0,1354.92,2026-09-10,15.0,2,Value-focused loyalists,"Budget-friendly offers, bundles and loyalty rewards. Offer a repeat-purchase loyalty benefit."
1565,Male,44.0,53.15,55.0,3.4,13.0,1137.56,2026-08-22,34.0,2,Value-focused loyalists,"Budget-friendly offers, bundles and loyalty rewards. Offer a repeat-purchase loyalty benefit."
1566,Male,24.0,23.17,92.0,3.5,15.0,637.64,2026-08-12,44.0,2,Value-focused loyalists,"Budget-friendly offers, bundles and loyalty rewards. Offer a repeat-purchase loyalty benefit."
1567,Male,45.0,127.14,76.0,4.0,29.0,7493.75,2026-09-15,10.0,1,VIP segment,"Premium membership, luxury offers and early access. Offer a repeat-purchase loyalty benefit."
1568,Female,31.0,118.9,81.0,3.4,25.0,5108.06,2026-09-05,20.0,1,VIP segment,"Premium membership, luxury offers and early access. Offer a repeat-purchase loyalty benefit."
1569,Male,19.0,17.68,62.0,3.9,17.0,888.7,2026-09-18,7.0,2,Value-focused loyalists,"Budget-friendly offers, bundles and loyalty rewards. Offer a repeat-purchase loyalty benefit."
1570,Female,34.0,34.53,73.0,3.8,24.0,1107.21,2026-09-17,8.0,2,Value-focused loyalists,"Budget-friendly offers, bundles and loyalty rewards. Offer a repeat-purchase loyalty benefit."
1571,Male,37.0,12.0,100.0,3.7,27.0,1275.25,2026-09-07,18.0,2,Value-focused loyalists,"Budget-friendly offers, bundles and loyalty rewards. Offer a repeat-purchase loyalty benefit."
1572,Female,18.0,23.96,87.0,5.0,18.0,825.83,2026-08-31,25.0,2,Value-focused loyalists,"Budget-friendly offers, bundles and loyalty rewards. Offer a repeat-purchase loyalty benefit."
1573,Female,35.0,45.45,75.0,4.4,25.0,1379.97,2026-08-15,41.0,2,Value-focused loyalists,"Budget-friendly offers, bundles and loyalty rewards. Offer a repeat-purchase loyalty benefit."
1574,Female,34.0,60.25,46.0,2.7,13.0,1215.18,2026-08-12,44.0,2,Value-focused loyalists,"Budget-friendly offers, bundles and loyalty rewards. Offer a repeat-purchase loyalty benefit."
1575,Female,42.0,111.65,83.0,3.9,30.0,7799.8,2026-09-15,10.0,1,VIP segment,"Premium membership, luxury offers and early access. Offer a repeat-purchase loyalty benefit."
1576,Female,62.0,57.77,30.0,2.9,4.0,490.71,2026-09-02,23.0,0,Growth opportunity,Special discounts and personalized product campaigns.
1577,Male,47.0,56.51,48.0,4.0,18.0,1769.32,2026-08-18,38.0,0,Growth opportunity,Special discounts and personalized product campaigns.
1578,Female,47.0,66.74,59.0,2.4,13.0,1148.31,2026-07-22,65.0,0,Growth opportunity,Special discounts and personalized product campaigns.
1579,Male,58.0,68.51,42.0,2.7,16.0,1704.28,2026-07-31,56.0,0,Growth opportunity,Special discounts and personalized product campaigns.
1580,Female,32.0,75.47,41.0,3.9,9.0,841.87,2026-08-10,46.0,0,Growth opportunity,Special discounts and personalized product campaigns.
1581,Male,29.0,59.06,57.0,4.4,7.0,652.04,2026-05-27,121.0,2,Value-focused loyalists,"Budget-friendly offers, bundles and loyalty rewards. Offer a repeat-purchase loyalty benefit."
1582,Male,41.0,97.68,14.0,4.0,7.0,940.41,2026-07-24,63.0,0,Growth opportunity,Special discounts and personalized product campaigns.
1583,Female,25.0,13.35,87.0,4.3,24.0,1116.28,2026-08-09,47.0,2,Value-focused loyalists,"Budget-friendly offers, bundles and loyalty rewards. Offer a repeat-purchase loyalty benefit."
1584,Male,24.0,97.14,28.0,3.9,6.0,709.02,2026-06-14,103.0,0,Growth opportunity,Special discounts and personalized product campaigns.
1585,Male,34.0,12.34,1.0,3.7,6.0,211.15,2026-07-07,80.0,3,At-risk / Engagement segment,Engagement campaigns and introductory value offers. Prioritize a win-back message because average recency exceeds 90 days.
1586,Male,34.0,36.13,54.0,3.2,20.0,2016.01,2026-08-15,41.0,2,Value-focused loyalists,"Budget-friendly offers, bundles and loyalty rewards. Offer a repeat-purchase loyalty benefit."
1587,Female,56.0,84.81,8.0,4.3,8.0,776.75,2026-06-25,92.0,0,Growth opportunity,Special discounts and personalized product campaigns.
1588,Female,32.0,53.12,86.0,4.5,18.0,808.72,2026-08-28,28.0,2,Value-focused loyalists,"Budget-friendly offers, bundles and loyalty rewards. Offer a repeat-purchase loyalty benefit."
1589,Male,42.0,96.21,25.0,3.5,7.0,744.48,2026-06-30,87.0,0,Growth opportunity,Special discounts and personalized product campaigns.
1590,Female,48.0,113.08,100.0,3.5,28.0,6679.59,2026-09-17,8.0,1,VIP segment,"Premium membership, luxury offers and early access. Offer a repeat-purchase loyalty benefit."
1591,Male,55.0,92.81,41.0,5.0,4.0,544.6,2026-05-16,132.0,0,Growth opportunity,Special discounts and personalized product campaigns.
1592,Female,34.0,84.93,71.0,3.6,33.0,7221.91,2026-09-22,3.0,1,VIP segment,"Premium membership, luxury offers and early access. Offer a repeat-purchase loyalty benefit."
1593,Male,34.0,75.11,29.0,3.7,10.0,967.94,2026-08-27,29.0,0,Growth opportunity,Special discounts and personalized product campaigns.
1594,Female,18.0,12.0,69.0,4.0,22.0,988.74,2026-08-28,28.0,2,Value-focused loyalists,"Budget-friendly offers, bundles and loyalty rewards. Offer a repeat-purchase loyalty benefit."
1595,Female,28.0,54.23,38.0,3.5,9.0,914.9,2026-09-23,2.0,2,Value-focused loyalists,"Budget-friendly offers, bundles and loyalty rewards. Offer a repeat-purchase loyalty benefit."
1596,Other,29.0,29.24,44.0,2.9,4.0,114.13,2025-11-27,302.0,3,At-risk / Engagement segment,Engagement campaigns and introductory value offers. Prioritize a win-back message because average recency exceeds 90 days.
1597,Male,49.0,103.23,28.0,3.9,4.0,360.52,2026-08-21,35.0,0,Growth opportunity,Special discounts and personalized product campaigns.
1598,Male,33.0,99.83,95.0,3.6,24.0,6202.05,2026-09-08,17.0,1,VIP segment,"Premium membership, luxury offers and early access. Offer a repeat-purchase loyalty benefit."
1599,Male,34.0,36.27,50.0,5.0,12.0,1130.48,2026-09-04,21.0,2,Value-focused loyalists,"Budget-friendly offers, bundles and loyalty rewards. Offer a repeat-purchase loyalty benefit."
1600,Female,36.0,88.78,26.0,4.3,7.0,809.95,2026-09-06,19.0,0,Growth opportunity,Special discounts and personalized product campaigns.
1601,Female,41.0,51.52,53.0,3.1,11.0,1030.77,2026-08-07,49.0,2,Value-focused loyalists,"Budget-friendly offers, bundles and loyalty rewards. Offer a repeat-purchase loyalty benefit."
1602,Female,46.0,99.18,97.0,4.2,28.0,7793.02,2026-09-10,15.0,1,VIP segment,"Premium membership, luxury offers and early access. Offer a repeat-purchase loyalty benefit."
1603,Male,40.0,43.58,26.0,3.9,5.0,122.48,2026-04-13,165.0,3,At-risk / Engagement segment,Engagement campaigns and introductory value offers. Prioritize a win-back message because average recency exceeds 90 days.
1604,Female,39.0,45.01,40.0,4.7,17.0,1431.95,2026-08-30,26.0,2,Value-focused loyalists,"Budget-friendly offers, bundles and loyalty rewards. Offer a repeat-purchase loyalty benefit."
1605,Male,33.0,104.21,47.0,3.2,5.0,423.3,2026-07-14,73.0,0,Growth opportunity,Special discounts and personalized product campaigns.
1606,Female,42.0,102.22,24.0,3.8,6.0,431.66,2026-03-27,182.0,0,Growth opportunity,Special discounts and personalized product campaigns.
1607,Female,35.0,75.45,48.0,3.5,13.0,1484.9,2026-08-28,28.0,2,Value-focused loyalists,"Budget-friendly offers, bundles and loyalty rewards. Offer a repeat-purchase loyalty benefit."
1608,Female,44.0,98.14,1.0,3.6,9.0,828.42,2026-06-09,108.0,0,Growth opportunity,Special discounts and personalized product campaigns.
1609,Female,29.0,43.08,86.0,2.8,22.0,1034.82,2026-08-27,29.0,2,Value-focused loyalists,"Budget-friendly offers, bundles and loyalty rewards. Offer a repeat-purchase loyalty benefit."
1610,Female,42.0,29.59,79.0,4.1,25.0,1397.39,2026-08-07,49.0,2,Value-focused loyalists,"Budget-friendly offers, bundles and loyalty rewards. Offer a repeat-purchase loyalty benefit."
1611,Male,56.0,106.08,29.0,4.0,5.0,703.12,2026-05-03,145.0,0,Growth opportunity,Special discounts and personalized product campaigns.
1612,Female,29.0,40.96,48.0,4.7,15.0,1515.36,2026-09-19,6.0,2,Value-focused loyalists,"Budget-friendly offers, bundles and loyalty rewards. Offer a repeat-purchase loyalty benefit."
1613,Male,46.0,25.06,46.0,3.6,8.0,755.52,2026-09-15,10.0,2,Value-focused loyalists,"Budget-friendly offers, bundles and loyalty rewards. Offer a repeat-purchase loyalty benefit."
1614,Male,34.0,37.29,74.0,3.2,20.0,988.14,2026-09-10,15.0,2,Value-focused loyalists,"Budget-friendly offers, bundles and loyalty rewards. Offer a repeat-purchase loyalty benefit."
1615,Male,31.0,68.04,59.0,4.3,23.0,2286.63,2026-08-22,34.0,2,Value-focused loyalists,"Budget-friendly offers, bundles and loyalty rewards. Offer a repeat-purchase loyalty benefit."
1616,Male,56.0,106.66,36.0,2.9,8.0,841.41,2026-06-30,87.0,0,Growth opportunity,Special discounts and personalized product campaigns.
1617,Female,40.0,102.65,81.0,4.5,29.0,6445.94,2026-09-10,15.0,1,VIP segment,"Premium membership, luxury offers and early access. Offer a repeat-purchase loyalty benefit."
1618,Female,18.0,52.86,89.0,4.5,30.0,1147.36,2026-08-23,33.0,2,Value-focused loyalists,"Budget-friendly offers, bundles and loyalty rewards. Offer a repeat-purchase loyalty benefit."
1619,Female,44.0,55.56,52.0,4.7,19.0,1778.48,2026-08-11,45.0,2,Value-focused loyalists,"Budget-friendly offers, bundles and loyalty rewards. Offer a repeat-purchase loyalty benefit."
1620,Male,44.0,115.89,78.0,3.9,37.0,7703.97,2026-09-18,7.0,1,VIP segment,"Premium membership, luxury offers and early access. Offer a repeat-purchase loyalty benefit."
1621,Male,46.0,108.32,30.0,3.2,5.0,673.7,2026-06-05,112.0,0,Growth opportunity,Special discounts and personalized product campaigns.
1622,Female,28.0,56.06,62.0,3.7,20.0,1105.55,2026-09-19,6.0,2,Value-focused loyalists,"Budget-friendly offers, bundles and loyalty rewards. Offer a repeat-purchase loyalty benefit."
1623,Female,32.0,57.56,56.0,3.9,16.0,1499.36,2026-08-22,34.0,2,Value-focused loyalists,"Budget-friendly offers, bundles and loyalty rewards. Offer a repeat-purchase loyalty benefit."
1624,Male,48.0,100.86,65.0,3.1,25.0,6229.0,2026-09-14,11.0,1,VIP segment,"Premium membership, luxury offers and early access. Offer a repeat-purchase loyalty benefit."
1625,Male,28.0,12.0,66.0,4.7,14.0,637.38,2026-09-13,12.0,2,Value-focused loyalists,"Budget-friendly offers, bundles and loyalty rewards. Offer a repeat-purchase loyalty benefit."
1626,Male,38.0,51.73,1.0,4.1,4.0,130.53,2025-10-30,330.0,3,At-risk / Engagement segment,Engagement campaigns and introductory value offers. Prioritize a win-back message because average recency exceeds 90 days.
1627,Male,32.0,37.9,76.0,2.8,17.0,755.52,2026-07-31,56.0,2,Value-focused loyalists,"Budget-friendly offers, bundles and loyalty rewards. Offer a repeat-purchase loyalty benefit."
1628,Male,36.0,106.34,47.0,5.0,9.0,1025.47,2026-06-24,93.0,0,Growth opportunity,Special discounts and personalized product campaigns.
1629,Male,39.0,143.63,27.0,3.7,6.0,735.66,2026-04-09,169.0,0,Growth opportunity,Special discounts and personalized product campaigns.
1630,Female,18.0,36.55,86.0,2.7,18.0,867.11,2026-08-31,25.0,2,Value-focused loyalists,"Budget-friendly offers, bundles and loyalty rewards. Offer a repeat-purchase loyalty benefit."
1631,Female,34.0,13.77,100.0,2.9,19.0,964.72,2026-08-13,43.0,2,Value-focused loyalists,"Budget-friendly offers, bundles and loyalty rewards. Offer a repeat-purchase loyalty benefit."
1632,Male,27.0,59.26,58.0,4.9,21.0,2079.48,2026-09-15,10.0,2,Value-focused loyalists,"Budget-friendly offers, bundles and loyalty rewards. Offer a repeat-purchase loyalty benefit."
1633,Male,37.0,16.35,13.0,5.0,9.0,326.47,2026-06-24,93.0,3,At-risk / Engagement segment,Engagement campaigns and introductory value offers. Prioritize a win-back message because average recency exceeds 90 days.
1634,Female,40.0,24.46,14.0,4.5,3.0,105.19,2026-03-12,197.0,3,At-risk / Engagement segment,Engagement campaigns and introductory value offers. Prioritize a win-back message because average recency exceeds 90 days.
1635,Male,45.0,56.36,53.0,4.7,20.0,1974.11,2026-08-29,27.0,2,Value-focused loyalists,"Budget-friendly offers, bundles and loyalty rewards. Offer a repeat-purchase loyalty benefit."
1636,Female,18.0,23.78,70.0,4.6,26.0,1026.2,2026-08-16,40.0,2,Value-focused loyalists,"Budget-friendly offers, bundles and loyalty rewards. Offer a repeat-purchase loyalty benefit."
1637,Male,27.0,12.49,71.0,4.1,21.0,1195.16,2026-09-16,9.0,2,Value-focused loyalists,"Budget-friendly offers, bundles and loyalty rewards. Offer a repeat-purchase loyalty benefit."
1638,Female,56.0,84.3,65.0,3.9,14.0,1273.82,2026-06-29,88.0,0,Growth opportunity,Special discounts and personalized product campaigns.
1639,Male,65.0,104.18,40.0,4.1,6.0,689.61,2026-09-20,5.0,0,Growth opportunity,Special discounts and personalized product campaigns.
1640,Male,46.0,26.84,2.0,4.2,4.0,113.2,2026-07-10,77.0,3,At-risk / Engagement segment,Engagement campaigns and introductory value offers. Prioritize a win-back message because average recency exceeds 90 days.
1641,Female,39.0,40.61,12.0,3.0,4.0,86.78,2026-03-15,194.0,3,At-risk / Engagement segment,Engagement campaigns and introductory value offers. Prioritize a win-back message because average recency exceeds 90 days.
1642,Female,32.0,116.59,78.0,4.2,25.0,5928.15,2026-09-17,8.0,1,VIP segment,"Premium membership, luxury offers and early access. Offer a repeat-purchase loyalty benefit."
1643,Male,35.0,35.86,85.0,4.8,26.0,1156.25,2026-09-08,17.0,2,Value-focused loyalists,"Budget-friendly offers, bundles and loyalty rewards. Offer a repeat-purchase loyalty benefit."
1644,Female,46.0,109.59,42.0,3.4,2.0,225.44,2026-06-23,94.0,0,Growth opportunity,Special discounts and personalized product campaigns.
1645,Female,54.0,101.88,60.0,3.3,6.0,824.04,2026-05-30,118.0,0,Growth opportunity,Special discounts and personalized product campaigns.
1646,Male,22.0,41.38,72.0,4.0,25.0,1175.97,2026-09-08,17.0,2,Value-focused loyalists,"Budget-friendly offers, bundles and loyalty rewards. Offer a repeat-purchase loyalty benefit."
1647,Female,46.0,110.54,23.0,3.0,7.0,727.52,2026-02-21,216.0,0,Growth opportunity,Special discounts and personalized product campaigns.
1648,Female,41.0,64.28,60.0,2.5,15.0,1193.35,2026-08-04,52.0,2,Value-focused loyalists,"Budget-friendly offers, bundles and loyalty rewards. Offer a repeat-purchase loyalty benefit."
1649,Female,41.0,58.91,45.0,4.6,16.0,2150.19,2026-09-13,12.0,2,Value-focused loyalists,"Budget-friendly offers, bundles and loyalty rewards. Offer a repeat-purchase loyalty benefit."
1650,Male,44.0,83.43,51.0,3.2,10.0,1068.43,2026-08-13,43.0,0,Growth opportunity,Special discounts and personalized product campaigns.
1651,Female,42.0,93.31,23.0,3.6,10.0,1064.39,2026-08-20,36.0,0,Growth opportunity,Special discounts and personalized product campaigns.
1652,Female,35.0,105.48,1.0,3.1,9.0,1241.43,2026-01-03,265.0,0,Growth opportunity,Special discounts and personalized product campaigns.
1653,Female,64.0,105.79,29.0,4.7,10.0,1083.84,2026-09-06,19.0,0,Growth opportunity,Special discounts and personalized product campaigns.
1654,Female,67.0,101.47,82.0,4.3,30.0,6312.74,2026-09-20,5.0,1,VIP segment,"Premium membership, luxury offers and early access. Offer a repeat-purchase loyalty benefit."
1655,Female,43.0,50.69,68.0,3.4,6.0,458.84,2026-09-04,21.0,2,Value-focused loyalists,"Budget-friendly offers, bundles and loyalty rewards. Offer a repeat-purchase loyalty benefit."
1656,Female,18.0,27.05,78.0,2.6,17.0,845.42,2026-08-05,51.0,2,Value-focused loyalists,"Budget-friendly offers, bundles and loyalty rewards. Offer a repeat-purchase loyalty benefit."
1657,Female,40.0,93.11,13.0,3.3,11.0,1562.28,2026-03-30,179.0,0,Growth opportunity,Special discounts and personalized product campaigns.
1658,Female,44.0,41.59,50.0,4.1,14.0,1645.76,2026-06-06,111.0,0,Growth opportunity,Special discounts and personalized product campaigns.
1659,Male,41.0,22.88,53.0,3.8,24.0,1072.79,2026-09-16,9.0,2,Value-focused loyalists,"Budget-friendly offers, bundles and loyalty rewards. Offer a repeat-purchase loyalty benefit."
1660,Female,30.0,113.73,69.0,3.7,25.0,5479.94,2026-09-15,10.0,1,VIP segment,"Premium membership, luxury offers and early access. Offer a repeat-purchase loyalty benefit."
1661,Female,41.0,127.72,92.0,3.8,23.0,4950.56,2026-09-10,15.0,1,VIP segment,"Premium membership, luxury offers and early access. Offer a repeat-purchase loyalty benefit."
1662,Male,38.0,37.76,19.0,4.2,6.0,200.02,2026-05-19,129.0,3,At-risk / Engagement segment,Engagement campaigns and introductory value offers. Prioritize a win-back message because average recency exceeds 90 days.
1663,Male,48.0,25.61,64.0,3.6,14.0,1507.67,2026-09-23,2.0,2,Value-focused loyalists,"Budget-friendly offers, bundles and loyalty rewards. Offer a repeat-purchase loyalty benefit."
1664,Male,45.0,108.98,4.0,4.0,5.0,591.53,2026-07-25,62.0,0,Growth opportunity,Special discounts and personalized product campaigns.
1665,Female,23.0,54.19,50.0,2.8,16.0,1588.87,2026-08-17,39.0,2,Value-focused loyalists,"Budget-friendly offers, bundles and loyalty rewards. Offer a repeat-purchase loyalty benefit."
1666,Female,45.0,68.34,47.0,5.0,15.0,1582.59,2026-08-15,41.0,0,Growth opportunity,Special discounts and personalized product campaigns.
1667,Female,50.0,61.8,64.0,3.4,17.0,2048.1,2026-05-07,141.0,0,Growth opportunity,Special discounts and personalized product campaigns.
1668,Female,47.0,97.3,36.0,3.8,8.0,889.24,2026-06-30,87.0,0,Growth opportunity,Special discounts and personalized product campaigns.
1669,Female,46.0,108.57,92.0,4.1,41.0,10375.32,2026-09-20,5.0,1,VIP segment,"Premium membership, luxury offers and early access. Offer a repeat-purchase loyalty benefit."
1670,Male,34.0,61.69,71.0,3.3,11.0,1170.7,2026-09-15,10.0,2,Value-focused loyalists,"Budget-friendly offers, bundles and loyalty rewards. Offer a repeat-purchase loyalty benefit."
1671,Female,40.0,118.82,24.0,3.6,5.0,672.39,2026-04-14,164.0,0,Growth opportunity,Special discounts and personalized product campaigns.
1672,Male,46.0,29.72,38.0,3.6,7.0,233.94,2025-11-22,307.0,3,At-risk / Engagement segment,Engagement campaigns and introductory value offers. Prioritize a win-back message because average recency exceeds 90 days.
1673,Female,40.0,45.2,9.0,2.8,1.0,33.23,2025-10-30,330.0,3,At-risk / Engagement segment,Engagement campaigns and introductory value offers. Prioritize a win-back message because average recency exceeds 90 days.
1674,Female,47.0,123.16,71.0,4.0,39.0,10200.36,2026-09-03,22.0,1,VIP segment,"Premium membership, luxury offers and early access. Offer a repeat-purchase loyalty benefit."
1675,Male,54.0,71.34,62.0,2.2,12.0,1105.41,2026-08-11,45.0,0,Growth opportunity,Special discounts and personalized product campaigns.
1676,Male,28.0,36.99,35.0,5.0,11.0,868.1,2026-09-20,5.0,2,Value-focused loyalists,"Budget-friendly offers, bundles and loyalty rewards. Offer a repeat-purchase loyalty benefit."
1677,Female,30.0,45.63,29.0,4.3,6.0,140.83,2026-07-14,73.0,3,At-risk / Engagement segment,Engagement campaigns and introductory value offers. Prioritize a win-back message because average recency exceeds 90 days.
1678,Male,30.0,25.59,79.0,4.1,20.0,956.16,2026-09-07,18.0,2,Value-focused loyalists,"Budget-friendly offers, bundles and loyalty rewards. Offer a repeat-purchase loyalty benefit."
1679,Female,33.0,72.02,66.0,2.1,21.0,2599.42,2026-09-19,6.0,2,Value-focused loyalists,"Budget-friendly offers, bundles and loyalty rewards. Offer a repeat-purchase loyalty benefit."
1680,Female,36.0,18.38,77.0,2.9,22.0,1200.94,2026-09-10,15.0,2,Value-focused loyalists,"Budget-friendly offers, bundles and loyalty rewards. Offer a repeat-purchase loyalty benefit."
1681,Male,34.0,13.41,23.0,4.8,8.0,254.88,2026-08-26,30.0,3,At-risk / Engagement segment,Engagement campaigns and introductory value offers. Prioritize a win-back message because average recency exceeds 90 days.
1682,Female,29.0,89.67,59.0,5.0,15.0,1413.47,2026-08-30,26.0,2,Value-focused loyalists,"Budget-friendly offers, bundles and loyalty rewards. Offer a repeat-purchase loyalty benefit."
1683,Female,37.0,16.6,14.0,4.6,3.0,77.93,2026-08-19,37.0,3,At-risk / Engagement segment,Engagement campaigns and introductory value offers. Prioritize a win-back message because average recency exceeds 90 days.
1684,Female,50.0,116.05,20.0,4.5,12.0,1311.26,2026-08-16,40.0,0,Growth opportunity,Special discounts and personalized product campaigns.
1685,Female,51.0,111.66,90.0,4.0,37.0,7887.52,2026-09-21,4.0,1,VIP segment,"Premium membership, luxury offers and early access. Offer a repeat-purchase loyalty benefit."
1686,Female,52.0,94.12,28.0,2.9,3.0,159.72,2026-06-21,96.0,0,Growth opportunity,Special discounts and personalized product campaigns.
1687,Female,33.0,31.37,73.0,4.4,17.0,825.15,2026-09-20,5.0,2,Value-focused loyalists,"Budget-friendly offers, bundles and loyalty rewards. Offer a repeat-purchase loyalty benefit."
1688,Male,31.0,13.78,77.0,2.7,22.0,1151.89,2026-09-13,12.0,2,Value-focused loyalists,"Budget-friendly offers, bundles and loyalty rewards. Offer a repeat-purchase loyalty benefit."
1689,Male,34.0,29.81,41.0,2.6,4.0,159.52,2025-11-09,320.0,3,At-risk / Engagement segment,Engagement campaigns and introductory value offers. Prioritize a win-back message because average recency exceeds 90 days.
1690,Female,21.0,16.84,73.0,2.5,32.0,1611.38,2026-09-02,23.0,2,Value-focused loyalists,"Budget-friendly offers, bundles and loyalty rewards. Offer a repeat-purchase loyalty benefit."
1691,Female,42.0,56.46,47.0,4.4,10.0,852.66,2026-09-16,9.0,2,Value-focused loyalists,"Budget-friendly offers, bundles and loyalty rewards. Offer a repeat-purchase loyalty benefit."
1692,Male,36.0,74.95,33.0,3.6,18.0,1773.58,2026-08-15,41.0,0,Growth opportunity,Special discounts and personalized product campaigns.
1693,Female,65.0,103.56,27.0,3.7,6.0,1056.47,2026-07-18,69.0,0,Growth opportunity,Special discounts and personalized product campaigns.
1694,Male,49.0,12.0,30.0,3.6,3.0,116.74,2026-02-23,214.0,3,At-risk / Engagement segment,Engagement campaigns and introductory value offers. Prioritize a win-back message because average recency exceeds 90 days.
1695,Male,42.0,41.92,32.0,2.6,3.0,115.31,2026-03-19,190.0,3,At-risk / Engagement segment,Engagement campaigns and introductory value offers. Prioritize a win-back message because average recency exceeds 90 days.
1696,Female,32.0,31.9,79.0,3.0,32.0,1424.0,2026-09-11,14.0,2,Value-focused loyalists,"Budget-friendly offers, bundles and loyalty rewards. Offer a repeat-purchase loyalty benefit."
1697,Female,47.0,92.41,39.0,3.1,9.0,1292.24,2026-05-28,120.0,0,Growth opportunity,Special discounts and personalized product campaigns.
1698,Female,26.0,72.45,62.0,2.4,16.0,1485.64,2026-08-16,40.0,2,Value-focused loyalists,"Budget-friendly offers, bundles and loyalty rewards. Offer a repeat-purchase loyalty benefit."
1699,Female,37.0,59.66,66.0,3.2,11.0,1000.39,2026-09-06,19.0,2,Value-focused loyalists,"Budget-friendly offers, bundles and loyalty rewards. Offer a repeat-purchase loyalty benefit."
1700,Female,37.0,13.68,34.0,2.7,8.0,294.72,2026-01-24,244.0,3,At-risk / Engagement segment,Engagement campaigns and introductory value offers. Prioritize a win-back message because average recency exceeds 90 days.
1701,Male,41.0,87.87,72.0,4.1,25.0,2200.98,2026-06-05,112.0,2,Value-focused loyalists,"Budget-friendly offers, bundles and loyalty rewards. Offer a repeat-purchase loyalty benefit."
1702,Female,44.0,61.76,51.0,4.2,19.0,1944.83,2026-09-18,7.0,2,Value-focused loyalists,"Budget-friendly offers, bundles and loyalty rewards. Offer a repeat-purchase loyalty benefit."
1703,Male,57.0,98.86,12.0,2.5,9.0,685.35,2026-05-10,138.0,0,Growth opportunity,Special discounts and personalized product campaigns.
1704,Male,29.0,24.33,30.0,3.3,2.0,68.75,2025-11-27,302.0,3,At-risk / Engagement segment,Engagement campaigns and introductory value offers. Prioritize a win-back message because average recency exceeds 90 days.
1705,Female,21.0,48.52,87.0,5.0,27.0,1489.21,2026-08-07,49.0,2,Value-focused loyalists,"Budget-friendly offers, bundles and loyalty rewards. Offer a repeat-purchase loyalty benefit."
1706,Female,54.0,54.65,72.0,2.8,11.0,1012.84,2026-08-18,38.0,0,Growth opportunity,Special discounts and personalized product campaigns.
1707,Female,50.0,88.37,99.0,4.0,25.0,5930.48,2026-09-04,21.0,1,VIP segment,"Premium membership, luxury offers and early access. Offer a repeat-purchase loyalty benefit."
1708,Male,24.0,22.5,100.0,3.7,21.0,1253.51,2026-09-15,10.0,2,Value-focused loyalists,"Budget-friendly offers, bundles and loyalty rewards. Offer a repeat-purchase loyalty benefit."
1709,Female,38.0,80.57,60.0,4.5,10.0,1304.32,2026-06-22,95.0,0,Growth opportunity,Special discounts and personalized product campaigns.
1710,Male,47.0,111.65,31.0,3.9,5.0,623.56,2026-08-02,54.0,0,Growth opportunity,Special discounts and personalized product campaigns.
1711,Male,39.0,58.43,36.0,3.2,11.0,1092.06,2026-08-23,33.0,0,Growth opportunity,Special discounts and personalized product campaigns.
1712,Male,33.0,51.23,82.0,3.7,26.0,1342.96,2026-09-20,5.0,2,Value-focused loyalists,"Budget-friendly offers, bundles and loyalty rewards. Offer a repeat-purchase loyalty benefit."
1713,Other,64.0,72.47,46.0,3.7,11.0,1214.21,2026-07-31,56.0,0,Growth opportunity,Special discounts and personalized product campaigns.
1714,Male,41.0,58.27,56.0,3.5,12.0,1369.56,2026-08-20,36.0,2,Value-focused loyalists,"Budget-friendly offers, bundles and loyalty rewards. Offer a repeat-purchase loyalty benefit."
1715,Male,55.0,97.68,29.0,2.5,4.0,488.02,2026-05-01,147.0,0,Growth opportunity,Special discounts and personalized product campaigns.
1716,Male,22.0,66.61,59.0,4.7,13.0,1438.21,2026-07-03,84.0,2,Value-focused loyalists,"Budget-friendly offers, bundles and loyalty rewards. Offer a repeat-purchase loyalty benefit."
1717,Male,43.0,88.35,27.0,4.5,9.0,1384.04,2026-06-26,91.0,0,Growth opportunity,Special discounts and personalized product campaigns.
1718,Male,48.0,30.06,33.0,2.7,4.0,110.51,2026-06-01,116.0,3,At-risk / Engagement segment,Engagement campaigns and introductory value offers. Prioritize a win-back message because average recency exceeds 90 days.
1719,Male,40.0,34.32,1.0,3.3,5.0,130.15,2026-03-30,179.0,3,At-risk / Engagement segment,Engagement campaigns and introductory value offers. Prioritize a win-back message because average recency exceeds 90 days.
1720,Female,18.0,38.38,55.0,3.4,15.0,1625.15,2026-09-02,23.0,2,Value-focused loyalists,"Budget-friendly offers, bundles and loyalty rewards. Offer a repeat-purchase loyalty benefit."
1721,Male,49.0,107.35,98.0,2.6,41.0,8449.22,2026-09-20,5.0,1,VIP segment,"Premium membership, luxury offers and early access. Offer a repeat-purchase loyalty benefit."
1722,Male,67.0,95.76,50.0,2.0,8.0,1009.03,2026-05-24,124.0,0,Growth opportunity,Special discounts and personalized product campaigns.
1723,Male,18.0,44.39,31.0,3.0,1.0,25.09,2026-03-10,199.0,3,At-risk / Engagement segment,Engagement campaigns and introductory value offers. Prioritize a win-back message because average recency exceeds 90 days.
1724,Female,43.0,12.0,98.0,3.3,15.0,784.93,2026-08-07,49.0,2,Value-focused loyalists,"Budget-friendly offers, bundles and loyalty rewards. Offer a repeat-purchase loyalty benefit."
1725,Male,18.0,26.66,80.0,2.4,28.0,1494.11,2026-09-19,6.0,2,Value-focused loyalists,"Budget-friendly offers, bundles and loyalty rewards. Offer a repeat-purchase loyalty benefit."
1726,Male,51.0,103.26,84.0,3.8,37.0,9574.88,2026-09-17,8.0,1,VIP segment,"Premium membership, luxury offers and early access. Offer a repeat-purchase loyalty benefit."
1727,Male,48.0,113.44,34.0,4.6,4.0,606.72,2026-08-01,55.0,0,Growth opportunity,Special discounts and personalized product campaigns.
1728,Female,18.0,61.39,53.0,4.3,6.0,579.79,2026-07-22,65.0,2,Value-focused loyalists,"Budget-friendly offers, bundles and loyalty rewards. Offer a repeat-purchase loyalty benefit."
1729,Male,46.0,135.15,75.0,3.5,32.0,7781.61,2026-09-22,3.0,1,VIP segment,"Premium membership, luxury offers and early access. Offer a repeat-purchase loyalty benefit."
1730,Male,40.0,41.27,72.0,2.0,20.0,974.55,2026-08-29,27.0,2,Value-focused loyalists,"Budget-friendly offers, bundles and loyalty rewards. Offer a repeat-purchase loyalty benefit."
1731,Male,43.0,56.26,40.0,4.2,19.0,2094.8,2026-08-15,41.0,2,Value-focused loyalists,"Budget-friendly offers, bundles and loyalty rewards. Offer a repeat-purchase loyalty benefit."
1732,Male,48.0,113.36,90.0,3.7,29.0,6655.73,2026-09-23,2.0,1,VIP segment,"Premium membership, luxury offers and early access. Offer a repeat-purchase loyalty benefit."
1733,Male,32.0,25.04,22.0,4.0,6.0,180.14,2025-12-01,298.0,3,At-risk / Engagement segment,Engagement campaigns and introductory value offers. Prioritize a win-back message because average recency exceeds 90 days.
1734,Male,29.0,112.03,24.0,5.0,3.0,262.0,2026-07-04,83.0,0,Growth opportunity,Special discounts and personalized product campaigns.
1735,Female,46.0,43.35,46.0,2.9,12.0,1052.79,2026-08-05,51.0,0,Growth opportunity,Special discounts and personalized product campaigns.
1736,Male,53.0,18.47,28.0,1.2,2.0,57.81,2026-08-25,31.0,3,At-risk / Engagement segment,Engagement campaigns and introductory value offers. Prioritize a win-back message because average recency exceeds 90 days.
1737,Female,50.0,68.38,62.0,2.7,16.0,1450.21,2026-07-14,73.0,0,Growth opportunity,Special discounts and personalized product campaigns.
1738,Male,28.0,117.16,14.0,4.0,5.0,559.35,2026-09-08,17.0,0,Growth opportunity,Special discounts and personalized product campaigns.
1739,Male,18.0,12.0,63.0,3.6,23.0,1190.91,2026-09-02,23.0,2,Value-focused loyalists,"Budget-friendly offers, bundles and loyalty rewards. Offer a repeat-purchase loyalty benefit."
1740,Female,31.0,81.24,64.0,2.6,17.0,2112.05,2026-07-29,58.0,2,Value-focused loyalists,"Budget-friendly offers, bundles and loyalty rewards. Offer a repeat-purchase loyalty benefit."
1741,Female,32.0,98.04,11.0,2.4,1.0,95.98,2026-08-15,41.0,3,At-risk / Engagement segment,Engagement campaigns and introductory value offers. Prioritize a win-back message because average recency exceeds 90 days.
1742,Female,48.0,73.63,35.0,3.3,4.0,644.91,2026-08-22,34.0,0,Growth opportunity,Special discounts and personalized product campaigns.
1743,Male,46.0,67.98,100.0,2.5,40.0,8195.6,2026-09-11,14.0,1,VIP segment,"Premium membership, luxury offers and early access. Offer a repeat-purchase loyalty benefit."
1744,Male,25.0,40.59,72.0,4.0,15.0,1460.09,2026-07-23,64.0,2,Value-focused loyalists,"Budget-friendly offers, bundles and loyalty rewards. Offer a repeat-purchase loyalty benefit."
1745,Female,44.0,29.72,31.0,3.3,7.0,252.16,2026-05-06,142.0,3,At-risk / Engagement segment,Engagement campaigns and introductory value offers. Prioritize a win-back message because average recency exceeds 90 days.
1746,Male,42.0,29.08,31.0,3.1,3.0,89.48,2026-06-10,107.0,3,At-risk / Engagement segment,Engagement campaigns and introductory value offers. Prioritize a win-back message because average recency exceeds 90 days.
1747,Female,31.0,38.86,49.0,3.0,7.0,243.53,2026-02-27,210.0,3,At-risk / Engagement segment,Engagement campaigns and introductory value offers. Prioritize a win-back message because average recency exceeds 90 days.
1748,Male,26.0,24.31,50.0,3.8,25.0,1323.19,2026-08-27,29.0,2,Value-focused loyalists,"Budget-friendly offers, bundles and loyalty rewards. Offer a repeat-purchase loyalty benefit."
1749,Female,18.0,16.49,72.0,3.6,17.0,813.74,2026-09-03,22.0,2,Value-focused loyalists,"Budget-friendly offers, bundles and loyalty rewards. Offer a repeat-purchase loyalty benefit."
1750,Female,25.0,26.22,88.0,3.8,22.0,1139.48,2026-08-08,48.0,2,Value-focused loyalists,"Budget-friendly offers, bundles and loyalty rewards. Offer a repeat-purchase loyalty benefit."
1751,Female,36.0,30.47,18.0,3.8,3.0,87.31,2026-08-14,42.0,3,At-risk / Engagement segment,Engagement campaigns and introductory value offers. Prioritize a win-back message because average recency exceeds 90 days.
1752,Male,50.0,103.23,43.0,3.5,9.0,1019.84,2026-06-30,87.0,0,Growth opportunity,Special discounts and personalized product campaigns.
1753,Female,43.0,50.95,53.0,2.7,16.0,1471.83,2026-08-18,38.0,2,Value-focused loyalists,"Budget-friendly offers, bundles and loyalty rewards. Offer a repeat-purchase loyalty benefit."
1754,Male,41.0,74.62,55.0,3.0,16.0,1530.93,2026-09-13,12.0,2,Value-focused loyalists,"Budget-friendly offers, bundles and loyalty rewards. Offer a repeat-purchase loyalty benefit."
1755,Female,45.0,91.3,25.0,3.3,6.0,638.23,2026-05-27,121.0,0,Growth opportunity,Special discounts and personalized product campaigns.
1756,Female,31.0,19.82,72.0,5.0,24.0,1080.89,2026-09-04,21.0,2,Value-focused loyalists,"Budget-friendly offers, bundles and loyalty rewards. Offer a repeat-purchase loyalty benefit."
1757,Female,52.0,102.41,77.0,2.5,24.0,6412.29,2026-09-23,2.0,1,VIP segment,"Premium membership, luxury offers and early access. Offer a repeat-purchase loyalty benefit."
1758,Female,38.0,77.05,56.0,3.2,15.0,1547.78,2026-08-13,43.0,2,Value-focused loyalists,"Budget-friendly offers, bundles and loyalty rewards. Offer a repeat-purchase loyalty benefit."
1759,Male,42.0,60.14,44.0,3.7,17.0,1641.06,2026-09-23,2.0,2,Value-focused loyalists,"Budget-friendly offers, bundles and loyalty rewards. Offer a repeat-purchase loyalty benefit."
1760,Female,37.0,52.28,64.0,3.3,13.0,1138.29,2026-08-07,49.0,2,Value-focused loyalists,"Budget-friendly offers, bundles and loyalty rewards. Offer a repeat-purchase loyalty benefit."
1761,Other,42.0,112.97,36.0,4.5,4.0,604.78,2026-06-28,89.0,0,Growth opportunity,Special discounts and personalized product campaigns.
1762,Female,47.0,140.0,97.0,3.3,31.0,6755.21,2026-09-18,7.0,1,VIP segment,"Premium membership, luxury offers and early access. Offer a repeat-purchase loyalty benefit."
1763,Female,42.0,102.94,14.0,3.4,7.0,513.55,2026-09-06,19.0,0,Growth opportunity,Special discounts and personalized product campaigns.
1764,Female,46.0,127.27,64.0,4.3,35.0,9239.14,2026-09-13,12.0,1,VIP segment,"Premium membership, luxury offers and early access. Offer a repeat-purchase loyalty benefit."
1765,Female,42.0,124.51,84.0,5.0,20.0,5071.86,2026-09-21,4.0,1,VIP segment,"Premium membership, luxury offers and early access. Offer a repeat-purchase loyalty benefit."
1766,Male,39.0,101.52,100.0,4.8,34.0,8787.49,2026-09-14,11.0,1,VIP segment,"Premium membership, luxury offers and early access. Offer a repeat-purchase loyalty benefit."
1767,Male,36.0,62.37,68.0,3.5,15.0,1626.08,2026-07-06,81.0,2,Value-focused loyalists,"Budget-friendly offers, bundles and loyalty rewards. Offer a repeat-purchase loyalty benefit."
1768,Female,37.0,92.04,77.0,3.6,33.0,8395.27,2026-09-19,6.0,1,VIP segment,"Premium membership, luxury offers and early access. Offer a repeat-purchase loyalty benefit."
1769,Male,26.0,107.13,89.0,3.6,28.0,6423.62,2026-08-21,35.0,1,VIP segment,"Premium membership, luxury offers and early access. Offer a repeat-purchase loyalty benefit."
1770,Male,43.0,53.23,62.0,3.7,12.0,1416.32,2026-09-07,18.0,2,Value-focused loyalists,"Budget-friendly offers, bundles and loyalty rewards. Offer a repeat-purchase loyalty benefit."
1771,Male,38.0,24.36,6.0,2.9,3.0,139.76,2026-07-20,67.0,3,At-risk / Engagement segment,Engagement campaigns and introductory value offers. Prioritize a win-back message because average recency exceeds 90 days.
1772,Male,47.0,51.5,69.0,4.4,7.0,515.92,2026-09-19,6.0,2,Value-focused loyalists,"Budget-friendly offers, bundles and loyalty rewards. Offer a repeat-purchase loyalty benefit."
1773,Male,31.0,25.98,20.0,3.8,3.0,102.55,2026-09-20,5.0,3,At-risk / Engagement segment,Engagement campaigns and introductory value offers. Prioritize a win-back message because average recency exceeds 90 days.
1774,Male,58.0,69.45,52.0,3.6,15.0,1403.44,2026-07-15,72.0,0,Growth opportunity,Special discounts and personalized product campaigns.
1775,Male,32.0,28.33,22.0,2.5,4.0,131.15,2026-03-09,200.0,3,At-risk / Engagement segment,Engagement campaigns and introductory value offers. Prioritize a win-back message because average recency exceeds 90 days.
1776,Male,19.0,12.0,92.0,3.7,21.0,1022.34,2026-08-20,36.0,2,Value-focused loyalists,"Budget-friendly offers, bundles and loyalty rewards. Offer a repeat-purchase loyalty benefit."
1777,Male,26.0,19.55,13.0,2.0,8.0,255.06,2026-07-15,72.0,3,At-risk / Engagement segment,Engagement campaigns and introductory value offers. Prioritize a win-back message because average recency exceeds 90 days.
1778,Female,18.0,12.0,58.0,3.1,29.0,1554.12,2026-09-04,21.0,2,Value-focused loyalists,"Budget-friendly offers, bundles and loyalty rewards. Offer a repeat-purchase loyalty benefit."
1779,Male,63.0,103.42,32.0,3.1,7.0,577.85,2026-05-22,126.0,0,Growth opportunity,Special discounts and personalized product campaigns.
1780,Male,42.0,39.05,53.0,3.8,30.0,1605.9,2026-09-08,17.0,2,Value-focused loyalists,"Budget-friendly offers, bundles and loyalty rewards. Offer a repeat-purchase loyalty benefit."
1781,Female,48.0,113.59,80.0,5.0,43.0,9963.05,2026-09-24,1.0,1,VIP segment,"Premium membership, luxury offers and early access. Offer a repeat-purchase loyalty benefit."
1782,Male,30.0,50.98,67.0,4.1,9.0,933.14,2026-07-30,57.0,2,Value-focused loyalists,"Budget-friendly offers, bundles and loyalty rewards. Offer a repeat-purchase loyalty benefit."
1783,Male,66.0,103.46,35.0,4.8,7.0,866.31,2026-08-31,25.0,0,Growth opportunity,Special discounts and personalized product campaigns.
1784,Female,38.0,103.42,97.0,4.1,28.0,6073.75,2026-09-15,10.0,1,VIP segment,"Premium membership, luxury offers and early access. Offer a repeat-purchase loyalty benefit."
1785,Male,45.0,84.06,35.0,4.6,5.0,530.04,2026-09-09,16.0,0,Growth opportunity,Special discounts and personalized product campaigns.
1786,Male,53.0,72.39,82.0,5.0,14.0,1332.35,2026-07-17,70.0,0,Growth opportunity,Special discounts and personalized product campaigns.
1787,Male,55.0,111.45,21.0,3.0,6.0,913.28,2026-05-17,131.0,0,Growth opportunity,Special discounts and personalized product campaigns.
1788,Female,58.0,43.28,27.0,2.9,1.0,26.3,2025-12-14,285.0,3,At-risk / Engagement segment,Engagement campaigns and introductory value offers. Prioritize a win-back message because average recency exceeds 90 days.
1789,Female,41.0,53.48,48.0,4.2,12.0,1145.44,2026-09-15,10.0,2,Value-focused loyalists,"Budget-friendly offers, bundles and loyalty rewards. Offer a repeat-purchase loyalty benefit."
1790,Male,38.0,126.51,95.0,3.6,25.0,5167.31,2026-09-09,16.0,1,VIP segment,"Premium membership, luxury offers and early access. Offer a repeat-purchase loyalty benefit."
1791,Female,33.0,55.09,52.0,3.8,13.0,1307.37,2026-07-03,84.0,2,Value-focused loyalists,"Budget-friendly offers, bundles and loyalty rewards. Offer a repeat-purchase loyalty benefit."
1792,Female,30.0,109.15,49.0,3.4,10.0,1113.62,2026-05-18,130.0,0,Growth opportunity,Special discounts and personalized product campaigns.
1793,Female,45.0,92.85,22.0,3.1,7.0,506.62,2026-09-18,7.0,0,Growth opportunity,Special discounts and personalized product campaigns.
1794,Female,47.0,26.86,39.0,5.0,4.0,150.99,2026-04-02,176.0,3,At-risk / Engagement segment,Engagement campaigns and introductory value offers. Prioritize a win-back message because average recency exceeds 90 days.
1795,Male,45.0,28.1,60.0,2.7,26.0,2193.02,2026-08-08,48.0,2,Value-focused loyalists,"Budget-friendly offers, bundles and loyalty rewards. Offer a repeat-purchase loyalty benefit."
1796,Male,48.0,95.77,28.0,4.2,10.0,1391.11,2026-07-26,61.0,0,Growth opportunity,Special discounts and personalized product campaigns.
1797,Male,18.0,33.28,85.0,4.0,26.0,1500.31,2026-09-10,15.0,2,Value-focused loyalists,"Budget-friendly offers, bundles and loyalty rewards. Offer a repeat-purchase loyalty benefit."
1798,Male,50.0,94.26,31.0,2.3,9.0,1058.28,2026-06-12,105.0,0,Growth opportunity,Special discounts and personalized product campaigns.
1799,Female,38.0,56.59,82.0,2.9,26.0,1247.81,2026-09-14,11.0,2,Value-focused loyalists,"Budget-friendly offers, bundles and loyalty rewards. Offer a repeat-purchase loyalty benefit."
1800,Female,40.0,13.73,20.0,3.0,9.0,257.11,2026-07-06,81.0,3,At-risk / Engagement segment,Engagement campaigns and introductory value offers. Prioritize a win-back message because average recency exceeds 90 days.
1801,Female,38.0,22.11,14.0,4.1,6.0,178.25,2026-08-18,38.0,3,At-risk / Engagement segment,Engagement campaigns and introductory value offers. Prioritize a win-back message because average recency exceeds 90 days.
1802,Female,28.0,17.33,18.0,3.3,4.0,156.89,2025-10-30,330.0,3,At-risk / Engagement segment,Engagement campaigns and introductory value offers. Prioritize a win-back message because average recency exceeds 90 days.
1803,Female,51.0,102.11,64.0,3.5,34.0,8083.73,2026-09-20,5.0,1,VIP segment,"Premium membership, luxury offers and early access. Offer a repeat-purchase loyalty benefit."
1804,Female,18.0,44.44,32.0,2.4,7.0,261.87,2025-11-15,314.0,3,At-risk / Engagement segment,Engagement campaigns and introductory value offers. Prioritize a win-back message because average recency exceeds 90 days.
1805,Female,40.0,50.69,7.0,5.0,3.0,68.16,2026-08-17,39.0,3,At-risk / Engagement segment,Engagement campaigns and introductory value offers. Prioritize a win-back message because average recency exceeds 90 days.
1806,Female,62.0,20.19,19.0,3.7,2.0,145.91,2026-07-02,85.0,3,At-risk / Engagement segment,Engagement campaigns and introductory value offers. Prioritize a win-back message because average recency exceeds 90 days.
1807,Male,27.0,99.88,92.0,4.0,35.0,8472.06,2026-09-09,16.0,1,VIP segment,"Premium membership, luxury offers and early access. Offer a repeat-purchase loyalty benefit."
1808,Male,26.0,15.8,88.0,3.1,21.0,1206.81,2026-09-14,11.0,2,Value-focused loyalists,"Budget-friendly offers, bundles and loyalty rewards. Offer a repeat-purchase loyalty benefit."
1809,Male,28.0,50.29,57.0,3.0,24.0,1168.61,2026-09-19,6.0,2,Value-focused loyalists,"Budget-friendly offers, bundles and loyalty rewards. Offer a repeat-purchase loyalty benefit."
1810,Male,37.0,125.69,83.0,5.0,28.0,6242.82,2026-09-19,6.0,1,VIP segment,"Premium membership, luxury offers and early access. Offer a repeat-purchase loyalty benefit."
1811,Male,58.0,98.52,34.0,2.0,4.0,439.08,2026-09-17,8.0,0,Growth opportunity,Special discounts and personalized product campaigns.
1812,Female,33.0,12.45,79.0,3.8,17.0,674.49,2026-09-01,24.0,2,Value-focused loyalists,"Budget-friendly offers, bundles and loyalty rewards. Offer a repeat-purchase loyalty benefit."
1813,Male,38.0,12.0,38.0,2.6,9.0,254.92,2026-08-17,39.0,3,At-risk / Engagement segment,Engagement campaigns and introductory value offers. Prioritize a win-back message because average recency exceeds 90 days.
1814,Female,56.0,102.39,18.0,3.3,8.0,777.51,2026-06-22,95.0,0,Growth opportunity,Special discounts and personalized product campaigns.
1815,Female,39.0,69.69,28.0,3.1,15.0,1759.92,2026-06-23,94.0,0,Growth opportunity,Special discounts and personalized product campaigns.
1816,Female,60.0,12.0,88.0,2.8,22.0,1008.64,2026-09-13,12.0,2,Value-focused loyalists,"Budget-friendly offers, bundles and loyalty rewards. Offer a repeat-purchase loyalty benefit."
1817,Female,41.0,57.5,47.0,3.6,15.0,1573.28,2026-08-12,44.0,2,Value-focused loyalists,"Budget-friendly offers, bundles and loyalty rewards. Offer a repeat-purchase loyalty benefit."
1818,Female,30.0,54.66,57.0,1.4,22.0,1178.78,2026-09-17,8.0,2,Value-focused loyalists,"Budget-friendly offers, bundles and loyalty rewards. Offer a repeat-purchase loyalty benefit."
1819,Male,18.0,28.95,76.0,3.3,28.0,1754.3,2026-09-09,16.0,2,Value-focused loyalists,"Budget-friendly offers, bundles and loyalty rewards. Offer a repeat-purchase loyalty benefit."
1820,Male,31.0,50.85,37.0,3.5,3.0,132.23,2026-05-18,130.0,3,At-risk / Engagement segment,Engagement campaigns and introductory value offers. Prioritize a win-back message because average recency exceeds 90 days.
1821,Male,50.0,71.09,38.0,2.4,17.0,1586.66,2026-09-15,10.0,0,Growth opportunity,Special discounts and personalized product campaigns.
1822,Male,18.0,16.82,100.0,4.9,28.0,1329.63,2026-09-03,22.0,2,Value-focused loyalists,"Budget-friendly offers, bundles and loyalty rewards. Offer a repeat-purchase loyalty benefit."
1823,Male,18.0,27.9,68.0,3.1,27.0,1338.47,2026-09-02,23.0,2,Value-focused loyalists,"Budget-friendly offers, bundles and loyalty rewards. Offer a repeat-purchase loyalty benefit."
1824,Female,36.0,28.2,23.0,3.4,5.0,207.24,2026-04-21,157.0,3,At-risk / Engagement segment,Engagement campaigns and introductory value offers. Prioritize a win-back message because average recency exceeds 90 days.
1825,Male,50.0,16.66,7.0,3.1,2.0,116.3,2026-08-10,46.0,3,At-risk / Engagement segment,Engagement campaigns and introductory value offers. Prioritize a win-back message because average recency exceeds 90 days.
1826,Male,42.0,96.42,84.0,3.5,23.0,5146.3,2026-09-12,13.0,1,VIP segment,"Premium membership, luxury offers and early access. Offer a repeat-purchase loyalty benefit."
1827,Female,25.0,53.09,76.0,4.7,22.0,1107.62,2026-07-26,61.0,2,Value-focused loyalists,"Budget-friendly offers, bundles and loyalty rewards. Offer a repeat-purchase loyalty benefit."
1828,Female,18.0,18.32,60.0,5.0,24.0,1200.51,2026-09-15,10.0,2,Value-focused loyalists,"Budget-friendly offers, bundles and loyalty rewards. Offer a repeat-purchase loyalty benefit."
1829,Male,44.0,77.1,87.0,4.2,11.0,1057.51,2026-08-07,49.0,2,Value-focused loyalists,"Budget-friendly offers, bundles and loyalty rewards. Offer a repeat-purchase loyalty benefit."
1830,Male,35.0,25.89,72.0,4.5,21.0,1109.09,2026-09-15,10.0,2,Value-focused loyalists,"Budget-friendly offers, bundles and loyalty rewards. Offer a repeat-purchase loyalty benefit."
1831,Female,18.0,31.64,72.0,5.0,31.0,1563.72,2026-09-04,21.0,2,Value-focused loyalists,"Budget-friendly offers, bundles and loyalty rewards. Offer a repeat-purchase loyalty benefit."
1832,Male,50.0,69.87,65.0,3.8,12.0,1367.96,2026-08-12,44.0,0,Growth opportunity,Special discounts and personalized product campaigns.
1833,Female,36.0,23.62,100.0,4.9,32.0,1425.18,2026-08-28,28.0,2,Value-focused loyalists,"Budget-friendly offers, bundles and loyalty rewards. Offer a repeat-purchase loyalty benefit."
1834,Female,59.0,107.95,42.0,4.3,5.0,402.34,2026-09-13,12.0,0,Growth opportunity,Special discounts and personalized product campaigns.
1835,Female,54.0,71.35,14.0,3.7,3.0,426.84,2026-06-10,107.0,0,Growth opportunity,Special discounts and personalized product campaigns.
1836,Female,49.0,116.16,87.0,3.9,24.0,5158.55,2026-09-05,20.0,1,VIP segment,"Premium membership, luxury offers and early access. Offer a repeat-purchase loyalty benefit."
1837,Male,47.0,75.44,61.0,2.1,24.0,6883.37,2026-09-16,9.0,1,VIP segment,"Premium membership, luxury offers and early access. Offer a repeat-purchase loyalty benefit."
1838,Female,37.0,28.82,89.0,3.8,10.0,527.78,2026-08-29,27.0,2,Value-focused loyalists,"Budget-friendly offers, bundles and loyalty rewards. Offer a repeat-purchase loyalty benefit."
1839,Male,21.0,73.96,33.0,2.3,8.0,823.41,2026-09-01,24.0,2,Value-focused loyalists,"Budget-friendly offers, bundles and loyalty rewards. Offer a repeat-purchase loyalty benefit."
1840,Female,21.0,38.71,12.0,2.2,6.0,212.98,2026-03-19,190.0,3,At-risk / Engagement segment,Engagement campaigns and introductory value offers. Prioritize a win-back message because average recency exceeds 90 days.
1841,Male,35.0,91.82,84.0,3.8,41.0,9303.96,2026-09-19,6.0,1,VIP segment,"Premium membership, luxury offers and early access. Offer a repeat-purchase loyalty benefit."
1842,Male,27.0,15.62,83.0,2.7,26.0,1197.87,2026-09-07,18.0,2,Value-focused loyalists,"Budget-friendly offers, bundles and loyalty rewards. Offer a repeat-purchase loyalty benefit."
1843,Male,46.0,100.36,81.0,3.6,36.0,7938.67,2026-09-15,10.0,1,VIP segment,"Premium membership, luxury offers and early access. Offer a repeat-purchase loyalty benefit."
1844,Male,42.0,64.61,71.0,3.7,16.0,1594.47,2026-08-02,54.0,2,Value-focused loyalists,"Budget-friendly offers, bundles and loyalty rewards. Offer a repeat-purchase loyalty benefit."
1845,Male,53.0,81.55,93.0,3.8,43.0,9704.24,2026-08-29,27.0,1,VIP segment,"Premium membership, luxury offers and early access. Offer a repeat-purchase loyalty benefit."
1846,Male,47.0,29.81,30.0,2.8,4.0,127.89,2026-04-11,167.0,3,At-risk / Engagement segment,Engagement campaigns and introductory value offers. Prioritize a win-back message because average recency exceeds 90 days.
1847,Male,39.0,104.36,13.0,4.4,4.0,439.48,2026-06-15,102.0,0,Growth opportunity,Special discounts and personalized product campaigns.
1848,Male,38.0,26.04,42.0,3.5,3.0,141.73,2026-06-11,106.0,3,At-risk / Engagement segment,Engagement campaigns and introductory value offers. Prioritize a win-back message because average recency exceeds 90 days.
1849,Female,20.0,39.35,68.0,4.0,27.0,1323.81,2026-08-16,40.0,2,Value-focused loyalists,"Budget-friendly offers, bundles and loyalty rewards. Offer a repeat-purchase loyalty benefit."
1850,Female,34.0,33.13,43.0,2.6,4.0,145.88,2026-08-25,31.0,3,At-risk / Engagement segment,Engagement campaigns and introductory value offers. Prioritize a win-back message because average recency exceeds 90 days.
1851,Female,51.0,92.42,52.0,3.4,7.0,940.9,2026-05-06,142.0,0,Growth opportunity,Special discounts and personalized product campaigns.
1852,Female,18.0,34.89,59.0,4.5,17.0,1829.81,2026-08-12,44.0,2,Value-focused loyalists,"Budget-friendly offers, bundles and loyalty rewards. Offer a repeat-purchase loyalty benefit."
1853,Female,52.0,33.87,90.0,4.4,24.0,1219.78,2026-09-20,5.0,2,Value-focused loyalists,"Budget-friendly offers, bundles and loyalty rewards. Offer a repeat-purchase loyalty benefit."
1854,Female,42.0,16.66,1.0,2.9,10.0,378.99,2026-08-04,52.0,3,At-risk / Engagement segment,Engagement campaigns and introductory value offers. Prioritize a win-back message because average recency exceeds 90 days.
1855,Male,33.0,53.9,51.0,3.1,13.0,1188.88,2026-09-05,20.0,2,Value-focused loyalists,"Budget-friendly offers, bundles and loyalty rewards. Offer a repeat-purchase loyalty benefit."
1856,Female,58.0,68.71,66.0,2.8,15.0,1396.37,2026-09-09,16.0,0,Growth opportunity,Special discounts and personalized product campaigns.
1857,Male,45.0,119.84,39.0,3.0,8.0,966.33,2026-08-17,39.0,0,Growth opportunity,Special discounts and personalized product campaigns.
1858,Female,49.0,99.47,13.0,2.4,7.0,909.55,2026-07-12,75.0,0,Growth opportunity,Special discounts and personalized product campaigns.
1859,Male,43.0,107.76,24.0,3.5,5.0,710.95,2026-01-19,249.0,0,Growth opportunity,Special discounts and personalized product campaigns.
1860,Female,65.0,79.78,1.0,4.1,8.0,640.42,2026-09-02,23.0,0,Growth opportunity,Special discounts and personalized product campaigns.
1861,Female,35.0,33.44,27.0,2.9,7.0,211.3,2026-07-07,80.0,3,At-risk / Engagement segment,Engagement campaigns and introductory value offers. Prioritize a win-back message because average recency exceeds 90 days.
1862,Female,40.0,61.16,30.0,3.5,14.0,1349.04,2026-09-09,16.0,2,Value-focused loyalists,"Budget-friendly offers, bundles and loyalty rewards. Offer a repeat-purchase loyalty benefit."
1863,Male,51.0,79.21,67.0,3.4,16.0,1480.16,2026-08-01,55.0,0,Growth opportunity,Special discounts and personalized product campaigns.
1864,Female,34.0,24.43,92.0,4.5,15.0,992.7,2026-09-11,14.0,2,Value-focused loyalists,"Budget-friendly offers, bundles and loyalty rewards. Offer a repeat-purchase loyalty benefit."
1865,Male,35.0,26.62,16.0,3.1,3.0,54.26,2025-10-30,330.0,3,At-risk / Engagement segment,Engagement campaigns and introductory value offers. Prioritize a win-back message because average recency exceeds 90 days.
1866,Female,50.0,76.82,59.0,3.1,15.0,1447.91,2026-09-13,12.0,0,Growth opportunity,Special discounts and personalized product campaigns.
1867,Male,64.0,60.71,50.0,2.9,17.0,2172.11,2026-08-29,27.0,0,Growth opportunity,Special discounts and personalized product campaigns.
1868,Female,51.0,84.48,31.0,2.6,7.0,742.16,2026-08-19,37.0,0,Growth opportunity,Special discounts and personalized product campaigns.
1869,Male,29.0,67.72,64.0,4.0,20.0,1079.02,2026-09-20,5.0,2,Value-focused loyalists,"Budget-friendly offers, bundles and loyalty rewards. Offer a repeat-purchase loyalty benefit."
1870,Female,41.0,46.9,60.0,3.5,14.0,1660.44,2026-08-20,36.0,2,Value-focused loyalists,"Budget-friendly offers, bundles and loyalty rewards. Offer a repeat-purchase loyalty benefit."
1871,Female,61.0,99.09,8.0,3.6,5.0,653.09,2026-04-15,163.0,0,Growth opportunity,Special discounts and personalized product campaigns.
1872,Female,22.0,36.85,56.0,4.7,24.0,1213.56,2026-08-27,29.0,2,Value-focused loyalists,"Budget-friendly offers, bundles and loyalty rewards. Offer a repeat-purchase loyalty benefit."
1873,Female,36.0,65.75,52.0,4.7,9.0,861.94,2026-09-19,6.0,2,Value-focused loyalists,"Budget-friendly offers, bundles and loyalty rewards. Offer a repeat-purchase loyalty benefit."
1874,Female,24.0,59.34,50.0,2.2,12.0,1513.94,2026-08-28,28.0,2,Value-focused loyalists,"Budget-friendly offers, bundles and loyalty rewards. Offer a repeat-purchase loyalty benefit."
1875,Other,27.0,59.41,56.0,4.2,10.0,785.31,2026-09-13,12.0,2,Value-focused loyalists,"Budget-friendly offers, bundles and loyalty rewards. Offer a repeat-purchase loyalty benefit."
1876,Female,34.0,58.71,45.0,3.8,11.0,984.21,2026-08-10,46.0,2,Value-focused loyalists,"Budget-friendly offers, bundles and loyalty rewards. Offer a repeat-purchase loyalty benefit."
1877,Female,47.0,84.38,51.0,3.2,7.0,705.48,2026-05-16,132.0,0,Growth opportunity,Special discounts and personalized product campaigns.
1878,Male,66.0,130.1,30.0,3.9,9.0,1212.34,2026-06-14,103.0,0,Growth opportunity,Special discounts and personalized product campaigns.
1879,Female,33.0,28.92,81.0,2.1,27.0,1427.32,2026-09-17,8.0,2,Value-focused loyalists,"Budget-friendly offers, bundles and loyalty rewards. Offer a repeat-purchase loyalty benefit."
1880,Female,19.0,40.36,80.0,4.8,25.0,1184.47,2026-07-31,56.0,2,Value-focused loyalists,"Budget-friendly offers, bundles and loyalty rewards. Offer a repeat-purchase loyalty benefit."
1881,Male,21.0,27.31,90.0,4.0,20.0,918.42,2026-08-15,41.0,2,Value-focused loyalists,"Budget-friendly offers, bundles and loyalty rewards. Offer a repeat-purchase loyalty benefit."
1882,Male,50.0,25.03,29.0,2.9,6.0,231.15,2025-10-30,330.0,3,At-risk / Engagement segment,Engagement campaigns and introductory value offers. Prioritize a win-back message because average recency exceeds 90 days.
1883,Male,39.0,25.62,83.0,3.1,22.0,981.7,2026-09-07,18.0,2,Value-focused loyalists,"Budget-friendly offers, bundles and loyalty rewards. Offer a repeat-purchase loyalty benefit."
1884,Female,36.0,12.0,31.0,2.2,3.0,79.01,2026-06-15,102.0,3,At-risk / Engagement segment,Engagement campaigns and introductory value offers. Prioritize a win-back message because average recency exceeds 90 days.
1885,Male,44.0,97.75,6.0,3.3,4.0,517.79,2026-05-20,128.0,0,Growth opportunity,Special discounts and personalized product campaigns.
1886,Female,59.0,94.3,7.0,3.2,8.0,1113.15,2026-09-16,9.0,0,Growth opportunity,Special discounts and personalized product campaigns.
1887,Other,32.0,126.4,83.0,2.5,28.0,6865.67,2026-09-17,8.0,1,VIP segment,"Premium membership, luxury offers and early access. Offer a repeat-purchase loyalty benefit."
1888,Male,52.0,83.25,26.0,4.3,6.0,783.33,2026-04-10,168.0,0,Growth opportunity,Special discounts and personalized product campaigns.
1889,Male,62.0,53.92,60.0,4.7,20.0,2179.34,2026-05-30,118.0,0,Growth opportunity,Special discounts and personalized product campaigns.
1890,Female,30.0,19.42,78.0,3.6,21.0,1091.82,2026-09-13,12.0,2,Value-focused loyalists,"Budget-friendly offers, bundles and loyalty rewards. Offer a repeat-purchase loyalty benefit."
1891,Female,40.0,120.2,35.0,3.3,5.0,410.46,2026-08-12,44.0,0,Growth opportunity,Special discounts and personalized product campaigns.
1892,Male,40.0,17.83,7.0,4.0,2.0,45.31,2025-12-24,275.0,3,At-risk / Engagement segment,Engagement campaigns and introductory value offers. Prioritize a win-back message because average recency exceeds 90 days.
1893,Male,23.0,39.87,78.0,3.6,28.0,1395.08,2026-07-16,71.0,2,Value-focused loyalists,"Budget-friendly offers, bundles and loyalty rewards. Offer a repeat-purchase loyalty benefit."
1894,Male,28.0,123.58,68.0,2.7,27.0,6527.92,2026-09-13,12.0,1,VIP segment,"Premium membership, luxury offers and early access. Offer a repeat-purchase loyalty benefit."
1895,Male,55.0,97.95,33.0,3.0,5.0,821.02,2026-04-12,166.0,0,Growth opportunity,Special discounts and personalized product campaigns.
1896,Male,53.0,90.72,61.0,3.3,32.0,8267.86,2026-09-19,6.0,1,VIP segment,"Premium membership, luxury offers and early access. Offer a repeat-purchase loyalty benefit."
1897,Female,33.0,12.0,26.0,3.8,3.0,91.93,2026-07-17,70.0,3,At-risk / Engagement segment,Engagement campaigns and introductory value offers. Prioritize a win-back message because average recency exceeds 90 days.
1898,Female,44.0,112.04,10.0,3.6,8.0,1016.93,2026-08-29,27.0,0,Growth opportunity,Special discounts and personalized product campaigns.
1899,Female,32.0,92.35,79.0,3.8,35.0,6992.38,2026-09-22,3.0,1,VIP segment,"Premium membership, luxury offers and early access. Offer a repeat-purchase loyalty benefit."
1900,Female,41.0,115.49,95.0,2.3,32.0,6440.14,2026-09-08,17.0,1,VIP segment,"Premium membership, luxury offers and early access. Offer a repeat-purchase loyalty benefit."
1901,Female,30.0,31.6,25.0,4.2,1.0,19.41,2026-03-17,192.0,3,At-risk / Engagement segment,Engagement campaigns and introductory value offers. Prioritize a win-back message because average recency exceeds 90 days.
1902,Male,32.0,115.28,64.0,3.6,38.0,8514.66,2026-09-19,6.0,1,VIP segment,"Premium membership, luxury offers and early access. Offer a repeat-purchase loyalty benefit."
1903,Male,58.0,68.6,45.0,5.0,12.0,1126.52,2026-06-17,100.0,0,Growth opportunity,Special discounts and personalized product campaigns.
1904,Male,47.0,96.93,66.0,3.3,33.0,8850.02,2026-09-11,14.0,1,VIP segment,"Premium membership, luxury offers and early access. Offer a repeat-purchase loyalty benefit."
1905,Female,42.0,16.34,2.0,3.9,1.0,34.25,2026-08-08,48.0,3,At-risk / Engagement segment,Engagement campaigns and introductory value offers. Prioritize a win-back message because average recency exceeds 90 days.
1906,Male,37.0,42.01,79.0,5.0,20.0,972.92,2026-08-09,47.0,2,Value-focused loyalists,"Budget-friendly offers, bundles and loyalty rewards. Offer a repeat-purchase loyalty benefit."
1907,Male,36.0,23.19,85.0,3.8,30.0,1421.86,2026-09-07,18.0,2,Value-focused loyalists,"Budget-friendly offers, bundles and loyalty rewards. Offer a repeat-purchase loyalty benefit."
1908,Male,38.0,71.5,89.0,3.5,32.0,6980.16,2026-09-19,6.0,1,VIP segment,"Premium membership, luxury offers and early access. Offer a repeat-purchase loyalty benefit."
1909,Male,42.0,71.08,60.0,2.8,9.0,647.32,2026-07-29,58.0,0,Growth opportunity,Special discounts and personalized product campaigns.
1910,Male,36.0,47.49,53.0,4.9,16.0,1818.74,2026-08-01,55.0,2,Value-focused loyalists,"Budget-friendly offers, bundles and loyalty rewards. Offer a repeat-purchase loyalty benefit."
1911,Male,46.0,116.54,81.0,2.6,25.0,5773.36,2026-09-08,17.0,1,VIP segment,"Premium membership, luxury offers and early access. Offer a repeat-purchase loyalty benefit."
1912,Female,45.0,129.5,71.0,4.0,39.0,8931.52,2026-09-21,4.0,1,VIP segment,"Premium membership, luxury offers and early access. Offer a repeat-purchase loyalty benefit."
1913,Male,35.0,62.23,48.0,3.2,16.0,1246.22,2026-08-05,51.0,2,Value-focused loyalists,"Budget-friendly offers, bundles and loyalty rewards. Offer a repeat-purchase loyalty benefit."
1914,Female,18.0,45.94,62.0,3.4,28.0,1621.96,2026-09-23,2.0,2,Value-focused loyalists,"Budget-friendly offers, bundles and loyalty rewards. Offer a repeat-purchase loyalty benefit."
1915,Female,43.0,112.15,74.0,2.4,36.0,8122.37,2026-09-23,2.0,1,VIP segment,"Premium membership, luxury offers and early access. Offer a repeat-purchase loyalty benefit."
1916,Female,46.0,122.22,29.0,4.7,8.0,980.95,2026-06-27,90.0,0,Growth opportunity,Special discounts and personalized product campaigns.
1917,Male,18.0,15.13,21.0,3.4,6.0,176.87,2026-01-30,238.0,3,At-risk / Engagement segment,Engagement campaigns and introductory value offers. Prioritize a win-back message because average recency exceeds 90 days.
1918,Male,41.0,29.88,59.0,2.6,5.0,147.86,2026-02-04,233.0,3,At-risk / Engagement segment,Engagement campaigns and introductory value offers. Prioritize a win-back message because average recency exceeds 90 days.
1919,Male,46.0,39.42,6.0,4.7,3.0,92.1,2026-01-19,249.0,3,At-risk / Engagement segment,Engagement campaigns and introductory value offers. Prioritize a win-back message because average recency exceeds 90 days.
1920,Female,64.0,59.33,51.0,3.2,9.0,705.94,2026-07-05,82.0,0,Growth opportunity,Special discounts and personalized product campaigns.
1921,Female,24.0,48.13,61.0,3.9,28.0,1214.56,2026-09-16,9.0,2,Value-focused loyalists,"Budget-friendly offers, bundles and loyalty rewards. Offer a repeat-purchase loyalty benefit."
1922,Male,43.0,93.95,23.0,4.3,9.0,1267.59,2026-07-09,78.0,0,Growth opportunity,Special discounts and personalized product campaigns.
1923,Female,18.0,60.97,74.0,4.0,15.0,784.0,2026-08-27,29.0,2,Value-focused loyalists,"Budget-friendly offers, bundles and loyalty rewards. Offer a repeat-purchase loyalty benefit."
1924,Male,50.0,129.71,38.0,1.7,6.0,530.08,2025-10-30,330.0,0,Growth opportunity,Special discounts and personalized product campaigns.
1925,Female,50.0,103.95,23.0,4.2,6.0,799.23,2026-08-24,32.0,0,Growth opportunity,Special discounts and personalized product campaigns.
1926,Male,34.0,117.74,82.0,3.5,27.0,7320.44,2026-09-05,20.0,1,VIP segment,"Premium membership, luxury offers and early access. Offer a repeat-purchase loyalty benefit."
1927,Male,46.0,116.68,23.0,3.3,6.0,721.81,2026-04-25,153.0,0,Growth opportunity,Special discounts and personalized product campaigns.
1928,Male,18.0,13.38,5.0,3.5,3.0,120.35,2026-02-08,229.0,3,At-risk / Engagement segment,Engagement campaigns and introductory value offers. Prioritize a win-back message because average recency exceeds 90 days.
1929,Female,51.0,91.63,76.0,2.2,30.0,6244.01,2026-09-15,10.0,1,VIP segment,"Premium membership, luxury offers and early access. Offer a repeat-purchase loyalty benefit."
1930,Male,20.0,49.59,73.0,3.8,16.0,787.9,2026-09-15,10.0,2,Value-focused loyalists,"Budget-friendly offers, bundles and loyalty rewards. Offer a repeat-purchase loyalty benefit."
1931,Male,36.0,33.84,23.0,2.4,3.0,74.77,2026-07-28,59.0,3,At-risk / Engagement segment,Engagement campaigns and introductory value offers. Prioritize a win-back message because average recency exceeds 90 days.
1932,Male,22.0,26.83,29.0,3.4,3.0,92.06,2025-10-30,330.0,3,At-risk / Engagement segment,Engagement campaigns and introductory value offers. Prioritize a win-back message because average recency exceeds 90 days.
1933,Male,33.0,62.16,50.0,3.7,15.0,1795.06,2026-08-22,34.0,2,Value-focused loyalists,"Budget-friendly offers, bundles and loyalty rewards. Offer a repeat-purchase loyalty benefit."
1934,Female,36.0,28.6,50.0,4.5,12.0,1219.85,2026-09-15,10.0,2,Value-focused loyalists,"Budget-friendly offers, bundles and loyalty rewards. Offer a repeat-purchase loyalty benefit."
1935,Male,36.0,27.33,1.0,2.9,5.0,108.48,2026-07-29,58.0,3,At-risk / Engagement segment,Engagement campaigns and introductory value offers. Prioritize a win-back message because average recency exceeds 90 days.
1936,Female,47.0,99.46,90.0,4.8,35.0,8175.24,2026-09-22,3.0,1,VIP segment,"Premium membership, luxury offers and early access. Offer a repeat-purchase loyalty benefit."
1937,Female,42.0,44.85,70.0,4.4,24.0,1025.13,2026-09-06,19.0,2,Value-focused loyalists,"Budget-friendly offers, bundles and loyalty rewards. Offer a repeat-purchase loyalty benefit."
1938,Male,43.0,43.93,31.0,3.2,2.0,40.12,2025-12-28,271.0,3,At-risk / Engagement segment,Engagement campaigns and introductory value offers. Prioritize a win-back message because average recency exceeds 90 days.
1939,Male,58.0,108.07,44.0,2.7,6.0,878.18,2026-04-24,154.0,0,Growth opportunity,Special discounts and personalized product campaigns.
1940,Female,56.0,115.54,82.0,2.4,33.0,7106.17,2026-09-19,6.0,1,VIP segment,"Premium membership, luxury offers and early access. Offer a repeat-purchase loyalty benefit."
1941,Female,54.0,79.04,16.0,3.8,4.0,518.17,2026-03-13,196.0,0,Growth opportunity,Special discounts and personalized product campaigns.
1942,Female,28.0,40.27,78.0,3.0,24.0,1311.99,2026-08-09,47.0,2,Value-focused loyalists,"Budget-friendly offers, bundles and loyalty rewards. Offer a repeat-purchase loyalty benefit."
1943,Female,38.0,40.81,82.0,4.6,23.0,1133.96,2026-09-21,4.0,2,Value-focused loyalists,"Budget-friendly offers, bundles and loyalty rewards. Offer a repeat-purchase loyalty benefit."
1944,Male,53.0,127.43,80.0,3.0,48.0,11930.22,2026-09-23,2.0,1,VIP segment,"Premium membership, luxury offers and early access. Offer a repeat-purchase loyalty benefit."
1945,Female,45.0,91.65,46.0,2.8,17.0,2048.2,2026-08-12,44.0,0,Growth opportunity,Special discounts and personalized product campaigns.
1946,Male,24.0,38.3,60.0,3.8,13.0,1188.69,2026-09-09,16.0,2,Value-focused loyalists,"Budget-friendly offers, bundles and loyalty rewards. Offer a repeat-purchase loyalty benefit."
1947,Female,40.0,94.56,34.0,3.0,5.0,531.6,2026-08-19,37.0,0,Growth opportunity,Special discounts and personalized product campaigns.
1948,Female,36.0,51.61,49.0,3.6,10.0,770.02,2026-07-29,58.0,2,Value-focused loyalists,"Budget-friendly offers, bundles and loyalty rewards. Offer a repeat-purchase loyalty benefit."
1949,Male,50.0,112.42,64.0,4.4,35.0,7488.27,2026-08-16,40.0,1,VIP segment,"Premium membership, luxury offers and early access. Offer a repeat-purchase loyalty benefit."
1950,Female,39.0,62.19,58.0,3.7,8.0,1086.56,2026-09-18,7.0,2,Value-focused loyalists,"Budget-friendly offers, bundles and loyalty rewards. Offer a repeat-purchase loyalty benefit."
1951,Female,50.0,58.72,44.0,3.7,15.0,1596.73,2026-08-30,26.0,0,Growth opportunity,Special discounts and personalized product campaigns.
1952,Male,55.0,124.39,87.0,3.8,29.0,6584.46,2026-09-23,2.0,1,VIP segment,"Premium membership, luxury offers and early access. Offer a repeat-purchase loyalty benefit."
1953,Male,51.0,46.58,55.0,2.2,13.0,1124.22,2026-08-11,45.0,0,Growth opportunity,Special discounts and personalized product campaigns.
1954,Male,51.0,47.42,30.0,3.9,18.0,1687.05,2026-09-04,21.0,0,Growth opportunity,Special discounts and personalized product campaigns.
1955,Female,29.0,47.66,54.0,3.7,19.0,1744.87,2026-09-09,16.0,2,Value-focused loyalists,"Budget-friendly offers, bundles and loyalty rewards. Offer a repeat-purchase loyalty benefit."
1956,Male,44.0,56.96,59.0,4.4,18.0,1878.25,2026-07-02,85.0,2,Value-focused loyalists,"Budget-friendly offers, bundles and loyalty rewards. Offer a repeat-purchase loyalty benefit."
1957,Other,22.0,14.8,86.0,4.1,18.0,873.57,2026-09-01,24.0,2,Value-focused loyalists,"Budget-friendly offers, bundles and loyalty rewards. Offer a repeat-purchase loyalty benefit."
1958,Male,26.0,109.32,85.0,3.4,39.0,9273.42,2026-09-10,15.0,1,VIP segment,"Premium membership, luxury offers and early access. Offer a repeat-purchase loyalty benefit."
1959,Female,36.0,59.68,29.0,4.5,13.0,1414.05,2026-08-29,27.0,2,Value-focused loyalists,"Budget-friendly offers, bundles and loyalty rewards. Offer a repeat-purchase loyalty benefit."
1960,Female,49.0,18.99,37.0,3.4,4.0,119.89,2026-09-07,18.0,3,At-risk / Engagement segment,Engagement campaigns and introductory value offers. Prioritize a win-back message because average recency exceeds 90 days.
1961,Female,41.0,42.23,27.0,3.8,2.0,53.15,2026-08-07,49.0,3,At-risk / Engagement segment,Engagement campaigns and introductory value offers. Prioritize a win-back message because average recency exceeds 90 days.
1962,Female,48.0,31.17,64.0,3.3,25.0,1499.52,2026-09-17,8.0,2,Value-focused loyalists,"Budget-friendly offers, bundles and loyalty rewards. Offer a repeat-purchase loyalty benefit."
1963,Male,30.0,46.88,69.0,4.0,22.0,1143.91,2026-09-19,6.0,2,Value-focused loyalists,"Budget-friendly offers, bundles and loyalty rewards. Offer a repeat-purchase loyalty benefit."
1964,Female,66.0,107.27,87.0,3.3,38.0,9745.19,2026-09-04,21.0,1,VIP segment,"Premium membership, luxury offers and early access. Offer a repeat-purchase loyalty benefit."
1965,Female,38.0,29.66,30.0,5.0,5.0,202.68,2026-06-18,99.0,3,At-risk / Engagement segment,Engagement campaigns and introductory value offers. Prioritize a win-back message because average recency exceeds 90 days.
1966,Female,42.0,102.12,78.0,5.0,22.0,5135.02,2026-08-09,47.0,1,VIP segment,"Premium membership, luxury offers and early access. Offer a repeat-purchase loyalty benefit."
1967,Male,23.0,29.9,32.0,4.3,7.0,259.71,2026-03-21,188.0,3,At-risk / Engagement segment,Engagement campaigns and introductory value offers. Prioritize a win-back message because average recency exceeds 90 days.
1968,Female,50.0,71.97,31.0,4.9,15.0,1294.6,2026-09-06,19.0,0,Growth opportunity,Special discounts and personalized product campaigns.
1969,Female,23.0,26.24,65.0,2.3,23.0,1156.27,2026-09-14,11.0,2,Value-focused loyalists,"Budget-friendly offers, bundles and loyalty rewards. Offer a repeat-purchase loyalty benefit."
1970,Female,22.0,39.26,53.0,2.4,31.0,1478.61,2026-08-18,38.0,2,Value-focused loyalists,"Budget-friendly offers, bundles and loyalty rewards. Offer a repeat-purchase loyalty benefit."
1971,Male,61.0,88.62,17.0,3.3,5.0,549.62,2026-06-03,114.0,0,Growth opportunity,Special discounts and personalized product campaigns.
1972,Female,51.0,72.63,71.0,3.6,13.0,989.65,2026-09-17,8.0,2,Value-focused loyalists,"Budget-friendly offers, bundles and loyalty rewards. Offer a repeat-purchase loyalty benefit."
1973,Male,47.0,21.88,47.0,3.4,5.0,221.48,2026-06-25,92.0,3,At-risk / Engagement segment,Engagement campaigns and introductory value offers. Prioritize a win-back message because average recency exceeds 90 days.
1974,Female,24.0,43.92,81.0,2.2,23.0,1043.91,2026-08-19,37.0,2,Value-focused loyalists,"Budget-friendly offers, bundles and loyalty rewards. Offer a repeat-purchase loyalty benefit."
1975,Female,41.0,110.85,76.0,4.6,34.0,6971.59,2026-09-13,12.0,1,VIP segment,"Premium membership, luxury offers and early access. Offer a repeat-purchase loyalty benefit."
1976,Female,47.0,121.29,25.0,5.0,7.0,510.11,2026-08-04,52.0,0,Growth opportunity,Special discounts and personalized product campaigns.
1977,Female,36.0,15.84,84.0,4.7,18.0,743.06,2026-08-27,29.0,2,Value-focused loyalists,"Budget-friendly offers, bundles and loyalty rewards. Offer a repeat-purchase loyalty benefit."
1978,Female,55.0,41.33,34.0,4.5,12.0,1043.04,2026-08-16,40.0,0,Growth opportunity,Special discounts and personalized product campaigns.
1979,Male,40.0,21.37,15.0,3.8,7.0,184.68,2026-06-05,112.0,3,At-risk / Engagement segment,Engagement campaigns and introductory value offers. Prioritize a win-back message because average recency exceeds 90 days.
1980,Male,68.0,80.62,45.0,2.9,5.0,456.47,2026-05-13,135.0,0,Growth opportunity,Special discounts and personalized product campaigns.
1981,Female,48.0,42.64,40.0,3.7,14.0,1297.48,2026-08-17,39.0,0,Growth opportunity,Special discounts and personalized product campaigns.
1982,Female,26.0,40.7,69.0,5.0,23.0,1159.58,2026-09-07,18.0,2,Value-focused loyalists,"Budget-friendly offers, bundles and loyalty rewards. Offer a repeat-purchase loyalty benefit."
1983,Male,47.0,61.94,53.0,3.3,13.0,1364.84,2026-08-17,39.0,0,Growth opportunity,Special discounts and personalized product campaigns.
1984,Female,65.0,93.28,31.0,3.2,9.0,767.37,2026-07-21,66.0,0,Growth opportunity,Special discounts and personalized product campaigns.
1985,Female,56.0,24.58,14.0,4.5,4.0,142.74,2026-06-03,114.0,3,At-risk / Engagement segment,Engagement campaigns and introductory value offers. Prioritize a win-back message because average recency exceeds 90 days.
1986,Female,51.0,53.64,54.0,4.6,13.0,1104.35,2026-08-15,41.0,0,Growth opportunity,Special discounts and personalized product campaigns.
1987,Female,48.0,123.11,35.0,2.9,4.0,380.65,2026-05-23,125.0,0,Growth opportunity,Special discounts and personalized product campaigns.
1988,Female,34.0,19.7,46.0,3.4,5.0,143.01,2026-06-18,99.0,3,At-risk / Engagement segment,Engagement campaigns and introductory value offers. Prioritize a win-back message because average recency exceeds 90 days.
1989,Other,45.0,43.49,51.0,3.2,13.0,1275.13,2026-08-15,41.0,2,Value-focused loyalists,"Budget-friendly offers, bundles and loyalty rewards. Offer a repeat-purchase loyalty benefit."
1990,Other,59.0,121.14,84.0,3.7,38.0,8340.08,2026-08-20,36.0,1,VIP segment,"Premium membership, luxury offers and early access. Offer a repeat-purchase loyalty benefit."
1991,Male,46.0,106.98,100.0,4.5,28.0,5924.02,2026-09-21,4.0,1,VIP segment,"Premium membership, luxury offers and early access. Offer a repeat-purchase loyalty benefit."
1992,Female,41.0,58.54,15.0,2.9,10.0,430.51,2026-02-06,231.0,0,Growth opportunity,Special discounts and personalized product campaigns.
1993,Female,49.0,92.63,12.0,4.5,6.0,561.5,2026-05-24,124.0,0,Growth opportunity,Special discounts and personalized product campaigns.
1994,Female,39.0,121.84,87.0,3.7,33.0,7979.68,2026-09-22,3.0,1,VIP segment,"Premium membership, luxury offers and early access. Offer a repeat-purchase loyalty benefit."
1995,Female,26.0,47.15,91.0,5.0,14.0,694.48,2026-09-21,4.0,2,Value-focused loyalists,"Budget-friendly offers, bundles and loyalty rewards. Offer a repeat-purchase loyalty benefit."
1996,Female,37.0,22.7,26.0,3.9,2.0,60.87,2026-05-09,139.0,3,At-risk / Engagement segment,Engagement campaigns and introductory value offers. Prioritize a win-back message because average recency exceeds 90 days.
1997,Female,65.0,89.6,27.0,3.5,9.0,929.05,2025-11-04,325.0,0,Growth opportunity,Special discounts and personalized product campaigns.
1998,Female,46.0,110.38,11.0,4.1,5.0,480.33,2026-07-16,71.0,0,Growth opportunity,Special discounts and personalized product campaigns.
1999,Female,40.0,70.05,52.0,3.3,11.0,1303.16,2026-09-03,22.0,2,Value-focused loyalists,"Budget-friendly offers, bundles and loyalty rewards. Offer a repeat-purchase loyalty benefit."
2000,Female,19.0,12.25,93.0,2.1,24.0,1301.6,2026-08-28,28.0,2,Value-focused loyalists,"Budget-friendly offers, bundles and loyalty rewards. Offer a repeat-purchase loyalty benefit."
